ISO-10303-21;
HEADER;
/* Generated by software containing ST-Developer
 * from STEP Tools, Inc. (www.steptools.com) 
 */

FILE_DESCRIPTION(
/* description */ (''),
/* implementation_level */ '2;1');

FILE_NAME(
/* name */ 'POOP_BOX_ASSY.step',
/* time_stamp */ '2024-08-11T12:20:41+09:00',
/* author */ (''),
/* organization */ (''),
/* preprocessor_version */ 'ST-DEVELOPER v20',
/* originating_system */ 'Autodesk Translation Framework v13.14.0.145',

/* authorisation */ '');

FILE_SCHEMA (('AUTOMOTIVE_DESIGN { 1 0 10303 214 3 1 1 }'));
ENDSEC;

DATA;
#10=MECHANICAL_DESIGN_GEOMETRIC_PRESENTATION_REPRESENTATION('',(#47,#48,
#49),#6624);
#11=ITEM_DEFINED_TRANSFORMATION($,$,#3973,#4203);
#12=ITEM_DEFINED_TRANSFORMATION($,$,#4044,#4204);
#13=ITEM_DEFINED_TRANSFORMATION($,$,#3844,#4205);
#14=ITEM_DEFINED_TRANSFORMATION($,$,#3972,#4206);
#15=(
REPRESENTATION_RELATIONSHIP($,$,#6646,#6645)
REPRESENTATION_RELATIONSHIP_WITH_TRANSFORMATION(#11)
SHAPE_REPRESENTATION_RELATIONSHIP()
);
#16=(
REPRESENTATION_RELATIONSHIP($,$,#6647,#6645)
REPRESENTATION_RELATIONSHIP_WITH_TRANSFORMATION(#12)
SHAPE_REPRESENTATION_RELATIONSHIP()
);
#17=(
REPRESENTATION_RELATIONSHIP($,$,#6644,#6643)
REPRESENTATION_RELATIONSHIP_WITH_TRANSFORMATION(#13)
SHAPE_REPRESENTATION_RELATIONSHIP()
);
#18=(
REPRESENTATION_RELATIONSHIP($,$,#6645,#6643)
REPRESENTATION_RELATIONSHIP_WITH_TRANSFORMATION(#14)
SHAPE_REPRESENTATION_RELATIONSHIP()
);
#19=CONTEXT_DEPENDENT_SHAPE_REPRESENTATION(#15,#6639);
#20=CONTEXT_DEPENDENT_SHAPE_REPRESENTATION(#16,#6640);
#21=CONTEXT_DEPENDENT_SHAPE_REPRESENTATION(#17,#6641);
#22=CONTEXT_DEPENDENT_SHAPE_REPRESENTATION(#18,#6642);
#23=NEXT_ASSEMBLY_USAGE_OCCURRENCE('Lock:1','Lock:1','Lock:1',#6651,#6652,
'Lock:1');
#24=NEXT_ASSEMBLY_USAGE_OCCURRENCE('Base_Box:1','Base_Box:1',
'Base_Box:1',#6651,#6653,'Base_Box:1');
#25=NEXT_ASSEMBLY_USAGE_OCCURRENCE('Poop_box:1','Poop_box:1',
'Poop_box:1',#6649,#6650,'Poop_box:1');
#26=NEXT_ASSEMBLY_USAGE_OCCURRENCE('Base:1','Base:1','Base:1',#6649,#6651,
'Base:1');
#27=MANIFOLD_SOLID_BREP('\X2\30DC30C730A3\X0\2',#3806);
#28=MANIFOLD_SOLID_BREP('\X2\30DC30C730A3\X0\1',#3807);
#29=CONICAL_SURFACE('',#3990,5.9,0.785398163397448);
#30=CONICAL_SURFACE('',#4017,13.,0.785398163397439);
#31=CONICAL_SURFACE('',#4020,10.5,0.785398163397439);
#32=CONICAL_SURFACE('',#4046,7.25,0.785398163397449);
#33=CONICAL_SURFACE('',#4065,8.25,0.785398163397446);
#34=CONICAL_SURFACE('',#4068,5.55,0.785398163397447);
#35=CONICAL_SURFACE('',#4081,4.74999999999999,0.785398163397468);
#36=CONICAL_SURFACE('',#4084,4.75,0.785398163397447);
#37=CONICAL_SURFACE('',#4087,15.25,0.785398163397451);
#38=CONICAL_SURFACE('',#4092,9.75,0.785398163397444);
#39=CONICAL_SURFACE('',#4188,10.5,0.785398163397439);
#40=CONICAL_SURFACE('',#4193,13.,0.785398163397439);
#41=SHAPE_REPRESENTATION_RELATIONSHIP('SRR','None',#6644,#44);
#42=SHAPE_REPRESENTATION_RELATIONSHIP('SRR','None',#6646,#45);
#43=SHAPE_REPRESENTATION_RELATIONSHIP('SRR','None',#6647,#46);
#44=ADVANCED_BREP_SHAPE_REPRESENTATION('',(#3808),#6620);
#45=ADVANCED_BREP_SHAPE_REPRESENTATION('',(#27),#6622);
#46=ADVANCED_BREP_SHAPE_REPRESENTATION('',(#28),#6623);
#47=STYLED_ITEM('',(#6672),#3808);
#48=STYLED_ITEM('',(#6672),#27);
#49=STYLED_ITEM('',(#6672),#28);
#50=ORIENTED_CLOSED_SHELL('',*,#3805,.F.);
#51=FACE_BOUND('',#1344,.T.);
#52=FACE_BOUND('',#1402,.T.);
#53=FACE_BOUND('',#1403,.T.);
#54=PLANE('',#3914);
#55=PLANE('',#3917);
#56=PLANE('',#3920);
#57=PLANE('',#3921);
#58=PLANE('',#3922);
#59=PLANE('',#3923);
#60=PLANE('',#3924);
#61=PLANE('',#3928);
#62=PLANE('',#3936);
#63=PLANE('',#3937);
#64=PLANE('',#3941);
#65=PLANE('',#3945);
#66=PLANE('',#3946);
#67=PLANE('',#3947);
#68=PLANE('',#3949);
#69=PLANE('',#3952);
#70=PLANE('',#3955);
#71=PLANE('',#3958);
#72=PLANE('',#3961);
#73=PLANE('',#3964);
#74=PLANE('',#3965);
#75=PLANE('',#3966);
#76=PLANE('',#3967);
#77=PLANE('',#3968);
#78=PLANE('',#3969);
#79=PLANE('',#3970);
#80=PLANE('',#3971);
#81=PLANE('',#3974);
#82=PLANE('',#3975);
#83=PLANE('',#3977);
#84=PLANE('',#3978);
#85=PLANE('',#3984);
#86=PLANE('',#3987);
#87=PLANE('',#3988);
#88=PLANE('',#3989);
#89=PLANE('',#3993);
#90=PLANE('',#3994);
#91=PLANE('',#3995);
#92=PLANE('',#3996);
#93=PLANE('',#3997);
#94=PLANE('',#3998);
#95=PLANE('',#4001);
#96=PLANE('',#4005);
#97=PLANE('',#4009);
#98=PLANE('',#4010);
#99=PLANE('',#4014);
#100=PLANE('',#4019);
#101=PLANE('',#4022);
#102=PLANE('',#4023);
#103=PLANE('',#4026);
#104=PLANE('',#4029);
#105=PLANE('',#4030);
#106=PLANE('',#4037);
#107=PLANE('',#4039);
#108=PLANE('',#4042);
#109=PLANE('',#4043);
#110=PLANE('',#4045);
#111=PLANE('',#4049);
#112=PLANE('',#4050);
#113=PLANE('',#4051);
#114=PLANE('',#4052);
#115=PLANE('',#4055);
#116=PLANE('',#4056);
#117=PLANE('',#4063);
#118=PLANE('',#4064);
#119=PLANE('',#4067);
#120=PLANE('',#4070);
#121=PLANE('',#4071);
#122=PLANE('',#4072);
#123=PLANE('',#4073);
#124=PLANE('',#4077);
#125=PLANE('',#4078);
#126=PLANE('',#4079);
#127=PLANE('',#4080);
#128=PLANE('',#4083);
#129=PLANE('',#4086);
#130=PLANE('',#4089);
#131=PLANE('',#4090);
#132=PLANE('',#4091);
#133=PLANE('',#4094);
#134=PLANE('',#4097);
#135=PLANE('',#4100);
#136=PLANE('',#4104);
#137=PLANE('',#4105);
#138=PLANE('',#4106);
#139=PLANE('',#4107);
#140=PLANE('',#4112);
#141=PLANE('',#4113);
#142=PLANE('',#4114);
#143=PLANE('',#4115);
#144=PLANE('',#4117);
#145=PLANE('',#4122);
#146=PLANE('',#4125);
#147=PLANE('',#4127);
#148=PLANE('',#4132);
#149=PLANE('',#4133);
#150=PLANE('',#4139);
#151=PLANE('',#4146);
#152=PLANE('',#4149);
#153=PLANE('',#4150);
#154=PLANE('',#4151);
#155=PLANE('',#4152);
#156=PLANE('',#4153);
#157=PLANE('',#4154);
#158=PLANE('',#4156);
#159=PLANE('',#4159);
#160=PLANE('',#4161);
#161=PLANE('',#4165);
#162=PLANE('',#4168);
#163=PLANE('',#4170);
#164=PLANE('',#4173);
#165=PLANE('',#4175);
#166=PLANE('',#4183);
#167=PLANE('',#4186);
#168=PLANE('',#4187);
#169=PLANE('',#4190);
#170=PLANE('',#4191);
#171=PLANE('',#4192);
#172=PLANE('',#4195);
#173=PLANE('',#4197);
#174=PLANE('',#4198);
#175=PLANE('',#4199);
#176=PLANE('',#4200);
#177=PLANE('',#4202);
#178=TOROIDAL_SURFACE('',#3864,9.,1.);
#179=TOROIDAL_SURFACE('',#3870,9.,1.);
#180=TOROIDAL_SURFACE('',#3875,18.2,1.);
#181=TOROIDAL_SURFACE('',#3902,6.7,1.);
#182=TOROIDAL_SURFACE('',#3908,4.,1.);
#183=B_SPLINE_CURVE_WITH_KNOTS('',3,(#5402,#5403,#5404,#5405,#5406,#5407,
#5408,#5409,#5410,#5411,#5412,#5413,#5414,#5415,#5416,#5417,#5418,#5419,
#5420,#5421,#5422,#5423,#5424,#5425,#5426,#5427,#5428,#5429,#5430,#5431,
#5432),.UNSPECIFIED.,.F.,.F.,(4,3,3,3,3,3,3,3,3,3,4),(-0.103424715989764,
-0.0905511755262529,-0.0770984314653497,-0.0643659744688881,-0.0508089867915551,
-0.0370810142707726,-0.0323141099206126,-0.0185239102563816,-0.00503642872804166,
0.,0.000459258944466313),.UNSPECIFIED.);
#184=B_SPLINE_CURVE_WITH_KNOTS('',3,(#5472,#5473,#5474,#5475,#5476,#5477,
#5478,#5479,#5480,#5481,#5482,#5483,#5484,#5485),.UNSPECIFIED.,.F.,.F.,
(4,2,2,2,2,2,4),(0.,0.0324463700136263,0.0675668973058827,0.109749156714093,
0.140797374873669,0.172712620824762,0.173250129284003),.UNSPECIFIED.);
#185=B_SPLINE_CURVE_WITH_KNOTS('',3,(#5487,#5488,#5489,#5490,#5491,#5492,
#5493,#5494),.UNSPECIFIED.,.F.,.F.,(4,2,2,4),(-0.382585641681704,-0.368035359460089,
-0.347314893984004,-0.315996335249633),.UNSPECIFIED.);
#186=B_SPLINE_CURVE_WITH_KNOTS('',3,(#5531,#5532,#5533,#5534,#5535,#5536,
#5537),.UNSPECIFIED.,.F.,.F.,(4,3,4),(-0.0250138953127732,-0.0116766095908587,
0.),.UNSPECIFIED.);
#187=B_SPLINE_CURVE_WITH_KNOTS('',3,(#6441,#6442,#6443,#6444,#6445,#6446,
#6447,#6448),.UNSPECIFIED.,.F.,.F.,(4,2,2,4),(-0.00353696770912976,0.,1.07764873513758,
1.55790245465798),.UNSPECIFIED.);
#188=B_SPLINE_CURVE_WITH_KNOTS('',3,(#6509,#6510,#6511,#6512,#6513,#6514,
#6515,#6516),.UNSPECIFIED.,.F.,.F.,(4,2,2,4),(3.41015955561091,3.60726777613563,
3.97849552047056,4.04902433620561),.UNSPECIFIED.);
#189=B_SPLINE_CURVE_WITH_KNOTS('',3,(#6526,#6527,#6528,#6529,#6530,#6531,
#6532,#6533,#6534,#6535),.UNSPECIFIED.,.F.,.F.,(4,2,2,2,4),(0.168120284978656,
0.186781213210517,0.373562426421035,0.582500701302587,0.79143897618414),
 .UNSPECIFIED.);
#190=ELLIPSE('',#3852,6.02207697199808,5.);
#191=ELLIPSE('',#3853,5.22162915732911,4.);
#192=ELLIPSE('',#3856,23.0013515342186,17.2);
#193=ELLIPSE('',#3857,23.7584126658475,18.2);
#194=ELLIPSE('',#3879,1.06417777247591,1.);
#195=ELLIPSE('',#3880,53.2132400829682,18.2);
#196=ELLIPSE('',#3882,52.8795699692009,17.2);
#197=ELLIPSE('',#3884,1.01542661188575,1.);
#198=ELLIPSE('',#3886,1.22077458876146,1.);
#199=ELLIPSE('',#3893,1.01542661188575,1.);
#200=ELLIPSE('',#3931,25.0638199551798,19.2);
#201=ELLIPSE('',#3944,3.91622186799684,3.);
#202=ELLIPSE('',#4031,1.13137084989847,0.8);
#203=ELLIPSE('',#4032,1.13137084989848,0.8);
#204=ELLIPSE('',#4034,1.13137084989847,0.8);
#205=ELLIPSE('',#4035,1.13137084989848,0.8);
#206=ELLIPSE('',#4036,1.13137084989848,0.8);
#207=ELLIPSE('',#4041,1.13137084989848,0.8);
#208=ELLIPSE('',#4128,7.07106781186548,5.);
#209=ELLIPSE('',#4129,7.07106781186548,5.);
#210=ELLIPSE('',#4138,7.07106781186549,5.);
#211=ELLIPSE('',#4141,7.07106781186549,5.);
#212=ELLIPSE('',#4144,11.4490174250894,5.2);
#213=ELLIPSE('',#4145,14.4249783362056,10.2);
#214=ELLIPSE('',#4148,6.78811790452785,5.2);
#215=ELLIPSE('',#4166,22.1919239186487,17.);
#216=ELLIPSE('',#4171,49.7046748027725,17.);
#217=ELLIPSE('',#4177,1.13137084989848,0.8);
#218=ELLIPSE('',#4178,1.13137084989848,0.8);
#219=ELLIPSE('',#4179,1.13137084989847,0.8);
#220=ELLIPSE('',#4180,1.13137084989847,0.8);
#221=ELLIPSE('',#4182,1.13137084989848,0.8);
#222=ELLIPSE('',#4185,1.13137084989848,0.8);
#223=B_SPLINE_SURFACE_WITH_KNOTS('',3,3,((#5341,#5342,#5343,#5344,#5345,
#5346),(#5347,#5348,#5349,#5350,#5351,#5352),(#5353,#5354,#5355,#5356,#5357,
#5358),(#5359,#5360,#5361,#5362,#5363,#5364),(#5365,#5366,#5367,#5368,#5369,
#5370)),.UNSPECIFIED.,.F.,.F.,.F.,(4,1,4),(4,1,1,4),(0.,0.571428571428571,
1.),(-1.5707963267949,-0.897597901025655,-0.448798950512828,3.77801734909349E-17),
 .UNSPECIFIED.);
#224=B_SPLINE_SURFACE_WITH_KNOTS('',3,3,((#5382,#5383,#5384,#5385),(#5386,
#5387,#5388,#5389),(#5390,#5391,#5392,#5393),(#5394,#5395,#5396,#5397)),
 .UNSPECIFIED.,.F.,.F.,.F.,(4,4),(4,4),(0.,1.),(-6.05674228956914E-18,0.614447594218052),
 .UNSPECIFIED.);
#225=B_SPLINE_SURFACE_WITH_KNOTS('',3,3,((#5501,#5502,#5503,#5504),(#5505,
#5506,#5507,#5508),(#5509,#5510,#5511,#5512),(#5513,#5514,#5515,#5516),
(#5517,#5518,#5519,#5520),(#5521,#5522,#5523,#5524)),.UNSPECIFIED.,.F.,
 .F.,.F.,(4,1,1,4),(4,4),(0.,0.285714285714286,0.571428571428571,1.),(1.31815671850925,
1.5707963267949),.UNSPECIFIED.);
#226=B_SPLINE_SURFACE_WITH_KNOTS('',3,3,((#6403,#6404,#6405,#6406,#6407,
#6408),(#6409,#6410,#6411,#6412,#6413,#6414),(#6415,#6416,#6417,#6418,#6419,
#6420),(#6421,#6422,#6423,#6424,#6425,#6426),(#6427,#6428,#6429,#6430,#6431,
#6432),(#6433,#6434,#6435,#6436,#6437,#6438)),.UNSPECIFIED.,.F.,.F.,.F.,
(4,1,1,4),(4,1,1,4),(0.,0.285714285714286,0.571428571428571,1.),(0.,0.673198425769242,
1.12199737628207,1.5707963267949),.UNSPECIFIED.);
#227=LINE('',#5339,#618);
#228=LINE('',#5340,#619);
#229=LINE('',#5380,#620);
#230=LINE('',#5381,#621);
#231=LINE('',#5444,#622);
#232=LINE('',#5445,#623);
#233=LINE('',#5456,#624);
#234=LINE('',#5457,#625);
#235=LINE('',#5465,#626);
#236=LINE('',#5466,#627);
#237=LINE('',#5497,#628);
#238=LINE('',#5499,#629);
#239=LINE('',#5540,#630);
#240=LINE('',#5542,#631);
#241=LINE('',#5546,#632);
#242=LINE('',#5549,#633);
#243=LINE('',#5558,#634);
#244=LINE('',#5559,#635);
#245=LINE('',#5562,#636);
#246=LINE('',#5565,#637);
#247=LINE('',#5574,#638);
#248=LINE('',#5575,#639);
#249=LINE('',#5577,#640);
#250=LINE('',#5578,#641);
#251=LINE('',#5583,#642);
#252=LINE('',#5584,#643);
#253=LINE('',#5595,#644);
#254=LINE('',#5596,#645);
#255=LINE('',#5604,#646);
#256=LINE('',#5605,#647);
#257=LINE('',#5607,#648);
#258=LINE('',#5608,#649);
#259=LINE('',#5611,#650);
#260=LINE('',#5613,#651);
#261=LINE('',#5614,#652);
#262=LINE('',#5617,#653);
#263=LINE('',#5621,#654);
#264=LINE('',#5622,#655);
#265=LINE('',#5625,#656);
#266=LINE('',#5629,#657);
#267=LINE('',#5630,#658);
#268=LINE('',#5632,#659);
#269=LINE('',#5634,#660);
#270=LINE('',#5642,#661);
#271=LINE('',#5645,#662);
#272=LINE('',#5648,#663);
#273=LINE('',#5650,#664);
#274=LINE('',#5651,#665);
#275=LINE('',#5658,#666);
#276=LINE('',#5665,#667);
#277=LINE('',#5668,#668);
#278=LINE('',#5671,#669);
#279=LINE('',#5673,#670);
#280=LINE('',#5674,#671);
#281=LINE('',#5679,#672);
#282=LINE('',#5681,#673);
#283=LINE('',#5682,#674);
#284=LINE('',#5686,#675);
#285=LINE('',#5689,#676);
#286=LINE('',#5691,#677);
#287=LINE('',#5692,#678);
#288=LINE('',#5697,#679);
#289=LINE('',#5700,#680);
#290=LINE('',#5701,#681);
#291=LINE('',#5704,#682);
#292=LINE('',#5705,#683);
#293=LINE('',#5708,#684);
#294=LINE('',#5711,#685);
#295=LINE('',#5714,#686);
#296=LINE('',#5715,#687);
#297=LINE('',#5718,#688);
#298=LINE('',#5721,#689);
#299=LINE('',#5724,#690);
#300=LINE('',#5728,#691);
#301=LINE('',#5729,#692);
#302=LINE('',#5732,#693);
#303=LINE('',#5736,#694);
#304=LINE('',#5737,#695);
#305=LINE('',#5740,#696);
#306=LINE('',#5744,#697);
#307=LINE('',#5745,#698);
#308=LINE('',#5749,#699);
#309=LINE('',#5755,#700);
#310=LINE('',#5757,#701);
#311=LINE('',#5759,#702);
#312=LINE('',#5760,#703);
#313=LINE('',#5763,#704);
#314=LINE('',#5764,#705);
#315=LINE('',#5767,#706);
#316=LINE('',#5768,#707);
#317=LINE('',#5770,#708);
#318=LINE('',#5777,#709);
#319=LINE('',#5779,#710);
#320=LINE('',#5781,#711);
#321=LINE('',#5782,#712);
#322=LINE('',#5786,#713);
#323=LINE('',#5788,#714);
#324=LINE('',#5790,#715);
#325=LINE('',#5792,#716);
#326=LINE('',#5794,#717);
#327=LINE('',#5798,#718);
#328=LINE('',#5800,#719);
#329=LINE('',#5801,#720);
#330=LINE('',#5805,#721);
#331=LINE('',#5809,#722);
#332=LINE('',#5813,#723);
#333=LINE('',#5817,#724);
#334=LINE('',#5820,#725);
#335=LINE('',#5823,#726);
#336=LINE('',#5827,#727);
#337=LINE('',#5829,#728);
#338=LINE('',#5832,#729);
#339=LINE('',#5836,#730);
#340=LINE('',#5838,#731);
#341=LINE('',#5840,#732);
#342=LINE('',#5841,#733);
#343=LINE('',#5844,#734);
#344=LINE('',#5846,#735);
#345=LINE('',#5847,#736);
#346=LINE('',#5850,#737);
#347=LINE('',#5852,#738);
#348=LINE('',#5853,#739);
#349=LINE('',#5857,#740);
#350=LINE('',#5861,#741);
#351=LINE('',#5862,#742);
#352=LINE('',#5865,#743);
#353=LINE('',#5867,#744);
#354=LINE('',#5868,#745);
#355=LINE('',#5871,#746);
#356=LINE('',#5872,#747);
#357=LINE('',#5874,#748);
#358=LINE('',#5876,#749);
#359=LINE('',#5878,#750);
#360=LINE('',#5880,#751);
#361=LINE('',#5882,#752);
#362=LINE('',#5884,#753);
#363=LINE('',#5885,#754);
#364=LINE('',#5887,#755);
#365=LINE('',#5888,#756);
#366=LINE('',#5891,#757);
#367=LINE('',#5892,#758);
#368=LINE('',#5896,#759);
#369=LINE('',#5897,#760);
#370=LINE('',#5904,#761);
#371=LINE('',#5907,#762);
#372=LINE('',#5909,#763);
#373=LINE('',#5910,#764);
#374=LINE('',#5912,#765);
#375=LINE('',#5916,#766);
#376=LINE('',#5920,#767);
#377=LINE('',#5922,#768);
#378=LINE('',#5923,#769);
#379=LINE('',#5926,#770);
#380=LINE('',#5927,#771);
#381=LINE('',#5934,#772);
#382=LINE('',#5935,#773);
#383=LINE('',#5936,#774);
#384=LINE('',#5942,#775);
#385=LINE('',#5945,#776);
#386=LINE('',#5946,#777);
#387=LINE('',#5949,#778);
#388=LINE('',#5953,#779);
#389=LINE('',#5954,#780);
#390=LINE('',#5956,#781);
#391=LINE('',#5960,#782);
#392=LINE('',#5963,#783);
#393=LINE('',#5967,#784);
#394=LINE('',#5970,#785);
#395=LINE('',#5973,#786);
#396=LINE('',#5974,#787);
#397=LINE('',#5977,#788);
#398=LINE('',#5983,#789);
#399=LINE('',#5989,#790);
#400=LINE('',#5992,#791);
#401=LINE('',#5994,#792);
#402=LINE('',#5996,#793);
#403=LINE('',#6000,#794);
#404=LINE('',#6002,#795);
#405=LINE('',#6008,#796);
#406=LINE('',#6010,#797);
#407=LINE('',#6012,#798);
#408=LINE('',#6013,#799);
#409=LINE('',#6018,#800);
#410=LINE('',#6022,#801);
#411=LINE('',#6024,#802);
#412=LINE('',#6025,#803);
#413=LINE('',#6028,#804);
#414=LINE('',#6030,#805);
#415=LINE('',#6031,#806);
#416=LINE('',#6033,#807);
#417=LINE('',#6034,#808);
#418=LINE('',#6037,#809);
#419=LINE('',#6039,#810);
#420=LINE('',#6040,#811);
#421=LINE('',#6043,#812);
#422=LINE('',#6047,#813);
#423=LINE('',#6048,#814);
#424=LINE('',#6052,#815);
#425=LINE('',#6054,#816);
#426=LINE('',#6058,#817);
#427=LINE('',#6062,#818);
#428=LINE('',#6066,#819);
#429=LINE('',#6068,#820);
#430=LINE('',#6070,#821);
#431=LINE('',#6072,#822);
#432=LINE('',#6076,#823);
#433=LINE('',#6077,#824);
#434=LINE('',#6080,#825);
#435=LINE('',#6082,#826);
#436=LINE('',#6084,#827);
#437=LINE('',#6088,#828);
#438=LINE('',#6092,#829);
#439=LINE('',#6094,#830);
#440=LINE('',#6095,#831);
#441=LINE('',#6098,#832);
#442=LINE('',#6099,#833);
#443=LINE('',#6102,#834);
#444=LINE('',#6106,#835);
#445=LINE('',#6107,#836);
#446=LINE('',#6110,#837);
#447=LINE('',#6113,#838);
#448=LINE('',#6116,#839);
#449=LINE('',#6118,#840);
#450=LINE('',#6120,#841);
#451=LINE('',#6122,#842);
#452=LINE('',#6124,#843);
#453=LINE('',#6125,#844);
#454=LINE('',#6128,#845);
#455=LINE('',#6129,#846);
#456=LINE('',#6132,#847);
#457=LINE('',#6134,#848);
#458=LINE('',#6138,#849);
#459=LINE('',#6140,#850);
#460=LINE('',#6144,#851);
#461=LINE('',#6147,#852);
#462=LINE('',#6150,#853);
#463=LINE('',#6152,#854);
#464=LINE('',#6153,#855);
#465=LINE('',#6157,#856);
#466=LINE('',#6158,#857);
#467=LINE('',#6159,#858);
#468=LINE('',#6162,#859);
#469=LINE('',#6163,#860);
#470=LINE('',#6166,#861);
#471=LINE('',#6167,#862);
#472=LINE('',#6170,#863);
#473=LINE('',#6174,#864);
#474=LINE('',#6175,#865);
#475=LINE('',#6178,#866);
#476=LINE('',#6182,#867);
#477=LINE('',#6183,#868);
#478=LINE('',#6186,#869);
#479=LINE('',#6189,#870);
#480=LINE('',#6192,#871);
#481=LINE('',#6193,#872);
#482=LINE('',#6196,#873);
#483=LINE('',#6197,#874);
#484=LINE('',#6200,#875);
#485=LINE('',#6203,#876);
#486=LINE('',#6206,#877);
#487=LINE('',#6209,#878);
#488=LINE('',#6212,#879);
#489=LINE('',#6213,#880);
#490=LINE('',#6216,#881);
#491=LINE('',#6220,#882);
#492=LINE('',#6222,#883);
#493=LINE('',#6224,#884);
#494=LINE('',#6226,#885);
#495=LINE('',#6228,#886);
#496=LINE('',#6230,#887);
#497=LINE('',#6234,#888);
#498=LINE('',#6235,#889);
#499=LINE('',#6238,#890);
#500=LINE('',#6242,#891);
#501=LINE('',#6243,#892);
#502=LINE('',#6246,#893);
#503=LINE('',#6248,#894);
#504=LINE('',#6249,#895);
#505=LINE('',#6251,#896);
#506=LINE('',#6253,#897);
#507=LINE('',#6255,#898);
#508=LINE('',#6257,#899);
#509=LINE('',#6259,#900);
#510=LINE('',#6261,#901);
#511=LINE('',#6262,#902);
#512=LINE('',#6264,#903);
#513=LINE('',#6266,#904);
#514=LINE('',#6267,#905);
#515=LINE('',#6270,#906);
#516=LINE('',#6271,#907);
#517=LINE('',#6274,#908);
#518=LINE('',#6278,#909);
#519=LINE('',#6280,#910);
#520=LINE('',#6282,#911);
#521=LINE('',#6285,#912);
#522=LINE('',#6288,#913);
#523=LINE('',#6291,#914);
#524=LINE('',#6294,#915);
#525=LINE('',#6295,#916);
#526=LINE('',#6297,#917);
#527=LINE('',#6299,#918);
#528=LINE('',#6302,#919);
#529=LINE('',#6306,#920);
#530=LINE('',#6310,#921);
#531=LINE('',#6312,#922);
#532=LINE('',#6316,#923);
#533=LINE('',#6320,#924);
#534=LINE('',#6324,#925);
#535=LINE('',#6325,#926);
#536=LINE('',#6327,#927);
#537=LINE('',#6329,#928);
#538=LINE('',#6330,#929);
#539=LINE('',#6333,#930);
#540=LINE('',#6337,#931);
#541=LINE('',#6339,#932);
#542=LINE('',#6341,#933);
#543=LINE('',#6343,#934);
#544=LINE('',#6345,#935);
#545=LINE('',#6348,#936);
#546=LINE('',#6350,#937);
#547=LINE('',#6352,#938);
#548=LINE('',#6355,#939);
#549=LINE('',#6357,#940);
#550=LINE('',#6359,#941);
#551=LINE('',#6361,#942);
#552=LINE('',#6365,#943);
#553=LINE('',#6369,#944);
#554=LINE('',#6372,#945);
#555=LINE('',#6374,#946);
#556=LINE('',#6376,#947);
#557=LINE('',#6377,#948);
#558=LINE('',#6382,#949);
#559=LINE('',#6387,#950);
#560=LINE('',#6390,#951);
#561=LINE('',#6393,#952);
#562=LINE('',#6394,#953);
#563=LINE('',#6399,#954);
#564=LINE('',#6402,#955);
#565=LINE('',#6453,#956);
#566=LINE('',#6454,#957);
#567=LINE('',#6456,#958);
#568=LINE('',#6458,#959);
#569=LINE('',#6460,#960);
#570=LINE('',#6461,#961);
#571=LINE('',#6464,#962);
#572=LINE('',#6467,#963);
#573=LINE('',#6470,#964);
#574=LINE('',#6471,#965);
#575=LINE('',#6473,#966);
#576=LINE('',#6475,#967);
#577=LINE('',#6477,#968);
#578=LINE('',#6480,#969);
#579=LINE('',#6481,#970);
#580=LINE('',#6484,#971);
#581=LINE('',#6487,#972);
#582=LINE('',#6491,#973);
#583=LINE('',#6493,#974);
#584=LINE('',#6496,#975);
#585=LINE('',#6498,#976);
#586=LINE('',#6500,#977);
#587=LINE('',#6502,#978);
#588=LINE('',#6507,#979);
#589=LINE('',#6517,#980);
#590=LINE('',#6520,#981);
#591=LINE('',#6524,#982);
#592=LINE('',#6536,#983);
#593=LINE('',#6542,#984);
#594=LINE('',#6545,#985);
#595=LINE('',#6548,#986);
#596=LINE('',#6550,#987);
#597=LINE('',#6551,#988);
#598=LINE('',#6557,#989);
#599=LINE('',#6564,#990);
#600=LINE('',#6566,#991);
#601=LINE('',#6568,#992);
#602=LINE('',#6570,#993);
#603=LINE('',#6575,#994);
#604=LINE('',#6576,#995);
#605=LINE('',#6579,#996);
#606=LINE('',#6583,#997);
#607=LINE('',#6584,#998);
#608=LINE('',#6586,#999);
#609=LINE('',#6589,#1000);
#610=LINE('',#6590,#1001);
#611=LINE('',#6593,#1002);
#612=LINE('',#6596,#1003);
#613=LINE('',#6598,#1004);
#614=LINE('',#6599,#1005);
#615=LINE('',#6603,#1006);
#616=LINE('',#6605,#1007);
#617=LINE('',#6607,#1008);
#618=VECTOR('',#4223,10.);
#619=VECTOR('',#4224,10.);
#620=VECTOR('',#4235,10.);
#621=VECTOR('',#4236,10.);
#622=VECTOR('',#4253,10.);
#623=VECTOR('',#4254,10.);
#624=VECTOR('',#4267,10.);
#625=VECTOR('',#4268,10.);
#626=VECTOR('',#4279,10.);
#627=VECTOR('',#4280,10.);
#628=VECTOR('',#4289,10.);
#629=VECTOR('',#4290,10.);
#630=VECTOR('',#4301,10.);
#631=VECTOR('',#4302,10.);
#632=VECTOR('',#4307,10.);
#633=VECTOR('',#4310,10.);
#634=VECTOR('',#4321,10.);
#635=VECTOR('',#4322,10.);
#636=VECTOR('',#4325,10.);
#637=VECTOR('',#4328,10.);
#638=VECTOR('',#4339,10.);
#639=VECTOR('',#4340,10.);
#640=VECTOR('',#4343,10.);
#641=VECTOR('',#4344,10.);
#642=VECTOR('',#4349,10.);
#643=VECTOR('',#4350,10.);
#644=VECTOR('',#4363,10.);
#645=VECTOR('',#4364,10.);
#646=VECTOR('',#4375,10.);
#647=VECTOR('',#4376,10.);
#648=VECTOR('',#4379,10.);
#649=VECTOR('',#4380,10.);
#650=VECTOR('',#4383,10.);
#651=VECTOR('',#4384,10.);
#652=VECTOR('',#4385,10.);
#653=VECTOR('',#4388,10.);
#654=VECTOR('',#4393,10.);
#655=VECTOR('',#4394,10.);
#656=VECTOR('',#4397,10.);
#657=VECTOR('',#4402,10.);
#658=VECTOR('',#4403,10.);
#659=VECTOR('',#4406,10.);
#660=VECTOR('',#4409,10.);
#661=VECTOR('',#4418,10.);
#662=VECTOR('',#4421,10.);
#663=VECTOR('',#4424,10.);
#664=VECTOR('',#4425,10.);
#665=VECTOR('',#4426,10.);
#666=VECTOR('',#4433,10.);
#667=VECTOR('',#4440,10.);
#668=VECTOR('',#4443,10.);
#669=VECTOR('',#4446,10.);
#670=VECTOR('',#4447,10.);
#671=VECTOR('',#4448,10.);
#672=VECTOR('',#4453,10.);
#673=VECTOR('',#4454,10.);
#674=VECTOR('',#4455,10.);
#675=VECTOR('',#4460,10.);
#676=VECTOR('',#4463,10.);
#677=VECTOR('',#4464,10.);
#678=VECTOR('',#4465,10.);
#679=VECTOR('',#4470,10.);
#680=VECTOR('',#4475,10.);
#681=VECTOR('',#4476,10.);
#682=VECTOR('',#4479,10.);
#683=VECTOR('',#4480,10.);
#684=VECTOR('',#4483,10.);
#685=VECTOR('',#4486,10.);
#686=VECTOR('',#4489,10.);
#687=VECTOR('',#4490,10.);
#688=VECTOR('',#4493,10.);
#689=VECTOR('',#4498,10.);
#690=VECTOR('',#4501,10.);
#691=VECTOR('',#4506,10.);
#692=VECTOR('',#4507,10.);
#693=VECTOR('',#4510,10.);
#694=VECTOR('',#4515,10.);
#695=VECTOR('',#4516,10.);
#696=VECTOR('',#4519,10.);
#697=VECTOR('',#4524,10.);
#698=VECTOR('',#4525,10.);
#699=VECTOR('',#4532,10.);
#700=VECTOR('',#4539,10.);
#701=VECTOR('',#4540,10.);
#702=VECTOR('',#4541,10.);
#703=VECTOR('',#4542,10.);
#704=VECTOR('',#4545,10.);
#705=VECTOR('',#4546,10.);
#706=VECTOR('',#4549,10.);
#707=VECTOR('',#4550,10.);
#708=VECTOR('',#4553,10.);
#709=VECTOR('',#4562,10.);
#710=VECTOR('',#4563,10.);
#711=VECTOR('',#4564,10.);
#712=VECTOR('',#4565,10.);
#713=VECTOR('',#4568,10.);
#714=VECTOR('',#4569,10.);
#715=VECTOR('',#4570,10.);
#716=VECTOR('',#4571,10.);
#717=VECTOR('',#4572,10.);
#718=VECTOR('',#4577,10.);
#719=VECTOR('',#4578,10.);
#720=VECTOR('',#4579,10.);
#721=VECTOR('',#4582,10.);
#722=VECTOR('',#4585,10.);
#723=VECTOR('',#4588,10.);
#724=VECTOR('',#4593,10.);
#725=VECTOR('',#4596,10.);
#726=VECTOR('',#4599,10.);
#727=VECTOR('',#4602,10.);
#728=VECTOR('',#4603,10.);
#729=VECTOR('',#4606,10.);
#730=VECTOR('',#4609,10.);
#731=VECTOR('',#4610,10.);
#732=VECTOR('',#4611,10.);
#733=VECTOR('',#4612,10.);
#734=VECTOR('',#4615,10.);
#735=VECTOR('',#4616,10.);
#736=VECTOR('',#4617,10.);
#737=VECTOR('',#4620,10.);
#738=VECTOR('',#4621,10.);
#739=VECTOR('',#4622,10.);
#740=VECTOR('',#4625,10.);
#741=VECTOR('',#4632,10.);
#742=VECTOR('',#4633,10.);
#743=VECTOR('',#4636,10.);
#744=VECTOR('',#4637,10.);
#745=VECTOR('',#4638,10.);
#746=VECTOR('',#4641,10.);
#747=VECTOR('',#4642,10.);
#748=VECTOR('',#4643,10.);
#749=VECTOR('',#4644,10.);
#750=VECTOR('',#4645,10.);
#751=VECTOR('',#4646,10.);
#752=VECTOR('',#4647,10.);
#753=VECTOR('',#4648,10.);
#754=VECTOR('',#4649,10.);
#755=VECTOR('',#4650,10.);
#756=VECTOR('',#4651,10.);
#757=VECTOR('',#4654,10.);
#758=VECTOR('',#4655,10.);
#759=VECTOR('',#4660,10.);
#760=VECTOR('',#4661,10.);
#761=VECTOR('',#4670,10.);
#762=VECTOR('',#4673,10.);
#763=VECTOR('',#4676,10.);
#764=VECTOR('',#4677,10.);
#765=VECTOR('',#4680,10.);
#766=VECTOR('',#4685,10.);
#767=VECTOR('',#4690,10.);
#768=VECTOR('',#4691,10.);
#769=VECTOR('',#4692,10.);
#770=VECTOR('',#4695,10.);
#771=VECTOR('',#4696,10.);
#772=VECTOR('',#4705,10.);
#773=VECTOR('',#4706,10.);
#774=VECTOR('',#4707,10.);
#775=VECTOR('',#4716,10.);
#776=VECTOR('',#4719,10.);
#777=VECTOR('',#4720,10.);
#778=VECTOR('',#4723,10.);
#779=VECTOR('',#4728,10.);
#780=VECTOR('',#4729,10.);
#781=VECTOR('',#4732,10.);
#782=VECTOR('',#4737,10.);
#783=VECTOR('',#4740,10.);
#784=VECTOR('',#4743,10.);
#785=VECTOR('',#4746,10.);
#786=VECTOR('',#4749,10.);
#787=VECTOR('',#4750,10.);
#788=VECTOR('',#4753,10.);
#789=VECTOR('',#4760,10.);
#790=VECTOR('',#4765,10.);
#791=VECTOR('',#4770,10.);
#792=VECTOR('',#4773,10.);
#793=VECTOR('',#4776,10.);
#794=VECTOR('',#4781,10.);
#795=VECTOR('',#4784,10.);
#796=VECTOR('',#4791,10.);
#797=VECTOR('',#4792,10.);
#798=VECTOR('',#4793,10.);
#799=VECTOR('',#4794,10.);
#800=VECTOR('',#4799,10.);
#801=VECTOR('',#4804,10.);
#802=VECTOR('',#4805,10.);
#803=VECTOR('',#4806,10.);
#804=VECTOR('',#4809,10.);
#805=VECTOR('',#4810,10.);
#806=VECTOR('',#4811,10.);
#807=VECTOR('',#4814,10.);
#808=VECTOR('',#4815,10.);
#809=VECTOR('',#4818,10.);
#810=VECTOR('',#4819,10.);
#811=VECTOR('',#4820,10.);
#812=VECTOR('',#4823,10.);
#813=VECTOR('',#4828,10.);
#814=VECTOR('',#4829,10.);
#815=VECTOR('',#4832,10.);
#816=VECTOR('',#4833,10.);
#817=VECTOR('',#4836,10.);
#818=VECTOR('',#4839,10.);
#819=VECTOR('',#4842,10.);
#820=VECTOR('',#4843,10.);
#821=VECTOR('',#4844,10.);
#822=VECTOR('',#4845,10.);
#823=VECTOR('',#4848,10.);
#824=VECTOR('',#4849,10.);
#825=VECTOR('',#4850,10.);
#826=VECTOR('',#4851,10.);
#827=VECTOR('',#4852,10.);
#828=VECTOR('',#4855,10.);
#829=VECTOR('',#4860,10.);
#830=VECTOR('',#4861,10.);
#831=VECTOR('',#4862,10.);
#832=VECTOR('',#4865,10.);
#833=VECTOR('',#4866,10.);
#834=VECTOR('',#4869,10.);
#835=VECTOR('',#4874,10.);
#836=VECTOR('',#4875,10.);
#837=VECTOR('',#4878,10.);
#838=VECTOR('',#4883,10.);
#839=VECTOR('',#4886,10.);
#840=VECTOR('',#4887,10.);
#841=VECTOR('',#4888,10.);
#842=VECTOR('',#4889,10.);
#843=VECTOR('',#4890,10.);
#844=VECTOR('',#4891,10.);
#845=VECTOR('',#4894,10.);
#846=VECTOR('',#4895,10.);
#847=VECTOR('',#4898,10.);
#848=VECTOR('',#4899,10.);
#849=VECTOR('',#4902,10.);
#850=VECTOR('',#4903,10.);
#851=VECTOR('',#4906,10.);
#852=VECTOR('',#4909,10.);
#853=VECTOR('',#4912,10.);
#854=VECTOR('',#4913,10.);
#855=VECTOR('',#4914,10.);
#856=VECTOR('',#4917,10.);
#857=VECTOR('',#4918,10.);
#858=VECTOR('',#4919,10.);
#859=VECTOR('',#4922,10.);
#860=VECTOR('',#4923,10.);
#861=VECTOR('',#4926,10.);
#862=VECTOR('',#4927,10.);
#863=VECTOR('',#4930,10.);
#864=VECTOR('',#4935,10.);
#865=VECTOR('',#4936,10.);
#866=VECTOR('',#4939,10.);
#867=VECTOR('',#4944,10.);
#868=VECTOR('',#4945,10.);
#869=VECTOR('',#4948,10.);
#870=VECTOR('',#4953,10.);
#871=VECTOR('',#4956,10.);
#872=VECTOR('',#4957,10.);
#873=VECTOR('',#4960,10.);
#874=VECTOR('',#4961,10.);
#875=VECTOR('',#4964,10.);
#876=VECTOR('',#4969,10.);
#877=VECTOR('',#4972,10.);
#878=VECTOR('',#4975,10.);
#879=VECTOR('',#4978,10.);
#880=VECTOR('',#4979,10.);
#881=VECTOR('',#4982,10.);
#882=VECTOR('',#4987,10.);
#883=VECTOR('',#4988,10.);
#884=VECTOR('',#4989,10.);
#885=VECTOR('',#4990,10.);
#886=VECTOR('',#4991,10.);
#887=VECTOR('',#4992,10.);
#888=VECTOR('',#4995,10.);
#889=VECTOR('',#4996,10.);
#890=VECTOR('',#4999,10.);
#891=VECTOR('',#5004,10.);
#892=VECTOR('',#5005,10.);
#893=VECTOR('',#5008,10.);
#894=VECTOR('',#5009,10.);
#895=VECTOR('',#5010,10.);
#896=VECTOR('',#5011,10.);
#897=VECTOR('',#5012,10.);
#898=VECTOR('',#5013,10.);
#899=VECTOR('',#5014,10.);
#900=VECTOR('',#5015,10.);
#901=VECTOR('',#5016,10.);
#902=VECTOR('',#5017,10.);
#903=VECTOR('',#5018,10.);
#904=VECTOR('',#5019,10.);
#905=VECTOR('',#5020,10.);
#906=VECTOR('',#5023,10.);
#907=VECTOR('',#5024,10.);
#908=VECTOR('',#5027,10.);
#909=VECTOR('',#5030,10.);
#910=VECTOR('',#5031,10.);
#911=VECTOR('',#5032,10.);
#912=VECTOR('',#5035,10.);
#913=VECTOR('',#5038,10.);
#914=VECTOR('',#5041,10.);
#915=VECTOR('',#5044,10.);
#916=VECTOR('',#5045,10.);
#917=VECTOR('',#5048,10.);
#918=VECTOR('',#5051,10.);
#919=VECTOR('',#5054,10.);
#920=VECTOR('',#5059,10.);
#921=VECTOR('',#5062,10.);
#922=VECTOR('',#5063,10.);
#923=VECTOR('',#5066,10.);
#924=VECTOR('',#5069,10.);
#925=VECTOR('',#5072,10.);
#926=VECTOR('',#5073,10.);
#927=VECTOR('',#5074,10.);
#928=VECTOR('',#5075,10.);
#929=VECTOR('',#5076,10.);
#930=VECTOR('',#5079,10.);
#931=VECTOR('',#5082,10.);
#932=VECTOR('',#5083,10.);
#933=VECTOR('',#5084,10.);
#934=VECTOR('',#5085,10.);
#935=VECTOR('',#5086,10.);
#936=VECTOR('',#5089,10.);
#937=VECTOR('',#5092,10.);
#938=VECTOR('',#5095,10.);
#939=VECTOR('',#5098,10.);
#940=VECTOR('',#5099,10.);
#941=VECTOR('',#5100,10.);
#942=VECTOR('',#5101,10.);
#943=VECTOR('',#5104,10.);
#944=VECTOR('',#5109,10.);
#945=VECTOR('',#5112,10.);
#946=VECTOR('',#5115,10.);
#947=VECTOR('',#5116,10.);
#948=VECTOR('',#5117,10.);
#949=VECTOR('',#5122,10.);
#950=VECTOR('',#5129,10.);
#951=VECTOR('',#5132,10.);
#952=VECTOR('',#5135,10.);
#953=VECTOR('',#5136,10.);
#954=VECTOR('',#5143,10.);
#955=VECTOR('',#5146,10.);
#956=VECTOR('',#5153,10.);
#957=VECTOR('',#5154,10.);
#958=VECTOR('',#5155,10.);
#959=VECTOR('',#5156,10.);
#960=VECTOR('',#5157,10.);
#961=VECTOR('',#5158,10.);
#962=VECTOR('',#5161,10.);
#963=VECTOR('',#5164,10.);
#964=VECTOR('',#5167,10.);
#965=VECTOR('',#5168,10.);
#966=VECTOR('',#5171,10.);
#967=VECTOR('',#5174,10.);
#968=VECTOR('',#5177,10.);
#969=VECTOR('',#5180,10.);
#970=VECTOR('',#5181,10.);
#971=VECTOR('',#5184,10.);
#972=VECTOR('',#5187,10.);
#973=VECTOR('',#5192,10.);
#974=VECTOR('',#5193,10.);
#975=VECTOR('',#5196,10.);
#976=VECTOR('',#5199,10.);
#977=VECTOR('',#5202,10.);
#978=VECTOR('',#5205,10.);
#979=VECTOR('',#5212,10.);
#980=VECTOR('',#5213,10.);
#981=VECTOR('',#5216,10.);
#982=VECTOR('',#5221,10.);
#983=VECTOR('',#5222,10.);
#984=VECTOR('',#5233,10.);
#985=VECTOR('',#5238,10.);
#986=VECTOR('',#5241,10.);
#987=VECTOR('',#5242,10.);
#988=VECTOR('',#5243,10.);
#989=VECTOR('',#5248,10.);
#990=VECTOR('',#5259,10.);
#991=VECTOR('',#5262,10.);
#992=VECTOR('',#5265,10.);
#993=VECTOR('',#5266,10.);
#994=VECTOR('',#5273,10.);
#995=VECTOR('',#5274,10.);
#996=VECTOR('',#5277,10.);
#997=VECTOR('',#5282,10.);
#998=VECTOR('',#5283,10.);
#999=VECTOR('',#5286,10.);
#1000=VECTOR('',#5289,10.);
#1001=VECTOR('',#5290,10.);
#1002=VECTOR('',#5293,10.);
#1003=VECTOR('',#5298,10.);
#1004=VECTOR('',#5301,10.);
#1005=VECTOR('',#5302,10.);
#1006=VECTOR('',#5309,10.);
#1007=VECTOR('',#5312,10.);
#1008=VECTOR('',#5315,10.);
#1009=CYLINDRICAL_SURFACE('',#3849,1.);
#1010=CYLINDRICAL_SURFACE('',#3854,1.);
#1011=CYLINDRICAL_SURFACE('',#3862,1.);
#1012=CYLINDRICAL_SURFACE('',#3868,1.);
#1013=CYLINDRICAL_SURFACE('',#3874,1.);
#1014=CYLINDRICAL_SURFACE('',#3878,1.);
#1015=CYLINDRICAL_SURFACE('',#3883,1.);
#1016=CYLINDRICAL_SURFACE('',#3885,1.);
#1017=CYLINDRICAL_SURFACE('',#3891,1.);
#1018=CYLINDRICAL_SURFACE('',#3892,1.);
#1019=CYLINDRICAL_SURFACE('',#3898,1.);
#1020=CYLINDRICAL_SURFACE('',#3899,1.);
#1021=CYLINDRICAL_SURFACE('',#3900,1.);
#1022=CYLINDRICAL_SURFACE('',#3906,1.);
#1023=CYLINDRICAL_SURFACE('',#3912,1.);
#1024=CYLINDRICAL_SURFACE('',#3913,1.);
#1025=CYLINDRICAL_SURFACE('',#3915,5.);
#1026=CYLINDRICAL_SURFACE('',#3918,7.7);
#1027=CYLINDRICAL_SURFACE('',#3925,3.);
#1028=CYLINDRICAL_SURFACE('',#3929,19.2);
#1029=CYLINDRICAL_SURFACE('',#3933,8.);
#1030=CYLINDRICAL_SURFACE('',#3939,8.);
#1031=CYLINDRICAL_SURFACE('',#3942,3.);
#1032=CYLINDRICAL_SURFACE('',#3950,5.7);
#1033=CYLINDRICAL_SURFACE('',#3953,10.);
#1034=CYLINDRICAL_SURFACE('',#3956,10.);
#1035=CYLINDRICAL_SURFACE('',#3959,5.);
#1036=CYLINDRICAL_SURFACE('',#3962,17.2);
#1037=CYLINDRICAL_SURFACE('',#3982,17.);
#1038=CYLINDRICAL_SURFACE('',#3999,6.9);
#1039=CYLINDRICAL_SURFACE('',#4004,10.);
#1040=CYLINDRICAL_SURFACE('',#4006,10.2);
#1041=CYLINDRICAL_SURFACE('',#4007,15.);
#1042=CYLINDRICAL_SURFACE('',#4011,10.25);
#1043=CYLINDRICAL_SURFACE('',#4015,13.25);
#1044=CYLINDRICAL_SURFACE('',#4024,3.);
#1045=CYLINDRICAL_SURFACE('',#4033,0.8);
#1046=CYLINDRICAL_SURFACE('',#4038,0.8);
#1047=CYLINDRICAL_SURFACE('',#4040,0.8);
#1048=CYLINDRICAL_SURFACE('',#4053,7.);
#1049=CYLINDRICAL_SURFACE('',#4095,5.);
#1050=CYLINDRICAL_SURFACE('',#4098,5.);
#1051=CYLINDRICAL_SURFACE('',#4102,15.);
#1052=CYLINDRICAL_SURFACE('',#4110,10.);
#1053=CYLINDRICAL_SURFACE('',#4126,3.);
#1054=CYLINDRICAL_SURFACE('',#4130,5.);
#1055=CYLINDRICAL_SURFACE('',#4137,5.);
#1056=CYLINDRICAL_SURFACE('',#4140,5.);
#1057=CYLINDRICAL_SURFACE('',#4142,5.);
#1058=CYLINDRICAL_SURFACE('',#4147,5.2);
#1059=CYLINDRICAL_SURFACE('',#4160,5.3);
#1060=CYLINDRICAL_SURFACE('',#4162,10.);
#1061=CYLINDRICAL_SURFACE('',#4163,8.);
#1062=CYLINDRICAL_SURFACE('',#4164,5.);
#1063=CYLINDRICAL_SURFACE('',#4167,5.);
#1064=CYLINDRICAL_SURFACE('',#4172,17.);
#1065=CYLINDRICAL_SURFACE('',#4174,3.);
#1066=CYLINDRICAL_SURFACE('',#4176,0.8);
#1067=CYLINDRICAL_SURFACE('',#4181,0.8);
#1068=CYLINDRICAL_SURFACE('',#4184,0.8);
#1069=CYLINDRICAL_SURFACE('',#4196,13.25);
#1070=CYLINDRICAL_SURFACE('',#4201,10.25);
#1071=FACE_OUTER_BOUND('',#1282,.T.);
#1072=FACE_OUTER_BOUND('',#1283,.T.);
#1073=FACE_OUTER_BOUND('',#1284,.T.);
#1074=FACE_OUTER_BOUND('',#1285,.T.);
#1075=FACE_OUTER_BOUND('',#1286,.T.);
#1076=FACE_OUTER_BOUND('',#1287,.T.);
#1077=FACE_OUTER_BOUND('',#1288,.T.);
#1078=FACE_OUTER_BOUND('',#1289,.T.);
#1079=FACE_OUTER_BOUND('',#1290,.T.);
#1080=FACE_OUTER_BOUND('',#1291,.T.);
#1081=FACE_OUTER_BOUND('',#1292,.T.);
#1082=FACE_OUTER_BOUND('',#1293,.T.);
#1083=FACE_OUTER_BOUND('',#1294,.T.);
#1084=FACE_OUTER_BOUND('',#1295,.T.);
#1085=FACE_OUTER_BOUND('',#1296,.T.);
#1086=FACE_OUTER_BOUND('',#1297,.T.);
#1087=FACE_OUTER_BOUND('',#1298,.T.);
#1088=FACE_OUTER_BOUND('',#1299,.T.);
#1089=FACE_OUTER_BOUND('',#1300,.T.);
#1090=FACE_OUTER_BOUND('',#1301,.T.);
#1091=FACE_OUTER_BOUND('',#1302,.T.);
#1092=FACE_OUTER_BOUND('',#1303,.T.);
#1093=FACE_OUTER_BOUND('',#1304,.T.);
#1094=FACE_OUTER_BOUND('',#1305,.T.);
#1095=FACE_OUTER_BOUND('',#1306,.T.);
#1096=FACE_OUTER_BOUND('',#1307,.T.);
#1097=FACE_OUTER_BOUND('',#1308,.T.);
#1098=FACE_OUTER_BOUND('',#1309,.T.);
#1099=FACE_OUTER_BOUND('',#1310,.T.);
#1100=FACE_OUTER_BOUND('',#1311,.T.);
#1101=FACE_OUTER_BOUND('',#1312,.T.);
#1102=FACE_OUTER_BOUND('',#1313,.T.);
#1103=FACE_OUTER_BOUND('',#1314,.T.);
#1104=FACE_OUTER_BOUND('',#1315,.T.);
#1105=FACE_OUTER_BOUND('',#1316,.T.);
#1106=FACE_OUTER_BOUND('',#1317,.T.);
#1107=FACE_OUTER_BOUND('',#1318,.T.);
#1108=FACE_OUTER_BOUND('',#1319,.T.);
#1109=FACE_OUTER_BOUND('',#1320,.T.);
#1110=FACE_OUTER_BOUND('',#1321,.T.);
#1111=FACE_OUTER_BOUND('',#1322,.T.);
#1112=FACE_OUTER_BOUND('',#1323,.T.);
#1113=FACE_OUTER_BOUND('',#1324,.T.);
#1114=FACE_OUTER_BOUND('',#1325,.T.);
#1115=FACE_OUTER_BOUND('',#1326,.T.);
#1116=FACE_OUTER_BOUND('',#1327,.T.);
#1117=FACE_OUTER_BOUND('',#1328,.T.);
#1118=FACE_OUTER_BOUND('',#1329,.T.);
#1119=FACE_OUTER_BOUND('',#1330,.T.);
#1120=FACE_OUTER_BOUND('',#1331,.T.);
#1121=FACE_OUTER_BOUND('',#1332,.T.);
#1122=FACE_OUTER_BOUND('',#1333,.T.);
#1123=FACE_OUTER_BOUND('',#1334,.T.);
#1124=FACE_OUTER_BOUND('',#1335,.T.);
#1125=FACE_OUTER_BOUND('',#1336,.T.);
#1126=FACE_OUTER_BOUND('',#1337,.T.);
#1127=FACE_OUTER_BOUND('',#1338,.T.);
#1128=FACE_OUTER_BOUND('',#1339,.T.);
#1129=FACE_OUTER_BOUND('',#1340,.T.);
#1130=FACE_OUTER_BOUND('',#1341,.T.);
#1131=FACE_OUTER_BOUND('',#1342,.T.);
#1132=FACE_OUTER_BOUND('',#1343,.T.);
#1133=FACE_OUTER_BOUND('',#1345,.T.);
#1134=FACE_OUTER_BOUND('',#1346,.T.);
#1135=FACE_OUTER_BOUND('',#1347,.T.);
#1136=FACE_OUTER_BOUND('',#1348,.T.);
#1137=FACE_OUTER_BOUND('',#1349,.T.);
#1138=FACE_OUTER_BOUND('',#1350,.T.);
#1139=FACE_OUTER_BOUND('',#1351,.T.);
#1140=FACE_OUTER_BOUND('',#1352,.T.);
#1141=FACE_OUTER_BOUND('',#1353,.T.);
#1142=FACE_OUTER_BOUND('',#1354,.T.);
#1143=FACE_OUTER_BOUND('',#1355,.T.);
#1144=FACE_OUTER_BOUND('',#1356,.T.);
#1145=FACE_OUTER_BOUND('',#1357,.T.);
#1146=FACE_OUTER_BOUND('',#1358,.T.);
#1147=FACE_OUTER_BOUND('',#1359,.T.);
#1148=FACE_OUTER_BOUND('',#1360,.T.);
#1149=FACE_OUTER_BOUND('',#1361,.T.);
#1150=FACE_OUTER_BOUND('',#1362,.T.);
#1151=FACE_OUTER_BOUND('',#1363,.T.);
#1152=FACE_OUTER_BOUND('',#1364,.T.);
#1153=FACE_OUTER_BOUND('',#1365,.T.);
#1154=FACE_OUTER_BOUND('',#1366,.T.);
#1155=FACE_OUTER_BOUND('',#1367,.T.);
#1156=FACE_OUTER_BOUND('',#1368,.T.);
#1157=FACE_OUTER_BOUND('',#1369,.T.);
#1158=FACE_OUTER_BOUND('',#1370,.T.);
#1159=FACE_OUTER_BOUND('',#1371,.T.);
#1160=FACE_OUTER_BOUND('',#1372,.T.);
#1161=FACE_OUTER_BOUND('',#1373,.T.);
#1162=FACE_OUTER_BOUND('',#1374,.T.);
#1163=FACE_OUTER_BOUND('',#1375,.T.);
#1164=FACE_OUTER_BOUND('',#1376,.T.);
#1165=FACE_OUTER_BOUND('',#1377,.T.);
#1166=FACE_OUTER_BOUND('',#1378,.T.);
#1167=FACE_OUTER_BOUND('',#1379,.T.);
#1168=FACE_OUTER_BOUND('',#1380,.T.);
#1169=FACE_OUTER_BOUND('',#1381,.T.);
#1170=FACE_OUTER_BOUND('',#1382,.T.);
#1171=FACE_OUTER_BOUND('',#1383,.T.);
#1172=FACE_OUTER_BOUND('',#1384,.T.);
#1173=FACE_OUTER_BOUND('',#1385,.T.);
#1174=FACE_OUTER_BOUND('',#1386,.T.);
#1175=FACE_OUTER_BOUND('',#1387,.T.);
#1176=FACE_OUTER_BOUND('',#1388,.T.);
#1177=FACE_OUTER_BOUND('',#1389,.T.);
#1178=FACE_OUTER_BOUND('',#1390,.T.);
#1179=FACE_OUTER_BOUND('',#1391,.T.);
#1180=FACE_OUTER_BOUND('',#1392,.T.);
#1181=FACE_OUTER_BOUND('',#1393,.T.);
#1182=FACE_OUTER_BOUND('',#1394,.T.);
#1183=FACE_OUTER_BOUND('',#1395,.T.);
#1184=FACE_OUTER_BOUND('',#1396,.T.);
#1185=FACE_OUTER_BOUND('',#1397,.T.);
#1186=FACE_OUTER_BOUND('',#1398,.T.);
#1187=FACE_OUTER_BOUND('',#1399,.T.);
#1188=FACE_OUTER_BOUND('',#1400,.T.);
#1189=FACE_OUTER_BOUND('',#1401,.T.);
#1190=FACE_OUTER_BOUND('',#1404,.T.);
#1191=FACE_OUTER_BOUND('',#1405,.T.);
#1192=FACE_OUTER_BOUND('',#1406,.T.);
#1193=FACE_OUTER_BOUND('',#1407,.T.);
#1194=FACE_OUTER_BOUND('',#1408,.T.);
#1195=FACE_OUTER_BOUND('',#1409,.T.);
#1196=FACE_OUTER_BOUND('',#1410,.T.);
#1197=FACE_OUTER_BOUND('',#1411,.T.);
#1198=FACE_OUTER_BOUND('',#1412,.T.);
#1199=FACE_OUTER_BOUND('',#1413,.T.);
#1200=FACE_OUTER_BOUND('',#1414,.T.);
#1201=FACE_OUTER_BOUND('',#1415,.T.);
#1202=FACE_OUTER_BOUND('',#1416,.T.);
#1203=FACE_OUTER_BOUND('',#1417,.T.);
#1204=FACE_OUTER_BOUND('',#1418,.T.);
#1205=FACE_OUTER_BOUND('',#1419,.T.);
#1206=FACE_OUTER_BOUND('',#1420,.T.);
#1207=FACE_OUTER_BOUND('',#1421,.T.);
#1208=FACE_OUTER_BOUND('',#1422,.T.);
#1209=FACE_OUTER_BOUND('',#1423,.T.);
#1210=FACE_OUTER_BOUND('',#1424,.T.);
#1211=FACE_OUTER_BOUND('',#1425,.T.);
#1212=FACE_OUTER_BOUND('',#1426,.T.);
#1213=FACE_OUTER_BOUND('',#1427,.T.);
#1214=FACE_OUTER_BOUND('',#1428,.T.);
#1215=FACE_OUTER_BOUND('',#1429,.T.);
#1216=FACE_OUTER_BOUND('',#1430,.T.);
#1217=FACE_OUTER_BOUND('',#1431,.T.);
#1218=FACE_OUTER_BOUND('',#1432,.T.);
#1219=FACE_OUTER_BOUND('',#1433,.T.);
#1220=FACE_OUTER_BOUND('',#1434,.T.);
#1221=FACE_OUTER_BOUND('',#1435,.T.);
#1222=FACE_OUTER_BOUND('',#1436,.T.);
#1223=FACE_OUTER_BOUND('',#1437,.T.);
#1224=FACE_OUTER_BOUND('',#1438,.T.);
#1225=FACE_OUTER_BOUND('',#1439,.T.);
#1226=FACE_OUTER_BOUND('',#1440,.T.);
#1227=FACE_OUTER_BOUND('',#1441,.T.);
#1228=FACE_OUTER_BOUND('',#1442,.T.);
#1229=FACE_OUTER_BOUND('',#1443,.T.);
#1230=FACE_OUTER_BOUND('',#1444,.T.);
#1231=FACE_OUTER_BOUND('',#1445,.T.);
#1232=FACE_OUTER_BOUND('',#1446,.T.);
#1233=FACE_OUTER_BOUND('',#1447,.T.);
#1234=FACE_OUTER_BOUND('',#1448,.T.);
#1235=FACE_OUTER_BOUND('',#1449,.T.);
#1236=FACE_OUTER_BOUND('',#1450,.T.);
#1237=FACE_OUTER_BOUND('',#1451,.T.);
#1238=FACE_OUTER_BOUND('',#1452,.T.);
#1239=FACE_OUTER_BOUND('',#1453,.T.);
#1240=FACE_OUTER_BOUND('',#1454,.T.);
#1241=FACE_OUTER_BOUND('',#1455,.T.);
#1242=FACE_OUTER_BOUND('',#1456,.T.);
#1243=FACE_OUTER_BOUND('',#1457,.T.);
#1244=FACE_OUTER_BOUND('',#1458,.T.);
#1245=FACE_OUTER_BOUND('',#1459,.T.);
#1246=FACE_OUTER_BOUND('',#1460,.T.);
#1247=FACE_OUTER_BOUND('',#1461,.T.);
#1248=FACE_OUTER_BOUND('',#1462,.T.);
#1249=FACE_OUTER_BOUND('',#1463,.T.);
#1250=FACE_OUTER_BOUND('',#1464,.T.);
#1251=FACE_OUTER_BOUND('',#1465,.T.);
#1252=FACE_OUTER_BOUND('',#1466,.T.);
#1253=FACE_OUTER_BOUND('',#1467,.T.);
#1254=FACE_OUTER_BOUND('',#1468,.T.);
#1255=FACE_OUTER_BOUND('',#1469,.T.);
#1256=FACE_OUTER_BOUND('',#1470,.T.);
#1257=FACE_OUTER_BOUND('',#1471,.T.);
#1258=FACE_OUTER_BOUND('',#1472,.T.);
#1259=FACE_OUTER_BOUND('',#1473,.T.);
#1260=FACE_OUTER_BOUND('',#1474,.T.);
#1261=FACE_OUTER_BOUND('',#1475,.T.);
#1262=FACE_OUTER_BOUND('',#1476,.T.);
#1263=FACE_OUTER_BOUND('',#1477,.T.);
#1264=FACE_OUTER_BOUND('',#1478,.T.);
#1265=FACE_OUTER_BOUND('',#1479,.T.);
#1266=FACE_OUTER_BOUND('',#1480,.T.);
#1267=FACE_OUTER_BOUND('',#1481,.T.);
#1268=FACE_OUTER_BOUND('',#1482,.T.);
#1269=FACE_OUTER_BOUND('',#1483,.T.);
#1270=FACE_OUTER_BOUND('',#1484,.T.);
#1271=FACE_OUTER_BOUND('',#1485,.T.);
#1272=FACE_OUTER_BOUND('',#1486,.T.);
#1273=FACE_OUTER_BOUND('',#1487,.T.);
#1274=FACE_OUTER_BOUND('',#1488,.T.);
#1275=FACE_OUTER_BOUND('',#1489,.T.);
#1276=FACE_OUTER_BOUND('',#1490,.T.);
#1277=FACE_OUTER_BOUND('',#1491,.T.);
#1278=FACE_OUTER_BOUND('',#1492,.T.);
#1279=FACE_OUTER_BOUND('',#1493,.T.);
#1280=FACE_OUTER_BOUND('',#1494,.T.);
#1281=FACE_OUTER_BOUND('',#1495,.T.);
#1282=EDGE_LOOP('',(#2497,#2498,#2499));
#1283=EDGE_LOOP('',(#2500,#2501,#2502,#2503));
#1284=EDGE_LOOP('',(#2504,#2505,#2506,#2507));
#1285=EDGE_LOOP('',(#2508,#2509,#2510,#2511));
#1286=EDGE_LOOP('',(#2512,#2513,#2514,#2515));
#1287=EDGE_LOOP('',(#2516,#2517,#2518));
#1288=EDGE_LOOP('',(#2519,#2520,#2521,#2522));
#1289=EDGE_LOOP('',(#2523,#2524,#2525,#2526));
#1290=EDGE_LOOP('',(#2527,#2528,#2529,#2530));
#1291=EDGE_LOOP('',(#2531,#2532,#2533,#2534));
#1292=EDGE_LOOP('',(#2535,#2536,#2537,#2538));
#1293=EDGE_LOOP('',(#2539,#2540,#2541,#2542,#2543));
#1294=EDGE_LOOP('',(#2544,#2545,#2546,#2547));
#1295=EDGE_LOOP('',(#2548,#2549,#2550,#2551,#2552));
#1296=EDGE_LOOP('',(#2553,#2554,#2555,#2556));
#1297=EDGE_LOOP('',(#2557,#2558,#2559,#2560));
#1298=EDGE_LOOP('',(#2561,#2562,#2563));
#1299=EDGE_LOOP('',(#2564,#2565,#2566,#2567));
#1300=EDGE_LOOP('',(#2568,#2569,#2570,#2571));
#1301=EDGE_LOOP('',(#2572,#2573,#2574));
#1302=EDGE_LOOP('',(#2575,#2576,#2577,#2578));
#1303=EDGE_LOOP('',(#2579,#2580,#2581,#2582));
#1304=EDGE_LOOP('',(#2583,#2584,#2585,#2586));
#1305=EDGE_LOOP('',(#2587,#2588,#2589,#2590));
#1306=EDGE_LOOP('',(#2591,#2592,#2593,#2594));
#1307=EDGE_LOOP('',(#2595,#2596,#2597,#2598));
#1308=EDGE_LOOP('',(#2599,#2600,#2601,#2602));
#1309=EDGE_LOOP('',(#2603,#2604,#2605,#2606));
#1310=EDGE_LOOP('',(#2607,#2608,#2609,#2610,#2611,#2612));
#1311=EDGE_LOOP('',(#2613,#2614,#2615,#2616));
#1312=EDGE_LOOP('',(#2617,#2618,#2619,#2620));
#1313=EDGE_LOOP('',(#2621,#2622,#2623,#2624));
#1314=EDGE_LOOP('',(#2625,#2626,#2627,#2628,#2629,#2630,#2631,#2632,#2633));
#1315=EDGE_LOOP('',(#2634,#2635,#2636,#2637,#2638,#2639,#2640,#2641));
#1316=EDGE_LOOP('',(#2642,#2643,#2644,#2645,#2646));
#1317=EDGE_LOOP('',(#2647,#2648,#2649,#2650,#2651,#2652));
#1318=EDGE_LOOP('',(#2653,#2654,#2655,#2656,#2657,#2658));
#1319=EDGE_LOOP('',(#2659,#2660,#2661,#2662));
#1320=EDGE_LOOP('',(#2663,#2664,#2665,#2666));
#1321=EDGE_LOOP('',(#2667,#2668,#2669,#2670,#2671));
#1322=EDGE_LOOP('',(#2672,#2673,#2674,#2675));
#1323=EDGE_LOOP('',(#2676,#2677,#2678,#2679));
#1324=EDGE_LOOP('',(#2680,#2681,#2682,#2683,#2684,#2685));
#1325=EDGE_LOOP('',(#2686,#2687,#2688,#2689));
#1326=EDGE_LOOP('',(#2690,#2691,#2692,#2693,#2694));
#1327=EDGE_LOOP('',(#2695,#2696,#2697,#2698));
#1328=EDGE_LOOP('',(#2699,#2700,#2701,#2702));
#1329=EDGE_LOOP('',(#2703,#2704,#2705,#2706,#2707,#2708,#2709));
#1330=EDGE_LOOP('',(#2710,#2711,#2712,#2713,#2714,#2715,#2716));
#1331=EDGE_LOOP('',(#2717,#2718,#2719,#2720,#2721,#2722));
#1332=EDGE_LOOP('',(#2723,#2724,#2725,#2726));
#1333=EDGE_LOOP('',(#2727,#2728,#2729,#2730));
#1334=EDGE_LOOP('',(#2731,#2732,#2733,#2734));
#1335=EDGE_LOOP('',(#2735,#2736,#2737,#2738));
#1336=EDGE_LOOP('',(#2739,#2740,#2741,#2742));
#1337=EDGE_LOOP('',(#2743,#2744,#2745,#2746,#2747));
#1338=EDGE_LOOP('',(#2748,#2749,#2750,#2751));
#1339=EDGE_LOOP('',(#2752,#2753,#2754,#2755));
#1340=EDGE_LOOP('',(#2756,#2757,#2758,#2759,#2760,#2761));
#1341=EDGE_LOOP('',(#2762,#2763,#2764,#2765,#2766));
#1342=EDGE_LOOP('',(#2767,#2768,#2769,#2770));
#1343=EDGE_LOOP('',(#2771,#2772,#2773,#2774,#2775,#2776,#2777,#2778,#2779,
#2780,#2781,#2782));
#1344=EDGE_LOOP('',(#2783,#2784,#2785,#2786,#2787,#2788,#2789,#2790,#2791,
#2792,#2793,#2794));
#1345=EDGE_LOOP('',(#2795,#2796,#2797,#2798));
#1346=EDGE_LOOP('',(#2799,#2800,#2801));
#1347=EDGE_LOOP('',(#2802,#2803,#2804));
#1348=EDGE_LOOP('',(#2805,#2806,#2807,#2808));
#1349=EDGE_LOOP('',(#2809,#2810,#2811,#2812));
#1350=EDGE_LOOP('',(#2813,#2814,#2815,#2816));
#1351=EDGE_LOOP('',(#2817,#2818,#2819,#2820,#2821,#2822));
#1352=EDGE_LOOP('',(#2823,#2824,#2825,#2826));
#1353=EDGE_LOOP('',(#2827,#2828,#2829,#2830,#2831,#2832));
#1354=EDGE_LOOP('',(#2833,#2834,#2835,#2836));
#1355=EDGE_LOOP('',(#2837,#2838,#2839,#2840,#2841,#2842,#2843));
#1356=EDGE_LOOP('',(#2844,#2845,#2846,#2847));
#1357=EDGE_LOOP('',(#2848,#2849,#2850,#2851));
#1358=EDGE_LOOP('',(#2852,#2853,#2854,#2855));
#1359=EDGE_LOOP('',(#2856,#2857,#2858,#2859));
#1360=EDGE_LOOP('',(#2860,#2861,#2862,#2863));
#1361=EDGE_LOOP('',(#2864,#2865,#2866,#2867));
#1362=EDGE_LOOP('',(#2868,#2869,#2870,#2871,#2872,#2873,#2874,#2875,#2876,
#2877,#2878,#2879,#2880,#2881,#2882,#2883,#2884,#2885));
#1363=EDGE_LOOP('',(#2886,#2887,#2888,#2889));
#1364=EDGE_LOOP('',(#2890,#2891,#2892,#2893,#2894));
#1365=EDGE_LOOP('',(#2895,#2896,#2897,#2898));
#1366=EDGE_LOOP('',(#2899,#2900,#2901,#2902));
#1367=EDGE_LOOP('',(#2903,#2904,#2905,#2906,#2907,#2908,#2909,#2910,#2911,
#2912,#2913));
#1368=EDGE_LOOP('',(#2914,#2915,#2916,#2917));
#1369=EDGE_LOOP('',(#2918,#2919,#2920,#2921));
#1370=EDGE_LOOP('',(#2922,#2923,#2924,#2925));
#1371=EDGE_LOOP('',(#2926,#2927,#2928,#2929));
#1372=EDGE_LOOP('',(#2930,#2931,#2932,#2933,#2934,#2935,#2936,#2937,#2938,
#2939));
#1373=EDGE_LOOP('',(#2940,#2941,#2942,#2943));
#1374=EDGE_LOOP('',(#2944,#2945,#2946,#2947));
#1375=EDGE_LOOP('',(#2948,#2949,#2950,#2951));
#1376=EDGE_LOOP('',(#2952,#2953,#2954,#2955));
#1377=EDGE_LOOP('',(#2956,#2957,#2958,#2959));
#1378=EDGE_LOOP('',(#2960,#2961,#2962,#2963));
#1379=EDGE_LOOP('',(#2964,#2965,#2966,#2967));
#1380=EDGE_LOOP('',(#2968,#2969,#2970,#2971));
#1381=EDGE_LOOP('',(#2972,#2973,#2974,#2975));
#1382=EDGE_LOOP('',(#2976,#2977,#2978,#2979));
#1383=EDGE_LOOP('',(#2980,#2981,#2982,#2983,#2984,#2985,#2986,#2987,#2988,
#2989,#2990,#2991,#2992));
#1384=EDGE_LOOP('',(#2993,#2994,#2995,#2996,#2997,#2998));
#1385=EDGE_LOOP('',(#2999,#3000,#3001,#3002,#3003));
#1386=EDGE_LOOP('',(#3004,#3005,#3006,#3007,#3008,#3009));
#1387=EDGE_LOOP('',(#3010,#3011,#3012,#3013,#3014,#3015,#3016,#3017));
#1388=EDGE_LOOP('',(#3018,#3019,#3020,#3021,#3022));
#1389=EDGE_LOOP('',(#3023,#3024,#3025,#3026));
#1390=EDGE_LOOP('',(#3027,#3028,#3029,#3030,#3031));
#1391=EDGE_LOOP('',(#3032,#3033,#3034,#3035));
#1392=EDGE_LOOP('',(#3036,#3037,#3038,#3039,#3040));
#1393=EDGE_LOOP('',(#3041,#3042,#3043,#3044));
#1394=EDGE_LOOP('',(#3045,#3046,#3047,#3048));
#1395=EDGE_LOOP('',(#3049,#3050,#3051,#3052));
#1396=EDGE_LOOP('',(#3053,#3054,#3055,#3056));
#1397=EDGE_LOOP('',(#3057,#3058,#3059,#3060));
#1398=EDGE_LOOP('',(#3061,#3062,#3063,#3064));
#1399=EDGE_LOOP('',(#3065,#3066,#3067,#3068));
#1400=EDGE_LOOP('',(#3069,#3070,#3071,#3072));
#1401=EDGE_LOOP('',(#3073,#3074,#3075,#3076,#3077,#3078,#3079,#3080,#3081,
#3082,#3083,#3084,#3085,#3086));
#1402=EDGE_LOOP('',(#3087,#3088,#3089,#3090,#3091,#3092));
#1403=EDGE_LOOP('',(#3093,#3094,#3095,#3096,#3097));
#1404=EDGE_LOOP('',(#3098,#3099,#3100,#3101));
#1405=EDGE_LOOP('',(#3102,#3103,#3104,#3105));
#1406=EDGE_LOOP('',(#3106,#3107,#3108,#3109));
#1407=EDGE_LOOP('',(#3110,#3111,#3112,#3113));
#1408=EDGE_LOOP('',(#3114,#3115,#3116,#3117));
#1409=EDGE_LOOP('',(#3118,#3119,#3120,#3121));
#1410=EDGE_LOOP('',(#3122,#3123,#3124,#3125,#3126,#3127,#3128));
#1411=EDGE_LOOP('',(#3129,#3130,#3131,#3132));
#1412=EDGE_LOOP('',(#3133,#3134,#3135,#3136,#3137,#3138,#3139,#3140,#3141,
#3142,#3143));
#1413=EDGE_LOOP('',(#3144,#3145,#3146,#3147));
#1414=EDGE_LOOP('',(#3148,#3149,#3150,#3151));
#1415=EDGE_LOOP('',(#3152,#3153,#3154,#3155));
#1416=EDGE_LOOP('',(#3156,#3157,#3158,#3159));
#1417=EDGE_LOOP('',(#3160,#3161,#3162,#3163));
#1418=EDGE_LOOP('',(#3164,#3165,#3166,#3167));
#1419=EDGE_LOOP('',(#3168,#3169,#3170,#3171));
#1420=EDGE_LOOP('',(#3172,#3173,#3174,#3175));
#1421=EDGE_LOOP('',(#3176,#3177,#3178,#3179));
#1422=EDGE_LOOP('',(#3180,#3181,#3182,#3183));
#1423=EDGE_LOOP('',(#3184,#3185,#3186,#3187));
#1424=EDGE_LOOP('',(#3188,#3189,#3190,#3191));
#1425=EDGE_LOOP('',(#3192,#3193,#3194,#3195));
#1426=EDGE_LOOP('',(#3196,#3197,#3198,#3199));
#1427=EDGE_LOOP('',(#3200,#3201,#3202,#3203));
#1428=EDGE_LOOP('',(#3204,#3205,#3206,#3207));
#1429=EDGE_LOOP('',(#3208,#3209,#3210,#3211));
#1430=EDGE_LOOP('',(#3212,#3213,#3214,#3215,#3216,#3217,#3218,#3219,#3220,
#3221,#3222));
#1431=EDGE_LOOP('',(#3223,#3224,#3225,#3226));
#1432=EDGE_LOOP('',(#3227,#3228,#3229,#3230));
#1433=EDGE_LOOP('',(#3231,#3232,#3233,#3234,#3235,#3236,#3237,#3238,#3239,
#3240,#3241,#3242,#3243,#3244,#3245,#3246,#3247,#3248));
#1434=EDGE_LOOP('',(#3249,#3250,#3251,#3252,#3253,#3254));
#1435=EDGE_LOOP('',(#3255,#3256,#3257,#3258,#3259,#3260,#3261,#3262,#3263,
#3264));
#1436=EDGE_LOOP('',(#3265,#3266,#3267,#3268));
#1437=EDGE_LOOP('',(#3269,#3270,#3271,#3272));
#1438=EDGE_LOOP('',(#3273,#3274,#3275,#3276));
#1439=EDGE_LOOP('',(#3277,#3278,#3279,#3280));
#1440=EDGE_LOOP('',(#3281,#3282,#3283,#3284,#3285,#3286,#3287,#3288,#3289,
#3290,#3291));
#1441=EDGE_LOOP('',(#3292,#3293,#3294,#3295,#3296,#3297,#3298,#3299,#3300,
#3301,#3302,#3303,#3304,#3305,#3306,#3307,#3308,#3309,#3310));
#1442=EDGE_LOOP('',(#3311,#3312,#3313,#3314,#3315,#3316,#3317,#3318,#3319,
#3320));
#1443=EDGE_LOOP('',(#3321,#3322,#3323,#3324));
#1444=EDGE_LOOP('',(#3325,#3326,#3327,#3328));
#1445=EDGE_LOOP('',(#3329,#3330,#3331,#3332,#3333,#3334,#3335,#3336,#3337,
#3338,#3339));
#1446=EDGE_LOOP('',(#3340,#3341,#3342,#3343));
#1447=EDGE_LOOP('',(#3344,#3345,#3346,#3347,#3348,#3349,#3350));
#1448=EDGE_LOOP('',(#3351,#3352,#3353,#3354,#3355,#3356,#3357,#3358,#3359));
#1449=EDGE_LOOP('',(#3360,#3361,#3362,#3363));
#1450=EDGE_LOOP('',(#3364,#3365,#3366,#3367));
#1451=EDGE_LOOP('',(#3368,#3369,#3370,#3371));
#1452=EDGE_LOOP('',(#3372,#3373,#3374,#3375));
#1453=EDGE_LOOP('',(#3376,#3377,#3378,#3379));
#1454=EDGE_LOOP('',(#3380,#3381,#3382,#3383,#3384,#3385,#3386,#3387,#3388,
#3389,#3390,#3391,#3392,#3393));
#1455=EDGE_LOOP('',(#3394,#3395,#3396,#3397));
#1456=EDGE_LOOP('',(#3398,#3399,#3400,#3401,#3402,#3403));
#1457=EDGE_LOOP('',(#3404,#3405,#3406,#3407));
#1458=EDGE_LOOP('',(#3408,#3409,#3410,#3411));
#1459=EDGE_LOOP('',(#3412,#3413,#3414,#3415,#3416,#3417));
#1460=EDGE_LOOP('',(#3418,#3419,#3420));
#1461=EDGE_LOOP('',(#3421,#3422,#3423,#3424,#3425));
#1462=EDGE_LOOP('',(#3426,#3427,#3428,#3429,#3430,#3431,#3432,#3433));
#1463=EDGE_LOOP('',(#3434,#3435,#3436,#3437));
#1464=EDGE_LOOP('',(#3438,#3439,#3440,#3441));
#1465=EDGE_LOOP('',(#3442,#3443,#3444,#3445));
#1466=EDGE_LOOP('',(#3446,#3447,#3448,#3449));
#1467=EDGE_LOOP('',(#3450,#3451,#3452,#3453));
#1468=EDGE_LOOP('',(#3454,#3455,#3456,#3457));
#1469=EDGE_LOOP('',(#3458,#3459,#3460,#3461,#3462,#3463,#3464));
#1470=EDGE_LOOP('',(#3465,#3466,#3467,#3468));
#1471=EDGE_LOOP('',(#3469,#3470,#3471,#3472));
#1472=EDGE_LOOP('',(#3473,#3474,#3475,#3476));
#1473=EDGE_LOOP('',(#3477,#3478,#3479,#3480,#3481,#3482,#3483,#3484));
#1474=EDGE_LOOP('',(#3485,#3486,#3487,#3488,#3489,#3490,#3491,#3492,#3493));
#1475=EDGE_LOOP('',(#3494,#3495,#3496,#3497));
#1476=EDGE_LOOP('',(#3498,#3499,#3500,#3501,#3502,#3503,#3504,#3505));
#1477=EDGE_LOOP('',(#3506,#3507,#3508,#3509,#3510,#3511));
#1478=EDGE_LOOP('',(#3512,#3513,#3514,#3515,#3516));
#1479=EDGE_LOOP('',(#3517,#3518,#3519,#3520,#3521));
#1480=EDGE_LOOP('',(#3522,#3523,#3524,#3525,#3526));
#1481=EDGE_LOOP('',(#3527,#3528,#3529,#3530));
#1482=EDGE_LOOP('',(#3531,#3532,#3533,#3534));
#1483=EDGE_LOOP('',(#3535,#3536,#3537,#3538));
#1484=EDGE_LOOP('',(#3539,#3540,#3541,#3542));
#1485=EDGE_LOOP('',(#3543,#3544,#3545,#3546,#3547));
#1486=EDGE_LOOP('',(#3548,#3549,#3550,#3551));
#1487=EDGE_LOOP('',(#3552,#3553,#3554,#3555));
#1488=EDGE_LOOP('',(#3556,#3557,#3558,#3559));
#1489=EDGE_LOOP('',(#3560,#3561,#3562,#3563));
#1490=EDGE_LOOP('',(#3564,#3565,#3566,#3567));
#1491=EDGE_LOOP('',(#3568,#3569,#3570,#3571,#3572));
#1492=EDGE_LOOP('',(#3573,#3574,#3575,#3576));
#1493=EDGE_LOOP('',(#3577,#3578,#3579,#3580));
#1494=EDGE_LOOP('',(#3581,#3582,#3583,#3584));
#1495=EDGE_LOOP('',(#3585,#3586,#3587,#3588));
#1496=CIRCLE('',#3846,1.);
#1497=CIRCLE('',#3847,1.);
#1498=CIRCLE('',#3848,1.);
#1499=CIRCLE('',#3850,0.999999999999991);
#1500=CIRCLE('',#3851,1.);
#1501=CIRCLE('',#3855,1.);
#1502=CIRCLE('',#3859,1.);
#1503=CIRCLE('',#3860,0.999999999999996);
#1504=CIRCLE('',#3861,1.00000000000001);
#1505=CIRCLE('',#3863,1.);
#1506=CIRCLE('',#3865,1.);
#1507=CIRCLE('',#3866,10.);
#1508=CIRCLE('',#3867,9.);
#1509=CIRCLE('',#3869,1.);
#1510=CIRCLE('',#3871,1.);
#1511=CIRCLE('',#3872,10.);
#1512=CIRCLE('',#3873,9.);
#1513=CIRCLE('',#3876,18.2);
#1514=CIRCLE('',#3877,17.2);
#1515=CIRCLE('',#3881,1.);
#1516=CIRCLE('',#3888,0.999999999999996);
#1517=CIRCLE('',#3889,1.);
#1518=CIRCLE('',#3890,1.);
#1519=CIRCLE('',#3895,1.);
#1520=CIRCLE('',#3896,0.999999999999996);
#1521=CIRCLE('',#3897,0.999999999999996);
#1522=CIRCLE('',#3901,0.999999999999996);
#1523=CIRCLE('',#3903,1.00000000000001);
#1524=CIRCLE('',#3904,6.7);
#1525=CIRCLE('',#3905,7.7);
#1526=CIRCLE('',#3907,1.);
#1527=CIRCLE('',#3909,0.999999999999996);
#1528=CIRCLE('',#3910,4.);
#1529=CIRCLE('',#3911,5.);
#1530=CIRCLE('',#3916,5.);
#1531=CIRCLE('',#3919,7.7);
#1532=CIRCLE('',#3926,3.);
#1533=CIRCLE('',#3927,3.);
#1534=CIRCLE('',#3930,19.2);
#1535=CIRCLE('',#3932,19.2);
#1536=CIRCLE('',#3934,8.);
#1537=CIRCLE('',#3935,8.);
#1538=CIRCLE('',#3938,8.);
#1539=CIRCLE('',#3940,8.);
#1540=CIRCLE('',#3943,3.);
#1541=CIRCLE('',#3948,5.7);
#1542=CIRCLE('',#3951,5.7);
#1543=CIRCLE('',#3954,10.);
#1544=CIRCLE('',#3957,10.);
#1545=CIRCLE('',#3960,5.);
#1546=CIRCLE('',#3963,17.2);
#1547=CIRCLE('',#3976,15.);
#1548=CIRCLE('',#3979,17.);
#1549=CIRCLE('',#3980,10.);
#1550=CIRCLE('',#3981,10.2);
#1551=CIRCLE('',#3983,17.);
#1552=CIRCLE('',#3985,13.25);
#1553=CIRCLE('',#3986,3.);
#1554=CIRCLE('',#3991,6.9);
#1555=CIRCLE('',#3992,4.9);
#1556=CIRCLE('',#4000,6.9);
#1557=CIRCLE('',#4002,10.2);
#1558=CIRCLE('',#4003,10.);
#1559=CIRCLE('',#4008,15.);
#1560=CIRCLE('',#4012,10.25);
#1561=CIRCLE('',#4013,10.25);
#1562=CIRCLE('',#4016,13.25);
#1563=CIRCLE('',#4018,12.75);
#1564=CIRCLE('',#4021,10.75);
#1565=CIRCLE('',#4025,3.);
#1566=CIRCLE('',#4027,0.8);
#1567=CIRCLE('',#4028,0.8);
#1568=CIRCLE('',#4047,7.);
#1569=CIRCLE('',#4048,7.5);
#1570=CIRCLE('',#4054,7.);
#1571=CIRCLE('',#4057,15.5);
#1572=CIRCLE('',#4058,4.5);
#1573=CIRCLE('',#4059,4.49999999999998);
#1574=CIRCLE('',#4060,9.5);
#1575=CIRCLE('',#4061,5.8);
#1576=CIRCLE('',#4062,8.5);
#1577=CIRCLE('',#4066,8.);
#1578=CIRCLE('',#4069,5.3);
#1579=CIRCLE('',#4074,5.);
#1580=CIRCLE('',#4075,5.);
#1581=CIRCLE('',#4076,5.);
#1582=CIRCLE('',#4082,5.);
#1583=CIRCLE('',#4085,5.);
#1584=CIRCLE('',#4088,15.);
#1585=CIRCLE('',#4093,10.);
#1586=CIRCLE('',#4096,5.);
#1587=CIRCLE('',#4099,5.);
#1588=CIRCLE('',#4101,3.);
#1589=CIRCLE('',#4103,15.);
#1590=CIRCLE('',#4108,3.);
#1591=CIRCLE('',#4109,5.);
#1592=CIRCLE('',#4111,10.);
#1593=CIRCLE('',#4116,10.);
#1594=CIRCLE('',#4118,10.25);
#1595=CIRCLE('',#4119,0.8);
#1596=CIRCLE('',#4120,0.8);
#1597=CIRCLE('',#4121,3.);
#1598=CIRCLE('',#4123,12.75);
#1599=CIRCLE('',#4124,10.75);
#1600=CIRCLE('',#4131,5.);
#1601=CIRCLE('',#4134,8.);
#1602=CIRCLE('',#4135,5.3);
#1603=CIRCLE('',#4136,10.);
#1604=CIRCLE('',#4143,5.);
#1605=CIRCLE('',#4155,3.);
#1606=CIRCLE('',#4157,17.);
#1607=CIRCLE('',#4158,13.25);
#1608=CIRCLE('',#4169,17.);
#1609=CIRCLE('',#4189,10.25);
#1610=CIRCLE('',#4194,13.25);
#1611=VERTEX_POINT('',#5329);
#1612=VERTEX_POINT('',#5330);
#1613=VERTEX_POINT('',#5332);
#1614=VERTEX_POINT('',#5336);
#1615=VERTEX_POINT('',#5337);
#1616=VERTEX_POINT('',#5371);
#1617=VERTEX_POINT('',#5372);
#1618=VERTEX_POINT('',#5377);
#1619=VERTEX_POINT('',#5378);
#1620=VERTEX_POINT('',#5398);
#1621=VERTEX_POINT('',#5400);
#1622=VERTEX_POINT('',#5434);
#1623=VERTEX_POINT('',#5435);
#1624=VERTEX_POINT('',#5437);
#1625=VERTEX_POINT('',#5441);
#1626=VERTEX_POINT('',#5442);
#1627=VERTEX_POINT('',#5447);
#1628=VERTEX_POINT('',#5448);
#1629=VERTEX_POINT('',#5453);
#1630=VERTEX_POINT('',#5454);
#1631=VERTEX_POINT('',#5459);
#1632=VERTEX_POINT('',#5460);
#1633=VERTEX_POINT('',#5468);
#1634=VERTEX_POINT('',#5469);
#1635=VERTEX_POINT('',#5471);
#1636=VERTEX_POINT('',#5496);
#1637=VERTEX_POINT('',#5498);
#1638=VERTEX_POINT('',#5525);
#1639=VERTEX_POINT('',#5526);
#1640=VERTEX_POINT('',#5528);
#1641=VERTEX_POINT('',#5539);
#1642=VERTEX_POINT('',#5541);
#1643=VERTEX_POINT('',#5545);
#1644=VERTEX_POINT('',#5547);
#1645=VERTEX_POINT('',#5551);
#1646=VERTEX_POINT('',#5552);
#1647=VERTEX_POINT('',#5554);
#1648=VERTEX_POINT('',#5561);
#1649=VERTEX_POINT('',#5563);
#1650=VERTEX_POINT('',#5567);
#1651=VERTEX_POINT('',#5568);
#1652=VERTEX_POINT('',#5570);
#1653=VERTEX_POINT('',#5580);
#1654=VERTEX_POINT('',#5581);
#1655=VERTEX_POINT('',#5586);
#1656=VERTEX_POINT('',#5587);
#1657=VERTEX_POINT('',#5592);
#1658=VERTEX_POINT('',#5593);
#1659=VERTEX_POINT('',#5598);
#1660=VERTEX_POINT('',#5599);
#1661=VERTEX_POINT('',#5610);
#1662=VERTEX_POINT('',#5612);
#1663=VERTEX_POINT('',#5616);
#1664=VERTEX_POINT('',#5620);
#1665=VERTEX_POINT('',#5624);
#1666=VERTEX_POINT('',#5628);
#1667=VERTEX_POINT('',#5638);
#1668=VERTEX_POINT('',#5639);
#1669=VERTEX_POINT('',#5641);
#1670=VERTEX_POINT('',#5643);
#1671=VERTEX_POINT('',#5647);
#1672=VERTEX_POINT('',#5649);
#1673=VERTEX_POINT('',#5653);
#1674=VERTEX_POINT('',#5655);
#1675=VERTEX_POINT('',#5657);
#1676=VERTEX_POINT('',#5661);
#1677=VERTEX_POINT('',#5662);
#1678=VERTEX_POINT('',#5664);
#1679=VERTEX_POINT('',#5666);
#1680=VERTEX_POINT('',#5670);
#1681=VERTEX_POINT('',#5672);
#1682=VERTEX_POINT('',#5676);
#1683=VERTEX_POINT('',#5678);
#1684=VERTEX_POINT('',#5680);
#1685=VERTEX_POINT('',#5684);
#1686=VERTEX_POINT('',#5688);
#1687=VERTEX_POINT('',#5690);
#1688=VERTEX_POINT('',#5694);
#1689=VERTEX_POINT('',#5696);
#1690=VERTEX_POINT('',#5703);
#1691=VERTEX_POINT('',#5707);
#1692=VERTEX_POINT('',#5709);
#1693=VERTEX_POINT('',#5713);
#1694=VERTEX_POINT('',#5717);
#1695=VERTEX_POINT('',#5723);
#1696=VERTEX_POINT('',#5727);
#1697=VERTEX_POINT('',#5731);
#1698=VERTEX_POINT('',#5735);
#1699=VERTEX_POINT('',#5739);
#1700=VERTEX_POINT('',#5743);
#1701=VERTEX_POINT('',#5753);
#1702=VERTEX_POINT('',#5754);
#1703=VERTEX_POINT('',#5756);
#1704=VERTEX_POINT('',#5758);
#1705=VERTEX_POINT('',#5762);
#1706=VERTEX_POINT('',#5766);
#1707=VERTEX_POINT('',#5775);
#1708=VERTEX_POINT('',#5776);
#1709=VERTEX_POINT('',#5778);
#1710=VERTEX_POINT('',#5780);
#1711=VERTEX_POINT('',#5784);
#1712=VERTEX_POINT('',#5785);
#1713=VERTEX_POINT('',#5787);
#1714=VERTEX_POINT('',#5789);
#1715=VERTEX_POINT('',#5791);
#1716=VERTEX_POINT('',#5793);
#1717=VERTEX_POINT('',#5797);
#1718=VERTEX_POINT('',#5799);
#1719=VERTEX_POINT('',#5803);
#1720=VERTEX_POINT('',#5804);
#1721=VERTEX_POINT('',#5806);
#1722=VERTEX_POINT('',#5808);
#1723=VERTEX_POINT('',#5810);
#1724=VERTEX_POINT('',#5812);
#1725=VERTEX_POINT('',#5816);
#1726=VERTEX_POINT('',#5818);
#1727=VERTEX_POINT('',#5822);
#1728=VERTEX_POINT('',#5824);
#1729=VERTEX_POINT('',#5826);
#1730=VERTEX_POINT('',#5828);
#1731=VERTEX_POINT('',#5830);
#1732=VERTEX_POINT('',#5834);
#1733=VERTEX_POINT('',#5835);
#1734=VERTEX_POINT('',#5837);
#1735=VERTEX_POINT('',#5839);
#1736=VERTEX_POINT('',#5843);
#1737=VERTEX_POINT('',#5845);
#1738=VERTEX_POINT('',#5849);
#1739=VERTEX_POINT('',#5851);
#1740=VERTEX_POINT('',#5855);
#1741=VERTEX_POINT('',#5856);
#1742=VERTEX_POINT('',#5864);
#1743=VERTEX_POINT('',#5866);
#1744=VERTEX_POINT('',#5870);
#1745=VERTEX_POINT('',#5873);
#1746=VERTEX_POINT('',#5875);
#1747=VERTEX_POINT('',#5877);
#1748=VERTEX_POINT('',#5879);
#1749=VERTEX_POINT('',#5881);
#1750=VERTEX_POINT('',#5883);
#1751=VERTEX_POINT('',#5886);
#1752=VERTEX_POINT('',#5890);
#1753=VERTEX_POINT('',#5895);
#1754=VERTEX_POINT('',#5901);
#1755=VERTEX_POINT('',#5903);
#1756=VERTEX_POINT('',#5905);
#1757=VERTEX_POINT('',#5915);
#1758=VERTEX_POINT('',#5919);
#1759=VERTEX_POINT('',#5921);
#1760=VERTEX_POINT('',#5925);
#1761=VERTEX_POINT('',#5932);
#1762=VERTEX_POINT('',#5933);
#1763=VERTEX_POINT('',#5940);
#1764=VERTEX_POINT('',#5944);
#1765=VERTEX_POINT('',#5948);
#1766=VERTEX_POINT('',#5952);
#1767=VERTEX_POINT('',#5958);
#1768=VERTEX_POINT('',#5962);
#1769=VERTEX_POINT('',#5964);
#1770=VERTEX_POINT('',#5966);
#1771=VERTEX_POINT('',#5968);
#1772=VERTEX_POINT('',#5972);
#1773=VERTEX_POINT('',#5976);
#1774=VERTEX_POINT('',#5978);
#1775=VERTEX_POINT('',#5982);
#1776=VERTEX_POINT('',#5984);
#1777=VERTEX_POINT('',#5986);
#1778=VERTEX_POINT('',#5988);
#1779=VERTEX_POINT('',#5998);
#1780=VERTEX_POINT('',#6006);
#1781=VERTEX_POINT('',#6007);
#1782=VERTEX_POINT('',#6009);
#1783=VERTEX_POINT('',#6011);
#1784=VERTEX_POINT('',#6015);
#1785=VERTEX_POINT('',#6017);
#1786=VERTEX_POINT('',#6021);
#1787=VERTEX_POINT('',#6023);
#1788=VERTEX_POINT('',#6027);
#1789=VERTEX_POINT('',#6029);
#1790=VERTEX_POINT('',#6036);
#1791=VERTEX_POINT('',#6038);
#1792=VERTEX_POINT('',#6042);
#1793=VERTEX_POINT('',#6046);
#1794=VERTEX_POINT('',#6050);
#1795=VERTEX_POINT('',#6051);
#1796=VERTEX_POINT('',#6053);
#1797=VERTEX_POINT('',#6055);
#1798=VERTEX_POINT('',#6057);
#1799=VERTEX_POINT('',#6059);
#1800=VERTEX_POINT('',#6061);
#1801=VERTEX_POINT('',#6063);
#1802=VERTEX_POINT('',#6065);
#1803=VERTEX_POINT('',#6067);
#1804=VERTEX_POINT('',#6069);
#1805=VERTEX_POINT('',#6071);
#1806=VERTEX_POINT('',#6073);
#1807=VERTEX_POINT('',#6075);
#1808=VERTEX_POINT('',#6078);
#1809=VERTEX_POINT('',#6079);
#1810=VERTEX_POINT('',#6081);
#1811=VERTEX_POINT('',#6083);
#1812=VERTEX_POINT('',#6085);
#1813=VERTEX_POINT('',#6087);
#1814=VERTEX_POINT('',#6091);
#1815=VERTEX_POINT('',#6093);
#1816=VERTEX_POINT('',#6097);
#1817=VERTEX_POINT('',#6101);
#1818=VERTEX_POINT('',#6105);
#1819=VERTEX_POINT('',#6109);
#1820=VERTEX_POINT('',#6115);
#1821=VERTEX_POINT('',#6117);
#1822=VERTEX_POINT('',#6119);
#1823=VERTEX_POINT('',#6121);
#1824=VERTEX_POINT('',#6123);
#1825=VERTEX_POINT('',#6127);
#1826=VERTEX_POINT('',#6131);
#1827=VERTEX_POINT('',#6133);
#1828=VERTEX_POINT('',#6135);
#1829=VERTEX_POINT('',#6137);
#1830=VERTEX_POINT('',#6139);
#1831=VERTEX_POINT('',#6141);
#1832=VERTEX_POINT('',#6143);
#1833=VERTEX_POINT('',#6145);
#1834=VERTEX_POINT('',#6149);
#1835=VERTEX_POINT('',#6151);
#1836=VERTEX_POINT('',#6155);
#1837=VERTEX_POINT('',#6156);
#1838=VERTEX_POINT('',#6161);
#1839=VERTEX_POINT('',#6165);
#1840=VERTEX_POINT('',#6169);
#1841=VERTEX_POINT('',#6173);
#1842=VERTEX_POINT('',#6177);
#1843=VERTEX_POINT('',#6181);
#1844=VERTEX_POINT('',#6185);
#1845=VERTEX_POINT('',#6191);
#1846=VERTEX_POINT('',#6195);
#1847=VERTEX_POINT('',#6199);
#1848=VERTEX_POINT('',#6205);
#1849=VERTEX_POINT('',#6207);
#1850=VERTEX_POINT('',#6211);
#1851=VERTEX_POINT('',#6215);
#1852=VERTEX_POINT('',#6219);
#1853=VERTEX_POINT('',#6221);
#1854=VERTEX_POINT('',#6223);
#1855=VERTEX_POINT('',#6225);
#1856=VERTEX_POINT('',#6227);
#1857=VERTEX_POINT('',#6229);
#1858=VERTEX_POINT('',#6231);
#1859=VERTEX_POINT('',#6233);
#1860=VERTEX_POINT('',#6237);
#1861=VERTEX_POINT('',#6241);
#1862=VERTEX_POINT('',#6245);
#1863=VERTEX_POINT('',#6247);
#1864=VERTEX_POINT('',#6250);
#1865=VERTEX_POINT('',#6252);
#1866=VERTEX_POINT('',#6254);
#1867=VERTEX_POINT('',#6256);
#1868=VERTEX_POINT('',#6258);
#1869=VERTEX_POINT('',#6260);
#1870=VERTEX_POINT('',#6263);
#1871=VERTEX_POINT('',#6265);
#1872=VERTEX_POINT('',#6269);
#1873=VERTEX_POINT('',#6273);
#1874=VERTEX_POINT('',#6275);
#1875=VERTEX_POINT('',#6277);
#1876=VERTEX_POINT('',#6279);
#1877=VERTEX_POINT('',#6281);
#1878=VERTEX_POINT('',#6283);
#1879=VERTEX_POINT('',#6287);
#1880=VERTEX_POINT('',#6289);
#1881=VERTEX_POINT('',#6293);
#1882=VERTEX_POINT('',#6301);
#1883=VERTEX_POINT('',#6305);
#1884=VERTEX_POINT('',#6307);
#1885=VERTEX_POINT('',#6309);
#1886=VERTEX_POINT('',#6311);
#1887=VERTEX_POINT('',#6313);
#1888=VERTEX_POINT('',#6315);
#1889=VERTEX_POINT('',#6317);
#1890=VERTEX_POINT('',#6319);
#1891=VERTEX_POINT('',#6321);
#1892=VERTEX_POINT('',#6323);
#1893=VERTEX_POINT('',#6326);
#1894=VERTEX_POINT('',#6328);
#1895=VERTEX_POINT('',#6332);
#1896=VERTEX_POINT('',#6334);
#1897=VERTEX_POINT('',#6336);
#1898=VERTEX_POINT('',#6338);
#1899=VERTEX_POINT('',#6340);
#1900=VERTEX_POINT('',#6342);
#1901=VERTEX_POINT('',#6344);
#1902=VERTEX_POINT('',#6346);
#1903=VERTEX_POINT('',#6354);
#1904=VERTEX_POINT('',#6356);
#1905=VERTEX_POINT('',#6358);
#1906=VERTEX_POINT('',#6360);
#1907=VERTEX_POINT('',#6362);
#1908=VERTEX_POINT('',#6364);
#1909=VERTEX_POINT('',#6368);
#1910=VERTEX_POINT('',#6370);
#1911=VERTEX_POINT('',#6375);
#1912=VERTEX_POINT('',#6379);
#1913=VERTEX_POINT('',#6381);
#1914=VERTEX_POINT('',#6386);
#1915=VERTEX_POINT('',#6388);
#1916=VERTEX_POINT('',#6392);
#1917=VERTEX_POINT('',#6398);
#1918=VERTEX_POINT('',#6400);
#1919=VERTEX_POINT('',#6439);
#1920=VERTEX_POINT('',#6440);
#1921=VERTEX_POINT('',#6452);
#1922=VERTEX_POINT('',#6455);
#1923=VERTEX_POINT('',#6457);
#1924=VERTEX_POINT('',#6459);
#1925=VERTEX_POINT('',#6463);
#1926=VERTEX_POINT('',#6465);
#1927=VERTEX_POINT('',#6469);
#1928=VERTEX_POINT('',#6479);
#1929=VERTEX_POINT('',#6483);
#1930=VERTEX_POINT('',#6485);
#1931=VERTEX_POINT('',#6489);
#1932=VERTEX_POINT('',#6492);
#1933=VERTEX_POINT('',#6494);
#1934=VERTEX_POINT('',#6506);
#1935=VERTEX_POINT('',#6508);
#1936=VERTEX_POINT('',#6519);
#1937=VERTEX_POINT('',#6523);
#1938=VERTEX_POINT('',#6525);
#1939=VERTEX_POINT('',#6547);
#1940=VERTEX_POINT('',#6549);
#1941=VERTEX_POINT('',#6553);
#1942=VERTEX_POINT('',#6554);
#1943=VERTEX_POINT('',#6556);
#1944=VERTEX_POINT('',#6558);
#1945=VERTEX_POINT('',#6569);
#1946=VERTEX_POINT('',#6574);
#1947=VERTEX_POINT('',#6578);
#1948=VERTEX_POINT('',#6582);
#1949=VERTEX_POINT('',#6588);
#1950=VERTEX_POINT('',#6592);
#1951=EDGE_CURVE('',#1611,#1612,#1496,.F.);
#1952=EDGE_CURVE('',#1613,#1611,#1497,.F.);
#1953=EDGE_CURVE('',#1612,#1613,#1498,.F.);
#1954=EDGE_CURVE('',#1614,#1615,#1499,.T.);
#1955=EDGE_CURVE('',#1615,#1613,#227,.T.);
#1956=EDGE_CURVE('',#1611,#1614,#228,.T.);
#1957=EDGE_CURVE('',#1616,#1617,#1500,.T.);
#1958=EDGE_CURVE('',#1617,#1615,#190,.T.);
#1959=EDGE_CURVE('',#1614,#1616,#191,.T.);
#1960=EDGE_CURVE('',#1618,#1619,#1501,.T.);
#1961=EDGE_CURVE('',#1619,#1617,#229,.T.);
#1962=EDGE_CURVE('',#1616,#1618,#230,.T.);
#1963=EDGE_CURVE('',#1620,#1619,#192,.T.);
#1964=EDGE_CURVE('',#1618,#1621,#193,.T.);
#1965=EDGE_CURVE('',#1621,#1620,#183,.T.);
#1966=EDGE_CURVE('',#1622,#1623,#1502,.F.);
#1967=EDGE_CURVE('',#1624,#1622,#1503,.F.);
#1968=EDGE_CURVE('',#1623,#1624,#1504,.F.);
#1969=EDGE_CURVE('',#1625,#1626,#1505,.T.);
#1970=EDGE_CURVE('',#1626,#1624,#231,.T.);
#1971=EDGE_CURVE('',#1622,#1625,#232,.T.);
#1972=EDGE_CURVE('',#1627,#1628,#1506,.T.);
#1973=EDGE_CURVE('',#1628,#1626,#1507,.T.);
#1974=EDGE_CURVE('',#1625,#1627,#1508,.T.);
#1975=EDGE_CURVE('',#1629,#1630,#1509,.T.);
#1976=EDGE_CURVE('',#1630,#1628,#233,.T.);
#1977=EDGE_CURVE('',#1627,#1629,#234,.T.);
#1978=EDGE_CURVE('',#1631,#1632,#1510,.T.);
#1979=EDGE_CURVE('',#1632,#1630,#1511,.T.);
#1980=EDGE_CURVE('',#1629,#1631,#1512,.T.);
#1981=EDGE_CURVE('',#1613,#1632,#235,.T.);
#1982=EDGE_CURVE('',#1631,#1612,#236,.T.);
#1983=EDGE_CURVE('',#1633,#1634,#1513,.T.);
#1984=EDGE_CURVE('',#1634,#1635,#184,.T.);
#1985=EDGE_CURVE('',#1635,#1620,#1514,.T.);
#1986=EDGE_CURVE('',#1621,#1633,#185,.T.);
#1987=EDGE_CURVE('',#1636,#1623,#237,.T.);
#1988=EDGE_CURVE('',#1624,#1637,#238,.T.);
#1989=EDGE_CURVE('',#1637,#1636,#194,.T.);
#1990=EDGE_CURVE('',#1638,#1639,#195,.T.);
#1991=EDGE_CURVE('',#1639,#1640,#1515,.T.);
#1992=EDGE_CURVE('',#1640,#1635,#196,.T.);
#1993=EDGE_CURVE('',#1634,#1638,#186,.T.);
#1994=EDGE_CURVE('',#1641,#1640,#239,.T.);
#1995=EDGE_CURVE('',#1639,#1642,#240,.T.);
#1996=EDGE_CURVE('',#1642,#1641,#197,.T.);
#1997=EDGE_CURVE('',#1637,#1643,#241,.T.);
#1998=EDGE_CURVE('',#1643,#1644,#198,.T.);
#1999=EDGE_CURVE('',#1644,#1636,#242,.T.);
#2000=EDGE_CURVE('',#1645,#1646,#1516,.F.);
#2001=EDGE_CURVE('',#1647,#1645,#1517,.F.);
#2002=EDGE_CURVE('',#1646,#1647,#1518,.F.);
#2003=EDGE_CURVE('',#1642,#1647,#243,.T.);
#2004=EDGE_CURVE('',#1645,#1641,#244,.T.);
#2005=EDGE_CURVE('',#1643,#1648,#245,.T.);
#2006=EDGE_CURVE('',#1648,#1649,#199,.T.);
#2007=EDGE_CURVE('',#1649,#1644,#246,.T.);
#2008=EDGE_CURVE('',#1650,#1651,#1519,.F.);
#2009=EDGE_CURVE('',#1652,#1650,#1520,.F.);
#2010=EDGE_CURVE('',#1651,#1652,#1521,.F.);
#2011=EDGE_CURVE('',#1650,#1646,#247,.T.);
#2012=EDGE_CURVE('',#1647,#1652,#248,.T.);
#2013=EDGE_CURVE('',#1648,#1651,#249,.T.);
#2014=EDGE_CURVE('',#1652,#1649,#250,.T.);
#2015=EDGE_CURVE('',#1653,#1654,#1522,.T.);
#2016=EDGE_CURVE('',#1654,#1650,#251,.T.);
#2017=EDGE_CURVE('',#1651,#1653,#252,.T.);
#2018=EDGE_CURVE('',#1655,#1656,#1523,.T.);
#2019=EDGE_CURVE('',#1656,#1654,#1524,.T.);
#2020=EDGE_CURVE('',#1653,#1655,#1525,.T.);
#2021=EDGE_CURVE('',#1657,#1658,#1526,.T.);
#2022=EDGE_CURVE('',#1658,#1656,#253,.T.);
#2023=EDGE_CURVE('',#1655,#1657,#254,.T.);
#2024=EDGE_CURVE('',#1659,#1660,#1527,.T.);
#2025=EDGE_CURVE('',#1660,#1658,#1528,.T.);
#2026=EDGE_CURVE('',#1657,#1659,#1529,.T.);
#2027=EDGE_CURVE('',#1646,#1660,#255,.T.);
#2028=EDGE_CURVE('',#1659,#1645,#256,.T.);
#2029=EDGE_CURVE('',#1612,#1622,#257,.T.);
#2030=EDGE_CURVE('',#1623,#1611,#258,.T.);
#2031=EDGE_CURVE('',#1661,#1659,#259,.T.);
#2032=EDGE_CURVE('',#1662,#1661,#260,.T.);
#2033=EDGE_CURVE('',#1640,#1662,#261,.T.);
#2034=EDGE_CURVE('',#1657,#1663,#262,.T.);
#2035=EDGE_CURVE('',#1663,#1661,#1530,.T.);
#2036=EDGE_CURVE('',#1664,#1655,#263,.T.);
#2037=EDGE_CURVE('',#1663,#1664,#264,.T.);
#2038=EDGE_CURVE('',#1653,#1665,#265,.T.);
#2039=EDGE_CURVE('',#1665,#1664,#1531,.T.);
#2040=EDGE_CURVE('',#1666,#1626,#266,.T.);
#2041=EDGE_CURVE('',#1665,#1666,#267,.T.);
#2042=EDGE_CURVE('',#1633,#1636,#268,.T.);
#2043=EDGE_CURVE('',#1638,#1644,#269,.T.);
#2044=EDGE_CURVE('',#1667,#1668,#1532,.T.);
#2045=EDGE_CURVE('',#1669,#1668,#270,.T.);
#2046=EDGE_CURVE('',#1670,#1669,#1533,.T.);
#2047=EDGE_CURVE('',#1667,#1670,#271,.T.);
#2048=EDGE_CURVE('',#1668,#1671,#272,.T.);
#2049=EDGE_CURVE('',#1671,#1672,#273,.T.);
#2050=EDGE_CURVE('',#1669,#1672,#274,.T.);
#2051=EDGE_CURVE('',#1673,#1671,#1534,.F.);
#2052=EDGE_CURVE('',#1674,#1673,#200,.T.);
#2053=EDGE_CURVE('',#1674,#1675,#275,.T.);
#2054=EDGE_CURVE('',#1672,#1675,#1535,.T.);
#2055=EDGE_CURVE('',#1676,#1677,#1536,.T.);
#2056=EDGE_CURVE('',#1678,#1676,#276,.T.);
#2057=EDGE_CURVE('',#1679,#1678,#1537,.F.);
#2058=EDGE_CURVE('',#1677,#1679,#277,.T.);
#2059=EDGE_CURVE('',#1680,#1676,#278,.T.);
#2060=EDGE_CURVE('',#1680,#1681,#279,.T.);
#2061=EDGE_CURVE('',#1678,#1681,#280,.F.);
#2062=EDGE_CURVE('',#1681,#1682,#1538,.T.);
#2063=EDGE_CURVE('',#1682,#1683,#281,.T.);
#2064=EDGE_CURVE('',#1684,#1683,#282,.T.);
#2065=EDGE_CURVE('',#1684,#1679,#283,.T.);
#2066=EDGE_CURVE('',#1685,#1680,#1539,.T.);
#2067=EDGE_CURVE('',#1682,#1685,#284,.T.);
#2068=EDGE_CURVE('',#1686,#1685,#285,.T.);
#2069=EDGE_CURVE('',#1686,#1687,#286,.T.);
#2070=EDGE_CURVE('',#1683,#1687,#287,.F.);
#2071=EDGE_CURVE('',#1688,#1686,#1540,.T.);
#2072=EDGE_CURVE('',#1689,#1688,#288,.T.);
#2073=EDGE_CURVE('',#1687,#1689,#201,.F.);
#2074=EDGE_CURVE('',#1675,#1688,#289,.T.);
#2075=EDGE_CURVE('',#1689,#1674,#290,.F.);
#2076=EDGE_CURVE('',#1673,#1690,#291,.T.);
#2077=EDGE_CURVE('',#1690,#1684,#292,.T.);
#2078=EDGE_CURVE('',#1691,#1667,#293,.T.);
#2079=EDGE_CURVE('',#1692,#1691,#1541,.T.);
#2080=EDGE_CURVE('',#1692,#1690,#294,.T.);
#2081=EDGE_CURVE('',#1692,#1693,#295,.T.);
#2082=EDGE_CURVE('',#1677,#1693,#296,.T.);
#2083=EDGE_CURVE('',#1694,#1691,#297,.T.);
#2084=EDGE_CURVE('',#1693,#1694,#1542,.T.);
#2085=EDGE_CURVE('',#1694,#1670,#298,.T.);
#2086=EDGE_CURVE('',#1628,#1695,#299,.T.);
#2087=EDGE_CURVE('',#1695,#1666,#1543,.T.);
#2088=EDGE_CURVE('',#1696,#1630,#300,.T.);
#2089=EDGE_CURVE('',#1695,#1696,#301,.T.);
#2090=EDGE_CURVE('',#1632,#1697,#302,.T.);
#2091=EDGE_CURVE('',#1697,#1696,#1544,.T.);
#2092=EDGE_CURVE('',#1698,#1615,#303,.T.);
#2093=EDGE_CURVE('',#1697,#1698,#304,.T.);
#2094=EDGE_CURVE('',#1617,#1699,#305,.T.);
#2095=EDGE_CURVE('',#1699,#1698,#1545,.T.);
#2096=EDGE_CURVE('',#1619,#1700,#306,.T.);
#2097=EDGE_CURVE('',#1699,#1700,#307,.T.);
#2098=EDGE_CURVE('',#1700,#1662,#1546,.T.);
#2099=EDGE_CURVE('',#1649,#1642,#308,.T.);
#2100=EDGE_CURVE('',#1701,#1702,#309,.F.);
#2101=EDGE_CURVE('',#1702,#1703,#310,.T.);
#2102=EDGE_CURVE('',#1703,#1704,#311,.T.);
#2103=EDGE_CURVE('',#1704,#1701,#312,.F.);
#2104=EDGE_CURVE('',#1705,#1704,#313,.T.);
#2105=EDGE_CURVE('',#1705,#1703,#314,.T.);
#2106=EDGE_CURVE('',#1701,#1706,#315,.T.);
#2107=EDGE_CURVE('',#1706,#1702,#316,.F.);
#2108=EDGE_CURVE('',#1706,#1705,#317,.T.);
#2109=EDGE_CURVE('',#1707,#1708,#318,.T.);
#2110=EDGE_CURVE('',#1709,#1708,#319,.T.);
#2111=EDGE_CURVE('',#1710,#1709,#320,.T.);
#2112=EDGE_CURVE('',#1710,#1707,#321,.T.);
#2113=EDGE_CURVE('',#1711,#1712,#322,.T.);
#2114=EDGE_CURVE('',#1712,#1713,#323,.T.);
#2115=EDGE_CURVE('',#1714,#1713,#324,.T.);
#2116=EDGE_CURVE('',#1715,#1714,#325,.T.);
#2117=EDGE_CURVE('',#1715,#1716,#326,.T.);
#2118=EDGE_CURVE('',#1716,#1711,#1547,.T.);
#2119=EDGE_CURVE('',#1712,#1717,#327,.T.);
#2120=EDGE_CURVE('',#1718,#1717,#328,.T.);
#2121=EDGE_CURVE('',#1713,#1718,#329,.T.);
#2122=EDGE_CURVE('',#1719,#1720,#330,.T.);
#2123=EDGE_CURVE('',#1721,#1720,#1548,.T.);
#2124=EDGE_CURVE('',#1721,#1722,#331,.T.);
#2125=EDGE_CURVE('',#1723,#1722,#1549,.T.);
#2126=EDGE_CURVE('',#1723,#1724,#332,.T.);
#2127=EDGE_CURVE('',#1724,#1719,#1550,.T.);
#2128=EDGE_CURVE('',#1720,#1725,#333,.T.);
#2129=EDGE_CURVE('',#1726,#1725,#1551,.T.);
#2130=EDGE_CURVE('',#1721,#1726,#334,.T.);
#2131=EDGE_CURVE('',#1725,#1727,#335,.T.);
#2132=EDGE_CURVE('',#1727,#1728,#1552,.T.);
#2133=EDGE_CURVE('',#1729,#1728,#336,.T.);
#2134=EDGE_CURVE('',#1729,#1730,#337,.T.);
#2135=EDGE_CURVE('',#1731,#1730,#1553,.T.);
#2136=EDGE_CURVE('',#1726,#1731,#338,.T.);
#2137=EDGE_CURVE('',#1732,#1733,#339,.T.);
#2138=EDGE_CURVE('',#1733,#1734,#340,.T.);
#2139=EDGE_CURVE('',#1734,#1735,#341,.T.);
#2140=EDGE_CURVE('',#1735,#1732,#342,.T.);
#2141=EDGE_CURVE('',#1736,#1734,#343,.T.);
#2142=EDGE_CURVE('',#1733,#1737,#344,.T.);
#2143=EDGE_CURVE('',#1736,#1737,#345,.T.);
#2144=EDGE_CURVE('',#1735,#1738,#346,.T.);
#2145=EDGE_CURVE('',#1738,#1739,#347,.T.);
#2146=EDGE_CURVE('',#1739,#1732,#348,.T.);
#2147=EDGE_CURVE('',#1740,#1741,#349,.T.);
#2148=EDGE_CURVE('',#1741,#1739,#1554,.T.);
#2149=EDGE_CURVE('',#1738,#1740,#1555,.T.);
#2150=EDGE_CURVE('',#1737,#1741,#350,.T.);
#2151=EDGE_CURVE('',#1740,#1736,#351,.T.);
#2152=EDGE_CURVE('',#1737,#1742,#352,.T.);
#2153=EDGE_CURVE('',#1743,#1742,#353,.T.);
#2154=EDGE_CURVE('',#1741,#1743,#354,.T.);
#2155=EDGE_CURVE('',#1733,#1744,#355,.T.);
#2156=EDGE_CURVE('',#1717,#1744,#356,.T.);
#2157=EDGE_CURVE('',#1745,#1711,#357,.T.);
#2158=EDGE_CURVE('',#1746,#1745,#358,.T.);
#2159=EDGE_CURVE('',#1747,#1746,#359,.T.);
#2160=EDGE_CURVE('',#1748,#1747,#360,.T.);
#2161=EDGE_CURVE('',#1749,#1748,#361,.T.);
#2162=EDGE_CURVE('',#1750,#1749,#362,.T.);
#2163=EDGE_CURVE('',#1727,#1750,#363,.T.);
#2164=EDGE_CURVE('',#1751,#1719,#364,.T.);
#2165=EDGE_CURVE('',#1742,#1751,#365,.T.);
#2166=EDGE_CURVE('',#1732,#1752,#366,.T.);
#2167=EDGE_CURVE('',#1744,#1752,#367,.T.);
#2168=EDGE_CURVE('',#1739,#1753,#368,.T.);
#2169=EDGE_CURVE('',#1752,#1753,#369,.T.);
#2170=EDGE_CURVE('',#1753,#1743,#1556,.T.);
#2171=EDGE_CURVE('',#1751,#1754,#1557,.T.);
#2172=EDGE_CURVE('',#1755,#1754,#370,.T.);
#2173=EDGE_CURVE('',#1756,#1755,#1558,.T.);
#2174=EDGE_CURVE('',#1718,#1756,#371,.T.);
#2175=EDGE_CURVE('',#1722,#1756,#372,.T.);
#2176=EDGE_CURVE('',#1755,#1723,#373,.T.);
#2177=EDGE_CURVE('',#1754,#1724,#374,.T.);
#2178=EDGE_CURVE('',#1716,#1757,#375,.T.);
#2179=EDGE_CURVE('',#1757,#1745,#1559,.T.);
#2180=EDGE_CURVE('',#1758,#1731,#376,.T.);
#2181=EDGE_CURVE('',#1759,#1758,#377,.T.);
#2182=EDGE_CURVE('',#1714,#1759,#378,.T.);
#2183=EDGE_CURVE('',#1760,#1757,#379,.T.);
#2184=EDGE_CURVE('',#1715,#1760,#380,.T.);
#2185=EDGE_CURVE('',#1710,#1746,#1560,.T.);
#2186=EDGE_CURVE('',#1747,#1709,#1561,.T.);
#2187=EDGE_CURVE('',#1761,#1762,#381,.T.);
#2188=EDGE_CURVE('',#1729,#1761,#382,.F.);
#2189=EDGE_CURVE('',#1728,#1762,#383,.T.);
#2190=EDGE_CURVE('',#1762,#1750,#1562,.T.);
#2191=EDGE_CURVE('',#1749,#1763,#1563,.T.);
#2192=EDGE_CURVE('',#1762,#1763,#384,.T.);
#2193=EDGE_CURVE('',#1763,#1764,#385,.T.);
#2194=EDGE_CURVE('',#1764,#1761,#386,.T.);
#2195=EDGE_CURVE('',#1765,#1709,#387,.T.);
#2196=EDGE_CURVE('',#1765,#1748,#1564,.T.);
#2197=EDGE_CURVE('',#1766,#1765,#388,.T.);
#2198=EDGE_CURVE('',#1766,#1708,#389,.T.);
#2199=EDGE_CURVE('',#1759,#1760,#390,.T.);
#2200=EDGE_CURVE('',#1767,#1758,#1565,.T.);
#2201=EDGE_CURVE('',#1730,#1767,#391,.T.);
#2202=EDGE_CURVE('',#1767,#1768,#392,.T.);
#2203=EDGE_CURVE('',#1768,#1769,#1566,.T.);
#2204=EDGE_CURVE('',#1769,#1770,#393,.T.);
#2205=EDGE_CURVE('',#1770,#1771,#1567,.T.);
#2206=EDGE_CURVE('',#1771,#1707,#394,.T.);
#2207=EDGE_CURVE('',#1772,#1761,#395,.T.);
#2208=EDGE_CURVE('',#1772,#1768,#396,.T.);
#2209=EDGE_CURVE('',#1764,#1773,#397,.T.);
#2210=EDGE_CURVE('',#1774,#1773,#202,.T.);
#2211=EDGE_CURVE('',#1772,#1774,#203,.T.);
#2212=EDGE_CURVE('',#1773,#1775,#398,.T.);
#2213=EDGE_CURVE('',#1775,#1776,#204,.T.);
#2214=EDGE_CURVE('',#1776,#1777,#205,.T.);
#2215=EDGE_CURVE('',#1777,#1778,#399,.T.);
#2216=EDGE_CURVE('',#1778,#1774,#206,.T.);
#2217=EDGE_CURVE('',#1775,#1766,#400,.T.);
#2218=EDGE_CURVE('',#1778,#1769,#401,.T.);
#2219=EDGE_CURVE('',#1777,#1770,#402,.T.);
#2220=EDGE_CURVE('',#1776,#1779,#207,.T.);
#2221=EDGE_CURVE('',#1779,#1771,#403,.T.);
#2222=EDGE_CURVE('',#1708,#1779,#404,.T.);
#2223=EDGE_CURVE('',#1780,#1781,#405,.T.);
#2224=EDGE_CURVE('',#1781,#1782,#406,.T.);
#2225=EDGE_CURVE('',#1782,#1783,#407,.T.);
#2226=EDGE_CURVE('',#1783,#1780,#408,.T.);
#2227=EDGE_CURVE('',#1781,#1784,#1568,.T.);
#2228=EDGE_CURVE('',#1784,#1785,#409,.T.);
#2229=EDGE_CURVE('',#1785,#1782,#1569,.T.);
#2230=EDGE_CURVE('',#1786,#1785,#410,.T.);
#2231=EDGE_CURVE('',#1784,#1787,#411,.T.);
#2232=EDGE_CURVE('',#1787,#1786,#412,.T.);
#2233=EDGE_CURVE('',#1788,#1780,#413,.T.);
#2234=EDGE_CURVE('',#1783,#1789,#414,.T.);
#2235=EDGE_CURVE('',#1789,#1788,#415,.T.);
#2236=EDGE_CURVE('',#1789,#1786,#416,.T.);
#2237=EDGE_CURVE('',#1787,#1788,#417,.T.);
#2238=EDGE_CURVE('',#1790,#1784,#418,.T.);
#2239=EDGE_CURVE('',#1791,#1790,#419,.T.);
#2240=EDGE_CURVE('',#1787,#1791,#420,.T.);
#2241=EDGE_CURVE('',#1781,#1792,#421,.T.);
#2242=EDGE_CURVE('',#1792,#1790,#1570,.T.);
#2243=EDGE_CURVE('',#1780,#1793,#422,.T.);
#2244=EDGE_CURVE('',#1792,#1793,#423,.T.);
#2245=EDGE_CURVE('',#1794,#1795,#424,.T.);
#2246=EDGE_CURVE('',#1796,#1794,#425,.T.);
#2247=EDGE_CURVE('',#1797,#1796,#1571,.T.);
#2248=EDGE_CURVE('',#1798,#1797,#426,.T.);
#2249=EDGE_CURVE('',#1799,#1798,#1572,.T.);
#2250=EDGE_CURVE('',#1800,#1799,#427,.T.);
#2251=EDGE_CURVE('',#1801,#1800,#1573,.T.);
#2252=EDGE_CURVE('',#1802,#1801,#428,.T.);
#2253=EDGE_CURVE('',#1803,#1802,#429,.T.);
#2254=EDGE_CURVE('',#1804,#1803,#430,.T.);
#2255=EDGE_CURVE('',#1805,#1804,#431,.T.);
#2256=EDGE_CURVE('',#1806,#1805,#1574,.T.);
#2257=EDGE_CURVE('',#1807,#1806,#432,.T.);
#2258=EDGE_CURVE('',#1795,#1807,#433,.T.);
#2259=EDGE_CURVE('',#1808,#1809,#434,.T.);
#2260=EDGE_CURVE('',#1810,#1808,#435,.T.);
#2261=EDGE_CURVE('',#1811,#1810,#436,.T.);
#2262=EDGE_CURVE('',#1812,#1811,#1575,.T.);
#2263=EDGE_CURVE('',#1813,#1812,#437,.T.);
#2264=EDGE_CURVE('',#1809,#1813,#1576,.T.);
#2265=EDGE_CURVE('',#1809,#1814,#438,.T.);
#2266=EDGE_CURVE('',#1814,#1815,#439,.T.);
#2267=EDGE_CURVE('',#1815,#1808,#440,.T.);
#2268=EDGE_CURVE('',#1815,#1816,#441,.T.);
#2269=EDGE_CURVE('',#1810,#1816,#442,.T.);
#2270=EDGE_CURVE('',#1813,#1817,#443,.T.);
#2271=EDGE_CURVE('',#1817,#1814,#1577,.T.);
#2272=EDGE_CURVE('',#1812,#1818,#444,.T.);
#2273=EDGE_CURVE('',#1818,#1817,#445,.T.);
#2274=EDGE_CURVE('',#1811,#1819,#446,.T.);
#2275=EDGE_CURVE('',#1819,#1818,#1578,.T.);
#2276=EDGE_CURVE('',#1816,#1819,#447,.T.);
#2277=EDGE_CURVE('',#1816,#1820,#448,.T.);
#2278=EDGE_CURVE('',#1820,#1821,#449,.T.);
#2279=EDGE_CURVE('',#1822,#1821,#450,.T.);
#2280=EDGE_CURVE('',#1823,#1822,#451,.T.);
#2281=EDGE_CURVE('',#1823,#1824,#452,.T.);
#2282=EDGE_CURVE('',#1819,#1824,#453,.T.);
#2283=EDGE_CURVE('',#1825,#1815,#454,.T.);
#2284=EDGE_CURVE('',#1825,#1820,#455,.T.);
#2285=EDGE_CURVE('',#1826,#1814,#456,.T.);
#2286=EDGE_CURVE('',#1827,#1826,#457,.T.);
#2287=EDGE_CURVE('',#1828,#1827,#1579,.T.);
#2288=EDGE_CURVE('',#1829,#1828,#458,.T.);
#2289=EDGE_CURVE('',#1829,#1830,#459,.T.);
#2290=EDGE_CURVE('',#1831,#1830,#1580,.F.);
#2291=EDGE_CURVE('',#1831,#1832,#460,.T.);
#2292=EDGE_CURVE('',#1833,#1832,#1581,.F.);
#2293=EDGE_CURVE('',#1833,#1825,#461,.T.);
#2294=EDGE_CURVE('',#1803,#1834,#462,.T.);
#2295=EDGE_CURVE('',#1834,#1835,#463,.T.);
#2296=EDGE_CURVE('',#1804,#1835,#464,.T.);
#2297=EDGE_CURVE('',#1836,#1837,#465,.T.);
#2298=EDGE_CURVE('',#1837,#1794,#466,.T.);
#2299=EDGE_CURVE('',#1795,#1836,#467,.T.);
#2300=EDGE_CURVE('',#1802,#1838,#468,.T.);
#2301=EDGE_CURVE('',#1838,#1834,#469,.T.);
#2302=EDGE_CURVE('',#1801,#1839,#470,.T.);
#2303=EDGE_CURVE('',#1839,#1838,#471,.T.);
#2304=EDGE_CURVE('',#1800,#1840,#472,.T.);
#2305=EDGE_CURVE('',#1840,#1839,#1582,.T.);
#2306=EDGE_CURVE('',#1799,#1841,#473,.T.);
#2307=EDGE_CURVE('',#1841,#1840,#474,.T.);
#2308=EDGE_CURVE('',#1798,#1842,#475,.T.);
#2309=EDGE_CURVE('',#1842,#1841,#1583,.T.);
#2310=EDGE_CURVE('',#1797,#1843,#476,.T.);
#2311=EDGE_CURVE('',#1843,#1842,#477,.T.);
#2312=EDGE_CURVE('',#1796,#1844,#478,.T.);
#2313=EDGE_CURVE('',#1844,#1843,#1584,.T.);
#2314=EDGE_CURVE('',#1837,#1844,#479,.T.);
#2315=EDGE_CURVE('',#1845,#1836,#480,.T.);
#2316=EDGE_CURVE('',#1807,#1845,#481,.T.);
#2317=EDGE_CURVE('',#1806,#1846,#482,.T.);
#2318=EDGE_CURVE('',#1846,#1845,#483,.T.);
#2319=EDGE_CURVE('',#1805,#1847,#484,.T.);
#2320=EDGE_CURVE('',#1847,#1846,#1585,.T.);
#2321=EDGE_CURVE('',#1835,#1847,#485,.T.);
#2322=EDGE_CURVE('',#1840,#1848,#486,.T.);
#2323=EDGE_CURVE('',#1848,#1849,#1586,.T.);
#2324=EDGE_CURVE('',#1849,#1839,#487,.T.);
#2325=EDGE_CURVE('',#1850,#1841,#488,.T.);
#2326=EDGE_CURVE('',#1850,#1848,#489,.T.);
#2327=EDGE_CURVE('',#1842,#1851,#490,.T.);
#2328=EDGE_CURVE('',#1851,#1850,#1587,.T.);
#2329=EDGE_CURVE('',#1843,#1852,#491,.T.);
#2330=EDGE_CURVE('',#1852,#1853,#492,.T.);
#2331=EDGE_CURVE('',#1854,#1853,#493,.T.);
#2332=EDGE_CURVE('',#1855,#1854,#494,.T.);
#2333=EDGE_CURVE('',#1855,#1856,#495,.T.);
#2334=EDGE_CURVE('',#1857,#1856,#496,.T.);
#2335=EDGE_CURVE('',#1858,#1857,#1588,.T.);
#2336=EDGE_CURVE('',#1859,#1858,#497,.T.);
#2337=EDGE_CURVE('',#1859,#1851,#498,.T.);
#2338=EDGE_CURVE('',#1844,#1860,#499,.T.);
#2339=EDGE_CURVE('',#1860,#1852,#1589,.T.);
#2340=EDGE_CURVE('',#1837,#1861,#500,.T.);
#2341=EDGE_CURVE('',#1861,#1860,#501,.T.);
#2342=EDGE_CURVE('',#1862,#1791,#502,.T.);
#2343=EDGE_CURVE('',#1863,#1862,#503,.T.);
#2344=EDGE_CURVE('',#1823,#1863,#504,.T.);
#2345=EDGE_CURVE('',#1864,#1822,#505,.T.);
#2346=EDGE_CURVE('',#1864,#1865,#506,.T.);
#2347=EDGE_CURVE('',#1865,#1866,#507,.T.);
#2348=EDGE_CURVE('',#1867,#1866,#508,.T.);
#2349=EDGE_CURVE('',#1867,#1868,#509,.T.);
#2350=EDGE_CURVE('',#1869,#1868,#510,.T.);
#2351=EDGE_CURVE('',#1861,#1869,#511,.T.);
#2352=EDGE_CURVE('',#1836,#1870,#512,.T.);
#2353=EDGE_CURVE('',#1870,#1871,#513,.T.);
#2354=EDGE_CURVE('',#1788,#1871,#514,.T.);
#2355=EDGE_CURVE('',#1872,#1859,#515,.T.);
#2356=EDGE_CURVE('',#1872,#1849,#516,.T.);
#2357=EDGE_CURVE('',#1872,#1873,#517,.T.);
#2358=EDGE_CURVE('',#1874,#1873,#1590,.T.);
#2359=EDGE_CURVE('',#1874,#1875,#518,.T.);
#2360=EDGE_CURVE('',#1876,#1875,#519,.T.);
#2361=EDGE_CURVE('',#1876,#1877,#520,.T.);
#2362=EDGE_CURVE('',#1878,#1877,#1591,.T.);
#2363=EDGE_CURVE('',#1878,#1838,#521,.T.);
#2364=EDGE_CURVE('',#1847,#1879,#522,.T.);
#2365=EDGE_CURVE('',#1879,#1880,#1592,.T.);
#2366=EDGE_CURVE('',#1880,#1846,#523,.T.);
#2367=EDGE_CURVE('',#1881,#1880,#524,.T.);
#2368=EDGE_CURVE('',#1845,#1881,#525,.T.);
#2369=EDGE_CURVE('',#1793,#1871,#526,.T.);
#2370=EDGE_CURVE('',#1870,#1881,#527,.T.);
#2371=EDGE_CURVE('',#1879,#1882,#528,.T.);
#2372=EDGE_CURVE('',#1862,#1882,#1593,.T.);
#2373=EDGE_CURVE('',#1869,#1883,#529,.T.);
#2374=EDGE_CURVE('',#1883,#1884,#1594,.T.);
#2375=EDGE_CURVE('',#1884,#1885,#530,.T.);
#2376=EDGE_CURVE('',#1885,#1886,#531,.T.);
#2377=EDGE_CURVE('',#1886,#1887,#1595,.T.);
#2378=EDGE_CURVE('',#1887,#1888,#532,.T.);
#2379=EDGE_CURVE('',#1888,#1889,#1596,.T.);
#2380=EDGE_CURVE('',#1889,#1890,#533,.T.);
#2381=EDGE_CURVE('',#1891,#1890,#1597,.T.);
#2382=EDGE_CURVE('',#1892,#1891,#534,.T.);
#2383=EDGE_CURVE('',#1892,#1856,#535,.T.);
#2384=EDGE_CURVE('',#1855,#1893,#536,.T.);
#2385=EDGE_CURVE('',#1894,#1893,#537,.T.);
#2386=EDGE_CURVE('',#1894,#1853,#538,.T.);
#2387=EDGE_CURVE('',#1895,#1866,#539,.T.);
#2388=EDGE_CURVE('',#1896,#1895,#1598,.T.);
#2389=EDGE_CURVE('',#1897,#1896,#540,.T.);
#2390=EDGE_CURVE('',#1898,#1897,#541,.T.);
#2391=EDGE_CURVE('',#1899,#1898,#542,.T.);
#2392=EDGE_CURVE('',#1900,#1899,#543,.T.);
#2393=EDGE_CURVE('',#1901,#1900,#544,.T.);
#2394=EDGE_CURVE('',#1902,#1901,#1599,.T.);
#2395=EDGE_CURVE('',#1867,#1902,#545,.T.);
#2396=EDGE_CURVE('',#1873,#1858,#546,.T.);
#2397=EDGE_CURVE('',#1857,#1874,#547,.T.);
#2398=EDGE_CURVE('',#1903,#1892,#548,.T.);
#2399=EDGE_CURVE('',#1904,#1903,#549,.T.);
#2400=EDGE_CURVE('',#1905,#1904,#550,.T.);
#2401=EDGE_CURVE('',#1906,#1905,#551,.T.);
#2402=EDGE_CURVE('',#1907,#1906,#208,.T.);
#2403=EDGE_CURVE('',#1907,#1908,#552,.T.);
#2404=EDGE_CURVE('',#1875,#1908,#209,.T.);
#2405=EDGE_CURVE('',#1827,#1909,#553,.T.);
#2406=EDGE_CURVE('',#1909,#1910,#1600,.T.);
#2407=EDGE_CURVE('',#1910,#1828,#554,.T.);
#2408=EDGE_CURVE('',#1835,#1910,#555,.T.);
#2409=EDGE_CURVE('',#1911,#1909,#556,.T.);
#2410=EDGE_CURVE('',#1882,#1911,#557,.T.);
#2411=EDGE_CURVE('',#1912,#1826,#1601,.T.);
#2412=EDGE_CURVE('',#1912,#1913,#558,.T.);
#2413=EDGE_CURVE('',#1824,#1913,#1602,.T.);
#2414=EDGE_CURVE('',#1911,#1863,#1603,.T.);
#2415=EDGE_CURVE('',#1906,#1914,#559,.T.);
#2416=EDGE_CURVE('',#1914,#1915,#210,.T.);
#2417=EDGE_CURVE('',#1915,#1907,#560,.T.);
#2418=EDGE_CURVE('',#1915,#1916,#561,.T.);
#2419=EDGE_CURVE('',#1908,#1916,#562,.T.);
#2420=EDGE_CURVE('',#1916,#1876,#211,.T.);
#2421=EDGE_CURVE('',#1877,#1917,#563,.T.);
#2422=EDGE_CURVE('',#1917,#1918,#1604,.T.);
#2423=EDGE_CURVE('',#1918,#1878,#564,.T.);
#2424=EDGE_CURVE('',#1919,#1920,#187,.F.);
#2425=EDGE_CURVE('',#1920,#1918,#212,.T.);
#2426=EDGE_CURVE('',#1917,#1919,#213,.T.);
#2427=EDGE_CURVE('',#1921,#1854,#565,.T.);
#2428=EDGE_CURVE('',#1919,#1921,#566,.T.);
#2429=EDGE_CURVE('',#1922,#1914,#567,.T.);
#2430=EDGE_CURVE('',#1923,#1922,#568,.T.);
#2431=EDGE_CURVE('',#1924,#1923,#569,.T.);
#2432=EDGE_CURVE('',#1893,#1924,#570,.T.);
#2433=EDGE_CURVE('',#1920,#1925,#571,.T.);
#2434=EDGE_CURVE('',#1926,#1925,#214,.T.);
#2435=EDGE_CURVE('',#1926,#1918,#572,.T.);
#2436=EDGE_CURVE('',#1926,#1927,#573,.T.);
#2437=EDGE_CURVE('',#1834,#1927,#574,.T.);
#2438=EDGE_CURVE('',#1905,#1922,#575,.F.);
#2439=EDGE_CURVE('',#1894,#1921,#576,.T.);
#2440=EDGE_CURVE('',#1829,#1927,#577,.T.);
#2441=EDGE_CURVE('',#1928,#1904,#578,.T.);
#2442=EDGE_CURVE('',#1928,#1905,#579,.F.);
#2443=EDGE_CURVE('',#1903,#1929,#580,.T.);
#2444=EDGE_CURVE('',#1930,#1929,#1605,.T.);
#2445=EDGE_CURVE('',#1930,#1928,#581,.T.);
#2446=EDGE_CURVE('',#1821,#1931,#1606,.T.);
#2447=EDGE_CURVE('',#1931,#1924,#582,.T.);
#2448=EDGE_CURVE('',#1923,#1932,#583,.T.);
#2449=EDGE_CURVE('',#1932,#1933,#1607,.T.);
#2450=EDGE_CURVE('',#1933,#1864,#584,.T.);
#2451=EDGE_CURVE('',#1929,#1891,#585,.T.);
#2452=EDGE_CURVE('',#1913,#1818,#586,.T.);
#2453=EDGE_CURVE('',#1817,#1912,#587,.T.);
#2454=EDGE_CURVE('',#1830,#1934,#588,.T.);
#2455=EDGE_CURVE('',#1934,#1935,#188,.F.);
#2456=EDGE_CURVE('',#1935,#1831,#589,.T.);
#2457=EDGE_CURVE('',#1936,#1925,#590,.T.);
#2458=EDGE_CURVE('',#1934,#1936,#215,.T.);
#2459=EDGE_CURVE('',#1832,#1937,#591,.T.);
#2460=EDGE_CURVE('',#1937,#1938,#189,.F.);
#2461=EDGE_CURVE('',#1938,#1833,#592,.T.);
#2462=EDGE_CURVE('',#1937,#1935,#1608,.T.);
#2463=EDGE_CURVE('',#1820,#1938,#216,.T.);
#2464=EDGE_CURVE('',#1936,#1931,#593,.T.);
#2465=EDGE_CURVE('',#1890,#1930,#594,.T.);
#2466=EDGE_CURVE('',#1939,#1889,#595,.T.);
#2467=EDGE_CURVE('',#1940,#1939,#596,.T.);
#2468=EDGE_CURVE('',#1922,#1940,#597,.F.);
#2469=EDGE_CURVE('',#1941,#1942,#217,.T.);
#2470=EDGE_CURVE('',#1942,#1943,#598,.T.);
#2471=EDGE_CURVE('',#1943,#1944,#218,.T.);
#2472=EDGE_CURVE('',#1944,#1899,#219,.T.);
#2473=EDGE_CURVE('',#1898,#1941,#220,.T.);
#2474=EDGE_CURVE('',#1941,#1939,#221,.T.);
#2475=EDGE_CURVE('',#1888,#1942,#599,.T.);
#2476=EDGE_CURVE('',#1897,#1940,#600,.T.);
#2477=EDGE_CURVE('',#1943,#1887,#601,.T.);
#2478=EDGE_CURVE('',#1886,#1945,#602,.T.);
#2479=EDGE_CURVE('',#1945,#1944,#222,.T.);
#2480=EDGE_CURVE('',#1902,#1946,#603,.T.);
#2481=EDGE_CURVE('',#1946,#1868,#604,.T.);
#2482=EDGE_CURVE('',#1901,#1947,#605,.T.);
#2483=EDGE_CURVE('',#1947,#1946,#1609,.T.);
#2484=EDGE_CURVE('',#1948,#1947,#606,.T.);
#2485=EDGE_CURVE('',#1900,#1948,#607,.T.);
#2486=EDGE_CURVE('',#1945,#1948,#608,.T.);
#2487=EDGE_CURVE('',#1949,#1895,#609,.T.);
#2488=EDGE_CURVE('',#1865,#1949,#610,.T.);
#2489=EDGE_CURVE('',#1950,#1896,#611,.T.);
#2490=EDGE_CURVE('',#1949,#1950,#1610,.T.);
#2491=EDGE_CURVE('',#1950,#1940,#612,.T.);
#2492=EDGE_CURVE('',#1933,#1949,#613,.T.);
#2493=EDGE_CURVE('',#1932,#1950,#614,.T.);
#2494=EDGE_CURVE('',#1948,#1885,#615,.T.);
#2495=EDGE_CURVE('',#1884,#1947,#616,.T.);
#2496=EDGE_CURVE('',#1883,#1946,#617,.T.);
#2497=ORIENTED_EDGE('',*,*,#1951,.F.);
#2498=ORIENTED_EDGE('',*,*,#1952,.F.);
#2499=ORIENTED_EDGE('',*,*,#1953,.F.);
#2500=ORIENTED_EDGE('',*,*,#1954,.T.);
#2501=ORIENTED_EDGE('',*,*,#1955,.T.);
#2502=ORIENTED_EDGE('',*,*,#1952,.T.);
#2503=ORIENTED_EDGE('',*,*,#1956,.T.);
#2504=ORIENTED_EDGE('',*,*,#1957,.T.);
#2505=ORIENTED_EDGE('',*,*,#1958,.T.);
#2506=ORIENTED_EDGE('',*,*,#1954,.F.);
#2507=ORIENTED_EDGE('',*,*,#1959,.T.);
#2508=ORIENTED_EDGE('',*,*,#1960,.T.);
#2509=ORIENTED_EDGE('',*,*,#1961,.T.);
#2510=ORIENTED_EDGE('',*,*,#1957,.F.);
#2511=ORIENTED_EDGE('',*,*,#1962,.T.);
#2512=ORIENTED_EDGE('',*,*,#1963,.T.);
#2513=ORIENTED_EDGE('',*,*,#1960,.F.);
#2514=ORIENTED_EDGE('',*,*,#1964,.T.);
#2515=ORIENTED_EDGE('',*,*,#1965,.T.);
#2516=ORIENTED_EDGE('',*,*,#1966,.F.);
#2517=ORIENTED_EDGE('',*,*,#1967,.F.);
#2518=ORIENTED_EDGE('',*,*,#1968,.F.);
#2519=ORIENTED_EDGE('',*,*,#1969,.T.);
#2520=ORIENTED_EDGE('',*,*,#1970,.T.);
#2521=ORIENTED_EDGE('',*,*,#1967,.T.);
#2522=ORIENTED_EDGE('',*,*,#1971,.T.);
#2523=ORIENTED_EDGE('',*,*,#1972,.T.);
#2524=ORIENTED_EDGE('',*,*,#1973,.T.);
#2525=ORIENTED_EDGE('',*,*,#1969,.F.);
#2526=ORIENTED_EDGE('',*,*,#1974,.T.);
#2527=ORIENTED_EDGE('',*,*,#1975,.T.);
#2528=ORIENTED_EDGE('',*,*,#1976,.T.);
#2529=ORIENTED_EDGE('',*,*,#1972,.F.);
#2530=ORIENTED_EDGE('',*,*,#1977,.T.);
#2531=ORIENTED_EDGE('',*,*,#1978,.T.);
#2532=ORIENTED_EDGE('',*,*,#1979,.T.);
#2533=ORIENTED_EDGE('',*,*,#1975,.F.);
#2534=ORIENTED_EDGE('',*,*,#1980,.T.);
#2535=ORIENTED_EDGE('',*,*,#1953,.T.);
#2536=ORIENTED_EDGE('',*,*,#1981,.T.);
#2537=ORIENTED_EDGE('',*,*,#1978,.F.);
#2538=ORIENTED_EDGE('',*,*,#1982,.T.);
#2539=ORIENTED_EDGE('',*,*,#1983,.T.);
#2540=ORIENTED_EDGE('',*,*,#1984,.T.);
#2541=ORIENTED_EDGE('',*,*,#1985,.T.);
#2542=ORIENTED_EDGE('',*,*,#1965,.F.);
#2543=ORIENTED_EDGE('',*,*,#1986,.T.);
#2544=ORIENTED_EDGE('',*,*,#1987,.T.);
#2545=ORIENTED_EDGE('',*,*,#1968,.T.);
#2546=ORIENTED_EDGE('',*,*,#1988,.T.);
#2547=ORIENTED_EDGE('',*,*,#1989,.T.);
#2548=ORIENTED_EDGE('',*,*,#1990,.T.);
#2549=ORIENTED_EDGE('',*,*,#1991,.T.);
#2550=ORIENTED_EDGE('',*,*,#1992,.T.);
#2551=ORIENTED_EDGE('',*,*,#1984,.F.);
#2552=ORIENTED_EDGE('',*,*,#1993,.T.);
#2553=ORIENTED_EDGE('',*,*,#1994,.T.);
#2554=ORIENTED_EDGE('',*,*,#1991,.F.);
#2555=ORIENTED_EDGE('',*,*,#1995,.T.);
#2556=ORIENTED_EDGE('',*,*,#1996,.T.);
#2557=ORIENTED_EDGE('',*,*,#1997,.T.);
#2558=ORIENTED_EDGE('',*,*,#1998,.T.);
#2559=ORIENTED_EDGE('',*,*,#1999,.T.);
#2560=ORIENTED_EDGE('',*,*,#1989,.F.);
#2561=ORIENTED_EDGE('',*,*,#2000,.F.);
#2562=ORIENTED_EDGE('',*,*,#2001,.F.);
#2563=ORIENTED_EDGE('',*,*,#2002,.F.);
#2564=ORIENTED_EDGE('',*,*,#2003,.T.);
#2565=ORIENTED_EDGE('',*,*,#2001,.T.);
#2566=ORIENTED_EDGE('',*,*,#2004,.T.);
#2567=ORIENTED_EDGE('',*,*,#1996,.F.);
#2568=ORIENTED_EDGE('',*,*,#2005,.T.);
#2569=ORIENTED_EDGE('',*,*,#2006,.T.);
#2570=ORIENTED_EDGE('',*,*,#2007,.T.);
#2571=ORIENTED_EDGE('',*,*,#1998,.F.);
#2572=ORIENTED_EDGE('',*,*,#2008,.F.);
#2573=ORIENTED_EDGE('',*,*,#2009,.F.);
#2574=ORIENTED_EDGE('',*,*,#2010,.F.);
#2575=ORIENTED_EDGE('',*,*,#2009,.T.);
#2576=ORIENTED_EDGE('',*,*,#2011,.T.);
#2577=ORIENTED_EDGE('',*,*,#2002,.T.);
#2578=ORIENTED_EDGE('',*,*,#2012,.T.);
#2579=ORIENTED_EDGE('',*,*,#2013,.T.);
#2580=ORIENTED_EDGE('',*,*,#2010,.T.);
#2581=ORIENTED_EDGE('',*,*,#2014,.T.);
#2582=ORIENTED_EDGE('',*,*,#2006,.F.);
#2583=ORIENTED_EDGE('',*,*,#2015,.T.);
#2584=ORIENTED_EDGE('',*,*,#2016,.T.);
#2585=ORIENTED_EDGE('',*,*,#2008,.T.);
#2586=ORIENTED_EDGE('',*,*,#2017,.T.);
#2587=ORIENTED_EDGE('',*,*,#2018,.T.);
#2588=ORIENTED_EDGE('',*,*,#2019,.T.);
#2589=ORIENTED_EDGE('',*,*,#2015,.F.);
#2590=ORIENTED_EDGE('',*,*,#2020,.T.);
#2591=ORIENTED_EDGE('',*,*,#2021,.T.);
#2592=ORIENTED_EDGE('',*,*,#2022,.T.);
#2593=ORIENTED_EDGE('',*,*,#2018,.F.);
#2594=ORIENTED_EDGE('',*,*,#2023,.T.);
#2595=ORIENTED_EDGE('',*,*,#2024,.T.);
#2596=ORIENTED_EDGE('',*,*,#2025,.T.);
#2597=ORIENTED_EDGE('',*,*,#2021,.F.);
#2598=ORIENTED_EDGE('',*,*,#2026,.T.);
#2599=ORIENTED_EDGE('',*,*,#2000,.T.);
#2600=ORIENTED_EDGE('',*,*,#2027,.T.);
#2601=ORIENTED_EDGE('',*,*,#2024,.F.);
#2602=ORIENTED_EDGE('',*,*,#2028,.T.);
#2603=ORIENTED_EDGE('',*,*,#1951,.T.);
#2604=ORIENTED_EDGE('',*,*,#2029,.T.);
#2605=ORIENTED_EDGE('',*,*,#1966,.T.);
#2606=ORIENTED_EDGE('',*,*,#2030,.T.);
#2607=ORIENTED_EDGE('',*,*,#1994,.F.);
#2608=ORIENTED_EDGE('',*,*,#2004,.F.);
#2609=ORIENTED_EDGE('',*,*,#2028,.F.);
#2610=ORIENTED_EDGE('',*,*,#2031,.F.);
#2611=ORIENTED_EDGE('',*,*,#2032,.F.);
#2612=ORIENTED_EDGE('',*,*,#2033,.F.);
#2613=ORIENTED_EDGE('',*,*,#2026,.F.);
#2614=ORIENTED_EDGE('',*,*,#2034,.T.);
#2615=ORIENTED_EDGE('',*,*,#2035,.T.);
#2616=ORIENTED_EDGE('',*,*,#2031,.T.);
#2617=ORIENTED_EDGE('',*,*,#2023,.F.);
#2618=ORIENTED_EDGE('',*,*,#2036,.F.);
#2619=ORIENTED_EDGE('',*,*,#2037,.F.);
#2620=ORIENTED_EDGE('',*,*,#2034,.F.);
#2621=ORIENTED_EDGE('',*,*,#2020,.F.);
#2622=ORIENTED_EDGE('',*,*,#2038,.T.);
#2623=ORIENTED_EDGE('',*,*,#2039,.T.);
#2624=ORIENTED_EDGE('',*,*,#2036,.T.);
#2625=ORIENTED_EDGE('',*,*,#2017,.F.);
#2626=ORIENTED_EDGE('',*,*,#2013,.F.);
#2627=ORIENTED_EDGE('',*,*,#2005,.F.);
#2628=ORIENTED_EDGE('',*,*,#1997,.F.);
#2629=ORIENTED_EDGE('',*,*,#1988,.F.);
#2630=ORIENTED_EDGE('',*,*,#1970,.F.);
#2631=ORIENTED_EDGE('',*,*,#2040,.F.);
#2632=ORIENTED_EDGE('',*,*,#2041,.F.);
#2633=ORIENTED_EDGE('',*,*,#2038,.F.);
#2634=ORIENTED_EDGE('',*,*,#1964,.F.);
#2635=ORIENTED_EDGE('',*,*,#1962,.F.);
#2636=ORIENTED_EDGE('',*,*,#1959,.F.);
#2637=ORIENTED_EDGE('',*,*,#1956,.F.);
#2638=ORIENTED_EDGE('',*,*,#2030,.F.);
#2639=ORIENTED_EDGE('',*,*,#1987,.F.);
#2640=ORIENTED_EDGE('',*,*,#2042,.F.);
#2641=ORIENTED_EDGE('',*,*,#1986,.F.);
#2642=ORIENTED_EDGE('',*,*,#1983,.F.);
#2643=ORIENTED_EDGE('',*,*,#2042,.T.);
#2644=ORIENTED_EDGE('',*,*,#1999,.F.);
#2645=ORIENTED_EDGE('',*,*,#2043,.F.);
#2646=ORIENTED_EDGE('',*,*,#1993,.F.);
#2647=ORIENTED_EDGE('',*,*,#1971,.F.);
#2648=ORIENTED_EDGE('',*,*,#2029,.F.);
#2649=ORIENTED_EDGE('',*,*,#1982,.F.);
#2650=ORIENTED_EDGE('',*,*,#1980,.F.);
#2651=ORIENTED_EDGE('',*,*,#1977,.F.);
#2652=ORIENTED_EDGE('',*,*,#1974,.F.);
#2653=ORIENTED_EDGE('',*,*,#2011,.F.);
#2654=ORIENTED_EDGE('',*,*,#2016,.F.);
#2655=ORIENTED_EDGE('',*,*,#2019,.F.);
#2656=ORIENTED_EDGE('',*,*,#2022,.F.);
#2657=ORIENTED_EDGE('',*,*,#2025,.F.);
#2658=ORIENTED_EDGE('',*,*,#2027,.F.);
#2659=ORIENTED_EDGE('',*,*,#2044,.T.);
#2660=ORIENTED_EDGE('',*,*,#2045,.F.);
#2661=ORIENTED_EDGE('',*,*,#2046,.F.);
#2662=ORIENTED_EDGE('',*,*,#2047,.F.);
#2663=ORIENTED_EDGE('',*,*,#2048,.T.);
#2664=ORIENTED_EDGE('',*,*,#2049,.T.);
#2665=ORIENTED_EDGE('',*,*,#2050,.F.);
#2666=ORIENTED_EDGE('',*,*,#2045,.T.);
#2667=ORIENTED_EDGE('',*,*,#2051,.F.);
#2668=ORIENTED_EDGE('',*,*,#2052,.F.);
#2669=ORIENTED_EDGE('',*,*,#2053,.T.);
#2670=ORIENTED_EDGE('',*,*,#2054,.F.);
#2671=ORIENTED_EDGE('',*,*,#2049,.F.);
#2672=ORIENTED_EDGE('',*,*,#2055,.F.);
#2673=ORIENTED_EDGE('',*,*,#2056,.F.);
#2674=ORIENTED_EDGE('',*,*,#2057,.F.);
#2675=ORIENTED_EDGE('',*,*,#2058,.F.);
#2676=ORIENTED_EDGE('',*,*,#2056,.T.);
#2677=ORIENTED_EDGE('',*,*,#2059,.F.);
#2678=ORIENTED_EDGE('',*,*,#2060,.T.);
#2679=ORIENTED_EDGE('',*,*,#2061,.F.);
#2680=ORIENTED_EDGE('',*,*,#2057,.T.);
#2681=ORIENTED_EDGE('',*,*,#2061,.T.);
#2682=ORIENTED_EDGE('',*,*,#2062,.T.);
#2683=ORIENTED_EDGE('',*,*,#2063,.T.);
#2684=ORIENTED_EDGE('',*,*,#2064,.F.);
#2685=ORIENTED_EDGE('',*,*,#2065,.T.);
#2686=ORIENTED_EDGE('',*,*,#2066,.F.);
#2687=ORIENTED_EDGE('',*,*,#2067,.F.);
#2688=ORIENTED_EDGE('',*,*,#2062,.F.);
#2689=ORIENTED_EDGE('',*,*,#2060,.F.);
#2690=ORIENTED_EDGE('',*,*,#2067,.T.);
#2691=ORIENTED_EDGE('',*,*,#2068,.F.);
#2692=ORIENTED_EDGE('',*,*,#2069,.T.);
#2693=ORIENTED_EDGE('',*,*,#2070,.F.);
#2694=ORIENTED_EDGE('',*,*,#2063,.F.);
#2695=ORIENTED_EDGE('',*,*,#2071,.F.);
#2696=ORIENTED_EDGE('',*,*,#2072,.F.);
#2697=ORIENTED_EDGE('',*,*,#2073,.F.);
#2698=ORIENTED_EDGE('',*,*,#2069,.F.);
#2699=ORIENTED_EDGE('',*,*,#2072,.T.);
#2700=ORIENTED_EDGE('',*,*,#2074,.F.);
#2701=ORIENTED_EDGE('',*,*,#2053,.F.);
#2702=ORIENTED_EDGE('',*,*,#2075,.F.);
#2703=ORIENTED_EDGE('',*,*,#2073,.T.);
#2704=ORIENTED_EDGE('',*,*,#2075,.T.);
#2705=ORIENTED_EDGE('',*,*,#2052,.T.);
#2706=ORIENTED_EDGE('',*,*,#2076,.T.);
#2707=ORIENTED_EDGE('',*,*,#2077,.T.);
#2708=ORIENTED_EDGE('',*,*,#2064,.T.);
#2709=ORIENTED_EDGE('',*,*,#2070,.T.);
#2710=ORIENTED_EDGE('',*,*,#2051,.T.);
#2711=ORIENTED_EDGE('',*,*,#2048,.F.);
#2712=ORIENTED_EDGE('',*,*,#2044,.F.);
#2713=ORIENTED_EDGE('',*,*,#2078,.F.);
#2714=ORIENTED_EDGE('',*,*,#2079,.F.);
#2715=ORIENTED_EDGE('',*,*,#2080,.T.);
#2716=ORIENTED_EDGE('',*,*,#2076,.F.);
#2717=ORIENTED_EDGE('',*,*,#2080,.F.);
#2718=ORIENTED_EDGE('',*,*,#2081,.T.);
#2719=ORIENTED_EDGE('',*,*,#2082,.F.);
#2720=ORIENTED_EDGE('',*,*,#2058,.T.);
#2721=ORIENTED_EDGE('',*,*,#2065,.F.);
#2722=ORIENTED_EDGE('',*,*,#2077,.F.);
#2723=ORIENTED_EDGE('',*,*,#2079,.T.);
#2724=ORIENTED_EDGE('',*,*,#2083,.F.);
#2725=ORIENTED_EDGE('',*,*,#2084,.F.);
#2726=ORIENTED_EDGE('',*,*,#2081,.F.);
#2727=ORIENTED_EDGE('',*,*,#2078,.T.);
#2728=ORIENTED_EDGE('',*,*,#2047,.T.);
#2729=ORIENTED_EDGE('',*,*,#2085,.F.);
#2730=ORIENTED_EDGE('',*,*,#2083,.T.);
#2731=ORIENTED_EDGE('',*,*,#1973,.F.);
#2732=ORIENTED_EDGE('',*,*,#2086,.T.);
#2733=ORIENTED_EDGE('',*,*,#2087,.T.);
#2734=ORIENTED_EDGE('',*,*,#2040,.T.);
#2735=ORIENTED_EDGE('',*,*,#1976,.F.);
#2736=ORIENTED_EDGE('',*,*,#2088,.F.);
#2737=ORIENTED_EDGE('',*,*,#2089,.F.);
#2738=ORIENTED_EDGE('',*,*,#2086,.F.);
#2739=ORIENTED_EDGE('',*,*,#1979,.F.);
#2740=ORIENTED_EDGE('',*,*,#2090,.T.);
#2741=ORIENTED_EDGE('',*,*,#2091,.T.);
#2742=ORIENTED_EDGE('',*,*,#2088,.T.);
#2743=ORIENTED_EDGE('',*,*,#1955,.F.);
#2744=ORIENTED_EDGE('',*,*,#2092,.F.);
#2745=ORIENTED_EDGE('',*,*,#2093,.F.);
#2746=ORIENTED_EDGE('',*,*,#2090,.F.);
#2747=ORIENTED_EDGE('',*,*,#1981,.F.);
#2748=ORIENTED_EDGE('',*,*,#1958,.F.);
#2749=ORIENTED_EDGE('',*,*,#2094,.T.);
#2750=ORIENTED_EDGE('',*,*,#2095,.T.);
#2751=ORIENTED_EDGE('',*,*,#2092,.T.);
#2752=ORIENTED_EDGE('',*,*,#1961,.F.);
#2753=ORIENTED_EDGE('',*,*,#2096,.T.);
#2754=ORIENTED_EDGE('',*,*,#2097,.F.);
#2755=ORIENTED_EDGE('',*,*,#2094,.F.);
#2756=ORIENTED_EDGE('',*,*,#1992,.F.);
#2757=ORIENTED_EDGE('',*,*,#2033,.T.);
#2758=ORIENTED_EDGE('',*,*,#2098,.F.);
#2759=ORIENTED_EDGE('',*,*,#2096,.F.);
#2760=ORIENTED_EDGE('',*,*,#1963,.F.);
#2761=ORIENTED_EDGE('',*,*,#1985,.F.);
#2762=ORIENTED_EDGE('',*,*,#1990,.F.);
#2763=ORIENTED_EDGE('',*,*,#2043,.T.);
#2764=ORIENTED_EDGE('',*,*,#2007,.F.);
#2765=ORIENTED_EDGE('',*,*,#2099,.T.);
#2766=ORIENTED_EDGE('',*,*,#1995,.F.);
#2767=ORIENTED_EDGE('',*,*,#2003,.F.);
#2768=ORIENTED_EDGE('',*,*,#2099,.F.);
#2769=ORIENTED_EDGE('',*,*,#2014,.F.);
#2770=ORIENTED_EDGE('',*,*,#2012,.F.);
#2771=ORIENTED_EDGE('',*,*,#2087,.F.);
#2772=ORIENTED_EDGE('',*,*,#2089,.T.);
#2773=ORIENTED_EDGE('',*,*,#2091,.F.);
#2774=ORIENTED_EDGE('',*,*,#2093,.T.);
#2775=ORIENTED_EDGE('',*,*,#2095,.F.);
#2776=ORIENTED_EDGE('',*,*,#2097,.T.);
#2777=ORIENTED_EDGE('',*,*,#2098,.T.);
#2778=ORIENTED_EDGE('',*,*,#2032,.T.);
#2779=ORIENTED_EDGE('',*,*,#2035,.F.);
#2780=ORIENTED_EDGE('',*,*,#2037,.T.);
#2781=ORIENTED_EDGE('',*,*,#2039,.F.);
#2782=ORIENTED_EDGE('',*,*,#2041,.T.);
#2783=ORIENTED_EDGE('',*,*,#2046,.T.);
#2784=ORIENTED_EDGE('',*,*,#2050,.T.);
#2785=ORIENTED_EDGE('',*,*,#2054,.T.);
#2786=ORIENTED_EDGE('',*,*,#2074,.T.);
#2787=ORIENTED_EDGE('',*,*,#2071,.T.);
#2788=ORIENTED_EDGE('',*,*,#2068,.T.);
#2789=ORIENTED_EDGE('',*,*,#2066,.T.);
#2790=ORIENTED_EDGE('',*,*,#2059,.T.);
#2791=ORIENTED_EDGE('',*,*,#2055,.T.);
#2792=ORIENTED_EDGE('',*,*,#2082,.T.);
#2793=ORIENTED_EDGE('',*,*,#2084,.T.);
#2794=ORIENTED_EDGE('',*,*,#2085,.T.);
#2795=ORIENTED_EDGE('',*,*,#2100,.T.);
#2796=ORIENTED_EDGE('',*,*,#2101,.T.);
#2797=ORIENTED_EDGE('',*,*,#2102,.T.);
#2798=ORIENTED_EDGE('',*,*,#2103,.T.);
#2799=ORIENTED_EDGE('',*,*,#2104,.T.);
#2800=ORIENTED_EDGE('',*,*,#2102,.F.);
#2801=ORIENTED_EDGE('',*,*,#2105,.F.);
#2802=ORIENTED_EDGE('',*,*,#2106,.T.);
#2803=ORIENTED_EDGE('',*,*,#2107,.T.);
#2804=ORIENTED_EDGE('',*,*,#2100,.F.);
#2805=ORIENTED_EDGE('',*,*,#2108,.T.);
#2806=ORIENTED_EDGE('',*,*,#2105,.T.);
#2807=ORIENTED_EDGE('',*,*,#2101,.F.);
#2808=ORIENTED_EDGE('',*,*,#2107,.F.);
#2809=ORIENTED_EDGE('',*,*,#2108,.F.);
#2810=ORIENTED_EDGE('',*,*,#2106,.F.);
#2811=ORIENTED_EDGE('',*,*,#2103,.F.);
#2812=ORIENTED_EDGE('',*,*,#2104,.F.);
#2813=ORIENTED_EDGE('',*,*,#2109,.T.);
#2814=ORIENTED_EDGE('',*,*,#2110,.F.);
#2815=ORIENTED_EDGE('',*,*,#2111,.F.);
#2816=ORIENTED_EDGE('',*,*,#2112,.T.);
#2817=ORIENTED_EDGE('',*,*,#2113,.T.);
#2818=ORIENTED_EDGE('',*,*,#2114,.T.);
#2819=ORIENTED_EDGE('',*,*,#2115,.F.);
#2820=ORIENTED_EDGE('',*,*,#2116,.F.);
#2821=ORIENTED_EDGE('',*,*,#2117,.T.);
#2822=ORIENTED_EDGE('',*,*,#2118,.T.);
#2823=ORIENTED_EDGE('',*,*,#2119,.T.);
#2824=ORIENTED_EDGE('',*,*,#2120,.F.);
#2825=ORIENTED_EDGE('',*,*,#2121,.F.);
#2826=ORIENTED_EDGE('',*,*,#2114,.F.);
#2827=ORIENTED_EDGE('',*,*,#2122,.T.);
#2828=ORIENTED_EDGE('',*,*,#2123,.F.);
#2829=ORIENTED_EDGE('',*,*,#2124,.T.);
#2830=ORIENTED_EDGE('',*,*,#2125,.F.);
#2831=ORIENTED_EDGE('',*,*,#2126,.T.);
#2832=ORIENTED_EDGE('',*,*,#2127,.T.);
#2833=ORIENTED_EDGE('',*,*,#2128,.T.);
#2834=ORIENTED_EDGE('',*,*,#2129,.F.);
#2835=ORIENTED_EDGE('',*,*,#2130,.F.);
#2836=ORIENTED_EDGE('',*,*,#2123,.T.);
#2837=ORIENTED_EDGE('',*,*,#2131,.T.);
#2838=ORIENTED_EDGE('',*,*,#2132,.T.);
#2839=ORIENTED_EDGE('',*,*,#2133,.F.);
#2840=ORIENTED_EDGE('',*,*,#2134,.T.);
#2841=ORIENTED_EDGE('',*,*,#2135,.F.);
#2842=ORIENTED_EDGE('',*,*,#2136,.F.);
#2843=ORIENTED_EDGE('',*,*,#2129,.T.);
#2844=ORIENTED_EDGE('',*,*,#2137,.T.);
#2845=ORIENTED_EDGE('',*,*,#2138,.T.);
#2846=ORIENTED_EDGE('',*,*,#2139,.T.);
#2847=ORIENTED_EDGE('',*,*,#2140,.T.);
#2848=ORIENTED_EDGE('',*,*,#2141,.T.);
#2849=ORIENTED_EDGE('',*,*,#2138,.F.);
#2850=ORIENTED_EDGE('',*,*,#2142,.T.);
#2851=ORIENTED_EDGE('',*,*,#2143,.F.);
#2852=ORIENTED_EDGE('',*,*,#2144,.T.);
#2853=ORIENTED_EDGE('',*,*,#2145,.T.);
#2854=ORIENTED_EDGE('',*,*,#2146,.T.);
#2855=ORIENTED_EDGE('',*,*,#2140,.F.);
#2856=ORIENTED_EDGE('',*,*,#2147,.T.);
#2857=ORIENTED_EDGE('',*,*,#2148,.T.);
#2858=ORIENTED_EDGE('',*,*,#2145,.F.);
#2859=ORIENTED_EDGE('',*,*,#2149,.T.);
#2860=ORIENTED_EDGE('',*,*,#2150,.T.);
#2861=ORIENTED_EDGE('',*,*,#2147,.F.);
#2862=ORIENTED_EDGE('',*,*,#2151,.T.);
#2863=ORIENTED_EDGE('',*,*,#2143,.T.);
#2864=ORIENTED_EDGE('',*,*,#2150,.F.);
#2865=ORIENTED_EDGE('',*,*,#2152,.T.);
#2866=ORIENTED_EDGE('',*,*,#2153,.F.);
#2867=ORIENTED_EDGE('',*,*,#2154,.F.);
#2868=ORIENTED_EDGE('',*,*,#2142,.F.);
#2869=ORIENTED_EDGE('',*,*,#2155,.T.);
#2870=ORIENTED_EDGE('',*,*,#2156,.F.);
#2871=ORIENTED_EDGE('',*,*,#2119,.F.);
#2872=ORIENTED_EDGE('',*,*,#2113,.F.);
#2873=ORIENTED_EDGE('',*,*,#2157,.F.);
#2874=ORIENTED_EDGE('',*,*,#2158,.F.);
#2875=ORIENTED_EDGE('',*,*,#2159,.F.);
#2876=ORIENTED_EDGE('',*,*,#2160,.F.);
#2877=ORIENTED_EDGE('',*,*,#2161,.F.);
#2878=ORIENTED_EDGE('',*,*,#2162,.F.);
#2879=ORIENTED_EDGE('',*,*,#2163,.F.);
#2880=ORIENTED_EDGE('',*,*,#2131,.F.);
#2881=ORIENTED_EDGE('',*,*,#2128,.F.);
#2882=ORIENTED_EDGE('',*,*,#2122,.F.);
#2883=ORIENTED_EDGE('',*,*,#2164,.F.);
#2884=ORIENTED_EDGE('',*,*,#2165,.F.);
#2885=ORIENTED_EDGE('',*,*,#2152,.F.);
#2886=ORIENTED_EDGE('',*,*,#2137,.F.);
#2887=ORIENTED_EDGE('',*,*,#2166,.T.);
#2888=ORIENTED_EDGE('',*,*,#2167,.F.);
#2889=ORIENTED_EDGE('',*,*,#2155,.F.);
#2890=ORIENTED_EDGE('',*,*,#2139,.F.);
#2891=ORIENTED_EDGE('',*,*,#2141,.F.);
#2892=ORIENTED_EDGE('',*,*,#2151,.F.);
#2893=ORIENTED_EDGE('',*,*,#2149,.F.);
#2894=ORIENTED_EDGE('',*,*,#2144,.F.);
#2895=ORIENTED_EDGE('',*,*,#2146,.F.);
#2896=ORIENTED_EDGE('',*,*,#2168,.T.);
#2897=ORIENTED_EDGE('',*,*,#2169,.F.);
#2898=ORIENTED_EDGE('',*,*,#2166,.F.);
#2899=ORIENTED_EDGE('',*,*,#2148,.F.);
#2900=ORIENTED_EDGE('',*,*,#2154,.T.);
#2901=ORIENTED_EDGE('',*,*,#2170,.F.);
#2902=ORIENTED_EDGE('',*,*,#2168,.F.);
#2903=ORIENTED_EDGE('',*,*,#2167,.T.);
#2904=ORIENTED_EDGE('',*,*,#2169,.T.);
#2905=ORIENTED_EDGE('',*,*,#2170,.T.);
#2906=ORIENTED_EDGE('',*,*,#2153,.T.);
#2907=ORIENTED_EDGE('',*,*,#2165,.T.);
#2908=ORIENTED_EDGE('',*,*,#2171,.T.);
#2909=ORIENTED_EDGE('',*,*,#2172,.F.);
#2910=ORIENTED_EDGE('',*,*,#2173,.F.);
#2911=ORIENTED_EDGE('',*,*,#2174,.F.);
#2912=ORIENTED_EDGE('',*,*,#2120,.T.);
#2913=ORIENTED_EDGE('',*,*,#2156,.T.);
#2914=ORIENTED_EDGE('',*,*,#2125,.T.);
#2915=ORIENTED_EDGE('',*,*,#2175,.T.);
#2916=ORIENTED_EDGE('',*,*,#2173,.T.);
#2917=ORIENTED_EDGE('',*,*,#2176,.T.);
#2918=ORIENTED_EDGE('',*,*,#2176,.F.);
#2919=ORIENTED_EDGE('',*,*,#2172,.T.);
#2920=ORIENTED_EDGE('',*,*,#2177,.T.);
#2921=ORIENTED_EDGE('',*,*,#2126,.F.);
#2922=ORIENTED_EDGE('',*,*,#2171,.F.);
#2923=ORIENTED_EDGE('',*,*,#2164,.T.);
#2924=ORIENTED_EDGE('',*,*,#2127,.F.);
#2925=ORIENTED_EDGE('',*,*,#2177,.F.);
#2926=ORIENTED_EDGE('',*,*,#2157,.T.);
#2927=ORIENTED_EDGE('',*,*,#2118,.F.);
#2928=ORIENTED_EDGE('',*,*,#2178,.T.);
#2929=ORIENTED_EDGE('',*,*,#2179,.T.);
#2930=ORIENTED_EDGE('',*,*,#2175,.F.);
#2931=ORIENTED_EDGE('',*,*,#2124,.F.);
#2932=ORIENTED_EDGE('',*,*,#2130,.T.);
#2933=ORIENTED_EDGE('',*,*,#2136,.T.);
#2934=ORIENTED_EDGE('',*,*,#2180,.F.);
#2935=ORIENTED_EDGE('',*,*,#2181,.F.);
#2936=ORIENTED_EDGE('',*,*,#2182,.F.);
#2937=ORIENTED_EDGE('',*,*,#2115,.T.);
#2938=ORIENTED_EDGE('',*,*,#2121,.T.);
#2939=ORIENTED_EDGE('',*,*,#2174,.T.);
#2940=ORIENTED_EDGE('',*,*,#2183,.T.);
#2941=ORIENTED_EDGE('',*,*,#2178,.F.);
#2942=ORIENTED_EDGE('',*,*,#2117,.F.);
#2943=ORIENTED_EDGE('',*,*,#2184,.T.);
#2944=ORIENTED_EDGE('',*,*,#2159,.T.);
#2945=ORIENTED_EDGE('',*,*,#2185,.F.);
#2946=ORIENTED_EDGE('',*,*,#2111,.T.);
#2947=ORIENTED_EDGE('',*,*,#2186,.F.);
#2948=ORIENTED_EDGE('',*,*,#2187,.F.);
#2949=ORIENTED_EDGE('',*,*,#2188,.F.);
#2950=ORIENTED_EDGE('',*,*,#2133,.T.);
#2951=ORIENTED_EDGE('',*,*,#2189,.T.);
#2952=ORIENTED_EDGE('',*,*,#2163,.T.);
#2953=ORIENTED_EDGE('',*,*,#2190,.F.);
#2954=ORIENTED_EDGE('',*,*,#2189,.F.);
#2955=ORIENTED_EDGE('',*,*,#2132,.F.);
#2956=ORIENTED_EDGE('',*,*,#2162,.T.);
#2957=ORIENTED_EDGE('',*,*,#2191,.T.);
#2958=ORIENTED_EDGE('',*,*,#2192,.F.);
#2959=ORIENTED_EDGE('',*,*,#2190,.T.);
#2960=ORIENTED_EDGE('',*,*,#2187,.T.);
#2961=ORIENTED_EDGE('',*,*,#2192,.T.);
#2962=ORIENTED_EDGE('',*,*,#2193,.T.);
#2963=ORIENTED_EDGE('',*,*,#2194,.T.);
#2964=ORIENTED_EDGE('',*,*,#2160,.T.);
#2965=ORIENTED_EDGE('',*,*,#2186,.T.);
#2966=ORIENTED_EDGE('',*,*,#2195,.F.);
#2967=ORIENTED_EDGE('',*,*,#2196,.T.);
#2968=ORIENTED_EDGE('',*,*,#2197,.T.);
#2969=ORIENTED_EDGE('',*,*,#2195,.T.);
#2970=ORIENTED_EDGE('',*,*,#2110,.T.);
#2971=ORIENTED_EDGE('',*,*,#2198,.F.);
#2972=ORIENTED_EDGE('',*,*,#2199,.T.);
#2973=ORIENTED_EDGE('',*,*,#2184,.F.);
#2974=ORIENTED_EDGE('',*,*,#2116,.T.);
#2975=ORIENTED_EDGE('',*,*,#2182,.T.);
#2976=ORIENTED_EDGE('',*,*,#2200,.T.);
#2977=ORIENTED_EDGE('',*,*,#2180,.T.);
#2978=ORIENTED_EDGE('',*,*,#2135,.T.);
#2979=ORIENTED_EDGE('',*,*,#2201,.T.);
#2980=ORIENTED_EDGE('',*,*,#2158,.T.);
#2981=ORIENTED_EDGE('',*,*,#2179,.F.);
#2982=ORIENTED_EDGE('',*,*,#2183,.F.);
#2983=ORIENTED_EDGE('',*,*,#2199,.F.);
#2984=ORIENTED_EDGE('',*,*,#2181,.T.);
#2985=ORIENTED_EDGE('',*,*,#2200,.F.);
#2986=ORIENTED_EDGE('',*,*,#2202,.T.);
#2987=ORIENTED_EDGE('',*,*,#2203,.T.);
#2988=ORIENTED_EDGE('',*,*,#2204,.T.);
#2989=ORIENTED_EDGE('',*,*,#2205,.T.);
#2990=ORIENTED_EDGE('',*,*,#2206,.T.);
#2991=ORIENTED_EDGE('',*,*,#2112,.F.);
#2992=ORIENTED_EDGE('',*,*,#2185,.T.);
#2993=ORIENTED_EDGE('',*,*,#2207,.F.);
#2994=ORIENTED_EDGE('',*,*,#2208,.T.);
#2995=ORIENTED_EDGE('',*,*,#2202,.F.);
#2996=ORIENTED_EDGE('',*,*,#2201,.F.);
#2997=ORIENTED_EDGE('',*,*,#2134,.F.);
#2998=ORIENTED_EDGE('',*,*,#2188,.T.);
#2999=ORIENTED_EDGE('',*,*,#2209,.T.);
#3000=ORIENTED_EDGE('',*,*,#2210,.F.);
#3001=ORIENTED_EDGE('',*,*,#2211,.F.);
#3002=ORIENTED_EDGE('',*,*,#2207,.T.);
#3003=ORIENTED_EDGE('',*,*,#2194,.F.);
#3004=ORIENTED_EDGE('',*,*,#2210,.T.);
#3005=ORIENTED_EDGE('',*,*,#2212,.T.);
#3006=ORIENTED_EDGE('',*,*,#2213,.T.);
#3007=ORIENTED_EDGE('',*,*,#2214,.T.);
#3008=ORIENTED_EDGE('',*,*,#2215,.T.);
#3009=ORIENTED_EDGE('',*,*,#2216,.T.);
#3010=ORIENTED_EDGE('',*,*,#2161,.T.);
#3011=ORIENTED_EDGE('',*,*,#2196,.F.);
#3012=ORIENTED_EDGE('',*,*,#2197,.F.);
#3013=ORIENTED_EDGE('',*,*,#2217,.F.);
#3014=ORIENTED_EDGE('',*,*,#2212,.F.);
#3015=ORIENTED_EDGE('',*,*,#2209,.F.);
#3016=ORIENTED_EDGE('',*,*,#2193,.F.);
#3017=ORIENTED_EDGE('',*,*,#2191,.F.);
#3018=ORIENTED_EDGE('',*,*,#2216,.F.);
#3019=ORIENTED_EDGE('',*,*,#2218,.T.);
#3020=ORIENTED_EDGE('',*,*,#2203,.F.);
#3021=ORIENTED_EDGE('',*,*,#2208,.F.);
#3022=ORIENTED_EDGE('',*,*,#2211,.T.);
#3023=ORIENTED_EDGE('',*,*,#2215,.F.);
#3024=ORIENTED_EDGE('',*,*,#2219,.T.);
#3025=ORIENTED_EDGE('',*,*,#2204,.F.);
#3026=ORIENTED_EDGE('',*,*,#2218,.F.);
#3027=ORIENTED_EDGE('',*,*,#2214,.F.);
#3028=ORIENTED_EDGE('',*,*,#2220,.T.);
#3029=ORIENTED_EDGE('',*,*,#2221,.T.);
#3030=ORIENTED_EDGE('',*,*,#2205,.F.);
#3031=ORIENTED_EDGE('',*,*,#2219,.F.);
#3032=ORIENTED_EDGE('',*,*,#2221,.F.);
#3033=ORIENTED_EDGE('',*,*,#2222,.F.);
#3034=ORIENTED_EDGE('',*,*,#2109,.F.);
#3035=ORIENTED_EDGE('',*,*,#2206,.F.);
#3036=ORIENTED_EDGE('',*,*,#2222,.T.);
#3037=ORIENTED_EDGE('',*,*,#2220,.F.);
#3038=ORIENTED_EDGE('',*,*,#2213,.F.);
#3039=ORIENTED_EDGE('',*,*,#2217,.T.);
#3040=ORIENTED_EDGE('',*,*,#2198,.T.);
#3041=ORIENTED_EDGE('',*,*,#2223,.T.);
#3042=ORIENTED_EDGE('',*,*,#2224,.T.);
#3043=ORIENTED_EDGE('',*,*,#2225,.T.);
#3044=ORIENTED_EDGE('',*,*,#2226,.T.);
#3045=ORIENTED_EDGE('',*,*,#2224,.F.);
#3046=ORIENTED_EDGE('',*,*,#2227,.T.);
#3047=ORIENTED_EDGE('',*,*,#2228,.T.);
#3048=ORIENTED_EDGE('',*,*,#2229,.T.);
#3049=ORIENTED_EDGE('',*,*,#2230,.T.);
#3050=ORIENTED_EDGE('',*,*,#2228,.F.);
#3051=ORIENTED_EDGE('',*,*,#2231,.T.);
#3052=ORIENTED_EDGE('',*,*,#2232,.T.);
#3053=ORIENTED_EDGE('',*,*,#2233,.T.);
#3054=ORIENTED_EDGE('',*,*,#2226,.F.);
#3055=ORIENTED_EDGE('',*,*,#2234,.T.);
#3056=ORIENTED_EDGE('',*,*,#2235,.T.);
#3057=ORIENTED_EDGE('',*,*,#2236,.T.);
#3058=ORIENTED_EDGE('',*,*,#2232,.F.);
#3059=ORIENTED_EDGE('',*,*,#2237,.T.);
#3060=ORIENTED_EDGE('',*,*,#2235,.F.);
#3061=ORIENTED_EDGE('',*,*,#2231,.F.);
#3062=ORIENTED_EDGE('',*,*,#2238,.F.);
#3063=ORIENTED_EDGE('',*,*,#2239,.F.);
#3064=ORIENTED_EDGE('',*,*,#2240,.F.);
#3065=ORIENTED_EDGE('',*,*,#2227,.F.);
#3066=ORIENTED_EDGE('',*,*,#2241,.T.);
#3067=ORIENTED_EDGE('',*,*,#2242,.T.);
#3068=ORIENTED_EDGE('',*,*,#2238,.T.);
#3069=ORIENTED_EDGE('',*,*,#2223,.F.);
#3070=ORIENTED_EDGE('',*,*,#2243,.T.);
#3071=ORIENTED_EDGE('',*,*,#2244,.F.);
#3072=ORIENTED_EDGE('',*,*,#2241,.F.);
#3073=ORIENTED_EDGE('',*,*,#2245,.F.);
#3074=ORIENTED_EDGE('',*,*,#2246,.F.);
#3075=ORIENTED_EDGE('',*,*,#2247,.F.);
#3076=ORIENTED_EDGE('',*,*,#2248,.F.);
#3077=ORIENTED_EDGE('',*,*,#2249,.F.);
#3078=ORIENTED_EDGE('',*,*,#2250,.F.);
#3079=ORIENTED_EDGE('',*,*,#2251,.F.);
#3080=ORIENTED_EDGE('',*,*,#2252,.F.);
#3081=ORIENTED_EDGE('',*,*,#2253,.F.);
#3082=ORIENTED_EDGE('',*,*,#2254,.F.);
#3083=ORIENTED_EDGE('',*,*,#2255,.F.);
#3084=ORIENTED_EDGE('',*,*,#2256,.F.);
#3085=ORIENTED_EDGE('',*,*,#2257,.F.);
#3086=ORIENTED_EDGE('',*,*,#2258,.F.);
#3087=ORIENTED_EDGE('',*,*,#2259,.F.);
#3088=ORIENTED_EDGE('',*,*,#2260,.F.);
#3089=ORIENTED_EDGE('',*,*,#2261,.F.);
#3090=ORIENTED_EDGE('',*,*,#2262,.F.);
#3091=ORIENTED_EDGE('',*,*,#2263,.F.);
#3092=ORIENTED_EDGE('',*,*,#2264,.F.);
#3093=ORIENTED_EDGE('',*,*,#2225,.F.);
#3094=ORIENTED_EDGE('',*,*,#2229,.F.);
#3095=ORIENTED_EDGE('',*,*,#2230,.F.);
#3096=ORIENTED_EDGE('',*,*,#2236,.F.);
#3097=ORIENTED_EDGE('',*,*,#2234,.F.);
#3098=ORIENTED_EDGE('',*,*,#2259,.T.);
#3099=ORIENTED_EDGE('',*,*,#2265,.T.);
#3100=ORIENTED_EDGE('',*,*,#2266,.T.);
#3101=ORIENTED_EDGE('',*,*,#2267,.T.);
#3102=ORIENTED_EDGE('',*,*,#2260,.T.);
#3103=ORIENTED_EDGE('',*,*,#2267,.F.);
#3104=ORIENTED_EDGE('',*,*,#2268,.T.);
#3105=ORIENTED_EDGE('',*,*,#2269,.F.);
#3106=ORIENTED_EDGE('',*,*,#2270,.T.);
#3107=ORIENTED_EDGE('',*,*,#2271,.T.);
#3108=ORIENTED_EDGE('',*,*,#2265,.F.);
#3109=ORIENTED_EDGE('',*,*,#2264,.T.);
#3110=ORIENTED_EDGE('',*,*,#2272,.T.);
#3111=ORIENTED_EDGE('',*,*,#2273,.T.);
#3112=ORIENTED_EDGE('',*,*,#2270,.F.);
#3113=ORIENTED_EDGE('',*,*,#2263,.T.);
#3114=ORIENTED_EDGE('',*,*,#2274,.T.);
#3115=ORIENTED_EDGE('',*,*,#2275,.T.);
#3116=ORIENTED_EDGE('',*,*,#2272,.F.);
#3117=ORIENTED_EDGE('',*,*,#2262,.T.);
#3118=ORIENTED_EDGE('',*,*,#2276,.T.);
#3119=ORIENTED_EDGE('',*,*,#2274,.F.);
#3120=ORIENTED_EDGE('',*,*,#2261,.T.);
#3121=ORIENTED_EDGE('',*,*,#2269,.T.);
#3122=ORIENTED_EDGE('',*,*,#2276,.F.);
#3123=ORIENTED_EDGE('',*,*,#2277,.T.);
#3124=ORIENTED_EDGE('',*,*,#2278,.T.);
#3125=ORIENTED_EDGE('',*,*,#2279,.F.);
#3126=ORIENTED_EDGE('',*,*,#2280,.F.);
#3127=ORIENTED_EDGE('',*,*,#2281,.T.);
#3128=ORIENTED_EDGE('',*,*,#2282,.F.);
#3129=ORIENTED_EDGE('',*,*,#2268,.F.);
#3130=ORIENTED_EDGE('',*,*,#2283,.F.);
#3131=ORIENTED_EDGE('',*,*,#2284,.T.);
#3132=ORIENTED_EDGE('',*,*,#2277,.F.);
#3133=ORIENTED_EDGE('',*,*,#2266,.F.);
#3134=ORIENTED_EDGE('',*,*,#2285,.F.);
#3135=ORIENTED_EDGE('',*,*,#2286,.F.);
#3136=ORIENTED_EDGE('',*,*,#2287,.F.);
#3137=ORIENTED_EDGE('',*,*,#2288,.F.);
#3138=ORIENTED_EDGE('',*,*,#2289,.T.);
#3139=ORIENTED_EDGE('',*,*,#2290,.F.);
#3140=ORIENTED_EDGE('',*,*,#2291,.T.);
#3141=ORIENTED_EDGE('',*,*,#2292,.F.);
#3142=ORIENTED_EDGE('',*,*,#2293,.T.);
#3143=ORIENTED_EDGE('',*,*,#2283,.T.);
#3144=ORIENTED_EDGE('',*,*,#2254,.T.);
#3145=ORIENTED_EDGE('',*,*,#2294,.T.);
#3146=ORIENTED_EDGE('',*,*,#2295,.T.);
#3147=ORIENTED_EDGE('',*,*,#2296,.F.);
#3148=ORIENTED_EDGE('',*,*,#2297,.T.);
#3149=ORIENTED_EDGE('',*,*,#2298,.T.);
#3150=ORIENTED_EDGE('',*,*,#2245,.T.);
#3151=ORIENTED_EDGE('',*,*,#2299,.T.);
#3152=ORIENTED_EDGE('',*,*,#2253,.T.);
#3153=ORIENTED_EDGE('',*,*,#2300,.T.);
#3154=ORIENTED_EDGE('',*,*,#2301,.T.);
#3155=ORIENTED_EDGE('',*,*,#2294,.F.);
#3156=ORIENTED_EDGE('',*,*,#2252,.T.);
#3157=ORIENTED_EDGE('',*,*,#2302,.T.);
#3158=ORIENTED_EDGE('',*,*,#2303,.T.);
#3159=ORIENTED_EDGE('',*,*,#2300,.F.);
#3160=ORIENTED_EDGE('',*,*,#2304,.T.);
#3161=ORIENTED_EDGE('',*,*,#2305,.T.);
#3162=ORIENTED_EDGE('',*,*,#2302,.F.);
#3163=ORIENTED_EDGE('',*,*,#2251,.T.);
#3164=ORIENTED_EDGE('',*,*,#2306,.T.);
#3165=ORIENTED_EDGE('',*,*,#2307,.T.);
#3166=ORIENTED_EDGE('',*,*,#2304,.F.);
#3167=ORIENTED_EDGE('',*,*,#2250,.T.);
#3168=ORIENTED_EDGE('',*,*,#2308,.T.);
#3169=ORIENTED_EDGE('',*,*,#2309,.T.);
#3170=ORIENTED_EDGE('',*,*,#2306,.F.);
#3171=ORIENTED_EDGE('',*,*,#2249,.T.);
#3172=ORIENTED_EDGE('',*,*,#2308,.F.);
#3173=ORIENTED_EDGE('',*,*,#2248,.T.);
#3174=ORIENTED_EDGE('',*,*,#2310,.T.);
#3175=ORIENTED_EDGE('',*,*,#2311,.T.);
#3176=ORIENTED_EDGE('',*,*,#2310,.F.);
#3177=ORIENTED_EDGE('',*,*,#2247,.T.);
#3178=ORIENTED_EDGE('',*,*,#2312,.T.);
#3179=ORIENTED_EDGE('',*,*,#2313,.T.);
#3180=ORIENTED_EDGE('',*,*,#2314,.T.);
#3181=ORIENTED_EDGE('',*,*,#2312,.F.);
#3182=ORIENTED_EDGE('',*,*,#2246,.T.);
#3183=ORIENTED_EDGE('',*,*,#2298,.F.);
#3184=ORIENTED_EDGE('',*,*,#2315,.T.);
#3185=ORIENTED_EDGE('',*,*,#2299,.F.);
#3186=ORIENTED_EDGE('',*,*,#2258,.T.);
#3187=ORIENTED_EDGE('',*,*,#2316,.T.);
#3188=ORIENTED_EDGE('',*,*,#2257,.T.);
#3189=ORIENTED_EDGE('',*,*,#2317,.T.);
#3190=ORIENTED_EDGE('',*,*,#2318,.T.);
#3191=ORIENTED_EDGE('',*,*,#2316,.F.);
#3192=ORIENTED_EDGE('',*,*,#2319,.T.);
#3193=ORIENTED_EDGE('',*,*,#2320,.T.);
#3194=ORIENTED_EDGE('',*,*,#2317,.F.);
#3195=ORIENTED_EDGE('',*,*,#2256,.T.);
#3196=ORIENTED_EDGE('',*,*,#2321,.T.);
#3197=ORIENTED_EDGE('',*,*,#2319,.F.);
#3198=ORIENTED_EDGE('',*,*,#2255,.T.);
#3199=ORIENTED_EDGE('',*,*,#2296,.T.);
#3200=ORIENTED_EDGE('',*,*,#2305,.F.);
#3201=ORIENTED_EDGE('',*,*,#2322,.T.);
#3202=ORIENTED_EDGE('',*,*,#2323,.T.);
#3203=ORIENTED_EDGE('',*,*,#2324,.T.);
#3204=ORIENTED_EDGE('',*,*,#2307,.F.);
#3205=ORIENTED_EDGE('',*,*,#2325,.F.);
#3206=ORIENTED_EDGE('',*,*,#2326,.T.);
#3207=ORIENTED_EDGE('',*,*,#2322,.F.);
#3208=ORIENTED_EDGE('',*,*,#2309,.F.);
#3209=ORIENTED_EDGE('',*,*,#2327,.T.);
#3210=ORIENTED_EDGE('',*,*,#2328,.T.);
#3211=ORIENTED_EDGE('',*,*,#2325,.T.);
#3212=ORIENTED_EDGE('',*,*,#2311,.F.);
#3213=ORIENTED_EDGE('',*,*,#2329,.T.);
#3214=ORIENTED_EDGE('',*,*,#2330,.T.);
#3215=ORIENTED_EDGE('',*,*,#2331,.F.);
#3216=ORIENTED_EDGE('',*,*,#2332,.F.);
#3217=ORIENTED_EDGE('',*,*,#2333,.T.);
#3218=ORIENTED_EDGE('',*,*,#2334,.F.);
#3219=ORIENTED_EDGE('',*,*,#2335,.F.);
#3220=ORIENTED_EDGE('',*,*,#2336,.F.);
#3221=ORIENTED_EDGE('',*,*,#2337,.T.);
#3222=ORIENTED_EDGE('',*,*,#2327,.F.);
#3223=ORIENTED_EDGE('',*,*,#2313,.F.);
#3224=ORIENTED_EDGE('',*,*,#2338,.T.);
#3225=ORIENTED_EDGE('',*,*,#2339,.T.);
#3226=ORIENTED_EDGE('',*,*,#2329,.F.);
#3227=ORIENTED_EDGE('',*,*,#2314,.F.);
#3228=ORIENTED_EDGE('',*,*,#2340,.T.);
#3229=ORIENTED_EDGE('',*,*,#2341,.T.);
#3230=ORIENTED_EDGE('',*,*,#2338,.F.);
#3231=ORIENTED_EDGE('',*,*,#2237,.F.);
#3232=ORIENTED_EDGE('',*,*,#2240,.T.);
#3233=ORIENTED_EDGE('',*,*,#2342,.F.);
#3234=ORIENTED_EDGE('',*,*,#2343,.F.);
#3235=ORIENTED_EDGE('',*,*,#2344,.F.);
#3236=ORIENTED_EDGE('',*,*,#2280,.T.);
#3237=ORIENTED_EDGE('',*,*,#2345,.F.);
#3238=ORIENTED_EDGE('',*,*,#2346,.T.);
#3239=ORIENTED_EDGE('',*,*,#2347,.T.);
#3240=ORIENTED_EDGE('',*,*,#2348,.F.);
#3241=ORIENTED_EDGE('',*,*,#2349,.T.);
#3242=ORIENTED_EDGE('',*,*,#2350,.F.);
#3243=ORIENTED_EDGE('',*,*,#2351,.F.);
#3244=ORIENTED_EDGE('',*,*,#2340,.F.);
#3245=ORIENTED_EDGE('',*,*,#2297,.F.);
#3246=ORIENTED_EDGE('',*,*,#2352,.T.);
#3247=ORIENTED_EDGE('',*,*,#2353,.T.);
#3248=ORIENTED_EDGE('',*,*,#2354,.F.);
#3249=ORIENTED_EDGE('',*,*,#2328,.F.);
#3250=ORIENTED_EDGE('',*,*,#2337,.F.);
#3251=ORIENTED_EDGE('',*,*,#2355,.F.);
#3252=ORIENTED_EDGE('',*,*,#2356,.T.);
#3253=ORIENTED_EDGE('',*,*,#2323,.F.);
#3254=ORIENTED_EDGE('',*,*,#2326,.F.);
#3255=ORIENTED_EDGE('',*,*,#2303,.F.);
#3256=ORIENTED_EDGE('',*,*,#2324,.F.);
#3257=ORIENTED_EDGE('',*,*,#2356,.F.);
#3258=ORIENTED_EDGE('',*,*,#2357,.T.);
#3259=ORIENTED_EDGE('',*,*,#2358,.F.);
#3260=ORIENTED_EDGE('',*,*,#2359,.T.);
#3261=ORIENTED_EDGE('',*,*,#2360,.F.);
#3262=ORIENTED_EDGE('',*,*,#2361,.T.);
#3263=ORIENTED_EDGE('',*,*,#2362,.F.);
#3264=ORIENTED_EDGE('',*,*,#2363,.T.);
#3265=ORIENTED_EDGE('',*,*,#2320,.F.);
#3266=ORIENTED_EDGE('',*,*,#2364,.T.);
#3267=ORIENTED_EDGE('',*,*,#2365,.T.);
#3268=ORIENTED_EDGE('',*,*,#2366,.T.);
#3269=ORIENTED_EDGE('',*,*,#2318,.F.);
#3270=ORIENTED_EDGE('',*,*,#2366,.F.);
#3271=ORIENTED_EDGE('',*,*,#2367,.F.);
#3272=ORIENTED_EDGE('',*,*,#2368,.F.);
#3273=ORIENTED_EDGE('',*,*,#2233,.F.);
#3274=ORIENTED_EDGE('',*,*,#2354,.T.);
#3275=ORIENTED_EDGE('',*,*,#2369,.F.);
#3276=ORIENTED_EDGE('',*,*,#2243,.F.);
#3277=ORIENTED_EDGE('',*,*,#2315,.F.);
#3278=ORIENTED_EDGE('',*,*,#2368,.T.);
#3279=ORIENTED_EDGE('',*,*,#2370,.F.);
#3280=ORIENTED_EDGE('',*,*,#2352,.F.);
#3281=ORIENTED_EDGE('',*,*,#2365,.F.);
#3282=ORIENTED_EDGE('',*,*,#2371,.T.);
#3283=ORIENTED_EDGE('',*,*,#2372,.F.);
#3284=ORIENTED_EDGE('',*,*,#2342,.T.);
#3285=ORIENTED_EDGE('',*,*,#2239,.T.);
#3286=ORIENTED_EDGE('',*,*,#2242,.F.);
#3287=ORIENTED_EDGE('',*,*,#2244,.T.);
#3288=ORIENTED_EDGE('',*,*,#2369,.T.);
#3289=ORIENTED_EDGE('',*,*,#2353,.F.);
#3290=ORIENTED_EDGE('',*,*,#2370,.T.);
#3291=ORIENTED_EDGE('',*,*,#2367,.T.);
#3292=ORIENTED_EDGE('',*,*,#2351,.T.);
#3293=ORIENTED_EDGE('',*,*,#2373,.T.);
#3294=ORIENTED_EDGE('',*,*,#2374,.T.);
#3295=ORIENTED_EDGE('',*,*,#2375,.T.);
#3296=ORIENTED_EDGE('',*,*,#2376,.T.);
#3297=ORIENTED_EDGE('',*,*,#2377,.T.);
#3298=ORIENTED_EDGE('',*,*,#2378,.T.);
#3299=ORIENTED_EDGE('',*,*,#2379,.T.);
#3300=ORIENTED_EDGE('',*,*,#2380,.T.);
#3301=ORIENTED_EDGE('',*,*,#2381,.F.);
#3302=ORIENTED_EDGE('',*,*,#2382,.F.);
#3303=ORIENTED_EDGE('',*,*,#2383,.T.);
#3304=ORIENTED_EDGE('',*,*,#2333,.F.);
#3305=ORIENTED_EDGE('',*,*,#2384,.T.);
#3306=ORIENTED_EDGE('',*,*,#2385,.F.);
#3307=ORIENTED_EDGE('',*,*,#2386,.T.);
#3308=ORIENTED_EDGE('',*,*,#2330,.F.);
#3309=ORIENTED_EDGE('',*,*,#2339,.F.);
#3310=ORIENTED_EDGE('',*,*,#2341,.F.);
#3311=ORIENTED_EDGE('',*,*,#2348,.T.);
#3312=ORIENTED_EDGE('',*,*,#2387,.F.);
#3313=ORIENTED_EDGE('',*,*,#2388,.F.);
#3314=ORIENTED_EDGE('',*,*,#2389,.F.);
#3315=ORIENTED_EDGE('',*,*,#2390,.F.);
#3316=ORIENTED_EDGE('',*,*,#2391,.F.);
#3317=ORIENTED_EDGE('',*,*,#2392,.F.);
#3318=ORIENTED_EDGE('',*,*,#2393,.F.);
#3319=ORIENTED_EDGE('',*,*,#2394,.F.);
#3320=ORIENTED_EDGE('',*,*,#2395,.F.);
#3321=ORIENTED_EDGE('',*,*,#2355,.T.);
#3322=ORIENTED_EDGE('',*,*,#2336,.T.);
#3323=ORIENTED_EDGE('',*,*,#2396,.F.);
#3324=ORIENTED_EDGE('',*,*,#2357,.F.);
#3325=ORIENTED_EDGE('',*,*,#2335,.T.);
#3326=ORIENTED_EDGE('',*,*,#2397,.T.);
#3327=ORIENTED_EDGE('',*,*,#2358,.T.);
#3328=ORIENTED_EDGE('',*,*,#2396,.T.);
#3329=ORIENTED_EDGE('',*,*,#2334,.T.);
#3330=ORIENTED_EDGE('',*,*,#2383,.F.);
#3331=ORIENTED_EDGE('',*,*,#2398,.F.);
#3332=ORIENTED_EDGE('',*,*,#2399,.F.);
#3333=ORIENTED_EDGE('',*,*,#2400,.F.);
#3334=ORIENTED_EDGE('',*,*,#2401,.F.);
#3335=ORIENTED_EDGE('',*,*,#2402,.F.);
#3336=ORIENTED_EDGE('',*,*,#2403,.T.);
#3337=ORIENTED_EDGE('',*,*,#2404,.F.);
#3338=ORIENTED_EDGE('',*,*,#2359,.F.);
#3339=ORIENTED_EDGE('',*,*,#2397,.F.);
#3340=ORIENTED_EDGE('',*,*,#2287,.T.);
#3341=ORIENTED_EDGE('',*,*,#2405,.T.);
#3342=ORIENTED_EDGE('',*,*,#2406,.T.);
#3343=ORIENTED_EDGE('',*,*,#2407,.T.);
#3344=ORIENTED_EDGE('',*,*,#2321,.F.);
#3345=ORIENTED_EDGE('',*,*,#2408,.T.);
#3346=ORIENTED_EDGE('',*,*,#2406,.F.);
#3347=ORIENTED_EDGE('',*,*,#2409,.F.);
#3348=ORIENTED_EDGE('',*,*,#2410,.F.);
#3349=ORIENTED_EDGE('',*,*,#2371,.F.);
#3350=ORIENTED_EDGE('',*,*,#2364,.F.);
#3351=ORIENTED_EDGE('',*,*,#2405,.F.);
#3352=ORIENTED_EDGE('',*,*,#2286,.T.);
#3353=ORIENTED_EDGE('',*,*,#2411,.F.);
#3354=ORIENTED_EDGE('',*,*,#2412,.T.);
#3355=ORIENTED_EDGE('',*,*,#2413,.F.);
#3356=ORIENTED_EDGE('',*,*,#2281,.F.);
#3357=ORIENTED_EDGE('',*,*,#2344,.T.);
#3358=ORIENTED_EDGE('',*,*,#2414,.F.);
#3359=ORIENTED_EDGE('',*,*,#2409,.T.);
#3360=ORIENTED_EDGE('',*,*,#2402,.T.);
#3361=ORIENTED_EDGE('',*,*,#2415,.T.);
#3362=ORIENTED_EDGE('',*,*,#2416,.T.);
#3363=ORIENTED_EDGE('',*,*,#2417,.T.);
#3364=ORIENTED_EDGE('',*,*,#2417,.F.);
#3365=ORIENTED_EDGE('',*,*,#2418,.T.);
#3366=ORIENTED_EDGE('',*,*,#2419,.F.);
#3367=ORIENTED_EDGE('',*,*,#2403,.F.);
#3368=ORIENTED_EDGE('',*,*,#2420,.T.);
#3369=ORIENTED_EDGE('',*,*,#2360,.T.);
#3370=ORIENTED_EDGE('',*,*,#2404,.T.);
#3371=ORIENTED_EDGE('',*,*,#2419,.T.);
#3372=ORIENTED_EDGE('',*,*,#2362,.T.);
#3373=ORIENTED_EDGE('',*,*,#2421,.T.);
#3374=ORIENTED_EDGE('',*,*,#2422,.T.);
#3375=ORIENTED_EDGE('',*,*,#2423,.T.);
#3376=ORIENTED_EDGE('',*,*,#2424,.T.);
#3377=ORIENTED_EDGE('',*,*,#2425,.T.);
#3378=ORIENTED_EDGE('',*,*,#2422,.F.);
#3379=ORIENTED_EDGE('',*,*,#2426,.T.);
#3380=ORIENTED_EDGE('',*,*,#2332,.T.);
#3381=ORIENTED_EDGE('',*,*,#2427,.F.);
#3382=ORIENTED_EDGE('',*,*,#2428,.F.);
#3383=ORIENTED_EDGE('',*,*,#2426,.F.);
#3384=ORIENTED_EDGE('',*,*,#2421,.F.);
#3385=ORIENTED_EDGE('',*,*,#2361,.F.);
#3386=ORIENTED_EDGE('',*,*,#2420,.F.);
#3387=ORIENTED_EDGE('',*,*,#2418,.F.);
#3388=ORIENTED_EDGE('',*,*,#2416,.F.);
#3389=ORIENTED_EDGE('',*,*,#2429,.F.);
#3390=ORIENTED_EDGE('',*,*,#2430,.F.);
#3391=ORIENTED_EDGE('',*,*,#2431,.F.);
#3392=ORIENTED_EDGE('',*,*,#2432,.F.);
#3393=ORIENTED_EDGE('',*,*,#2384,.F.);
#3394=ORIENTED_EDGE('',*,*,#2425,.F.);
#3395=ORIENTED_EDGE('',*,*,#2433,.T.);
#3396=ORIENTED_EDGE('',*,*,#2434,.F.);
#3397=ORIENTED_EDGE('',*,*,#2435,.T.);
#3398=ORIENTED_EDGE('',*,*,#2301,.F.);
#3399=ORIENTED_EDGE('',*,*,#2363,.F.);
#3400=ORIENTED_EDGE('',*,*,#2423,.F.);
#3401=ORIENTED_EDGE('',*,*,#2435,.F.);
#3402=ORIENTED_EDGE('',*,*,#2436,.T.);
#3403=ORIENTED_EDGE('',*,*,#2437,.F.);
#3404=ORIENTED_EDGE('',*,*,#2415,.F.);
#3405=ORIENTED_EDGE('',*,*,#2401,.T.);
#3406=ORIENTED_EDGE('',*,*,#2438,.T.);
#3407=ORIENTED_EDGE('',*,*,#2429,.T.);
#3408=ORIENTED_EDGE('',*,*,#2427,.T.);
#3409=ORIENTED_EDGE('',*,*,#2331,.T.);
#3410=ORIENTED_EDGE('',*,*,#2386,.F.);
#3411=ORIENTED_EDGE('',*,*,#2439,.T.);
#3412=ORIENTED_EDGE('',*,*,#2295,.F.);
#3413=ORIENTED_EDGE('',*,*,#2437,.T.);
#3414=ORIENTED_EDGE('',*,*,#2440,.F.);
#3415=ORIENTED_EDGE('',*,*,#2288,.T.);
#3416=ORIENTED_EDGE('',*,*,#2407,.F.);
#3417=ORIENTED_EDGE('',*,*,#2408,.F.);
#3418=ORIENTED_EDGE('',*,*,#2400,.T.);
#3419=ORIENTED_EDGE('',*,*,#2441,.F.);
#3420=ORIENTED_EDGE('',*,*,#2442,.T.);
#3421=ORIENTED_EDGE('',*,*,#2399,.T.);
#3422=ORIENTED_EDGE('',*,*,#2443,.T.);
#3423=ORIENTED_EDGE('',*,*,#2444,.F.);
#3424=ORIENTED_EDGE('',*,*,#2445,.T.);
#3425=ORIENTED_EDGE('',*,*,#2441,.T.);
#3426=ORIENTED_EDGE('',*,*,#2345,.T.);
#3427=ORIENTED_EDGE('',*,*,#2279,.T.);
#3428=ORIENTED_EDGE('',*,*,#2446,.T.);
#3429=ORIENTED_EDGE('',*,*,#2447,.T.);
#3430=ORIENTED_EDGE('',*,*,#2431,.T.);
#3431=ORIENTED_EDGE('',*,*,#2448,.T.);
#3432=ORIENTED_EDGE('',*,*,#2449,.T.);
#3433=ORIENTED_EDGE('',*,*,#2450,.T.);
#3434=ORIENTED_EDGE('',*,*,#2398,.T.);
#3435=ORIENTED_EDGE('',*,*,#2382,.T.);
#3436=ORIENTED_EDGE('',*,*,#2451,.F.);
#3437=ORIENTED_EDGE('',*,*,#2443,.F.);
#3438=ORIENTED_EDGE('',*,*,#2275,.F.);
#3439=ORIENTED_EDGE('',*,*,#2282,.T.);
#3440=ORIENTED_EDGE('',*,*,#2413,.T.);
#3441=ORIENTED_EDGE('',*,*,#2452,.T.);
#3442=ORIENTED_EDGE('',*,*,#2273,.F.);
#3443=ORIENTED_EDGE('',*,*,#2452,.F.);
#3444=ORIENTED_EDGE('',*,*,#2412,.F.);
#3445=ORIENTED_EDGE('',*,*,#2453,.F.);
#3446=ORIENTED_EDGE('',*,*,#2372,.T.);
#3447=ORIENTED_EDGE('',*,*,#2410,.T.);
#3448=ORIENTED_EDGE('',*,*,#2414,.T.);
#3449=ORIENTED_EDGE('',*,*,#2343,.T.);
#3450=ORIENTED_EDGE('',*,*,#2271,.F.);
#3451=ORIENTED_EDGE('',*,*,#2453,.T.);
#3452=ORIENTED_EDGE('',*,*,#2411,.T.);
#3453=ORIENTED_EDGE('',*,*,#2285,.T.);
#3454=ORIENTED_EDGE('',*,*,#2290,.T.);
#3455=ORIENTED_EDGE('',*,*,#2454,.T.);
#3456=ORIENTED_EDGE('',*,*,#2455,.T.);
#3457=ORIENTED_EDGE('',*,*,#2456,.T.);
#3458=ORIENTED_EDGE('',*,*,#2434,.T.);
#3459=ORIENTED_EDGE('',*,*,#2457,.F.);
#3460=ORIENTED_EDGE('',*,*,#2458,.F.);
#3461=ORIENTED_EDGE('',*,*,#2454,.F.);
#3462=ORIENTED_EDGE('',*,*,#2289,.F.);
#3463=ORIENTED_EDGE('',*,*,#2440,.T.);
#3464=ORIENTED_EDGE('',*,*,#2436,.F.);
#3465=ORIENTED_EDGE('',*,*,#2292,.T.);
#3466=ORIENTED_EDGE('',*,*,#2459,.T.);
#3467=ORIENTED_EDGE('',*,*,#2460,.T.);
#3468=ORIENTED_EDGE('',*,*,#2461,.T.);
#3469=ORIENTED_EDGE('',*,*,#2456,.F.);
#3470=ORIENTED_EDGE('',*,*,#2462,.F.);
#3471=ORIENTED_EDGE('',*,*,#2459,.F.);
#3472=ORIENTED_EDGE('',*,*,#2291,.F.);
#3473=ORIENTED_EDGE('',*,*,#2461,.F.);
#3474=ORIENTED_EDGE('',*,*,#2463,.F.);
#3475=ORIENTED_EDGE('',*,*,#2284,.F.);
#3476=ORIENTED_EDGE('',*,*,#2293,.F.);
#3477=ORIENTED_EDGE('',*,*,#2463,.T.);
#3478=ORIENTED_EDGE('',*,*,#2460,.F.);
#3479=ORIENTED_EDGE('',*,*,#2462,.T.);
#3480=ORIENTED_EDGE('',*,*,#2455,.F.);
#3481=ORIENTED_EDGE('',*,*,#2458,.T.);
#3482=ORIENTED_EDGE('',*,*,#2464,.T.);
#3483=ORIENTED_EDGE('',*,*,#2446,.F.);
#3484=ORIENTED_EDGE('',*,*,#2278,.F.);
#3485=ORIENTED_EDGE('',*,*,#2428,.T.);
#3486=ORIENTED_EDGE('',*,*,#2439,.F.);
#3487=ORIENTED_EDGE('',*,*,#2385,.T.);
#3488=ORIENTED_EDGE('',*,*,#2432,.T.);
#3489=ORIENTED_EDGE('',*,*,#2447,.F.);
#3490=ORIENTED_EDGE('',*,*,#2464,.F.);
#3491=ORIENTED_EDGE('',*,*,#2457,.T.);
#3492=ORIENTED_EDGE('',*,*,#2433,.F.);
#3493=ORIENTED_EDGE('',*,*,#2424,.F.);
#3494=ORIENTED_EDGE('',*,*,#2444,.T.);
#3495=ORIENTED_EDGE('',*,*,#2451,.T.);
#3496=ORIENTED_EDGE('',*,*,#2381,.T.);
#3497=ORIENTED_EDGE('',*,*,#2465,.T.);
#3498=ORIENTED_EDGE('',*,*,#2465,.F.);
#3499=ORIENTED_EDGE('',*,*,#2380,.F.);
#3500=ORIENTED_EDGE('',*,*,#2466,.F.);
#3501=ORIENTED_EDGE('',*,*,#2467,.F.);
#3502=ORIENTED_EDGE('',*,*,#2468,.F.);
#3503=ORIENTED_EDGE('',*,*,#2438,.F.);
#3504=ORIENTED_EDGE('',*,*,#2442,.F.);
#3505=ORIENTED_EDGE('',*,*,#2445,.F.);
#3506=ORIENTED_EDGE('',*,*,#2469,.T.);
#3507=ORIENTED_EDGE('',*,*,#2470,.T.);
#3508=ORIENTED_EDGE('',*,*,#2471,.T.);
#3509=ORIENTED_EDGE('',*,*,#2472,.T.);
#3510=ORIENTED_EDGE('',*,*,#2391,.T.);
#3511=ORIENTED_EDGE('',*,*,#2473,.T.);
#3512=ORIENTED_EDGE('',*,*,#2469,.F.);
#3513=ORIENTED_EDGE('',*,*,#2474,.T.);
#3514=ORIENTED_EDGE('',*,*,#2466,.T.);
#3515=ORIENTED_EDGE('',*,*,#2379,.F.);
#3516=ORIENTED_EDGE('',*,*,#2475,.T.);
#3517=ORIENTED_EDGE('',*,*,#2473,.F.);
#3518=ORIENTED_EDGE('',*,*,#2390,.T.);
#3519=ORIENTED_EDGE('',*,*,#2476,.T.);
#3520=ORIENTED_EDGE('',*,*,#2467,.T.);
#3521=ORIENTED_EDGE('',*,*,#2474,.F.);
#3522=ORIENTED_EDGE('',*,*,#2471,.F.);
#3523=ORIENTED_EDGE('',*,*,#2477,.T.);
#3524=ORIENTED_EDGE('',*,*,#2377,.F.);
#3525=ORIENTED_EDGE('',*,*,#2478,.T.);
#3526=ORIENTED_EDGE('',*,*,#2479,.T.);
#3527=ORIENTED_EDGE('',*,*,#2470,.F.);
#3528=ORIENTED_EDGE('',*,*,#2475,.F.);
#3529=ORIENTED_EDGE('',*,*,#2378,.F.);
#3530=ORIENTED_EDGE('',*,*,#2477,.F.);
#3531=ORIENTED_EDGE('',*,*,#2480,.T.);
#3532=ORIENTED_EDGE('',*,*,#2481,.T.);
#3533=ORIENTED_EDGE('',*,*,#2349,.F.);
#3534=ORIENTED_EDGE('',*,*,#2395,.T.);
#3535=ORIENTED_EDGE('',*,*,#2482,.T.);
#3536=ORIENTED_EDGE('',*,*,#2483,.T.);
#3537=ORIENTED_EDGE('',*,*,#2480,.F.);
#3538=ORIENTED_EDGE('',*,*,#2394,.T.);
#3539=ORIENTED_EDGE('',*,*,#2484,.T.);
#3540=ORIENTED_EDGE('',*,*,#2482,.F.);
#3541=ORIENTED_EDGE('',*,*,#2393,.T.);
#3542=ORIENTED_EDGE('',*,*,#2485,.T.);
#3543=ORIENTED_EDGE('',*,*,#2472,.F.);
#3544=ORIENTED_EDGE('',*,*,#2479,.F.);
#3545=ORIENTED_EDGE('',*,*,#2486,.T.);
#3546=ORIENTED_EDGE('',*,*,#2485,.F.);
#3547=ORIENTED_EDGE('',*,*,#2392,.T.);
#3548=ORIENTED_EDGE('',*,*,#2487,.T.);
#3549=ORIENTED_EDGE('',*,*,#2387,.T.);
#3550=ORIENTED_EDGE('',*,*,#2347,.F.);
#3551=ORIENTED_EDGE('',*,*,#2488,.T.);
#3552=ORIENTED_EDGE('',*,*,#2489,.T.);
#3553=ORIENTED_EDGE('',*,*,#2388,.T.);
#3554=ORIENTED_EDGE('',*,*,#2487,.F.);
#3555=ORIENTED_EDGE('',*,*,#2490,.T.);
#3556=ORIENTED_EDGE('',*,*,#2389,.T.);
#3557=ORIENTED_EDGE('',*,*,#2489,.F.);
#3558=ORIENTED_EDGE('',*,*,#2491,.T.);
#3559=ORIENTED_EDGE('',*,*,#2476,.F.);
#3560=ORIENTED_EDGE('',*,*,#2490,.F.);
#3561=ORIENTED_EDGE('',*,*,#2492,.F.);
#3562=ORIENTED_EDGE('',*,*,#2449,.F.);
#3563=ORIENTED_EDGE('',*,*,#2493,.T.);
#3564=ORIENTED_EDGE('',*,*,#2488,.F.);
#3565=ORIENTED_EDGE('',*,*,#2346,.F.);
#3566=ORIENTED_EDGE('',*,*,#2450,.F.);
#3567=ORIENTED_EDGE('',*,*,#2492,.T.);
#3568=ORIENTED_EDGE('',*,*,#2430,.T.);
#3569=ORIENTED_EDGE('',*,*,#2468,.T.);
#3570=ORIENTED_EDGE('',*,*,#2491,.F.);
#3571=ORIENTED_EDGE('',*,*,#2493,.F.);
#3572=ORIENTED_EDGE('',*,*,#2448,.F.);
#3573=ORIENTED_EDGE('',*,*,#2478,.F.);
#3574=ORIENTED_EDGE('',*,*,#2376,.F.);
#3575=ORIENTED_EDGE('',*,*,#2494,.F.);
#3576=ORIENTED_EDGE('',*,*,#2486,.F.);
#3577=ORIENTED_EDGE('',*,*,#2494,.T.);
#3578=ORIENTED_EDGE('',*,*,#2375,.F.);
#3579=ORIENTED_EDGE('',*,*,#2495,.T.);
#3580=ORIENTED_EDGE('',*,*,#2484,.F.);
#3581=ORIENTED_EDGE('',*,*,#2483,.F.);
#3582=ORIENTED_EDGE('',*,*,#2495,.F.);
#3583=ORIENTED_EDGE('',*,*,#2374,.F.);
#3584=ORIENTED_EDGE('',*,*,#2496,.T.);
#3585=ORIENTED_EDGE('',*,*,#2481,.F.);
#3586=ORIENTED_EDGE('',*,*,#2496,.F.);
#3587=ORIENTED_EDGE('',*,*,#2373,.F.);
#3588=ORIENTED_EDGE('',*,*,#2350,.T.);
#3589=SPHERICAL_SURFACE('',#3845,1.);
#3590=SPHERICAL_SURFACE('',#3858,0.999999999999996);
#3591=SPHERICAL_SURFACE('',#3887,1.);
#3592=SPHERICAL_SURFACE('',#3894,0.999999999999996);
#3593=ADVANCED_FACE('',(#1071),#3589,.T.);
#3594=ADVANCED_FACE('',(#1072),#1009,.T.);
#3595=ADVANCED_FACE('',(#1073),#223,.F.);
#3596=ADVANCED_FACE('',(#1074),#1010,.T.);
#3597=ADVANCED_FACE('',(#1075),#224,.F.);
#3598=ADVANCED_FACE('',(#1076),#3590,.T.);
#3599=ADVANCED_FACE('',(#1077),#1011,.T.);
#3600=ADVANCED_FACE('',(#1078),#178,.T.);
#3601=ADVANCED_FACE('',(#1079),#1012,.T.);
#3602=ADVANCED_FACE('',(#1080),#179,.T.);
#3603=ADVANCED_FACE('',(#1081),#1013,.T.);
#3604=ADVANCED_FACE('',(#1082),#180,.T.);
#3605=ADVANCED_FACE('',(#1083),#1014,.T.);
#3606=ADVANCED_FACE('',(#1084),#225,.F.);
#3607=ADVANCED_FACE('',(#1085),#1015,.T.);
#3608=ADVANCED_FACE('',(#1086),#1016,.T.);
#3609=ADVANCED_FACE('',(#1087),#3591,.T.);
#3610=ADVANCED_FACE('',(#1088),#1017,.T.);
#3611=ADVANCED_FACE('',(#1089),#1018,.T.);
#3612=ADVANCED_FACE('',(#1090),#3592,.T.);
#3613=ADVANCED_FACE('',(#1091),#1019,.T.);
#3614=ADVANCED_FACE('',(#1092),#1020,.T.);
#3615=ADVANCED_FACE('',(#1093),#1021,.T.);
#3616=ADVANCED_FACE('',(#1094),#181,.T.);
#3617=ADVANCED_FACE('',(#1095),#1022,.T.);
#3618=ADVANCED_FACE('',(#1096),#182,.T.);
#3619=ADVANCED_FACE('',(#1097),#1023,.T.);
#3620=ADVANCED_FACE('',(#1098),#1024,.T.);
#3621=ADVANCED_FACE('',(#1099),#54,.T.);
#3622=ADVANCED_FACE('',(#1100),#1025,.T.);
#3623=ADVANCED_FACE('',(#1101),#55,.T.);
#3624=ADVANCED_FACE('',(#1102),#1026,.T.);
#3625=ADVANCED_FACE('',(#1103),#56,.T.);
#3626=ADVANCED_FACE('',(#1104),#57,.F.);
#3627=ADVANCED_FACE('',(#1105),#58,.F.);
#3628=ADVANCED_FACE('',(#1106),#59,.F.);
#3629=ADVANCED_FACE('',(#1107),#60,.F.);
#3630=ADVANCED_FACE('',(#1108),#1027,.F.);
#3631=ADVANCED_FACE('',(#1109),#61,.F.);
#3632=ADVANCED_FACE('',(#1110),#1028,.T.);
#3633=ADVANCED_FACE('',(#1111),#1029,.F.);
#3634=ADVANCED_FACE('',(#1112),#62,.F.);
#3635=ADVANCED_FACE('',(#1113),#63,.T.);
#3636=ADVANCED_FACE('',(#1114),#1030,.F.);
#3637=ADVANCED_FACE('',(#1115),#64,.F.);
#3638=ADVANCED_FACE('',(#1116),#1031,.F.);
#3639=ADVANCED_FACE('',(#1117),#65,.F.);
#3640=ADVANCED_FACE('',(#1118),#66,.T.);
#3641=ADVANCED_FACE('',(#1119),#67,.T.);
#3642=ADVANCED_FACE('',(#1120),#68,.F.);
#3643=ADVANCED_FACE('',(#1121),#1032,.F.);
#3644=ADVANCED_FACE('',(#1122),#69,.F.);
#3645=ADVANCED_FACE('',(#1123),#1033,.T.);
#3646=ADVANCED_FACE('',(#1124),#70,.T.);
#3647=ADVANCED_FACE('',(#1125),#1034,.T.);
#3648=ADVANCED_FACE('',(#1126),#71,.T.);
#3649=ADVANCED_FACE('',(#1127),#1035,.T.);
#3650=ADVANCED_FACE('',(#1128),#72,.T.);
#3651=ADVANCED_FACE('',(#1129),#1036,.F.);
#3652=ADVANCED_FACE('',(#1130),#73,.F.);
#3653=ADVANCED_FACE('',(#1131),#74,.F.);
#3654=ADVANCED_FACE('',(#1132,#51),#75,.T.);
#3655=ADVANCED_FACE('',(#1133),#76,.T.);
#3656=ADVANCED_FACE('',(#1134),#77,.F.);
#3657=ADVANCED_FACE('',(#1135),#78,.F.);
#3658=ADVANCED_FACE('',(#1136),#79,.T.);
#3659=ADVANCED_FACE('',(#1137),#80,.F.);
#3660=ADVANCED_FACE('',(#1138),#81,.T.);
#3661=ADVANCED_FACE('',(#1139),#82,.F.);
#3662=ADVANCED_FACE('',(#1140),#83,.T.);
#3663=ADVANCED_FACE('',(#1141),#84,.T.);
#3664=ADVANCED_FACE('',(#1142),#1037,.T.);
#3665=ADVANCED_FACE('',(#1143),#85,.F.);
#3666=ADVANCED_FACE('',(#1144),#86,.T.);
#3667=ADVANCED_FACE('',(#1145),#87,.T.);
#3668=ADVANCED_FACE('',(#1146),#88,.T.);
#3669=ADVANCED_FACE('',(#1147),#29,.T.);
#3670=ADVANCED_FACE('',(#1148),#89,.T.);
#3671=ADVANCED_FACE('',(#1149),#90,.T.);
#3672=ADVANCED_FACE('',(#1150),#91,.T.);
#3673=ADVANCED_FACE('',(#1151),#92,.T.);
#3674=ADVANCED_FACE('',(#1152),#93,.F.);
#3675=ADVANCED_FACE('',(#1153),#94,.T.);
#3676=ADVANCED_FACE('',(#1154),#1038,.T.);
#3677=ADVANCED_FACE('',(#1155),#95,.F.);
#3678=ADVANCED_FACE('',(#1156),#1039,.T.);
#3679=ADVANCED_FACE('',(#1157),#96,.T.);
#3680=ADVANCED_FACE('',(#1158),#1040,.F.);
#3681=ADVANCED_FACE('',(#1159),#1041,.F.);
#3682=ADVANCED_FACE('',(#1160),#97,.T.);
#3683=ADVANCED_FACE('',(#1161),#98,.F.);
#3684=ADVANCED_FACE('',(#1162),#1042,.F.);
#3685=ADVANCED_FACE('',(#1163),#99,.T.);
#3686=ADVANCED_FACE('',(#1164),#1043,.T.);
#3687=ADVANCED_FACE('',(#1165),#30,.T.);
#3688=ADVANCED_FACE('',(#1166),#100,.T.);
#3689=ADVANCED_FACE('',(#1167),#31,.F.);
#3690=ADVANCED_FACE('',(#1168),#101,.T.);
#3691=ADVANCED_FACE('',(#1169),#102,.F.);
#3692=ADVANCED_FACE('',(#1170),#1044,.T.);
#3693=ADVANCED_FACE('',(#1171),#103,.F.);
#3694=ADVANCED_FACE('',(#1172),#104,.T.);
#3695=ADVANCED_FACE('',(#1173),#105,.T.);
#3696=ADVANCED_FACE('',(#1174),#1045,.T.);
#3697=ADVANCED_FACE('',(#1175),#106,.F.);
#3698=ADVANCED_FACE('',(#1176),#1046,.T.);
#3699=ADVANCED_FACE('',(#1177),#107,.F.);
#3700=ADVANCED_FACE('',(#1178),#1047,.T.);
#3701=ADVANCED_FACE('',(#1179),#108,.F.);
#3702=ADVANCED_FACE('',(#1180),#109,.T.);
#3703=ADVANCED_FACE('',(#1181),#110,.T.);
#3704=ADVANCED_FACE('',(#1182),#32,.F.);
#3705=ADVANCED_FACE('',(#1183),#111,.T.);
#3706=ADVANCED_FACE('',(#1184),#112,.T.);
#3707=ADVANCED_FACE('',(#1185),#113,.T.);
#3708=ADVANCED_FACE('',(#1186),#114,.F.);
#3709=ADVANCED_FACE('',(#1187),#1048,.F.);
#3710=ADVANCED_FACE('',(#1188),#115,.F.);
#3711=ADVANCED_FACE('',(#1189,#52,#53),#116,.F.);
#3712=ADVANCED_FACE('',(#1190),#117,.T.);
#3713=ADVANCED_FACE('',(#1191),#118,.T.);
#3714=ADVANCED_FACE('',(#1192),#33,.F.);
#3715=ADVANCED_FACE('',(#1193),#119,.T.);
#3716=ADVANCED_FACE('',(#1194),#34,.F.);
#3717=ADVANCED_FACE('',(#1195),#120,.T.);
#3718=ADVANCED_FACE('',(#1196),#121,.T.);
#3719=ADVANCED_FACE('',(#1197),#122,.T.);
#3720=ADVANCED_FACE('',(#1198),#123,.T.);
#3721=ADVANCED_FACE('',(#1199),#124,.T.);
#3722=ADVANCED_FACE('',(#1200),#125,.T.);
#3723=ADVANCED_FACE('',(#1201),#126,.T.);
#3724=ADVANCED_FACE('',(#1202),#127,.T.);
#3725=ADVANCED_FACE('',(#1203),#35,.T.);
#3726=ADVANCED_FACE('',(#1204),#128,.T.);
#3727=ADVANCED_FACE('',(#1205),#36,.T.);
#3728=ADVANCED_FACE('',(#1206),#129,.T.);
#3729=ADVANCED_FACE('',(#1207),#37,.F.);
#3730=ADVANCED_FACE('',(#1208),#130,.T.);
#3731=ADVANCED_FACE('',(#1209),#131,.T.);
#3732=ADVANCED_FACE('',(#1210),#132,.T.);
#3733=ADVANCED_FACE('',(#1211),#38,.T.);
#3734=ADVANCED_FACE('',(#1212),#133,.T.);
#3735=ADVANCED_FACE('',(#1213),#1049,.T.);
#3736=ADVANCED_FACE('',(#1214),#134,.T.);
#3737=ADVANCED_FACE('',(#1215),#1050,.T.);
#3738=ADVANCED_FACE('',(#1216),#135,.F.);
#3739=ADVANCED_FACE('',(#1217),#1051,.F.);
#3740=ADVANCED_FACE('',(#1218),#136,.F.);
#3741=ADVANCED_FACE('',(#1219),#137,.T.);
#3742=ADVANCED_FACE('',(#1220),#138,.T.);
#3743=ADVANCED_FACE('',(#1221),#139,.T.);
#3744=ADVANCED_FACE('',(#1222),#1052,.T.);
#3745=ADVANCED_FACE('',(#1223),#140,.T.);
#3746=ADVANCED_FACE('',(#1224),#141,.F.);
#3747=ADVANCED_FACE('',(#1225),#142,.T.);
#3748=ADVANCED_FACE('',(#1226),#143,.T.);
#3749=ADVANCED_FACE('',(#1227),#144,.F.);
#3750=ADVANCED_FACE('',(#1228),#145,.F.);
#3751=ADVANCED_FACE('',(#1229),#146,.T.);
#3752=ADVANCED_FACE('',(#1230),#1053,.F.);
#3753=ADVANCED_FACE('',(#1231),#147,.T.);
#3754=ADVANCED_FACE('',(#1232),#1054,.T.);
#3755=ADVANCED_FACE('',(#1233),#148,.T.);
#3756=ADVANCED_FACE('',(#1234),#149,.T.);
#3757=ADVANCED_FACE('',(#1235),#1055,.T.);
#3758=ADVANCED_FACE('',(#1236),#150,.T.);
#3759=ADVANCED_FACE('',(#1237),#1056,.T.);
#3760=ADVANCED_FACE('',(#1238),#1057,.T.);
#3761=ADVANCED_FACE('',(#1239),#226,.F.);
#3762=ADVANCED_FACE('',(#1240),#151,.T.);
#3763=ADVANCED_FACE('',(#1241),#1058,.F.);
#3764=ADVANCED_FACE('',(#1242),#152,.T.);
#3765=ADVANCED_FACE('',(#1243),#153,.F.);
#3766=ADVANCED_FACE('',(#1244),#154,.T.);
#3767=ADVANCED_FACE('',(#1245),#155,.T.);
#3768=ADVANCED_FACE('',(#1246),#156,.T.);
#3769=ADVANCED_FACE('',(#1247),#157,.F.);
#3770=ADVANCED_FACE('',(#1248),#158,.F.);
#3771=ADVANCED_FACE('',(#1249),#159,.T.);
#3772=ADVANCED_FACE('',(#1250),#1059,.F.);
#3773=ADVANCED_FACE('',(#1251),#160,.T.);
#3774=ADVANCED_FACE('',(#1252),#1060,.T.);
#3775=ADVANCED_FACE('',(#1253),#1061,.F.);
#3776=ADVANCED_FACE('',(#1254),#1062,.T.);
#3777=ADVANCED_FACE('',(#1255),#161,.T.);
#3778=ADVANCED_FACE('',(#1256),#1063,.T.);
#3779=ADVANCED_FACE('',(#1257),#162,.T.);
#3780=ADVANCED_FACE('',(#1258),#163,.T.);
#3781=ADVANCED_FACE('',(#1259),#1064,.T.);
#3782=ADVANCED_FACE('',(#1260),#164,.T.);
#3783=ADVANCED_FACE('',(#1261),#1065,.T.);
#3784=ADVANCED_FACE('',(#1262),#165,.T.);
#3785=ADVANCED_FACE('',(#1263),#1066,.T.);
#3786=ADVANCED_FACE('',(#1264),#1067,.T.);
#3787=ADVANCED_FACE('',(#1265),#166,.T.);
#3788=ADVANCED_FACE('',(#1266),#1068,.T.);
#3789=ADVANCED_FACE('',(#1267),#167,.F.);
#3790=ADVANCED_FACE('',(#1268),#168,.T.);
#3791=ADVANCED_FACE('',(#1269),#39,.F.);
#3792=ADVANCED_FACE('',(#1270),#169,.T.);
#3793=ADVANCED_FACE('',(#1271),#170,.T.);
#3794=ADVANCED_FACE('',(#1272),#171,.T.);
#3795=ADVANCED_FACE('',(#1273),#40,.T.);
#3796=ADVANCED_FACE('',(#1274),#172,.T.);
#3797=ADVANCED_FACE('',(#1275),#1069,.T.);
#3798=ADVANCED_FACE('',(#1276),#173,.T.);
#3799=ADVANCED_FACE('',(#1277),#174,.T.);
#3800=ADVANCED_FACE('',(#1278),#175,.F.);
#3801=ADVANCED_FACE('',(#1279),#176,.T.);
#3802=ADVANCED_FACE('',(#1280),#1070,.F.);
#3803=ADVANCED_FACE('',(#1281),#177,.T.);
#3804=CLOSED_SHELL('',(#3593,#3594,#3595,#3596,#3597,#3598,#3599,#3600,
#3601,#3602,#3603,#3604,#3605,#3606,#3607,#3608,#3609,#3610,#3611,#3612,
#3613,#3614,#3615,#3616,#3617,#3618,#3619,#3620,#3621,#3622,#3623,#3624,
#3625,#3626,#3627,#3628,#3629,#3630,#3631,#3632,#3633,#3634,#3635,#3636,
#3637,#3638,#3639,#3640,#3641,#3642,#3643,#3644,#3645,#3646,#3647,#3648,
#3649,#3650,#3651,#3652,#3653,#3654));
#3805=CLOSED_SHELL('',(#3655,#3656,#3657,#3658,#3659));
#3806=CLOSED_SHELL('',(#3660,#3661,#3662,#3663,#3664,#3665,#3666,#3667,
#3668,#3669,#3670,#3671,#3672,#3673,#3674,#3675,#3676,#3677,#3678,#3679,
#3680,#3681,#3682,#3683,#3684,#3685,#3686,#3687,#3688,#3689,#3690,#3691,
#3692,#3693,#3694,#3695,#3696,#3697,#3698,#3699,#3700,#3701,#3702));
#3807=CLOSED_SHELL('',(#3703,#3704,#3705,#3706,#3707,#3708,#3709,#3710,
#3711,#3712,#3713,#3714,#3715,#3716,#3717,#3718,#3719,#3720,#3721,#3722,
#3723,#3724,#3725,#3726,#3727,#3728,#3729,#3730,#3731,#3732,#3733,#3734,
#3735,#3736,#3737,#3738,#3739,#3740,#3741,#3742,#3743,#3744,#3745,#3746,
#3747,#3748,#3749,#3750,#3751,#3752,#3753,#3754,#3755,#3756,#3757,#3758,
#3759,#3760,#3761,#3762,#3763,#3764,#3765,#3766,#3767,#3768,#3769,#3770,
#3771,#3772,#3773,#3774,#3775,#3776,#3777,#3778,#3779,#3780,#3781,#3782,
#3783,#3784,#3785,#3786,#3787,#3788,#3789,#3790,#3791,#3792,#3793,#3794,
#3795,#3796,#3797,#3798,#3799,#3800,#3801,#3802,#3803));
#3808=BREP_WITH_VOIDS('\X2\30DC30C730A3\X0\1',#3804,(#50));
#3809=DERIVED_UNIT_ELEMENT(#3815,1.);
#3810=DERIVED_UNIT_ELEMENT(#6626,-3.);
#3811=DERIVED_UNIT_ELEMENT(#3815,1.);
#3812=DERIVED_UNIT_ELEMENT(#6626,-3.);
#3813=DERIVED_UNIT_ELEMENT(#3815,1.);
#3814=DERIVED_UNIT_ELEMENT(#6626,-3.);
#3815=(
MASS_UNIT()
NAMED_UNIT(*)
SI_UNIT(.KILO.,.GRAM.)
);
#3816=DERIVED_UNIT((#3809,#3810));
#3817=DERIVED_UNIT((#3811,#3812));
#3818=DERIVED_UNIT((#3813,#3814));
#3819=MEASURE_REPRESENTATION_ITEM('density measure',
POSITIVE_RATIO_MEASURE(1170.),#3816);
#3820=MEASURE_REPRESENTATION_ITEM('density measure',
POSITIVE_RATIO_MEASURE(1170.),#3817);
#3821=MEASURE_REPRESENTATION_ITEM('density measure',
POSITIVE_RATIO_MEASURE(1170.),#3818);
#3822=PROPERTY_DEFINITION_REPRESENTATION(#3837,#3828);
#3823=PROPERTY_DEFINITION_REPRESENTATION(#3838,#3829);
#3824=PROPERTY_DEFINITION_REPRESENTATION(#3839,#3830);
#3825=PROPERTY_DEFINITION_REPRESENTATION(#3840,#3831);
#3826=PROPERTY_DEFINITION_REPRESENTATION(#3841,#3832);
#3827=PROPERTY_DEFINITION_REPRESENTATION(#3842,#3833);
#3828=REPRESENTATION('material name',(#3834),#6620);
#3829=REPRESENTATION('density',(#3819),#6620);
#3830=REPRESENTATION('material name',(#3835),#6622);
#3831=REPRESENTATION('density',(#3820),#6622);
#3832=REPRESENTATION('material name',(#3836),#6623);
#3833=REPRESENTATION('density',(#3821),#6623);
#3834=DESCRIPTIVE_REPRESENTATION_ITEM('PolyLite PLA','PolyLite PLA');
#3835=DESCRIPTIVE_REPRESENTATION_ITEM('PolyLite PLA','PolyLite PLA');
#3836=DESCRIPTIVE_REPRESENTATION_ITEM('PolyLite PLA','PolyLite PLA');
#3837=PROPERTY_DEFINITION('material property','material name',#6650);
#3838=PROPERTY_DEFINITION('material property','density of part',#6650);
#3839=PROPERTY_DEFINITION('material property','material name',#6652);
#3840=PROPERTY_DEFINITION('material property','density of part',#6652);
#3841=PROPERTY_DEFINITION('material property','material name',#6653);
#3842=PROPERTY_DEFINITION('material property','density of part',#6653);
#3843=AXIS2_PLACEMENT_3D('',#5326,#4207,#4208);
#3844=AXIS2_PLACEMENT_3D('',#5327,#4209,#4210);
#3845=AXIS2_PLACEMENT_3D('',#5328,#4211,#4212);
#3846=AXIS2_PLACEMENT_3D('',#5331,#4213,#4214);
#3847=AXIS2_PLACEMENT_3D('',#5333,#4215,#4216);
#3848=AXIS2_PLACEMENT_3D('',#5334,#4217,#4218);
#3849=AXIS2_PLACEMENT_3D('',#5335,#4219,#4220);
#3850=AXIS2_PLACEMENT_3D('',#5338,#4221,#4222);
#3851=AXIS2_PLACEMENT_3D('',#5373,#4225,#4226);
#3852=AXIS2_PLACEMENT_3D('',#5374,#4227,#4228);
#3853=AXIS2_PLACEMENT_3D('',#5375,#4229,#4230);
#3854=AXIS2_PLACEMENT_3D('',#5376,#4231,#4232);
#3855=AXIS2_PLACEMENT_3D('',#5379,#4233,#4234);
#3856=AXIS2_PLACEMENT_3D('',#5399,#4237,#4238);
#3857=AXIS2_PLACEMENT_3D('',#5401,#4239,#4240);
#3858=AXIS2_PLACEMENT_3D('',#5433,#4241,#4242);
#3859=AXIS2_PLACEMENT_3D('',#5436,#4243,#4244);
#3860=AXIS2_PLACEMENT_3D('',#5438,#4245,#4246);
#3861=AXIS2_PLACEMENT_3D('',#5439,#4247,#4248);
#3862=AXIS2_PLACEMENT_3D('',#5440,#4249,#4250);
#3863=AXIS2_PLACEMENT_3D('',#5443,#4251,#4252);
#3864=AXIS2_PLACEMENT_3D('',#5446,#4255,#4256);
#3865=AXIS2_PLACEMENT_3D('',#5449,#4257,#4258);
#3866=AXIS2_PLACEMENT_3D('',#5450,#4259,#4260);
#3867=AXIS2_PLACEMENT_3D('',#5451,#4261,#4262);
#3868=AXIS2_PLACEMENT_3D('',#5452,#4263,#4264);
#3869=AXIS2_PLACEMENT_3D('',#5455,#4265,#4266);
#3870=AXIS2_PLACEMENT_3D('',#5458,#4269,#4270);
#3871=AXIS2_PLACEMENT_3D('',#5461,#4271,#4272);
#3872=AXIS2_PLACEMENT_3D('',#5462,#4273,#4274);
#3873=AXIS2_PLACEMENT_3D('',#5463,#4275,#4276);
#3874=AXIS2_PLACEMENT_3D('',#5464,#4277,#4278);
#3875=AXIS2_PLACEMENT_3D('',#5467,#4281,#4282);
#3876=AXIS2_PLACEMENT_3D('',#5470,#4283,#4284);
#3877=AXIS2_PLACEMENT_3D('',#5486,#4285,#4286);
#3878=AXIS2_PLACEMENT_3D('',#5495,#4287,#4288);
#3879=AXIS2_PLACEMENT_3D('',#5500,#4291,#4292);
#3880=AXIS2_PLACEMENT_3D('',#5527,#4293,#4294);
#3881=AXIS2_PLACEMENT_3D('',#5529,#4295,#4296);
#3882=AXIS2_PLACEMENT_3D('',#5530,#4297,#4298);
#3883=AXIS2_PLACEMENT_3D('',#5538,#4299,#4300);
#3884=AXIS2_PLACEMENT_3D('',#5543,#4303,#4304);
#3885=AXIS2_PLACEMENT_3D('',#5544,#4305,#4306);
#3886=AXIS2_PLACEMENT_3D('',#5548,#4308,#4309);
#3887=AXIS2_PLACEMENT_3D('',#5550,#4311,#4312);
#3888=AXIS2_PLACEMENT_3D('',#5553,#4313,#4314);
#3889=AXIS2_PLACEMENT_3D('',#5555,#4315,#4316);
#3890=AXIS2_PLACEMENT_3D('',#5556,#4317,#4318);
#3891=AXIS2_PLACEMENT_3D('',#5557,#4319,#4320);
#3892=AXIS2_PLACEMENT_3D('',#5560,#4323,#4324);
#3893=AXIS2_PLACEMENT_3D('',#5564,#4326,#4327);
#3894=AXIS2_PLACEMENT_3D('',#5566,#4329,#4330);
#3895=AXIS2_PLACEMENT_3D('',#5569,#4331,#4332);
#3896=AXIS2_PLACEMENT_3D('',#5571,#4333,#4334);
#3897=AXIS2_PLACEMENT_3D('',#5572,#4335,#4336);
#3898=AXIS2_PLACEMENT_3D('',#5573,#4337,#4338);
#3899=AXIS2_PLACEMENT_3D('',#5576,#4341,#4342);
#3900=AXIS2_PLACEMENT_3D('',#5579,#4345,#4346);
#3901=AXIS2_PLACEMENT_3D('',#5582,#4347,#4348);
#3902=AXIS2_PLACEMENT_3D('',#5585,#4351,#4352);
#3903=AXIS2_PLACEMENT_3D('',#5588,#4353,#4354);
#3904=AXIS2_PLACEMENT_3D('',#5589,#4355,#4356);
#3905=AXIS2_PLACEMENT_3D('',#5590,#4357,#4358);
#3906=AXIS2_PLACEMENT_3D('',#5591,#4359,#4360);
#3907=AXIS2_PLACEMENT_3D('',#5594,#4361,#4362);
#3908=AXIS2_PLACEMENT_3D('',#5597,#4365,#4366);
#3909=AXIS2_PLACEMENT_3D('',#5600,#4367,#4368);
#3910=AXIS2_PLACEMENT_3D('',#5601,#4369,#4370);
#3911=AXIS2_PLACEMENT_3D('',#5602,#4371,#4372);
#3912=AXIS2_PLACEMENT_3D('',#5603,#4373,#4374);
#3913=AXIS2_PLACEMENT_3D('',#5606,#4377,#4378);
#3914=AXIS2_PLACEMENT_3D('',#5609,#4381,#4382);
#3915=AXIS2_PLACEMENT_3D('',#5615,#4386,#4387);
#3916=AXIS2_PLACEMENT_3D('',#5618,#4389,#4390);
#3917=AXIS2_PLACEMENT_3D('',#5619,#4391,#4392);
#3918=AXIS2_PLACEMENT_3D('',#5623,#4395,#4396);
#3919=AXIS2_PLACEMENT_3D('',#5626,#4398,#4399);
#3920=AXIS2_PLACEMENT_3D('',#5627,#4400,#4401);
#3921=AXIS2_PLACEMENT_3D('',#5631,#4404,#4405);
#3922=AXIS2_PLACEMENT_3D('',#5633,#4407,#4408);
#3923=AXIS2_PLACEMENT_3D('',#5635,#4410,#4411);
#3924=AXIS2_PLACEMENT_3D('',#5636,#4412,#4413);
#3925=AXIS2_PLACEMENT_3D('',#5637,#4414,#4415);
#3926=AXIS2_PLACEMENT_3D('',#5640,#4416,#4417);
#3927=AXIS2_PLACEMENT_3D('',#5644,#4419,#4420);
#3928=AXIS2_PLACEMENT_3D('',#5646,#4422,#4423);
#3929=AXIS2_PLACEMENT_3D('',#5652,#4427,#4428);
#3930=AXIS2_PLACEMENT_3D('',#5654,#4429,#4430);
#3931=AXIS2_PLACEMENT_3D('',#5656,#4431,#4432);
#3932=AXIS2_PLACEMENT_3D('',#5659,#4434,#4435);
#3933=AXIS2_PLACEMENT_3D('',#5660,#4436,#4437);
#3934=AXIS2_PLACEMENT_3D('',#5663,#4438,#4439);
#3935=AXIS2_PLACEMENT_3D('',#5667,#4441,#4442);
#3936=AXIS2_PLACEMENT_3D('',#5669,#4444,#4445);
#3937=AXIS2_PLACEMENT_3D('',#5675,#4449,#4450);
#3938=AXIS2_PLACEMENT_3D('',#5677,#4451,#4452);
#3939=AXIS2_PLACEMENT_3D('',#5683,#4456,#4457);
#3940=AXIS2_PLACEMENT_3D('',#5685,#4458,#4459);
#3941=AXIS2_PLACEMENT_3D('',#5687,#4461,#4462);
#3942=AXIS2_PLACEMENT_3D('',#5693,#4466,#4467);
#3943=AXIS2_PLACEMENT_3D('',#5695,#4468,#4469);
#3944=AXIS2_PLACEMENT_3D('',#5698,#4471,#4472);
#3945=AXIS2_PLACEMENT_3D('',#5699,#4473,#4474);
#3946=AXIS2_PLACEMENT_3D('',#5702,#4477,#4478);
#3947=AXIS2_PLACEMENT_3D('',#5706,#4481,#4482);
#3948=AXIS2_PLACEMENT_3D('',#5710,#4484,#4485);
#3949=AXIS2_PLACEMENT_3D('',#5712,#4487,#4488);
#3950=AXIS2_PLACEMENT_3D('',#5716,#4491,#4492);
#3951=AXIS2_PLACEMENT_3D('',#5719,#4494,#4495);
#3952=AXIS2_PLACEMENT_3D('',#5720,#4496,#4497);
#3953=AXIS2_PLACEMENT_3D('',#5722,#4499,#4500);
#3954=AXIS2_PLACEMENT_3D('',#5725,#4502,#4503);
#3955=AXIS2_PLACEMENT_3D('',#5726,#4504,#4505);
#3956=AXIS2_PLACEMENT_3D('',#5730,#4508,#4509);
#3957=AXIS2_PLACEMENT_3D('',#5733,#4511,#4512);
#3958=AXIS2_PLACEMENT_3D('',#5734,#4513,#4514);
#3959=AXIS2_PLACEMENT_3D('',#5738,#4517,#4518);
#3960=AXIS2_PLACEMENT_3D('',#5741,#4520,#4521);
#3961=AXIS2_PLACEMENT_3D('',#5742,#4522,#4523);
#3962=AXIS2_PLACEMENT_3D('',#5746,#4526,#4527);
#3963=AXIS2_PLACEMENT_3D('',#5747,#4528,#4529);
#3964=AXIS2_PLACEMENT_3D('',#5748,#4530,#4531);
#3965=AXIS2_PLACEMENT_3D('',#5750,#4533,#4534);
#3966=AXIS2_PLACEMENT_3D('',#5751,#4535,#4536);
#3967=AXIS2_PLACEMENT_3D('',#5752,#4537,#4538);
#3968=AXIS2_PLACEMENT_3D('',#5761,#4543,#4544);
#3969=AXIS2_PLACEMENT_3D('',#5765,#4547,#4548);
#3970=AXIS2_PLACEMENT_3D('',#5769,#4551,#4552);
#3971=AXIS2_PLACEMENT_3D('',#5771,#4554,#4555);
#3972=AXIS2_PLACEMENT_3D('',#5772,#4556,#4557);
#3973=AXIS2_PLACEMENT_3D('',#5773,#4558,#4559);
#3974=AXIS2_PLACEMENT_3D('',#5774,#4560,#4561);
#3975=AXIS2_PLACEMENT_3D('',#5783,#4566,#4567);
#3976=AXIS2_PLACEMENT_3D('',#5795,#4573,#4574);
#3977=AXIS2_PLACEMENT_3D('',#5796,#4575,#4576);
#3978=AXIS2_PLACEMENT_3D('',#5802,#4580,#4581);
#3979=AXIS2_PLACEMENT_3D('',#5807,#4583,#4584);
#3980=AXIS2_PLACEMENT_3D('',#5811,#4586,#4587);
#3981=AXIS2_PLACEMENT_3D('',#5814,#4589,#4590);
#3982=AXIS2_PLACEMENT_3D('',#5815,#4591,#4592);
#3983=AXIS2_PLACEMENT_3D('',#5819,#4594,#4595);
#3984=AXIS2_PLACEMENT_3D('',#5821,#4597,#4598);
#3985=AXIS2_PLACEMENT_3D('',#5825,#4600,#4601);
#3986=AXIS2_PLACEMENT_3D('',#5831,#4604,#4605);
#3987=AXIS2_PLACEMENT_3D('',#5833,#4607,#4608);
#3988=AXIS2_PLACEMENT_3D('',#5842,#4613,#4614);
#3989=AXIS2_PLACEMENT_3D('',#5848,#4618,#4619);
#3990=AXIS2_PLACEMENT_3D('',#5854,#4623,#4624);
#3991=AXIS2_PLACEMENT_3D('',#5858,#4626,#4627);
#3992=AXIS2_PLACEMENT_3D('',#5859,#4628,#4629);
#3993=AXIS2_PLACEMENT_3D('',#5860,#4630,#4631);
#3994=AXIS2_PLACEMENT_3D('',#5863,#4634,#4635);
#3995=AXIS2_PLACEMENT_3D('',#5869,#4639,#4640);
#3996=AXIS2_PLACEMENT_3D('',#5889,#4652,#4653);
#3997=AXIS2_PLACEMENT_3D('',#5893,#4656,#4657);
#3998=AXIS2_PLACEMENT_3D('',#5894,#4658,#4659);
#3999=AXIS2_PLACEMENT_3D('',#5898,#4662,#4663);
#4000=AXIS2_PLACEMENT_3D('',#5899,#4664,#4665);
#4001=AXIS2_PLACEMENT_3D('',#5900,#4666,#4667);
#4002=AXIS2_PLACEMENT_3D('',#5902,#4668,#4669);
#4003=AXIS2_PLACEMENT_3D('',#5906,#4671,#4672);
#4004=AXIS2_PLACEMENT_3D('',#5908,#4674,#4675);
#4005=AXIS2_PLACEMENT_3D('',#5911,#4678,#4679);
#4006=AXIS2_PLACEMENT_3D('',#5913,#4681,#4682);
#4007=AXIS2_PLACEMENT_3D('',#5914,#4683,#4684);
#4008=AXIS2_PLACEMENT_3D('',#5917,#4686,#4687);
#4009=AXIS2_PLACEMENT_3D('',#5918,#4688,#4689);
#4010=AXIS2_PLACEMENT_3D('',#5924,#4693,#4694);
#4011=AXIS2_PLACEMENT_3D('',#5928,#4697,#4698);
#4012=AXIS2_PLACEMENT_3D('',#5929,#4699,#4700);
#4013=AXIS2_PLACEMENT_3D('',#5930,#4701,#4702);
#4014=AXIS2_PLACEMENT_3D('',#5931,#4703,#4704);
#4015=AXIS2_PLACEMENT_3D('',#5937,#4708,#4709);
#4016=AXIS2_PLACEMENT_3D('',#5938,#4710,#4711);
#4017=AXIS2_PLACEMENT_3D('',#5939,#4712,#4713);
#4018=AXIS2_PLACEMENT_3D('',#5941,#4714,#4715);
#4019=AXIS2_PLACEMENT_3D('',#5943,#4717,#4718);
#4020=AXIS2_PLACEMENT_3D('',#5947,#4721,#4722);
#4021=AXIS2_PLACEMENT_3D('',#5950,#4724,#4725);
#4022=AXIS2_PLACEMENT_3D('',#5951,#4726,#4727);
#4023=AXIS2_PLACEMENT_3D('',#5955,#4730,#4731);
#4024=AXIS2_PLACEMENT_3D('',#5957,#4733,#4734);
#4025=AXIS2_PLACEMENT_3D('',#5959,#4735,#4736);
#4026=AXIS2_PLACEMENT_3D('',#5961,#4738,#4739);
#4027=AXIS2_PLACEMENT_3D('',#5965,#4741,#4742);
#4028=AXIS2_PLACEMENT_3D('',#5969,#4744,#4745);
#4029=AXIS2_PLACEMENT_3D('',#5971,#4747,#4748);
#4030=AXIS2_PLACEMENT_3D('',#5975,#4751,#4752);
#4031=AXIS2_PLACEMENT_3D('',#5979,#4754,#4755);
#4032=AXIS2_PLACEMENT_3D('',#5980,#4756,#4757);
#4033=AXIS2_PLACEMENT_3D('',#5981,#4758,#4759);
#4034=AXIS2_PLACEMENT_3D('',#5985,#4761,#4762);
#4035=AXIS2_PLACEMENT_3D('',#5987,#4763,#4764);
#4036=AXIS2_PLACEMENT_3D('',#5990,#4766,#4767);
#4037=AXIS2_PLACEMENT_3D('',#5991,#4768,#4769);
#4038=AXIS2_PLACEMENT_3D('',#5993,#4771,#4772);
#4039=AXIS2_PLACEMENT_3D('',#5995,#4774,#4775);
#4040=AXIS2_PLACEMENT_3D('',#5997,#4777,#4778);
#4041=AXIS2_PLACEMENT_3D('',#5999,#4779,#4780);
#4042=AXIS2_PLACEMENT_3D('',#6001,#4782,#4783);
#4043=AXIS2_PLACEMENT_3D('',#6003,#4785,#4786);
#4044=AXIS2_PLACEMENT_3D('',#6004,#4787,#4788);
#4045=AXIS2_PLACEMENT_3D('',#6005,#4789,#4790);
#4046=AXIS2_PLACEMENT_3D('',#6014,#4795,#4796);
#4047=AXIS2_PLACEMENT_3D('',#6016,#4797,#4798);
#4048=AXIS2_PLACEMENT_3D('',#6019,#4800,#4801);
#4049=AXIS2_PLACEMENT_3D('',#6020,#4802,#4803);
#4050=AXIS2_PLACEMENT_3D('',#6026,#4807,#4808);
#4051=AXIS2_PLACEMENT_3D('',#6032,#4812,#4813);
#4052=AXIS2_PLACEMENT_3D('',#6035,#4816,#4817);
#4053=AXIS2_PLACEMENT_3D('',#6041,#4821,#4822);
#4054=AXIS2_PLACEMENT_3D('',#6044,#4824,#4825);
#4055=AXIS2_PLACEMENT_3D('',#6045,#4826,#4827);
#4056=AXIS2_PLACEMENT_3D('',#6049,#4830,#4831);
#4057=AXIS2_PLACEMENT_3D('',#6056,#4834,#4835);
#4058=AXIS2_PLACEMENT_3D('',#6060,#4837,#4838);
#4059=AXIS2_PLACEMENT_3D('',#6064,#4840,#4841);
#4060=AXIS2_PLACEMENT_3D('',#6074,#4846,#4847);
#4061=AXIS2_PLACEMENT_3D('',#6086,#4853,#4854);
#4062=AXIS2_PLACEMENT_3D('',#6089,#4856,#4857);
#4063=AXIS2_PLACEMENT_3D('',#6090,#4858,#4859);
#4064=AXIS2_PLACEMENT_3D('',#6096,#4863,#4864);
#4065=AXIS2_PLACEMENT_3D('',#6100,#4867,#4868);
#4066=AXIS2_PLACEMENT_3D('',#6103,#4870,#4871);
#4067=AXIS2_PLACEMENT_3D('',#6104,#4872,#4873);
#4068=AXIS2_PLACEMENT_3D('',#6108,#4876,#4877);
#4069=AXIS2_PLACEMENT_3D('',#6111,#4879,#4880);
#4070=AXIS2_PLACEMENT_3D('',#6112,#4881,#4882);
#4071=AXIS2_PLACEMENT_3D('',#6114,#4884,#4885);
#4072=AXIS2_PLACEMENT_3D('',#6126,#4892,#4893);
#4073=AXIS2_PLACEMENT_3D('',#6130,#4896,#4897);
#4074=AXIS2_PLACEMENT_3D('',#6136,#4900,#4901);
#4075=AXIS2_PLACEMENT_3D('',#6142,#4904,#4905);
#4076=AXIS2_PLACEMENT_3D('',#6146,#4907,#4908);
#4077=AXIS2_PLACEMENT_3D('',#6148,#4910,#4911);
#4078=AXIS2_PLACEMENT_3D('',#6154,#4915,#4916);
#4079=AXIS2_PLACEMENT_3D('',#6160,#4920,#4921);
#4080=AXIS2_PLACEMENT_3D('',#6164,#4924,#4925);
#4081=AXIS2_PLACEMENT_3D('',#6168,#4928,#4929);
#4082=AXIS2_PLACEMENT_3D('',#6171,#4931,#4932);
#4083=AXIS2_PLACEMENT_3D('',#6172,#4933,#4934);
#4084=AXIS2_PLACEMENT_3D('',#6176,#4937,#4938);
#4085=AXIS2_PLACEMENT_3D('',#6179,#4940,#4941);
#4086=AXIS2_PLACEMENT_3D('',#6180,#4942,#4943);
#4087=AXIS2_PLACEMENT_3D('',#6184,#4946,#4947);
#4088=AXIS2_PLACEMENT_3D('',#6187,#4949,#4950);
#4089=AXIS2_PLACEMENT_3D('',#6188,#4951,#4952);
#4090=AXIS2_PLACEMENT_3D('',#6190,#4954,#4955);
#4091=AXIS2_PLACEMENT_3D('',#6194,#4958,#4959);
#4092=AXIS2_PLACEMENT_3D('',#6198,#4962,#4963);
#4093=AXIS2_PLACEMENT_3D('',#6201,#4965,#4966);
#4094=AXIS2_PLACEMENT_3D('',#6202,#4967,#4968);
#4095=AXIS2_PLACEMENT_3D('',#6204,#4970,#4971);
#4096=AXIS2_PLACEMENT_3D('',#6208,#4973,#4974);
#4097=AXIS2_PLACEMENT_3D('',#6210,#4976,#4977);
#4098=AXIS2_PLACEMENT_3D('',#6214,#4980,#4981);
#4099=AXIS2_PLACEMENT_3D('',#6217,#4983,#4984);
#4100=AXIS2_PLACEMENT_3D('',#6218,#4985,#4986);
#4101=AXIS2_PLACEMENT_3D('',#6232,#4993,#4994);
#4102=AXIS2_PLACEMENT_3D('',#6236,#4997,#4998);
#4103=AXIS2_PLACEMENT_3D('',#6239,#5000,#5001);
#4104=AXIS2_PLACEMENT_3D('',#6240,#5002,#5003);
#4105=AXIS2_PLACEMENT_3D('',#6244,#5006,#5007);
#4106=AXIS2_PLACEMENT_3D('',#6268,#5021,#5022);
#4107=AXIS2_PLACEMENT_3D('',#6272,#5025,#5026);
#4108=AXIS2_PLACEMENT_3D('',#6276,#5028,#5029);
#4109=AXIS2_PLACEMENT_3D('',#6284,#5033,#5034);
#4110=AXIS2_PLACEMENT_3D('',#6286,#5036,#5037);
#4111=AXIS2_PLACEMENT_3D('',#6290,#5039,#5040);
#4112=AXIS2_PLACEMENT_3D('',#6292,#5042,#5043);
#4113=AXIS2_PLACEMENT_3D('',#6296,#5046,#5047);
#4114=AXIS2_PLACEMENT_3D('',#6298,#5049,#5050);
#4115=AXIS2_PLACEMENT_3D('',#6300,#5052,#5053);
#4116=AXIS2_PLACEMENT_3D('',#6303,#5055,#5056);
#4117=AXIS2_PLACEMENT_3D('',#6304,#5057,#5058);
#4118=AXIS2_PLACEMENT_3D('',#6308,#5060,#5061);
#4119=AXIS2_PLACEMENT_3D('',#6314,#5064,#5065);
#4120=AXIS2_PLACEMENT_3D('',#6318,#5067,#5068);
#4121=AXIS2_PLACEMENT_3D('',#6322,#5070,#5071);
#4122=AXIS2_PLACEMENT_3D('',#6331,#5077,#5078);
#4123=AXIS2_PLACEMENT_3D('',#6335,#5080,#5081);
#4124=AXIS2_PLACEMENT_3D('',#6347,#5087,#5088);
#4125=AXIS2_PLACEMENT_3D('',#6349,#5090,#5091);
#4126=AXIS2_PLACEMENT_3D('',#6351,#5093,#5094);
#4127=AXIS2_PLACEMENT_3D('',#6353,#5096,#5097);
#4128=AXIS2_PLACEMENT_3D('',#6363,#5102,#5103);
#4129=AXIS2_PLACEMENT_3D('',#6366,#5105,#5106);
#4130=AXIS2_PLACEMENT_3D('',#6367,#5107,#5108);
#4131=AXIS2_PLACEMENT_3D('',#6371,#5110,#5111);
#4132=AXIS2_PLACEMENT_3D('',#6373,#5113,#5114);
#4133=AXIS2_PLACEMENT_3D('',#6378,#5118,#5119);
#4134=AXIS2_PLACEMENT_3D('',#6380,#5120,#5121);
#4135=AXIS2_PLACEMENT_3D('',#6383,#5123,#5124);
#4136=AXIS2_PLACEMENT_3D('',#6384,#5125,#5126);
#4137=AXIS2_PLACEMENT_3D('',#6385,#5127,#5128);
#4138=AXIS2_PLACEMENT_3D('',#6389,#5130,#5131);
#4139=AXIS2_PLACEMENT_3D('',#6391,#5133,#5134);
#4140=AXIS2_PLACEMENT_3D('',#6395,#5137,#5138);
#4141=AXIS2_PLACEMENT_3D('',#6396,#5139,#5140);
#4142=AXIS2_PLACEMENT_3D('',#6397,#5141,#5142);
#4143=AXIS2_PLACEMENT_3D('',#6401,#5144,#5145);
#4144=AXIS2_PLACEMENT_3D('',#6449,#5147,#5148);
#4145=AXIS2_PLACEMENT_3D('',#6450,#5149,#5150);
#4146=AXIS2_PLACEMENT_3D('',#6451,#5151,#5152);
#4147=AXIS2_PLACEMENT_3D('',#6462,#5159,#5160);
#4148=AXIS2_PLACEMENT_3D('',#6466,#5162,#5163);
#4149=AXIS2_PLACEMENT_3D('',#6468,#5165,#5166);
#4150=AXIS2_PLACEMENT_3D('',#6472,#5169,#5170);
#4151=AXIS2_PLACEMENT_3D('',#6474,#5172,#5173);
#4152=AXIS2_PLACEMENT_3D('',#6476,#5175,#5176);
#4153=AXIS2_PLACEMENT_3D('',#6478,#5178,#5179);
#4154=AXIS2_PLACEMENT_3D('',#6482,#5182,#5183);
#4155=AXIS2_PLACEMENT_3D('',#6486,#5185,#5186);
#4156=AXIS2_PLACEMENT_3D('',#6488,#5188,#5189);
#4157=AXIS2_PLACEMENT_3D('',#6490,#5190,#5191);
#4158=AXIS2_PLACEMENT_3D('',#6495,#5194,#5195);
#4159=AXIS2_PLACEMENT_3D('',#6497,#5197,#5198);
#4160=AXIS2_PLACEMENT_3D('',#6499,#5200,#5201);
#4161=AXIS2_PLACEMENT_3D('',#6501,#5203,#5204);
#4162=AXIS2_PLACEMENT_3D('',#6503,#5206,#5207);
#4163=AXIS2_PLACEMENT_3D('',#6504,#5208,#5209);
#4164=AXIS2_PLACEMENT_3D('',#6505,#5210,#5211);
#4165=AXIS2_PLACEMENT_3D('',#6518,#5214,#5215);
#4166=AXIS2_PLACEMENT_3D('',#6521,#5217,#5218);
#4167=AXIS2_PLACEMENT_3D('',#6522,#5219,#5220);
#4168=AXIS2_PLACEMENT_3D('',#6537,#5223,#5224);
#4169=AXIS2_PLACEMENT_3D('',#6538,#5225,#5226);
#4170=AXIS2_PLACEMENT_3D('',#6539,#5227,#5228);
#4171=AXIS2_PLACEMENT_3D('',#6540,#5229,#5230);
#4172=AXIS2_PLACEMENT_3D('',#6541,#5231,#5232);
#4173=AXIS2_PLACEMENT_3D('',#6543,#5234,#5235);
#4174=AXIS2_PLACEMENT_3D('',#6544,#5236,#5237);
#4175=AXIS2_PLACEMENT_3D('',#6546,#5239,#5240);
#4176=AXIS2_PLACEMENT_3D('',#6552,#5244,#5245);
#4177=AXIS2_PLACEMENT_3D('',#6555,#5246,#5247);
#4178=AXIS2_PLACEMENT_3D('',#6559,#5249,#5250);
#4179=AXIS2_PLACEMENT_3D('',#6560,#5251,#5252);
#4180=AXIS2_PLACEMENT_3D('',#6561,#5253,#5254);
#4181=AXIS2_PLACEMENT_3D('',#6562,#5255,#5256);
#4182=AXIS2_PLACEMENT_3D('',#6563,#5257,#5258);
#4183=AXIS2_PLACEMENT_3D('',#6565,#5260,#5261);
#4184=AXIS2_PLACEMENT_3D('',#6567,#5263,#5264);
#4185=AXIS2_PLACEMENT_3D('',#6571,#5267,#5268);
#4186=AXIS2_PLACEMENT_3D('',#6572,#5269,#5270);
#4187=AXIS2_PLACEMENT_3D('',#6573,#5271,#5272);
#4188=AXIS2_PLACEMENT_3D('',#6577,#5275,#5276);
#4189=AXIS2_PLACEMENT_3D('',#6580,#5278,#5279);
#4190=AXIS2_PLACEMENT_3D('',#6581,#5280,#5281);
#4191=AXIS2_PLACEMENT_3D('',#6585,#5284,#5285);
#4192=AXIS2_PLACEMENT_3D('',#6587,#5287,#5288);
#4193=AXIS2_PLACEMENT_3D('',#6591,#5291,#5292);
#4194=AXIS2_PLACEMENT_3D('',#6594,#5294,#5295);
#4195=AXIS2_PLACEMENT_3D('',#6595,#5296,#5297);
#4196=AXIS2_PLACEMENT_3D('',#6597,#5299,#5300);
#4197=AXIS2_PLACEMENT_3D('',#6600,#5303,#5304);
#4198=AXIS2_PLACEMENT_3D('',#6601,#5305,#5306);
#4199=AXIS2_PLACEMENT_3D('',#6602,#5307,#5308);
#4200=AXIS2_PLACEMENT_3D('',#6604,#5310,#5311);
#4201=AXIS2_PLACEMENT_3D('',#6606,#5313,#5314);
#4202=AXIS2_PLACEMENT_3D('',#6608,#5316,#5317);
#4203=AXIS2_PLACEMENT_3D('',#6609,#5318,#5319);
#4204=AXIS2_PLACEMENT_3D('',#6610,#5320,#5321);
#4205=AXIS2_PLACEMENT_3D('',#6611,#5322,#5323);
#4206=AXIS2_PLACEMENT_3D('',#6612,#5324,#5325);
#4207=DIRECTION('axis',(0.,0.,1.));
#4208=DIRECTION('refdir',(1.,0.,0.));
#4209=DIRECTION('axis',(0.,0.,1.));
#4210=DIRECTION('refdir',(1.,0.,0.));
#4211=DIRECTION('center_axis',(0.,0.,1.));
#4212=DIRECTION('ref_axis',(1.,0.,0.));
#4213=DIRECTION('center_axis',(1.,0.,0.));
#4214=DIRECTION('ref_axis',(0.,-0.766044443118977,-0.642787609686541));
#4215=DIRECTION('center_axis',(0.,-0.642787609686546,0.766044443118973));
#4216=DIRECTION('ref_axis',(1.,0.,0.));
#4217=DIRECTION('center_axis',(0.,0.,-1.));
#4218=DIRECTION('ref_axis',(0.,-1.,0.));
#4219=DIRECTION('center_axis',(-2.3479514134146E-17,0.642787609686539,-0.766044443118978));
#4220=DIRECTION('ref_axis',(0.707106781186547,-0.541675220419696,-0.454519477672051));
#4221=DIRECTION('center_axis',(-9.65839184596581E-15,-0.642787609686538,
0.766044443118979));
#4222=DIRECTION('ref_axis',(0.,-0.766044443118979,-0.642787609686538));
#4223=DIRECTION('',(2.3479514134146E-17,-0.642787609686539,0.766044443118978));
#4224=DIRECTION('',(-2.3479514134146E-17,0.642787609686539,-0.766044443118978));
#4225=DIRECTION('center_axis',(1.,0.,0.));
#4226=DIRECTION('ref_axis',(0.,-0.766044443118978,-0.642787609686539));
#4227=DIRECTION('center_axis',(0.,-0.830278328099987,-0.557348991106551));
#4228=DIRECTION('ref_axis',(0.,0.557348991106551,-0.830278328099987));
#4229=DIRECTION('center_axis',(0.,0.766044443118978,0.642787609686539));
#4230=DIRECTION('ref_axis',(0.,0.642787609686539,-0.766044443118978));
#4231=DIRECTION('center_axis',(-1.,0.,0.));
#4232=DIRECTION('ref_axis',(0.,-0.422618261740703,-0.906307787036648));
#4233=DIRECTION('center_axis',(1.,0.,0.));
#4234=DIRECTION('ref_axis',(0.,-0.766044443118976,-0.642787609686542));
#4235=DIRECTION('',(1.,0.,0.));
#4236=DIRECTION('',(-1.,0.,0.));
#4237=DIRECTION('center_axis',(2.1646243978066E-17,0.747782145514881,0.663944171485195));
#4238=DIRECTION('ref_axis',(-1.93070919849819E-16,-0.663944171485195,0.747782145514881));
#4239=DIRECTION('center_axis',(0.,-0.766044443118978,-0.642787609686539));
#4240=DIRECTION('ref_axis',(-1.9778608805508E-16,-0.642787609686539,0.766044443118978));
#4241=DIRECTION('center_axis',(0.,0.,1.));
#4242=DIRECTION('ref_axis',(1.,0.,0.));
#4243=DIRECTION('center_axis',(-1.,0.,0.));
#4244=DIRECTION('ref_axis',(0.,-1.,0.));
#4245=DIRECTION('center_axis',(0.,1.77635683940025E-14,-1.));
#4246=DIRECTION('ref_axis',(-1.,0.,0.));
#4247=DIRECTION('center_axis',(2.85455041687106E-15,-0.642787609686537,
0.76604444311898));
#4248=DIRECTION('ref_axis',(0.,-0.76604444311898,-0.642787609686537));
#4249=DIRECTION('center_axis',(0.,0.,1.));
#4250=DIRECTION('ref_axis',(-0.707106781186546,-0.707106781186549,0.));
#4251=DIRECTION('center_axis',(0.,0.,-1.));
#4252=DIRECTION('ref_axis',(0.,-1.,0.));
#4253=DIRECTION('',(0.,0.,-1.));
#4254=DIRECTION('',(0.,0.,1.));
#4255=DIRECTION('center_axis',(0.,1.,0.));
#4256=DIRECTION('ref_axis',(0.,0.,1.));
#4257=DIRECTION('center_axis',(-1.,0.,0.));
#4258=DIRECTION('ref_axis',(0.,-1.,0.));
#4259=DIRECTION('center_axis',(0.,-1.,0.));
#4260=DIRECTION('ref_axis',(-0.707106781186548,0.,0.707106781186547));
#4261=DIRECTION('center_axis',(0.,1.,0.));
#4262=DIRECTION('ref_axis',(-0.707106781186548,0.,0.707106781186547));
#4263=DIRECTION('center_axis',(1.,0.,0.));
#4264=DIRECTION('ref_axis',(0.,-0.707106781186543,0.707106781186553));
#4265=DIRECTION('center_axis',(-1.,0.,0.));
#4266=DIRECTION('ref_axis',(0.,-1.,0.));
#4267=DIRECTION('',(-1.,0.,0.));
#4268=DIRECTION('',(1.,0.,0.));
#4269=DIRECTION('center_axis',(0.,1.,0.));
#4270=DIRECTION('ref_axis',(0.,0.,1.));
#4271=DIRECTION('center_axis',(0.,0.,1.));
#4272=DIRECTION('ref_axis',(0.,-1.,0.));
#4273=DIRECTION('center_axis',(0.,-1.,0.));
#4274=DIRECTION('ref_axis',(0.707106781186548,0.,0.707106781186547));
#4275=DIRECTION('center_axis',(0.,1.,0.));
#4276=DIRECTION('ref_axis',(0.707106781186548,0.,0.707106781186547));
#4277=DIRECTION('center_axis',(-3.06503289006945E-17,0.,-1.));
#4278=DIRECTION('ref_axis',(0.707106781186548,-0.707106781186547,0.));
#4279=DIRECTION('',(3.06503289006945E-17,0.,1.));
#4280=DIRECTION('',(-3.06503289006945E-17,0.,-1.));
#4281=DIRECTION('center_axis',(0.,-1.,2.45524655527242E-15));
#4282=DIRECTION('ref_axis',(0.,-2.59052039079203E-15,-1.));
#4283=DIRECTION('center_axis',(0.,-1.,2.45524655527242E-15));
#4284=DIRECTION('ref_axis',(-0.791889268610831,1.49933242207482E-15,0.610664708542259));
#4285=DIRECTION('center_axis',(0.,1.,-2.45524655527242E-15));
#4286=DIRECTION('ref_axis',(-0.791889268610831,1.50073751875203E-15,0.610664708542259));
#4287=DIRECTION('center_axis',(0.,-0.642787609686539,0.766044443118978));
#4288=DIRECTION('ref_axis',(-0.707106781186541,-0.541675220419707,-0.454519477672049));
#4289=DIRECTION('',(0.,-0.642787609686539,0.766044443118978));
#4290=DIRECTION('',(0.,0.642787609686539,-0.766044443118978));
#4291=DIRECTION('center_axis',(0.,-0.342020143325671,0.939692620785908));
#4292=DIRECTION('ref_axis',(0.,0.939692620785908,0.342020143325671));
#4293=DIRECTION('center_axis',(0.,-0.342020143325669,0.939692620785908));
#4294=DIRECTION('ref_axis',(-8.8306660001338E-17,0.939692620785908,0.342020143325669));
#4295=DIRECTION('center_axis',(-5.69194808669047E-15,0.939692620785908,
0.34202014332567));
#4296=DIRECTION('ref_axis',(0.,-0.34202014332567,0.939692620785908));
#4297=DIRECTION('center_axis',(-4.19906222865199E-17,0.325267395518117,
-0.945622081707519));
#4298=DIRECTION('ref_axis',(-8.39812445730397E-17,0.945622081707519,0.325267395518117));
#4299=DIRECTION('center_axis',(1.51887455202301E-16,-0.939692620785908,
-0.342020143325669));
#4300=DIRECTION('ref_axis',(0.707106781186551,-0.241844762647974,0.664463024388672));
#4301=DIRECTION('',(-1.51887455202301E-16,0.939692620785909,0.342020143325669));
#4302=DIRECTION('',(1.51887455202301E-16,-0.939692620785909,-0.342020143325669));
#4303=DIRECTION('center_axis',(0.,0.98480775301221,0.17364817766692));
#4304=DIRECTION('ref_axis',(-8.74684993778763E-16,-0.17364817766692,0.98480775301221));
#4305=DIRECTION('center_axis',(0.,2.45524655527242E-15,1.));
#4306=DIRECTION('ref_axis',(-0.707106781186548,-0.707106781186548,6.28036983473512E-15));
#4307=DIRECTION('',(0.,-2.45524655527242E-15,-1.));
#4308=DIRECTION('center_axis',(0.,0.573576436351049,0.81915204428899));
#4309=DIRECTION('ref_axis',(0.,0.81915204428899,-0.573576436351049));
#4310=DIRECTION('',(0.,2.45524655527242E-15,1.));
#4311=DIRECTION('center_axis',(0.408248290463867,-0.40824829046386,-0.816496580927726));
#4312=DIRECTION('ref_axis',(0.577350269189631,-0.577350269189623,0.577350269189624));
#4313=DIRECTION('center_axis',(0.,8.88178419700125E-15,1.));
#4314=DIRECTION('ref_axis',(1.,0.,0.));
#4315=DIRECTION('center_axis',(0.,-1.,0.));
#4316=DIRECTION('ref_axis',(0.,0.,1.));
#4317=DIRECTION('center_axis',(1.,0.,8.88178419700128E-15));
#4318=DIRECTION('ref_axis',(0.,-1.,0.));
#4319=DIRECTION('center_axis',(0.,-1.,0.));
#4320=DIRECTION('ref_axis',(0.707106781186551,0.,0.707106781186544));
#4321=DIRECTION('',(0.,-1.,0.));
#4322=DIRECTION('',(0.,1.,0.));
#4323=DIRECTION('center_axis',(0.,0.939692620785908,0.342020143325669));
#4324=DIRECTION('ref_axis',(-0.707106781186548,-0.241844762647976,0.664463024388674));
#4325=DIRECTION('',(0.,-0.939692620785909,-0.342020143325669));
#4326=DIRECTION('center_axis',(0.,0.984807753012209,0.173648177666924));
#4327=DIRECTION('ref_axis',(0.,0.173648177666924,-0.984807753012209));
#4328=DIRECTION('',(0.,0.939692620785909,0.342020143325669));
#4329=DIRECTION('center_axis',(-0.816496580927725,0.408248290463866,-0.408248290463862));
#4330=DIRECTION('ref_axis',(-0.577350269189625,-0.577350269189628,0.577350269189625));
#4331=DIRECTION('center_axis',(-4.44089209850064E-15,0.,1.));
#4332=DIRECTION('ref_axis',(0.,-1.,0.));
#4333=DIRECTION('center_axis',(-1.,0.,0.));
#4334=DIRECTION('ref_axis',(0.,0.,1.));
#4335=DIRECTION('center_axis',(0.,-1.,0.));
#4336=DIRECTION('ref_axis',(-1.,0.,0.));
#4337=DIRECTION('center_axis',(-1.,0.,0.));
#4338=DIRECTION('ref_axis',(0.,-0.707106781186549,0.707106781186546));
#4339=DIRECTION('',(1.,0.,0.));
#4340=DIRECTION('',(-1.,0.,0.));
#4341=DIRECTION('center_axis',(0.,1.,0.));
#4342=DIRECTION('ref_axis',(-0.707106781186544,0.,0.707106781186551));
#4343=DIRECTION('',(0.,-1.,0.));
#4344=DIRECTION('',(0.,1.,0.));
#4345=DIRECTION('center_axis',(0.,0.,1.));
#4346=DIRECTION('ref_axis',(-0.707106781186546,-0.707106781186549,0.));
#4347=DIRECTION('center_axis',(0.,0.,1.));
#4348=DIRECTION('ref_axis',(-1.,0.,0.));
#4349=DIRECTION('',(0.,0.,1.));
#4350=DIRECTION('',(0.,0.,-1.));
#4351=DIRECTION('center_axis',(0.,1.,0.));
#4352=DIRECTION('ref_axis',(0.,0.,1.));
#4353=DIRECTION('center_axis',(-1.,0.,0.));
#4354=DIRECTION('ref_axis',(0.,0.,-1.));
#4355=DIRECTION('center_axis',(0.,1.,0.));
#4356=DIRECTION('ref_axis',(-0.707106781186547,0.,-0.707106781186548));
#4357=DIRECTION('center_axis',(0.,-1.,0.));
#4358=DIRECTION('ref_axis',(-0.707106781186547,0.,-0.707106781186548));
#4359=DIRECTION('center_axis',(1.,0.,6.20236326606232E-17));
#4360=DIRECTION('ref_axis',(0.,-0.707106781186546,-0.707106781186549));
#4361=DIRECTION('center_axis',(-1.,0.,0.));
#4362=DIRECTION('ref_axis',(0.,0.,-1.));
#4363=DIRECTION('',(-1.,0.,-6.20236326606232E-17));
#4364=DIRECTION('',(1.,0.,6.20236326606232E-17));
#4365=DIRECTION('center_axis',(0.,1.,0.));
#4366=DIRECTION('ref_axis',(0.,0.,1.));
#4367=DIRECTION('center_axis',(0.,0.,-1.));
#4368=DIRECTION('ref_axis',(1.,0.,0.));
#4369=DIRECTION('center_axis',(0.,1.,0.));
#4370=DIRECTION('ref_axis',(0.707106781186548,0.,-0.707106781186547));
#4371=DIRECTION('center_axis',(0.,-1.,0.));
#4372=DIRECTION('ref_axis',(0.707106781186548,0.,-0.707106781186547));
#4373=DIRECTION('center_axis',(-4.44089209850063E-16,0.,1.));
#4374=DIRECTION('ref_axis',(0.707106781186546,-0.707106781186549,0.));
#4375=DIRECTION('',(4.44089209850063E-16,0.,-1.));
#4376=DIRECTION('',(-4.44089209850063E-16,0.,1.));
#4377=DIRECTION('center_axis',(1.,0.,0.));
#4378=DIRECTION('ref_axis',(0.,-0.939692620785907,-0.342020143325674));
#4379=DIRECTION('',(-1.,0.,0.));
#4380=DIRECTION('',(1.,0.,0.));
#4381=DIRECTION('center_axis',(1.,0.,4.44089209850063E-16));
#4382=DIRECTION('ref_axis',(4.44089209850063E-16,0.,-1.));
#4383=DIRECTION('',(0.,-1.,0.));
#4384=DIRECTION('',(4.44089209850063E-16,0.,-1.));
#4385=DIRECTION('',(0.,1.,0.));
#4386=DIRECTION('center_axis',(0.,1.,0.));
#4387=DIRECTION('ref_axis',(0.707106781186547,0.,-0.707106781186547));
#4388=DIRECTION('',(0.,1.,0.));
#4389=DIRECTION('center_axis',(0.,-1.,0.));
#4390=DIRECTION('ref_axis',(0.707106781186547,0.,-0.707106781186547));
#4391=DIRECTION('center_axis',(6.20236326606232E-17,0.,-1.));
#4392=DIRECTION('ref_axis',(-1.,0.,-6.20236326606232E-17));
#4393=DIRECTION('',(0.,-1.,0.));
#4394=DIRECTION('',(-1.,0.,-6.20236326606232E-17));
#4395=DIRECTION('center_axis',(0.,1.,0.));
#4396=DIRECTION('ref_axis',(-0.707106781186547,0.,-0.707106781186548));
#4397=DIRECTION('',(0.,1.,0.));
#4398=DIRECTION('center_axis',(0.,-1.,0.));
#4399=DIRECTION('ref_axis',(-0.707106781186547,0.,-0.707106781186548));
#4400=DIRECTION('center_axis',(-1.,0.,0.));
#4401=DIRECTION('ref_axis',(0.,0.,1.));
#4402=DIRECTION('',(0.,-1.,0.));
#4403=DIRECTION('',(0.,0.,1.));
#4404=DIRECTION('center_axis',(0.,0.766044443118978,0.642787609686539));
#4405=DIRECTION('ref_axis',(0.,-0.642787609686539,0.766044443118978));
#4406=DIRECTION('',(-1.,0.,0.));
#4407=DIRECTION('center_axis',(0.,1.,-2.45524655527242E-15));
#4408=DIRECTION('ref_axis',(0.,2.45524655527242E-15,1.));
#4409=DIRECTION('',(-1.,0.,0.));
#4410=DIRECTION('center_axis',(0.,1.,0.));
#4411=DIRECTION('ref_axis',(1.,0.,0.));
#4412=DIRECTION('center_axis',(0.,1.,0.));
#4413=DIRECTION('ref_axis',(1.,0.,0.));
#4414=DIRECTION('center_axis',(0.,1.,0.));
#4415=DIRECTION('ref_axis',(0.707106781186548,0.,-0.707106781186548));
#4416=DIRECTION('center_axis',(2.56380341499127E-31,-1.,2.45524655527242E-15));
#4417=DIRECTION('ref_axis',(0.707106781186548,0.,-0.707106781186548));
#4418=DIRECTION('',(0.,-1.,0.));
#4419=DIRECTION('center_axis',(0.,-1.,0.));
#4420=DIRECTION('ref_axis',(0.707106781186548,0.,-0.707106781186548));
#4421=DIRECTION('',(0.,1.,0.));
#4422=DIRECTION('center_axis',(1.,0.,4.44089209850063E-16));
#4423=DIRECTION('ref_axis',(4.44089209850063E-16,0.,-1.));
#4424=DIRECTION('',(-4.44089209850063E-16,2.45524655527242E-15,1.));
#4425=DIRECTION('',(0.,1.,0.));
#4426=DIRECTION('',(-4.44089209850063E-16,0.,1.));
#4427=DIRECTION('center_axis',(0.,1.,0.));
#4428=DIRECTION('ref_axis',(-1.,0.,-2.58191401075618E-16));
#4429=DIRECTION('center_axis',(0.,1.,-2.45524655527242E-15));
#4430=DIRECTION('ref_axis',(-1.,0.,-2.58191401075618E-16));
#4431=DIRECTION('center_axis',(0.,-0.766044443118978,-0.642787609686539));
#4432=DIRECTION('ref_axis',(-1.9778608805508E-16,-0.642787609686539,0.766044443118978));
#4433=DIRECTION('',(0.,1.,0.));
#4434=DIRECTION('center_axis',(0.,1.,0.));
#4435=DIRECTION('ref_axis',(-1.,0.,-2.58191401075618E-16));
#4436=DIRECTION('center_axis',(0.,1.,0.));
#4437=DIRECTION('ref_axis',(-0.707106781186547,0.,0.707106781186547));
#4438=DIRECTION('center_axis',(0.,-1.,0.));
#4439=DIRECTION('ref_axis',(-0.707106781186547,0.,0.707106781186547));
#4440=DIRECTION('',(0.,1.,0.));
#4441=DIRECTION('center_axis',(0.,-1.,0.));
#4442=DIRECTION('ref_axis',(-0.707106781186547,0.,0.707106781186547));
#4443=DIRECTION('',(0.,-1.,0.));
#4444=DIRECTION('center_axis',(0.,0.,1.));
#4445=DIRECTION('ref_axis',(1.,0.,0.));
#4446=DIRECTION('',(-1.,0.,0.));
#4447=DIRECTION('',(0.,-1.,0.));
#4448=DIRECTION('',(-1.,0.,0.));
#4449=DIRECTION('center_axis',(0.,1.,0.));
#4450=DIRECTION('ref_axis',(1.,0.,0.));
#4451=DIRECTION('center_axis',(0.,1.,0.));
#4452=DIRECTION('ref_axis',(0.707106781186547,0.,0.707106781186547));
#4453=DIRECTION('',(-3.06503289006945E-17,0.,-1.));
#4454=DIRECTION('',(1.,0.,0.));
#4455=DIRECTION('',(0.,0.,1.));
#4456=DIRECTION('center_axis',(0.,1.,0.));
#4457=DIRECTION('ref_axis',(0.707106781186547,0.,0.707106781186547));
#4458=DIRECTION('center_axis',(0.,-1.,0.));
#4459=DIRECTION('ref_axis',(0.707106781186547,0.,0.707106781186547));
#4460=DIRECTION('',(0.,1.,0.));
#4461=DIRECTION('center_axis',(1.,0.,-3.06503289006945E-17));
#4462=DIRECTION('ref_axis',(-3.06503289006945E-17,0.,-1.));
#4463=DIRECTION('',(3.06503289006945E-17,0.,1.));
#4464=DIRECTION('',(0.,-1.,0.));
#4465=DIRECTION('',(2.3479514134146E-17,-0.642787609686539,0.766044443118978));
#4466=DIRECTION('center_axis',(0.,1.,0.));
#4467=DIRECTION('ref_axis',(0.707106781186548,0.,-0.707106781186548));
#4468=DIRECTION('center_axis',(0.,-1.,0.));
#4469=DIRECTION('ref_axis',(0.707106781186548,0.,-0.707106781186548));
#4470=DIRECTION('',(0.,1.,0.));
#4471=DIRECTION('center_axis',(0.,-0.766044443118978,-0.642787609686539));
#4472=DIRECTION('ref_axis',(0.,0.642787609686539,-0.766044443118978));
#4473=DIRECTION('center_axis',(0.,0.,-1.));
#4474=DIRECTION('ref_axis',(-1.,0.,0.));
#4475=DIRECTION('',(1.,0.,0.));
#4476=DIRECTION('',(1.,0.,0.));
#4477=DIRECTION('center_axis',(0.,0.766044443118978,0.642787609686539));
#4478=DIRECTION('ref_axis',(0.,-0.642787609686539,0.766044443118978));
#4479=DIRECTION('',(-1.,0.,0.));
#4480=DIRECTION('',(0.,-0.642787609686539,0.766044443118978));
#4481=DIRECTION('center_axis',(0.,1.,-2.45524655527242E-15));
#4482=DIRECTION('ref_axis',(0.,2.45524655527242E-15,1.));
#4483=DIRECTION('',(1.,4.08663651934604E-31,6.20236326606232E-17));
#4484=DIRECTION('center_axis',(2.56380341499127E-31,-1.,2.45524655527242E-15));
#4485=DIRECTION('ref_axis',(-0.707106781186547,0.,-0.707106781186548));
#4486=DIRECTION('',(0.,2.45524655527242E-15,1.));
#4487=DIRECTION('center_axis',(-1.,0.,0.));
#4488=DIRECTION('ref_axis',(0.,0.,1.));
#4489=DIRECTION('',(0.,1.,0.));
#4490=DIRECTION('',(0.,0.,-1.));
#4491=DIRECTION('center_axis',(0.,1.,0.));
#4492=DIRECTION('ref_axis',(-0.707106781186547,0.,-0.707106781186548));
#4493=DIRECTION('',(0.,-1.,0.));
#4494=DIRECTION('center_axis',(0.,-1.,0.));
#4495=DIRECTION('ref_axis',(-0.707106781186547,0.,-0.707106781186548));
#4496=DIRECTION('center_axis',(6.20236326606232E-17,0.,-1.));
#4497=DIRECTION('ref_axis',(-1.,0.,-6.20236326606232E-17));
#4498=DIRECTION('',(1.,0.,6.20236326606232E-17));
#4499=DIRECTION('center_axis',(0.,1.,0.));
#4500=DIRECTION('ref_axis',(-0.707106781186547,0.,0.707106781186547));
#4501=DIRECTION('',(0.,1.,0.));
#4502=DIRECTION('center_axis',(0.,-1.,0.));
#4503=DIRECTION('ref_axis',(-0.707106781186547,0.,0.707106781186547));
#4504=DIRECTION('center_axis',(0.,0.,1.));
#4505=DIRECTION('ref_axis',(1.,0.,0.));
#4506=DIRECTION('',(0.,-1.,0.));
#4507=DIRECTION('',(1.,0.,0.));
#4508=DIRECTION('center_axis',(0.,1.,0.));
#4509=DIRECTION('ref_axis',(0.707106781186547,0.,0.707106781186547));
#4510=DIRECTION('',(0.,1.,0.));
#4511=DIRECTION('center_axis',(0.,-1.,0.));
#4512=DIRECTION('ref_axis',(0.707106781186547,0.,0.707106781186547));
#4513=DIRECTION('center_axis',(1.,0.,-3.06503289006945E-17));
#4514=DIRECTION('ref_axis',(-3.06503289006945E-17,0.,-1.));
#4515=DIRECTION('',(0.,-1.,0.));
#4516=DIRECTION('',(-3.06503289006945E-17,0.,-1.));
#4517=DIRECTION('center_axis',(0.,1.,0.));
#4518=DIRECTION('ref_axis',(0.707106781186547,0.,-0.707106781186547));
#4519=DIRECTION('',(0.,1.,0.));
#4520=DIRECTION('center_axis',(0.,-1.,0.));
#4521=DIRECTION('ref_axis',(0.707106781186547,0.,-0.707106781186547));
#4522=DIRECTION('center_axis',(0.,0.,-1.));
#4523=DIRECTION('ref_axis',(-1.,0.,0.));
#4524=DIRECTION('',(0.,1.,0.));
#4525=DIRECTION('',(-1.,0.,0.));
#4526=DIRECTION('center_axis',(0.,1.,0.));
#4527=DIRECTION('ref_axis',(-1.,0.,-2.58191401075618E-16));
#4528=DIRECTION('center_axis',(0.,-1.,0.));
#4529=DIRECTION('ref_axis',(-1.,0.,-2.58191401075618E-16));
#4530=DIRECTION('center_axis',(0.,0.342020143325669,-0.939692620785908));
#4531=DIRECTION('ref_axis',(0.,0.939692620785909,0.342020143325669));
#4532=DIRECTION('',(1.,0.,0.));
#4533=DIRECTION('center_axis',(0.,0.,-1.));
#4534=DIRECTION('ref_axis',(0.,1.,0.));
#4535=DIRECTION('center_axis',(0.,1.,0.));
#4536=DIRECTION('ref_axis',(1.,0.,0.));
#4537=DIRECTION('center_axis',(0.,0.,-1.));
#4538=DIRECTION('ref_axis',(0.,1.,0.));
#4539=DIRECTION('',(0.,1.,0.));
#4540=DIRECTION('',(-1.,0.,0.));
#4541=DIRECTION('',(0.,1.,0.));
#4542=DIRECTION('',(-1.,0.,0.));
#4543=DIRECTION('center_axis',(-1.,0.,0.));
#4544=DIRECTION('ref_axis',(0.,0.,1.));
#4545=DIRECTION('',(0.,0.939692620785909,0.342020143325669));
#4546=DIRECTION('',(0.,0.,1.));
#4547=DIRECTION('center_axis',(1.,0.,4.44089209850063E-16));
#4548=DIRECTION('ref_axis',(4.44089209850063E-16,0.,-1.));
#4549=DIRECTION('',(1.51887455202301E-16,-0.939692620785909,-0.342020143325669));
#4550=DIRECTION('',(4.44089209850063E-16,0.,-1.));
#4551=DIRECTION('center_axis',(0.,1.,0.));
#4552=DIRECTION('ref_axis',(1.,0.,0.));
#4553=DIRECTION('',(-1.,0.,0.));
#4554=DIRECTION('center_axis',(0.,0.342020143325669,-0.939692620785908));
#4555=DIRECTION('ref_axis',(-1.,0.,0.));
#4556=DIRECTION('axis',(0.,0.,1.));
#4557=DIRECTION('refdir',(1.,0.,0.));
#4558=DIRECTION('axis',(0.,0.,1.));
#4559=DIRECTION('refdir',(1.,0.,0.));
#4560=DIRECTION('center_axis',(-8.88178419700125E-17,0.,1.));
#4561=DIRECTION('ref_axis',(-1.,0.,-8.88178419700125E-17));
#4562=DIRECTION('',(0.,1.,0.));
#4563=DIRECTION('',(1.,0.,8.88178419700125E-17));
#4564=DIRECTION('',(0.,1.,0.));
#4565=DIRECTION('',(1.,0.,0.));
#4566=DIRECTION('center_axis',(0.,1.,0.));
#4567=DIRECTION('ref_axis',(0.,0.,1.));
#4568=DIRECTION('',(-1.,0.,0.));
#4569=DIRECTION('',(0.,0.,-1.));
#4570=DIRECTION('',(-1.,0.,0.));
#4571=DIRECTION('',(0.,0.,-1.));
#4572=DIRECTION('',(-1.,0.,0.));
#4573=DIRECTION('center_axis',(0.,1.,0.));
#4574=DIRECTION('ref_axis',(5.92118946466751E-16,0.,-1.));
#4575=DIRECTION('center_axis',(-1.,0.,0.));
#4576=DIRECTION('ref_axis',(0.,0.,1.));
#4577=DIRECTION('',(0.,1.,0.));
#4578=DIRECTION('',(0.,0.,1.));
#4579=DIRECTION('',(0.,1.,0.));
#4580=DIRECTION('center_axis',(0.,1.,0.));
#4581=DIRECTION('ref_axis',(-1.,0.,0.));
#4582=DIRECTION('',(1.,0.,0.));
#4583=DIRECTION('center_axis',(0.,1.,0.));
#4584=DIRECTION('ref_axis',(5.92118946466751E-16,0.,-1.));
#4585=DIRECTION('',(-1.,0.,0.));
#4586=DIRECTION('center_axis',(0.,-1.,0.));
#4587=DIRECTION('ref_axis',(-0.707106781186547,0.,-0.707106781186548));
#4588=DIRECTION('',(-3.28954970259306E-16,0.,1.));
#4589=DIRECTION('center_axis',(0.,-1.,0.));
#4590=DIRECTION('ref_axis',(0.,0.,-1.));
#4591=DIRECTION('center_axis',(0.,1.,0.));
#4592=DIRECTION('ref_axis',(5.92118946466751E-16,0.,-1.));
#4593=DIRECTION('',(0.,1.,0.));
#4594=DIRECTION('center_axis',(0.,1.,0.));
#4595=DIRECTION('ref_axis',(5.92118946466751E-16,0.,-1.));
#4596=DIRECTION('',(0.,1.,0.));
#4597=DIRECTION('center_axis',(0.,-1.,0.));
#4598=DIRECTION('ref_axis',(0.,0.,-1.));
#4599=DIRECTION('',(1.,0.,0.));
#4600=DIRECTION('center_axis',(0.,-1.,0.));
#4601=DIRECTION('ref_axis',(1.29977329712214E-15,0.,-1.));
#4602=DIRECTION('',(-1.,0.,4.35381578284375E-17));
#4603=DIRECTION('',(0.,0.,-1.));
#4604=DIRECTION('center_axis',(0.,-1.,0.));
#4605=DIRECTION('ref_axis',(0.707106781186547,0.,-0.707106781186548));
#4606=DIRECTION('',(1.,0.,0.));
#4607=DIRECTION('center_axis',(0.707106781186547,-0.707106781186548,0.));
#4608=DIRECTION('ref_axis',(0.,0.,-1.));
#4609=DIRECTION('',(0.,0.,1.));
#4610=DIRECTION('',(-0.577350269189626,-0.577350269189626,-0.577350269189626));
#4611=DIRECTION('',(0.,0.,-1.));
#4612=DIRECTION('',(0.577350269189626,0.577350269189626,-0.577350269189626));
#4613=DIRECTION('center_axis',(0.,-0.707106781186547,0.707106781186548));
#4614=DIRECTION('ref_axis',(1.,0.,0.));
#4615=DIRECTION('',(1.,0.,0.));
#4616=DIRECTION('',(-1.,0.,0.));
#4617=DIRECTION('',(-0.577350269189626,0.577350269189626,0.577350269189626));
#4618=DIRECTION('center_axis',(0.,-0.707106781186548,-0.707106781186548));
#4619=DIRECTION('ref_axis',(-1.,0.,0.));
#4620=DIRECTION('',(-1.,0.,0.));
#4621=DIRECTION('',(0.,0.707106781186548,-0.707106781186547));
#4622=DIRECTION('',(1.,0.,0.));
#4623=DIRECTION('center_axis',(0.,1.,0.));
#4624=DIRECTION('ref_axis',(0.,0.,-1.));
#4625=DIRECTION('',(-0.707106781186546,0.707106781186549,0.));
#4626=DIRECTION('center_axis',(0.,-1.,0.));
#4627=DIRECTION('ref_axis',(0.,0.,-1.));
#4628=DIRECTION('center_axis',(0.,1.,0.));
#4629=DIRECTION('ref_axis',(0.,0.,-1.));
#4630=DIRECTION('center_axis',(-0.707106781186547,-0.707106781186548,0.));
#4631=DIRECTION('ref_axis',(0.,0.,1.));
#4632=DIRECTION('',(0.,0.,-1.));
#4633=DIRECTION('',(0.,0.,1.));
#4634=DIRECTION('center_axis',(-1.,0.,0.));
#4635=DIRECTION('ref_axis',(0.,0.,1.));
#4636=DIRECTION('',(0.,1.,0.));
#4637=DIRECTION('',(0.,0.,1.));
#4638=DIRECTION('',(0.,1.,0.));
#4639=DIRECTION('center_axis',(0.,0.,1.));
#4640=DIRECTION('ref_axis',(1.,0.,0.));
#4641=DIRECTION('',(0.,1.,0.));
#4642=DIRECTION('',(-1.,0.,0.));
#4643=DIRECTION('',(0.,-1.,0.));
#4644=DIRECTION('',(-1.,0.,0.));
#4645=DIRECTION('',(0.,-1.,0.));
#4646=DIRECTION('',(0.707170962985816,-0.707042593561176,0.));
#4647=DIRECTION('',(1.,0.,0.));
#4648=DIRECTION('',(0.707148641024238,0.70706491887066,0.));
#4649=DIRECTION('',(0.,1.,0.));
#4650=DIRECTION('',(0.,1.,0.));
#4651=DIRECTION('',(1.,0.,0.));
#4652=DIRECTION('center_axis',(1.,0.,0.));
#4653=DIRECTION('ref_axis',(0.,0.,-1.));
#4654=DIRECTION('',(0.,1.,0.));
#4655=DIRECTION('',(0.,0.,-1.));
#4656=DIRECTION('center_axis',(0.,1.,0.));
#4657=DIRECTION('ref_axis',(1.,0.,0.));
#4658=DIRECTION('center_axis',(0.,0.,-1.));
#4659=DIRECTION('ref_axis',(-1.,0.,0.));
#4660=DIRECTION('',(0.,1.,0.));
#4661=DIRECTION('',(-1.,0.,0.));
#4662=DIRECTION('center_axis',(0.,1.,0.));
#4663=DIRECTION('ref_axis',(0.,0.,-1.));
#4664=DIRECTION('center_axis',(0.,1.,0.));
#4665=DIRECTION('ref_axis',(0.,0.,-1.));
#4666=DIRECTION('center_axis',(0.,1.,0.));
#4667=DIRECTION('ref_axis',(-1.,0.,0.));
#4668=DIRECTION('center_axis',(0.,1.,0.));
#4669=DIRECTION('ref_axis',(0.,0.,-1.));
#4670=DIRECTION('',(-3.28954970259306E-16,0.,1.));
#4671=DIRECTION('center_axis',(0.,1.,0.));
#4672=DIRECTION('ref_axis',(-0.707106781186547,0.,-0.707106781186548));
#4673=DIRECTION('',(-1.,0.,0.));
#4674=DIRECTION('center_axis',(0.,1.,0.));
#4675=DIRECTION('ref_axis',(-0.707106781186547,0.,-0.707106781186548));
#4676=DIRECTION('',(0.,-1.,0.));
#4677=DIRECTION('',(0.,1.,0.));
#4678=DIRECTION('center_axis',(-1.,0.,-3.28954970259306E-16));
#4679=DIRECTION('ref_axis',(-3.28954970259306E-16,0.,1.));
#4680=DIRECTION('',(0.,1.,0.));
#4681=DIRECTION('center_axis',(0.,1.,0.));
#4682=DIRECTION('ref_axis',(0.,0.,-1.));
#4683=DIRECTION('center_axis',(0.,1.,0.));
#4684=DIRECTION('ref_axis',(5.92118946466751E-16,0.,-1.));
#4685=DIRECTION('',(0.,1.,0.));
#4686=DIRECTION('center_axis',(0.,1.,0.));
#4687=DIRECTION('ref_axis',(5.92118946466751E-16,0.,-1.));
#4688=DIRECTION('center_axis',(0.,0.,-1.));
#4689=DIRECTION('ref_axis',(-1.,0.,0.));
#4690=DIRECTION('',(0.,1.,0.));
#4691=DIRECTION('',(1.,0.,0.));
#4692=DIRECTION('',(0.,1.,0.));
#4693=DIRECTION('center_axis',(0.,0.,-1.));
#4694=DIRECTION('ref_axis',(-1.,0.,0.));
#4695=DIRECTION('',(-1.,0.,0.));
#4696=DIRECTION('',(0.,1.,0.));
#4697=DIRECTION('center_axis',(0.,-1.,0.));
#4698=DIRECTION('ref_axis',(1.29977329712214E-15,0.,-1.));
#4699=DIRECTION('center_axis',(0.,1.,0.));
#4700=DIRECTION('ref_axis',(1.29977329712214E-15,0.,-1.));
#4701=DIRECTION('center_axis',(0.,-1.,0.));
#4702=DIRECTION('ref_axis',(1.29977329712214E-15,0.,-1.));
#4703=DIRECTION('center_axis',(-4.35381578284375E-17,0.,-1.));
#4704=DIRECTION('ref_axis',(-1.,0.,4.35381578284375E-17));
#4705=DIRECTION('',(-1.,0.,4.35381578284375E-17));
#4706=DIRECTION('',(0.,-1.,0.));
#4707=DIRECTION('',(0.,1.,0.));
#4708=DIRECTION('center_axis',(0.,1.,0.));
#4709=DIRECTION('ref_axis',(1.29977329712214E-15,0.,-1.));
#4710=DIRECTION('center_axis',(0.,1.,0.));
#4711=DIRECTION('ref_axis',(1.29977329712214E-15,0.,-1.));
#4712=DIRECTION('center_axis',(0.,-1.,0.));
#4713=DIRECTION('ref_axis',(1.29977329712214E-15,0.,-1.));
#4714=DIRECTION('center_axis',(0.,-1.,0.));
#4715=DIRECTION('ref_axis',(1.29977329712214E-15,0.,-1.));
#4716=DIRECTION('',(-6.28036983473503E-15,0.70710678118655,0.707106781186545));
#4717=DIRECTION('center_axis',(-3.07861266408585E-17,0.707106781186543,
-0.707106781186552));
#4718=DIRECTION('ref_axis',(-1.,0.,4.35381578284375E-17));
#4719=DIRECTION('',(1.,0.,-4.35381578284375E-17));
#4720=DIRECTION('',(0.577350269189624,-0.577350269189632,-0.577350269189622));
#4721=DIRECTION('center_axis',(0.,1.,0.));
#4722=DIRECTION('ref_axis',(1.29977329712214E-15,0.,-1.));
#4723=DIRECTION('',(-6.28036983473506E-15,-0.707106781186553,0.707106781186542));
#4724=DIRECTION('center_axis',(0.,1.,0.));
#4725=DIRECTION('ref_axis',(1.29977329712214E-15,0.,-1.));
#4726=DIRECTION('center_axis',(-6.28036983473514E-17,0.707106781186543,
0.707106781186552));
#4727=DIRECTION('ref_axis',(1.,0.,8.88178419700125E-17));
#4728=DIRECTION('',(-1.,0.,-8.88178419700125E-17));
#4729=DIRECTION('',(-0.577350269189624,-0.577350269189632,0.577350269189622));
#4730=DIRECTION('center_axis',(-1.,0.,0.));
#4731=DIRECTION('ref_axis',(0.,0.,1.));
#4732=DIRECTION('',(0.,0.,1.));
#4733=DIRECTION('center_axis',(0.,-1.,0.));
#4734=DIRECTION('ref_axis',(0.707106781186547,0.,-0.707106781186548));
#4735=DIRECTION('center_axis',(0.,1.,0.));
#4736=DIRECTION('ref_axis',(0.707106781186547,0.,-0.707106781186548));
#4737=DIRECTION('',(0.,-1.,0.));
#4738=DIRECTION('center_axis',(0.,1.,0.));
#4739=DIRECTION('ref_axis',(-1.,0.,0.));
#4740=DIRECTION('',(0.,0.,1.));
#4741=DIRECTION('center_axis',(0.,-1.,0.));
#4742=DIRECTION('ref_axis',(0.707106781186548,0.,0.707106781186548));
#4743=DIRECTION('',(-1.,0.,0.));
#4744=DIRECTION('center_axis',(0.,-1.,0.));
#4745=DIRECTION('ref_axis',(-0.707106781186548,0.,0.707106781186548));
#4746=DIRECTION('',(0.,0.,-1.));
#4747=DIRECTION('center_axis',(1.,0.,0.));
#4748=DIRECTION('ref_axis',(0.,0.,-1.));
#4749=DIRECTION('',(0.,0.,-1.));
#4750=DIRECTION('',(0.,-1.,0.));
#4751=DIRECTION('center_axis',(0.707106781186552,0.707106781186543,0.));
#4752=DIRECTION('ref_axis',(0.,0.,-1.));
#4753=DIRECTION('',(0.,0.,1.));
#4754=DIRECTION('center_axis',(-0.707106781186552,-0.707106781186543,0.));
#4755=DIRECTION('ref_axis',(-0.707106781186543,0.707106781186552,0.));
#4756=DIRECTION('center_axis',(-0.707106781186552,-0.707106781186543,0.));
#4757=DIRECTION('ref_axis',(0.707106781186543,-0.707106781186552,0.));
#4758=DIRECTION('center_axis',(1.,0.,0.));
#4759=DIRECTION('ref_axis',(0.,0.707106781186555,0.70710678118654));
#4760=DIRECTION('',(-1.,0.,0.));
#4761=DIRECTION('center_axis',(0.707106781186552,-0.707106781186543,0.));
#4762=DIRECTION('ref_axis',(0.707106781186543,0.707106781186552,0.));
#4763=DIRECTION('center_axis',(0.707106781186548,0.707106781186548,0.));
#4764=DIRECTION('ref_axis',(-0.707106781186547,0.707106781186548,0.));
#4765=DIRECTION('',(1.,0.,0.));
#4766=DIRECTION('center_axis',(-0.707106781186548,0.707106781186548,0.));
#4767=DIRECTION('ref_axis',(0.707106781186547,0.707106781186548,0.));
#4768=DIRECTION('center_axis',(0.,-1.,0.));
#4769=DIRECTION('ref_axis',(0.,0.,-1.));
#4770=DIRECTION('',(0.,0.,-1.));
#4771=DIRECTION('center_axis',(0.,1.,0.));
#4772=DIRECTION('ref_axis',(0.707106781186548,0.,0.707106781186548));
#4773=DIRECTION('',(0.,-1.,0.));
#4774=DIRECTION('center_axis',(0.,0.,-1.));
#4775=DIRECTION('ref_axis',(-1.,0.,0.));
#4776=DIRECTION('',(0.,-1.,0.));
#4777=DIRECTION('center_axis',(0.,1.,0.));
#4778=DIRECTION('ref_axis',(-0.707106781186548,0.,0.707106781186548));
#4779=DIRECTION('center_axis',(0.707106781186552,-0.707106781186543,0.));
#4780=DIRECTION('ref_axis',(-0.707106781186543,-0.707106781186552,0.));
#4781=DIRECTION('',(0.,-1.,0.));
#4782=DIRECTION('center_axis',(1.,0.,0.));
#4783=DIRECTION('ref_axis',(0.,0.,-1.));
#4784=DIRECTION('',(0.,0.,1.));
#4785=DIRECTION('center_axis',(-0.707106781186552,0.707106781186543,0.));
#4786=DIRECTION('ref_axis',(0.,0.,1.));
#4787=DIRECTION('axis',(0.,0.,1.));
#4788=DIRECTION('refdir',(1.,0.,0.));
#4789=DIRECTION('center_axis',(0.,-0.707106781186549,0.707106781186546));
#4790=DIRECTION('ref_axis',(1.,0.,0.));
#4791=DIRECTION('',(-1.,0.,0.));
#4792=DIRECTION('',(0.,-0.707106781186546,-0.707106781186549));
#4793=DIRECTION('',(1.,0.,0.));
#4794=DIRECTION('',(-0.577350269189624,0.577350269189626,0.577350269189628));
#4795=DIRECTION('center_axis',(0.,-1.,0.));
#4796=DIRECTION('ref_axis',(-0.707106781186547,0.,-0.707106781186548));
#4797=DIRECTION('center_axis',(0.,1.,0.));
#4798=DIRECTION('ref_axis',(-0.707106781186547,0.,-0.707106781186548));
#4799=DIRECTION('',(-0.707106781186546,-0.707106781186549,0.));
#4800=DIRECTION('center_axis',(0.,-1.,0.));
#4801=DIRECTION('ref_axis',(-0.707106781186547,0.,-0.707106781186548));
#4802=DIRECTION('center_axis',(0.707106781186555,-0.70710678118654,0.));
#4803=DIRECTION('ref_axis',(0.,0.,-1.));
#4804=DIRECTION('',(0.,0.,-1.));
#4805=DIRECTION('',(0.,0.,1.));
#4806=DIRECTION('',(-0.577350269189617,-0.57735026918963,0.57735026918963));
#4807=DIRECTION('center_axis',(-0.707106781186549,-0.707106781186546,0.));
#4808=DIRECTION('ref_axis',(0.,0.,1.));
#4809=DIRECTION('',(0.,0.,-1.));
#4810=DIRECTION('',(0.,0.,1.));
#4811=DIRECTION('',(-0.577350269189623,0.577350269189625,-0.57735026918963));
#4812=DIRECTION('center_axis',(8.26364451938827E-17,-0.707106781186549,
-0.707106781186546));
#4813=DIRECTION('ref_axis',(-1.,0.,-1.1686558153949E-16));
#4814=DIRECTION('',(-1.,0.,-1.1686558153949E-16));
#4815=DIRECTION('',(1.,0.,1.1686558153949E-16));
#4816=DIRECTION('center_axis',(-1.,0.,0.));
#4817=DIRECTION('ref_axis',(0.,0.,1.));
#4818=DIRECTION('',(0.,-1.,0.));
#4819=DIRECTION('',(0.,0.,-1.));
#4820=DIRECTION('',(0.,1.,0.));
#4821=DIRECTION('center_axis',(0.,1.,0.));
#4822=DIRECTION('ref_axis',(-0.707106781186547,0.,-0.707106781186548));
#4823=DIRECTION('',(0.,1.,0.));
#4824=DIRECTION('center_axis',(0.,1.,0.));
#4825=DIRECTION('ref_axis',(-0.707106781186547,0.,-0.707106781186548));
#4826=DIRECTION('center_axis',(0.,0.,-1.));
#4827=DIRECTION('ref_axis',(-1.,0.,0.));
#4828=DIRECTION('',(0.,1.,0.));
#4829=DIRECTION('',(1.,0.,0.));
#4830=DIRECTION('center_axis',(0.,1.,0.));
#4831=DIRECTION('ref_axis',(0.,0.,1.));
#4832=DIRECTION('',(-1.,0.,-1.1686558153949E-16));
#4833=DIRECTION('',(2.22044604925031E-16,0.,-1.));
#4834=DIRECTION('center_axis',(0.,-1.,0.));
#4835=DIRECTION('ref_axis',(-1.,0.,-2.96059473233375E-16));
#4836=DIRECTION('',(-1.,0.,0.));
#4837=DIRECTION('center_axis',(0.,1.,0.));
#4838=DIRECTION('ref_axis',(0.707106781186548,0.,-0.707106781186548));
#4839=DIRECTION('',(0.,0.,-1.));
#4840=DIRECTION('center_axis',(0.,1.,0.));
#4841=DIRECTION('ref_axis',(0.707106781186547,0.,0.707106781186547));
#4842=DIRECTION('',(1.,0.,0.));
#4843=DIRECTION('',(0.,0.,1.));
#4844=DIRECTION('',(1.,0.,0.));
#4845=DIRECTION('',(0.,0.,1.));
#4846=DIRECTION('center_axis',(0.,1.,0.));
#4847=DIRECTION('ref_axis',(-0.707106781186547,0.,-0.707106781186547));
#4848=DIRECTION('',(-1.,0.,-7.30409884621813E-17));
#4849=DIRECTION('',(0.,0.,-1.));
#4850=DIRECTION('',(0.,0.,-1.));
#4851=DIRECTION('',(-1.,0.,0.));
#4852=DIRECTION('',(-2.22044604925031E-16,0.,1.));
#4853=DIRECTION('center_axis',(0.,-1.,0.));
#4854=DIRECTION('ref_axis',(0.707106781186548,0.,-0.707106781186547));
#4855=DIRECTION('',(1.,0.,0.));
#4856=DIRECTION('center_axis',(0.,-1.,0.));
#4857=DIRECTION('ref_axis',(-0.707106781186548,0.,-0.707106781186548));
#4858=DIRECTION('center_axis',(0.707106781186543,-0.707106781186553,0.));
#4859=DIRECTION('ref_axis',(0.,0.,-1.));
#4860=DIRECTION('',(0.707106781186552,0.707106781186542,0.));
#4861=DIRECTION('',(0.,0.,1.));
#4862=DIRECTION('',(-0.57735026918963,-0.577350269189622,0.577350269189625));
#4863=DIRECTION('center_axis',(0.,-0.707106781186546,-0.707106781186549));
#4864=DIRECTION('ref_axis',(-1.,0.,0.));
#4865=DIRECTION('',(1.,0.,0.));
#4866=DIRECTION('',(-0.577350269189625,0.577350269189627,-0.577350269189625));
#4867=DIRECTION('center_axis',(0.,-1.,0.));
#4868=DIRECTION('ref_axis',(-0.707106781186547,0.,-0.707106781186547));
#4869=DIRECTION('',(0.,0.707106781186552,0.707106781186543));
#4870=DIRECTION('center_axis',(0.,1.,0.));
#4871=DIRECTION('ref_axis',(-0.707106781186548,0.,-0.707106781186548));
#4872=DIRECTION('center_axis',(0.,-0.707106781186549,0.707106781186546));
#4873=DIRECTION('ref_axis',(1.,0.,0.));
#4874=DIRECTION('',(0.,0.707106781186546,0.707106781186549));
#4875=DIRECTION('',(-1.,0.,0.));
#4876=DIRECTION('center_axis',(0.,-1.,0.));
#4877=DIRECTION('ref_axis',(0.707106781186548,0.,-0.707106781186547));
#4878=DIRECTION('',(-0.70710678118654,0.707106781186555,0.));
#4879=DIRECTION('center_axis',(0.,1.,0.));
#4880=DIRECTION('ref_axis',(0.707106781186548,0.,-0.707106781186547));
#4881=DIRECTION('center_axis',(-0.707106781186555,-0.70710678118654,-1.57009245868379E-16));
#4882=DIRECTION('ref_axis',(-2.22044604925031E-16,0.,1.));
#4883=DIRECTION('',(2.22044604925031E-16,0.,-1.));
#4884=DIRECTION('center_axis',(-1.,0.,-2.22044604925031E-16));
#4885=DIRECTION('ref_axis',(-2.22044604925031E-16,0.,1.));
#4886=DIRECTION('',(0.,1.,0.));
#4887=DIRECTION('',(0.,1.,0.));
#4888=DIRECTION('',(-2.22044604925031E-16,0.,1.));
#4889=DIRECTION('',(0.,1.,0.));
#4890=DIRECTION('',(-2.22044604925031E-16,0.,1.));
#4891=DIRECTION('',(0.,1.,0.));
#4892=DIRECTION('center_axis',(0.,0.,-1.));
#4893=DIRECTION('ref_axis',(0.,1.,0.));
#4894=DIRECTION('',(0.,-1.,0.));
#4895=DIRECTION('',(1.,0.,0.));
#4896=DIRECTION('center_axis',(1.,0.,0.));
#4897=DIRECTION('ref_axis',(0.,0.,-1.));
#4898=DIRECTION('',(0.,-1.,0.));
#4899=DIRECTION('',(0.,0.,-1.));
#4900=DIRECTION('center_axis',(-1.,0.,0.));
#4901=DIRECTION('ref_axis',(0.,0.707106781186547,0.707106781186547));
#4902=DIRECTION('',(0.,1.,0.));
#4903=DIRECTION('',(0.,0.64278760968654,-0.766044443118978));
#4904=DIRECTION('center_axis',(-1.,0.,0.));
#4905=DIRECTION('ref_axis',(0.,0.939692620785908,0.342020143325669));
#4906=DIRECTION('',(0.,0.,-1.));
#4907=DIRECTION('center_axis',(-1.,0.,0.));
#4908=DIRECTION('ref_axis',(0.,0.819152044288991,-0.573576436351047));
#4909=DIRECTION('',(0.,-0.939692620785908,-0.342020143325669));
#4910=DIRECTION('center_axis',(0.,-0.707106781186546,0.707106781186549));
#4911=DIRECTION('ref_axis',(1.,0.,0.));
#4912=DIRECTION('',(-0.577350269189624,0.577350269189627,0.577350269189627));
#4913=DIRECTION('',(-1.,0.,0.));
#4914=DIRECTION('',(-0.577350269189632,0.577350269189624,0.577350269189622));
#4915=DIRECTION('center_axis',(8.26364451938845E-17,-0.707106781186534,
-0.707106781186561));
#4916=DIRECTION('ref_axis',(-1.,0.,-1.1686558153949E-16));
#4917=DIRECTION('',(1.,0.,1.1686558153949E-16));
#4918=DIRECTION('',(-0.577350269189627,-0.577350269189634,0.577350269189617));
#4919=DIRECTION('',(0.577350269189632,0.577350269189634,-0.577350269189611));
#4920=DIRECTION('center_axis',(-0.707106781186548,-0.707106781186547,0.));
#4921=DIRECTION('ref_axis',(0.,0.,1.));
#4922=DIRECTION('',(-0.577350269189624,0.577350269189622,0.577350269189632));
#4923=DIRECTION('',(0.,0.,-1.));
#4924=DIRECTION('center_axis',(0.,-0.707106781186554,0.707106781186541));
#4925=DIRECTION('ref_axis',(1.,0.,0.));
#4926=DIRECTION('',(1.57009245868377E-15,0.707106781186541,0.707106781186554));
#4927=DIRECTION('',(-1.,0.,0.));
#4928=DIRECTION('center_axis',(0.,1.,0.));
#4929=DIRECTION('ref_axis',(0.707106781186547,0.,0.707106781186547));
#4930=DIRECTION('',(0.707106781186562,0.707106781186533,0.));
#4931=DIRECTION('center_axis',(0.,-1.,0.));
#4932=DIRECTION('ref_axis',(0.707106781186547,0.,0.707106781186547));
#4933=DIRECTION('center_axis',(0.707106781186546,-0.707106781186549,0.));
#4934=DIRECTION('ref_axis',(0.,0.,-1.));
#4935=DIRECTION('',(0.707106781186549,0.707106781186546,0.));
#4936=DIRECTION('',(0.,0.,1.));
#4937=DIRECTION('center_axis',(0.,1.,0.));
#4938=DIRECTION('ref_axis',(0.707106781186547,0.,-0.707106781186547));
#4939=DIRECTION('',(0.,0.707106781186542,-0.707106781186552));
#4940=DIRECTION('center_axis',(0.,-1.,0.));
#4941=DIRECTION('ref_axis',(0.707106781186547,0.,-0.707106781186547));
#4942=DIRECTION('center_axis',(0.,-0.707106781186546,-0.707106781186549));
#4943=DIRECTION('ref_axis',(-1.,0.,0.));
#4944=DIRECTION('',(0.,0.707106781186549,-0.707106781186546));
#4945=DIRECTION('',(1.,0.,0.));
#4946=DIRECTION('center_axis',(0.,-1.,0.));
#4947=DIRECTION('ref_axis',(-1.,0.,-2.96059473233375E-16));
#4948=DIRECTION('',(0.707106781186552,0.707106781186542,0.));
#4949=DIRECTION('center_axis',(0.,1.,0.));
#4950=DIRECTION('ref_axis',(-1.,0.,-2.96059473233375E-16));
#4951=DIRECTION('center_axis',(0.707106781186555,-0.70710678118654,1.57009245868379E-16));
#4952=DIRECTION('ref_axis',(2.22044604925031E-16,0.,-1.));
#4953=DIRECTION('',(-2.22044604925031E-16,0.,1.));
#4954=DIRECTION('center_axis',(0.707106781186549,-0.707106781186546,0.));
#4955=DIRECTION('ref_axis',(0.,0.,-1.));
#4956=DIRECTION('',(0.,0.,1.));
#4957=DIRECTION('',(0.577350269189627,0.577350269189629,-0.577350269189622));
#4958=DIRECTION('center_axis',(5.16477782461771E-17,-0.707106781186544,
-0.707106781186552));
#4959=DIRECTION('ref_axis',(-1.,0.,-7.30409884621813E-17));
#4960=DIRECTION('',(0.,0.707106781186552,-0.707106781186543));
#4961=DIRECTION('',(1.,0.,7.30409884621813E-17));
#4962=DIRECTION('center_axis',(0.,1.,0.));
#4963=DIRECTION('ref_axis',(-0.707106781186547,0.,-0.707106781186547));
#4964=DIRECTION('',(-0.707106781186552,0.707106781186542,0.));
#4965=DIRECTION('center_axis',(0.,-1.,0.));
#4966=DIRECTION('ref_axis',(-0.707106781186547,0.,-0.707106781186547));
#4967=DIRECTION('center_axis',(-0.707106781186543,-0.707106781186553,0.));
#4968=DIRECTION('ref_axis',(0.,0.,1.));
#4969=DIRECTION('',(0.,0.,-1.));
#4970=DIRECTION('center_axis',(0.,-1.,0.));
#4971=DIRECTION('ref_axis',(0.707106781186547,0.,0.707106781186547));
#4972=DIRECTION('',(0.,1.,0.));
#4973=DIRECTION('center_axis',(0.,-1.,0.));
#4974=DIRECTION('ref_axis',(0.707106781186547,0.,0.707106781186547));
#4975=DIRECTION('',(0.,-1.,0.));
#4976=DIRECTION('center_axis',(1.,0.,0.));
#4977=DIRECTION('ref_axis',(0.,0.,-1.));
#4978=DIRECTION('',(0.,-1.,0.));
#4979=DIRECTION('',(0.,0.,1.));
#4980=DIRECTION('center_axis',(0.,1.,0.));
#4981=DIRECTION('ref_axis',(0.707106781186547,0.,-0.707106781186547));
#4982=DIRECTION('',(0.,1.,0.));
#4983=DIRECTION('center_axis',(0.,-1.,0.));
#4984=DIRECTION('ref_axis',(0.707106781186547,0.,-0.707106781186547));
#4985=DIRECTION('center_axis',(0.,0.,1.));
#4986=DIRECTION('ref_axis',(1.,0.,0.));
#4987=DIRECTION('',(0.,1.,0.));
#4988=DIRECTION('',(1.,0.,0.));
#4989=DIRECTION('',(0.,1.,0.));
#4990=DIRECTION('',(-0.707106781186546,-0.707106781186549,0.));
#4991=DIRECTION('',(1.,0.,0.));
#4992=DIRECTION('',(0.707106781186547,0.707106781186548,0.));
#4993=DIRECTION('center_axis',(0.,0.,-1.));
#4994=DIRECTION('ref_axis',(-0.923879532511287,0.382683432365089,0.));
#4995=DIRECTION('',(0.,1.,0.));
#4996=DIRECTION('',(1.,0.,0.));
#4997=DIRECTION('center_axis',(0.,1.,0.));
#4998=DIRECTION('ref_axis',(-1.,0.,-2.96059473233375E-16));
#4999=DIRECTION('',(0.,1.,0.));
#5000=DIRECTION('center_axis',(0.,1.,0.));
#5001=DIRECTION('ref_axis',(-1.,0.,-2.96059473233375E-16));
#5002=DIRECTION('center_axis',(-1.,0.,-2.22044604925031E-16));
#5003=DIRECTION('ref_axis',(-2.22044604925031E-16,0.,1.));
#5004=DIRECTION('',(0.,1.,0.));
#5005=DIRECTION('',(-2.22044604925031E-16,0.,1.));
#5006=DIRECTION('center_axis',(1.1686558153949E-16,0.,-1.));
#5007=DIRECTION('ref_axis',(-1.,0.,-1.1686558153949E-16));
#5008=DIRECTION('',(-1.,0.,0.));
#5009=DIRECTION('',(0.,-1.,0.));
#5010=DIRECTION('',(-1.,0.,-1.1686558153949E-16));
#5011=DIRECTION('',(-1.,0.,-2.0408286159876E-16));
#5012=DIRECTION('',(0.,1.,0.));
#5013=DIRECTION('',(0.707106781186538,0.707106781186557,0.));
#5014=DIRECTION('',(-1.,0.,-2.0408286159876E-16));
#5015=DIRECTION('',(0.707106781186541,-0.707106781186554,-3.14018491736753E-15));
#5016=DIRECTION('',(0.,1.,0.));
#5017=DIRECTION('',(1.,0.,2.0408286159876E-16));
#5018=DIRECTION('',(0.,1.,0.));
#5019=DIRECTION('',(-1.,0.,-1.1686558153949E-16));
#5020=DIRECTION('',(0.,1.,0.));
#5021=DIRECTION('center_axis',(0.,1.,0.));
#5022=DIRECTION('ref_axis',(0.,0.,1.));
#5023=DIRECTION('',(0.,0.,-1.));
#5024=DIRECTION('',(1.,0.,0.));
#5025=DIRECTION('center_axis',(0.,0.,1.));
#5026=DIRECTION('ref_axis',(1.,0.,0.));
#5027=DIRECTION('',(3.46944695195361E-17,1.,0.));
#5028=DIRECTION('center_axis',(0.,0.,1.));
#5029=DIRECTION('ref_axis',(-0.923879532511287,0.382683432365089,0.));
#5030=DIRECTION('',(0.707106781186547,0.707106781186548,0.));
#5031=DIRECTION('',(0.,-1.,0.));
#5032=DIRECTION('',(-0.707106781186546,-0.707106781186549,0.));
#5033=DIRECTION('center_axis',(0.,0.,-1.));
#5034=DIRECTION('ref_axis',(-0.923879532511287,0.382683432365089,0.));
#5035=DIRECTION('',(8.20311481522792E-17,-1.,0.));
#5036=DIRECTION('center_axis',(0.,1.,0.));
#5037=DIRECTION('ref_axis',(-0.707106781186547,0.,-0.707106781186547));
#5038=DIRECTION('',(0.,1.,0.));
#5039=DIRECTION('center_axis',(0.,-1.,0.));
#5040=DIRECTION('ref_axis',(-0.707106781186547,0.,-0.707106781186547));
#5041=DIRECTION('',(0.,-1.,0.));
#5042=DIRECTION('center_axis',(7.30409884621813E-17,0.,-1.));
#5043=DIRECTION('ref_axis',(-1.,0.,-7.30409884621813E-17));
#5044=DIRECTION('',(-1.,0.,-7.30409884621813E-17));
#5045=DIRECTION('',(0.,1.,0.));
#5046=DIRECTION('center_axis',(1.,0.,0.));
#5047=DIRECTION('ref_axis',(0.,0.,-1.));
#5048=DIRECTION('',(0.,0.,1.));
#5049=DIRECTION('center_axis',(1.,0.,0.));
#5050=DIRECTION('ref_axis',(0.,0.,-1.));
#5051=DIRECTION('',(0.,0.,-1.));
#5052=DIRECTION('center_axis',(0.,1.,0.));
#5053=DIRECTION('ref_axis',(1.,0.,0.));
#5054=DIRECTION('',(0.,0.,1.));
#5055=DIRECTION('center_axis',(0.,1.,0.));
#5056=DIRECTION('ref_axis',(-0.707106781186547,0.,-0.707106781186547));
#5057=DIRECTION('center_axis',(0.,1.,0.));
#5058=DIRECTION('ref_axis',(-1.,0.,0.));
#5059=DIRECTION('',(0.,0.,1.));
#5060=DIRECTION('center_axis',(0.,1.,0.));
#5061=DIRECTION('ref_axis',(-1.,0.,-8.66515531414756E-16));
#5062=DIRECTION('',(1.,0.,0.));
#5063=DIRECTION('',(0.,0.,-1.));
#5064=DIRECTION('center_axis',(0.,-1.,0.));
#5065=DIRECTION('ref_axis',(-0.707106781186548,0.,-0.707106781186548));
#5066=DIRECTION('',(1.,0.,0.));
#5067=DIRECTION('center_axis',(0.,-1.,0.));
#5068=DIRECTION('ref_axis',(0.707106781186548,0.,-0.707106781186548));
#5069=DIRECTION('',(0.,0.,1.));
#5070=DIRECTION('center_axis',(0.,1.,0.));
#5071=DIRECTION('ref_axis',(0.707106781186546,0.,0.707106781186549));
#5072=DIRECTION('',(1.,0.,0.));
#5073=DIRECTION('',(0.,0.,-1.));
#5074=DIRECTION('',(0.,0.,1.));
#5075=DIRECTION('',(1.,0.,0.));
#5076=DIRECTION('',(0.,0.,-1.));
#5077=DIRECTION('center_axis',(0.,-1.,0.));
#5078=DIRECTION('ref_axis',(0.,0.,-1.));
#5079=DIRECTION('',(0.,0.,-1.));
#5080=DIRECTION('center_axis',(0.,-1.,0.));
#5081=DIRECTION('ref_axis',(-1.,0.,-8.66515531414756E-16));
#5082=DIRECTION('',(-1.,0.,0.));
#5083=DIRECTION('',(0.,0.,1.));
#5084=DIRECTION('',(1.,0.,0.));
#5085=DIRECTION('',(0.,0.,-1.));
#5086=DIRECTION('',(1.,0.,0.));
#5087=DIRECTION('center_axis',(0.,1.,0.));
#5088=DIRECTION('ref_axis',(-1.,0.,-8.66515531414757E-16));
#5089=DIRECTION('',(0.,0.,1.));
#5090=DIRECTION('center_axis',(1.,0.,0.));
#5091=DIRECTION('ref_axis',(0.,0.,-1.));
#5092=DIRECTION('',(0.,0.,-1.));
#5093=DIRECTION('center_axis',(0.,0.,-1.));
#5094=DIRECTION('ref_axis',(-0.923879532511287,0.382683432365089,0.));
#5095=DIRECTION('',(0.,0.,1.));
#5096=DIRECTION('center_axis',(0.707106781186548,-0.707106781186547,0.));
#5097=DIRECTION('ref_axis',(0.707106781186547,0.707106781186548,0.));
#5098=DIRECTION('',(-0.707106781186547,-0.707106781186548,0.));
#5099=DIRECTION('',(0.,0.,1.));
#5100=DIRECTION('',(-0.707106781186547,-0.707106781186548,0.));
#5101=DIRECTION('',(-0.707106781186547,-0.707106781186548,0.));
#5102=DIRECTION('center_axis',(-0.707106781186548,0.707106781186547,0.));
#5103=DIRECTION('ref_axis',(0.707106781186547,0.707106781186548,0.));
#5104=DIRECTION('',(0.,0.,1.));
#5105=DIRECTION('center_axis',(-0.707106781186548,0.707106781186547,0.));
#5106=DIRECTION('ref_axis',(0.707106781186547,0.707106781186548,0.));
#5107=DIRECTION('center_axis',(1.,0.,0.));
#5108=DIRECTION('ref_axis',(0.,0.707106781186547,0.707106781186547));
#5109=DIRECTION('',(-1.,0.,0.));
#5110=DIRECTION('center_axis',(1.,0.,0.));
#5111=DIRECTION('ref_axis',(0.,0.707106781186547,0.707106781186547));
#5112=DIRECTION('',(1.,0.,0.));
#5113=DIRECTION('center_axis',(-1.,0.,0.));
#5114=DIRECTION('ref_axis',(0.,0.,1.));
#5115=DIRECTION('',(0.,1.,0.));
#5116=DIRECTION('',(0.,0.,1.));
#5117=DIRECTION('',(0.,1.,0.));
#5118=DIRECTION('center_axis',(0.,1.,0.));
#5119=DIRECTION('ref_axis',(0.,0.,1.));
#5120=DIRECTION('center_axis',(0.,1.,0.));
#5121=DIRECTION('ref_axis',(-0.707106781186548,0.,-0.707106781186548));
#5122=DIRECTION('',(1.,0.,0.));
#5123=DIRECTION('center_axis',(0.,1.,0.));
#5124=DIRECTION('ref_axis',(0.707106781186548,0.,-0.707106781186547));
#5125=DIRECTION('center_axis',(0.,-1.,0.));
#5126=DIRECTION('ref_axis',(-0.707106781186547,0.,-0.707106781186547));
#5127=DIRECTION('center_axis',(0.,-1.,0.));
#5128=DIRECTION('ref_axis',(0.707106781186547,0.,-0.707106781186547));
#5129=DIRECTION('',(0.,1.,0.));
#5130=DIRECTION('center_axis',(0.707106781186549,-0.707106781186546,0.));
#5131=DIRECTION('ref_axis',(0.707106781186546,0.707106781186549,0.));
#5132=DIRECTION('',(0.,-1.,0.));
#5133=DIRECTION('center_axis',(1.,0.,0.));
#5134=DIRECTION('ref_axis',(0.,1.,0.));
#5135=DIRECTION('',(0.,0.,1.));
#5136=DIRECTION('',(0.,1.,0.));
#5137=DIRECTION('center_axis',(0.,1.,0.));
#5138=DIRECTION('ref_axis',(0.707106781186547,0.,0.707106781186547));
#5139=DIRECTION('center_axis',(0.707106781186549,-0.707106781186546,0.));
#5140=DIRECTION('ref_axis',(0.707106781186546,0.707106781186549,0.));
#5141=DIRECTION('center_axis',(0.,0.,-1.));
#5142=DIRECTION('ref_axis',(-0.923879532511287,0.382683432365089,0.));
#5143=DIRECTION('',(0.,0.,-1.));
#5144=DIRECTION('center_axis',(0.,0.,1.));
#5145=DIRECTION('ref_axis',(-0.707106781186549,0.707106781186546,0.));
#5146=DIRECTION('',(0.,0.,1.));
#5147=DIRECTION('center_axis',(0.890906146901981,-0.454187447440224,0.));
#5148=DIRECTION('ref_axis',(0.454187447440224,0.890906146901981,0.));
#5149=DIRECTION('center_axis',(-0.707106781186549,0.707106781186546,0.));
#5150=DIRECTION('ref_axis',(0.707106781186546,0.707106781186549,0.));
#5151=DIRECTION('center_axis',(-0.707106781186549,0.707106781186546,0.));
#5152=DIRECTION('ref_axis',(-0.707106781186546,-0.707106781186549,0.));
#5153=DIRECTION('',(0.,0.,-1.));
#5154=DIRECTION('',(0.707106781186546,0.707106781186549,0.));
#5155=DIRECTION('',(0.707106781186546,0.707106781186549,0.));
#5156=DIRECTION('',(0.707106781186546,0.707106781186549,0.));
#5157=DIRECTION('',(0.,0.,-1.));
#5158=DIRECTION('',(0.707106781186546,0.707106781186549,0.));
#5159=DIRECTION('center_axis',(0.,1.,0.));
#5160=DIRECTION('ref_axis',(0.707106781186548,0.,-0.707106781186547));
#5161=DIRECTION('',(0.,-1.,0.));
#5162=DIRECTION('center_axis',(0.,0.766044443118978,0.64278760968654));
#5163=DIRECTION('ref_axis',(8.17769402535428E-17,0.64278760968654,-0.766044443118978));
#5164=DIRECTION('',(0.,1.,0.));
#5165=DIRECTION('center_axis',(-1.,0.,0.));
#5166=DIRECTION('ref_axis',(0.,0.,1.));
#5167=DIRECTION('',(0.,-0.64278760968654,0.766044443118978));
#5168=DIRECTION('',(-8.20311481522792E-17,1.,0.));
#5169=DIRECTION('center_axis',(0.,0.,1.));
#5170=DIRECTION('ref_axis',(1.,0.,0.));
#5171=DIRECTION('',(0.,-1.,0.));
#5172=DIRECTION('center_axis',(1.,0.,0.));
#5173=DIRECTION('ref_axis',(0.,0.,-1.));
#5174=DIRECTION('',(0.,-1.,0.));
#5175=DIRECTION('center_axis',(0.,0.,1.));
#5176=DIRECTION('ref_axis',(1.,0.,0.));
#5177=DIRECTION('',(1.,0.,0.));
#5178=DIRECTION('center_axis',(0.,0.,1.));
#5179=DIRECTION('ref_axis',(1.,0.,0.));
#5180=DIRECTION('',(-1.,0.,0.));
#5181=DIRECTION('',(0.,-1.,0.));
#5182=DIRECTION('center_axis',(0.,-1.,0.));
#5183=DIRECTION('ref_axis',(0.,0.,-1.));
#5184=DIRECTION('',(1.,0.,0.));
#5185=DIRECTION('center_axis',(0.,-1.,0.));
#5186=DIRECTION('ref_axis',(0.707106781186546,0.,0.707106781186549));
#5187=DIRECTION('',(0.,0.,-1.));
#5188=DIRECTION('center_axis',(0.,-1.,0.));
#5189=DIRECTION('ref_axis',(0.,0.,-1.));
#5190=DIRECTION('center_axis',(0.,1.,0.));
#5191=DIRECTION('ref_axis',(-1.,0.,-2.96059473233375E-16));
#5192=DIRECTION('',(1.,0.,0.));
#5193=DIRECTION('',(-1.,0.,0.));
#5194=DIRECTION('center_axis',(0.,-1.,0.));
#5195=DIRECTION('ref_axis',(-1.,0.,-8.66515531414756E-16));
#5196=DIRECTION('',(0.,0.,-1.));
#5197=DIRECTION('center_axis',(0.,0.,1.));
#5198=DIRECTION('ref_axis',(1.,0.,0.));
#5199=DIRECTION('',(0.,-1.,0.));
#5200=DIRECTION('center_axis',(0.,-1.,0.));
#5201=DIRECTION('ref_axis',(0.707106781186548,0.,-0.707106781186547));
#5202=DIRECTION('',(0.,-1.,0.));
#5203=DIRECTION('center_axis',(0.,0.,1.));
#5204=DIRECTION('ref_axis',(1.,0.,0.));
#5205=DIRECTION('',(0.,1.,0.));
#5206=DIRECTION('center_axis',(0.,1.,0.));
#5207=DIRECTION('ref_axis',(-0.707106781186547,0.,-0.707106781186547));
#5208=DIRECTION('center_axis',(0.,1.,0.));
#5209=DIRECTION('ref_axis',(-0.707106781186548,0.,-0.707106781186548));
#5210=DIRECTION('center_axis',(1.,0.,0.));
#5211=DIRECTION('ref_axis',(0.,0.939692620785908,0.342020143325669));
#5212=DIRECTION('',(1.,0.,0.));
#5213=DIRECTION('',(-1.,0.,0.));
#5214=DIRECTION('center_axis',(0.,0.766044443118978,0.64278760968654));
#5215=DIRECTION('ref_axis',(0.,-0.64278760968654,0.766044443118978));
#5216=DIRECTION('',(1.,0.,0.));
#5217=DIRECTION('center_axis',(0.,0.766044443118978,0.64278760968654));
#5218=DIRECTION('ref_axis',(-2.26794714303159E-16,-0.64278760968654,0.766044443118978));
#5219=DIRECTION('center_axis',(1.,0.,0.));
#5220=DIRECTION('ref_axis',(0.,0.819152044288991,-0.573576436351047));
#5221=DIRECTION('',(1.,0.,0.));
#5222=DIRECTION('',(-1.,0.,0.));
#5223=DIRECTION('center_axis',(0.,1.,0.));
#5224=DIRECTION('ref_axis',(0.,0.,1.));
#5225=DIRECTION('center_axis',(0.,1.,0.));
#5226=DIRECTION('ref_axis',(-1.,0.,-2.96059473233375E-16));
#5227=DIRECTION('center_axis',(0.,0.342020143325669,-0.939692620785908));
#5228=DIRECTION('ref_axis',(0.,0.939692620785908,0.342020143325669));
#5229=DIRECTION('center_axis',(0.,0.342020143325669,-0.939692620785908));
#5230=DIRECTION('ref_axis',(-1.01258303468201E-16,0.939692620785908,0.342020143325669));
#5231=DIRECTION('center_axis',(0.,1.,0.));
#5232=DIRECTION('ref_axis',(-1.,0.,-2.96059473233375E-16));
#5233=DIRECTION('',(0.,1.,0.));
#5234=DIRECTION('center_axis',(0.,0.,1.));
#5235=DIRECTION('ref_axis',(1.,0.,0.));
#5236=DIRECTION('center_axis',(0.,1.,0.));
#5237=DIRECTION('ref_axis',(0.707106781186546,0.,0.707106781186549));
#5238=DIRECTION('',(0.,1.,0.));
#5239=DIRECTION('center_axis',(1.,0.,0.));
#5240=DIRECTION('ref_axis',(0.,0.,-1.));
#5241=DIRECTION('',(0.,-1.,0.));
#5242=DIRECTION('',(0.,0.,-1.));
#5243=DIRECTION('',(0.,-1.,0.));
#5244=DIRECTION('center_axis',(1.,0.,0.));
#5245=DIRECTION('ref_axis',(0.,0.707106781186555,-0.70710678118654));
#5246=DIRECTION('center_axis',(-0.707106781186548,0.707106781186548,0.));
#5247=DIRECTION('ref_axis',(0.707106781186547,0.707106781186548,0.));
#5248=DIRECTION('',(-1.,0.,0.));
#5249=DIRECTION('center_axis',(0.707106781186548,0.707106781186548,0.));
#5250=DIRECTION('ref_axis',(-0.707106781186547,0.707106781186548,0.));
#5251=DIRECTION('center_axis',(0.707106781186552,-0.707106781186543,0.));
#5252=DIRECTION('ref_axis',(0.707106781186543,0.707106781186552,0.));
#5253=DIRECTION('center_axis',(-0.707106781186552,-0.707106781186543,0.));
#5254=DIRECTION('ref_axis',(-0.707106781186543,0.707106781186552,0.));
#5255=DIRECTION('center_axis',(0.,1.,0.));
#5256=DIRECTION('ref_axis',(0.707106781186548,0.,-0.707106781186548));
#5257=DIRECTION('center_axis',(-0.707106781186552,-0.707106781186543,0.));
#5258=DIRECTION('ref_axis',(0.707106781186543,-0.707106781186552,0.));
#5259=DIRECTION('',(0.,1.,0.));
#5260=DIRECTION('center_axis',(0.707106781186552,0.707106781186543,0.));
#5261=DIRECTION('ref_axis',(0.,0.,-1.));
#5262=DIRECTION('',(0.577350269189624,-0.577350269189632,0.577350269189622));
#5263=DIRECTION('center_axis',(0.,1.,0.));
#5264=DIRECTION('ref_axis',(-0.707106781186548,0.,-0.707106781186548));
#5265=DIRECTION('',(0.,-1.,0.));
#5266=DIRECTION('',(0.,1.,0.));
#5267=DIRECTION('center_axis',(0.707106781186552,-0.707106781186543,0.));
#5268=DIRECTION('ref_axis',(-0.707106781186543,-0.707106781186552,0.));
#5269=DIRECTION('center_axis',(0.,0.,1.));
#5270=DIRECTION('ref_axis',(1.,0.,0.));
#5271=DIRECTION('center_axis',(0.707106781186554,0.707106781186541,0.));
#5272=DIRECTION('ref_axis',(0.,0.,-1.));
#5273=DIRECTION('',(0.707106781186541,-0.707106781186554,0.));
#5274=DIRECTION('',(0.,0.,-1.));
#5275=DIRECTION('center_axis',(0.,1.,0.));
#5276=DIRECTION('ref_axis',(-1.,0.,-8.66515531414757E-16));
#5277=DIRECTION('',(0.,-0.70710678118656,-0.707106781186535));
#5278=DIRECTION('center_axis',(0.,-1.,0.));
#5279=DIRECTION('ref_axis',(-1.,0.,-8.66515531414756E-16));
#5280=DIRECTION('center_axis',(0.,0.707106781186541,-0.707106781186554));
#5281=DIRECTION('ref_axis',(-1.,0.,0.));
#5282=DIRECTION('',(-1.,0.,0.));
#5283=DIRECTION('',(-0.577350269189624,-0.577350269189632,-0.577350269189622));
#5284=DIRECTION('center_axis',(-0.707106781186552,0.707106781186543,0.));
#5285=DIRECTION('ref_axis',(0.,0.,1.));
#5286=DIRECTION('',(0.,0.,1.));
#5287=DIRECTION('center_axis',(-0.707106781186554,0.707106781186541,0.));
#5288=DIRECTION('ref_axis',(0.,0.,1.));
#5289=DIRECTION('',(0.707106781186541,0.707106781186554,0.));
#5290=DIRECTION('',(0.,0.,1.));
#5291=DIRECTION('center_axis',(0.,-1.,0.));
#5292=DIRECTION('ref_axis',(-1.,0.,-8.66515531414757E-16));
#5293=DIRECTION('',(6.28036983473507E-15,0.707106781186554,-0.707106781186541));
#5294=DIRECTION('center_axis',(0.,1.,0.));
#5295=DIRECTION('ref_axis',(-1.,0.,-8.66515531414756E-16));
#5296=DIRECTION('center_axis',(0.,0.707106781186541,0.707106781186554));
#5297=DIRECTION('ref_axis',(1.,0.,0.));
#5298=DIRECTION('',(1.,0.,0.));
#5299=DIRECTION('center_axis',(0.,1.,0.));
#5300=DIRECTION('ref_axis',(-1.,0.,-8.66515531414756E-16));
#5301=DIRECTION('',(0.,1.,0.));
#5302=DIRECTION('',(0.,1.,0.));
#5303=DIRECTION('center_axis',(-1.,0.,0.));
#5304=DIRECTION('ref_axis',(0.,0.,1.));
#5305=DIRECTION('center_axis',(0.,0.,1.));
#5306=DIRECTION('ref_axis',(1.,0.,0.));
#5307=DIRECTION('center_axis',(1.,0.,0.));
#5308=DIRECTION('ref_axis',(0.,0.,-1.));
#5309=DIRECTION('',(0.,-1.,0.));
#5310=DIRECTION('center_axis',(0.,0.,-1.));
#5311=DIRECTION('ref_axis',(1.,0.,0.));
#5312=DIRECTION('',(0.,1.,0.));
#5313=DIRECTION('center_axis',(0.,-1.,0.));
#5314=DIRECTION('ref_axis',(-1.,0.,-8.66515531414756E-16));
#5315=DIRECTION('',(0.,1.,0.));
#5316=DIRECTION('center_axis',(1.,0.,0.));
#5317=DIRECTION('ref_axis',(0.,0.,1.));
#5318=DIRECTION('',(0.,0.,1.));
#5319=DIRECTION('',(1.,0.,0.));
#5320=DIRECTION('',(0.,0.,1.));
#5321=DIRECTION('',(1.,0.,0.));
#5322=DIRECTION('',(0.,0.,1.));
#5323=DIRECTION('',(1.,0.,0.));
#5324=DIRECTION('',(0.,0.,1.));
#5325=DIRECTION('',(1.,0.,0.));
#5326=CARTESIAN_POINT('',(0.,0.,0.));
#5327=CARTESIAN_POINT('',(0.,0.,0.));
#5328=CARTESIAN_POINT('Origin',(-2.2,1.,80.0224409749185));
#5329=CARTESIAN_POINT('',(-2.2,0.233955556881034,79.379653365232));
#5330=CARTESIAN_POINT('',(-2.2,0.,80.0224409749185));
#5331=CARTESIAN_POINT('Origin',(-2.2,1.,80.0224409749185));
#5332=CARTESIAN_POINT('',(-1.2,1.,80.0224409749185));
#5333=CARTESIAN_POINT('Origin',(-2.2,1.,80.0224409749185));
#5334=CARTESIAN_POINT('Origin',(-2.2,1.,80.0224409749185));
#5335=CARTESIAN_POINT('Origin',(-2.2,-20.5252846123993,105.675276243358));
#5336=CARTESIAN_POINT('',(-2.2,19.3842573615004,56.5572123903135));
#5337=CARTESIAN_POINT('',(-1.2,20.1503018046194,57.2));
#5338=CARTESIAN_POINT('Origin',(-2.2,20.1503018046194,57.2));
#5339=CARTESIAN_POINT('',(-1.2,-20.5252846123993,105.675276243358));
#5340=CARTESIAN_POINT('',(-2.2,-21.2913290555182,105.032488633672));
#5341=CARTESIAN_POINT('Ctrl Pts',(-2.2,19.3842573615004,56.5572123903135));
#5342=CARTESIAN_POINT('Ctrl Pts',(-2.2,20.1374314291965,55.6596144892878));
#5343=CARTESIAN_POINT('Ctrl Pts',(-2.72445637659277,21.3881599860174,54.1690542383363));
#5344=CARTESIAN_POINT('Ctrl Pts',(-4.40690782851958,22.5109990894173,52.8309067029543));
#5345=CARTESIAN_POINT('Ctrl Pts',(-5.60160139931623,22.7406558862095,52.5572123903135));
#5346=CARTESIAN_POINT('Ctrl Pts',(-6.2,22.7406558862095,52.5572123903135));
#5347=CARTESIAN_POINT('Ctrl Pts',(-1.90080069965811,19.3842573615004,56.5572123903135));
#5348=CARTESIAN_POINT('Ctrl Pts',(-1.92887069661281,20.1715020344987,55.6207720518597));
#5349=CARTESIAN_POINT('Ctrl Pts',(-2.51910515083586,21.4613818432228,54.0821917149928));
#5350=CARTESIAN_POINT('Ctrl Pts',(-4.30972190084819,22.6131778141071,52.7103520129103));
#5351=CARTESIAN_POINT('Ctrl Pts',(-5.56912682617816,22.8475012212577,52.4298790784179));
#5352=CARTESIAN_POINT('Ctrl Pts',(-6.2,22.8475012212577,52.4298790784179));
#5353=CARTESIAN_POINT('Ctrl Pts',(-1.38293442543585,19.5767192526824,56.71870709222));
#5354=CARTESIAN_POINT('Ctrl Pts',(-1.45568709921529,20.3824291787075,55.6819342132119));
#5355=CARTESIAN_POINT('Ctrl Pts',(-2.16013860938798,21.6919214607123,54.0173027169814));
#5356=CARTESIAN_POINT('Ctrl Pts',(-4.1387941278639,22.8542164717724,52.5522225463472));
#5357=CARTESIAN_POINT('Ctrl Pts',(-5.51239712242488,23.0910805876551,52.254936968712));
#5358=CARTESIAN_POINT('Ctrl Pts',(-6.2,23.0910805876551,52.254936968712));
#5359=CARTESIAN_POINT('Ctrl Pts',(-1.2,19.9784018335604,57.055758797685));
#5360=CARTESIAN_POINT('Ctrl Pts',(-1.23267337451403,20.747224158118,55.9467094885174));
#5361=CARTESIAN_POINT('Ctrl Pts',(-1.92317224298384,22.0155616073131,54.1353530149728));
#5362=CARTESIAN_POINT('Ctrl Pts',(-4.00539933505986,23.1501796057951,52.5274230195904));
#5363=CARTESIAN_POINT('Ctrl Pts',(-5.46763980482893,23.3820339541861,52.2));
#5364=CARTESIAN_POINT('Ctrl Pts',(-6.2,23.3820339541861,52.2));
#5365=CARTESIAN_POINT('Ctrl Pts',(-1.2,20.1503018046194,57.2));
#5366=CARTESIAN_POINT('Ctrl Pts',(-1.2,20.9034758723155,56.0780026237179));
#5367=CARTESIAN_POINT('Ctrl Pts',(-1.85557047074097,22.1542044291364,54.2148023100286));
#5368=CARTESIAN_POINT('Ctrl Pts',(-3.95863478564948,23.2770435325362,52.5421178908011));
#5369=CARTESIAN_POINT('Ctrl Pts',(-5.45200174914529,23.5067003293285,52.2));
#5370=CARTESIAN_POINT('Ctrl Pts',(-6.2,23.5067003293285,52.2));
#5371=CARTESIAN_POINT('',(-6.2,22.7406558862095,52.5572123903135));
#5372=CARTESIAN_POINT('',(-6.2,23.5067003293285,52.2));
#5373=CARTESIAN_POINT('Origin',(-6.2,23.5067003293285,53.2));
#5374=CARTESIAN_POINT('Origin',(-6.2,20.1503018046194,57.2));
#5375=CARTESIAN_POINT('Origin',(-6.2,19.3842573615004,56.5572123903135));
#5376=CARTESIAN_POINT('Origin',(-39.5,23.5067003293285,53.2));
#5377=CARTESIAN_POINT('',(-25.,22.7406558862095,52.5572123903135));
#5378=CARTESIAN_POINT('',(-25.,23.5067003293285,52.2));
#5379=CARTESIAN_POINT('Origin',(-25.,23.5067003293285,53.2));
#5380=CARTESIAN_POINT('',(-39.5,23.5067003293285,52.2));
#5381=CARTESIAN_POINT('',(-39.5,22.7406558862095,52.5572123903135));
#5382=CARTESIAN_POINT('Ctrl Pts',(-25.,22.7406558862095,52.5572123903135));
#5383=CARTESIAN_POINT('Ctrl Pts',(-28.7276487382562,22.7406558862095,52.5572123903135));
#5384=CARTESIAN_POINT('Ctrl Pts',(-32.4465997364648,23.7307166040577,51.3773039729315));
#5385=CARTESIAN_POINT('Ctrl Pts',(-35.4924318390468,25.5339555568811,49.2282874725984));
#5386=CARTESIAN_POINT('Ctrl Pts',(-25.,22.9276352225438,52.3343790944963));
#5387=CARTESIAN_POINT('Ctrl Pts',(-28.649710351945,22.9276352225438,52.3343790944963));
#5388=CARTESIAN_POINT('Ctrl Pts',(-32.2915513508475,23.9096647477215,51.1655165869957));
#5389=CARTESIAN_POINT('Ctrl Pts',(-35.2625822024344,25.6943655774415,49.0371182543074));
#5390=CARTESIAN_POINT('Ctrl Pts',(-25.,23.2158121206628,52.2));
#5391=CARTESIAN_POINT('Ctrl Pts',(-28.5726039503848,23.2158121206628,52.2));
#5392=CARTESIAN_POINT('Ctrl Pts',(-32.1374186769567,24.2017366323755,51.0527222393039));
#5393=CARTESIAN_POINT('Ctrl Pts',(-35.0366454484546,25.9945831318829,48.9688072711615));
#5394=CARTESIAN_POINT('Ctrl Pts',(-25.,23.5067003293285,52.2));
#5395=CARTESIAN_POINT('Ctrl Pts',(-28.5228328735168,23.5067003293285,52.2));
#5396=CARTESIAN_POINT('Ctrl Pts',(-32.0374459047909,24.4967610471767,51.0849217154412));
#5397=CARTESIAN_POINT('Ctrl Pts',(-34.9159245951431,26.3,49.0539830447968));
#5398=CARTESIAN_POINT('',(-34.9159245951431,26.3,49.0539830447968));
#5399=CARTESIAN_POINT('Origin',(-25.,38.778313616755,35.));
#5400=CARTESIAN_POINT('',(-35.3472868565723,25.448908834043,49.3296422100791));
#5401=CARTESIAN_POINT('Origin',(-25.,38.012269173636,34.3572123903135));
#5402=CARTESIAN_POINT('Ctrl Pts',(-35.3472775167678,25.4489292324409,49.3296179002151));
#5403=CARTESIAN_POINT('Ctrl Pts',(-35.3222456405828,25.4713119531636,49.3029517698249));
#5404=CARTESIAN_POINT('Ctrl Pts',(-35.2977891064121,25.4960249777309,49.2780656314277));
#5405=CARTESIAN_POINT('Ctrl Pts',(-35.2740087908252,25.5227859458056,49.25495676422));
#5406=CARTESIAN_POINT('Ctrl Pts',(-35.2491585563318,25.5507509376703,49.2308081877688));
#5407=CARTESIAN_POINT('Ctrl Pts',(-35.2250461249212,25.5809528436238,49.208600020551));
#5408=CARTESIAN_POINT('Ctrl Pts',(-35.201786588984,25.6131165267808,49.1883635429852));
#5409=CARTESIAN_POINT('Ctrl Pts',(-35.1797724155382,25.6435581014358,49.1692105672651));
#5410=CARTESIAN_POINT('Ctrl Pts',(-35.1585217753075,25.6757580089479,49.1518239460283));
#5411=CARTESIAN_POINT('Ctrl Pts',(-35.1381402854214,25.7095116897452,49.1362611159254));
#5412=CARTESIAN_POINT('Ctrl Pts',(-35.1164389274426,25.745451197317,49.1196904653441));
#5413=CARTESIAN_POINT('Ctrl Pts',(-35.0958458653911,25.7829469254315,49.1052817781465));
#5414=CARTESIAN_POINT('Ctrl Pts',(-35.0764619374445,25.8217213998805,49.0930744871289));
#5415=CARTESIAN_POINT('Ctrl Pts',(-35.056833533515,25.8609849097702,49.0807132340518));
#5416=CARTESIAN_POINT('Ctrl Pts',(-35.0384442458947,25.9015605144614,49.0706090096935));
#5417=CARTESIAN_POINT('Ctrl Pts',(-35.0214144558517,25.9431904098866,49.0628427629869));
#5418=CARTESIAN_POINT('Ctrl Pts',(-35.0155010276222,25.9576459843932,49.0601460096859));
#5419=CARTESIAN_POINT('Ctrl Pts',(-35.0097517090353,25.9722288835686,49.0577315273912));
#5420=CARTESIAN_POINT('Ctrl Pts',(-35.0041722193041,25.9869288498832,49.0556039006563));
#5421=CARTESIAN_POINT('Ctrl Pts',(-34.9880312876288,26.0294544504922,49.0494488794245));
#5422=CARTESIAN_POINT('Ctrl Pts',(-34.9733814800387,26.0727687122045,49.0457191431957));
#5423=CARTESIAN_POINT('Ctrl Pts',(-34.9603342242823,26.116608807605,49.0444931421415));
#5424=CARTESIAN_POINT('Ctrl Pts',(-34.9475733777902,26.1594865389876,49.0432940538778));
#5425=CARTESIAN_POINT('Ctrl Pts',(-34.9363449789269,26.2028681916261,49.044489970232));
#5426=CARTESIAN_POINT('Ctrl Pts',(-34.9267788431134,26.246520500652,49.0481943523132));
#5427=CARTESIAN_POINT('Ctrl Pts',(-34.9232067039318,26.2628209302586,49.0495776243713));
#5428=CARTESIAN_POINT('Ctrl Pts',(-34.9198666477317,26.2791591594978,49.0513110826611));
#5429=CARTESIAN_POINT('Ctrl Pts',(-34.9167666006117,26.2955231215451,49.0534021257296));
#5430=CARTESIAN_POINT('Ctrl Pts',(-34.9164839153113,26.2970153090341,49.0535928025533));
#5431=CARTESIAN_POINT('Ctrl Pts',(-34.9162032450376,26.2985076049369,49.0537864406503));
#5432=CARTESIAN_POINT('Ctrl Pts',(-34.9159245951431,26.3,49.0539830447968));
#5433=CARTESIAN_POINT('Origin',(-76.8,1.,80.0224409749186));
#5434=CARTESIAN_POINT('',(-76.8,0.,80.0224409749185));
#5435=CARTESIAN_POINT('',(-76.8,0.233955556881024,79.379653365232));
#5436=CARTESIAN_POINT('Origin',(-76.8,1.,80.0224409749185));
#5437=CARTESIAN_POINT('',(-77.8,0.999999999999996,80.0224409749186));
#5438=CARTESIAN_POINT('Origin',(-76.8,1.,80.0224409749186));
#5439=CARTESIAN_POINT('Origin',(-76.8,1.,80.0224409749186));
#5440=CARTESIAN_POINT('Origin',(-76.8,1.,66.65));
#5441=CARTESIAN_POINT('',(-76.8,0.,205.));
#5442=CARTESIAN_POINT('',(-77.8,1.,205.));
#5443=CARTESIAN_POINT('Origin',(-76.8,1.,205.));
#5444=CARTESIAN_POINT('',(-77.8,1.,66.65));
#5445=CARTESIAN_POINT('',(-76.8,0.,66.65));
#5446=CARTESIAN_POINT('Origin',(-67.8,1.,205.));
#5447=CARTESIAN_POINT('',(-67.8,0.,214.));
#5448=CARTESIAN_POINT('',(-67.8,1.,215.));
#5449=CARTESIAN_POINT('Origin',(-67.8,1.,214.));
#5450=CARTESIAN_POINT('Origin',(-67.8,1.,205.));
#5451=CARTESIAN_POINT('Origin',(-67.8,0.,205.));
#5452=CARTESIAN_POINT('Origin',(-58.65,1.,214.));
#5453=CARTESIAN_POINT('',(-11.2,0.,214.));
#5454=CARTESIAN_POINT('',(-11.2,1.,215.));
#5455=CARTESIAN_POINT('Origin',(-11.2,1.,214.));
#5456=CARTESIAN_POINT('',(-58.65,1.,215.));
#5457=CARTESIAN_POINT('',(-58.65,0.,214.));
#5458=CARTESIAN_POINT('Origin',(-11.2,1.,205.));
#5459=CARTESIAN_POINT('',(-2.19999999999999,0.,205.));
#5460=CARTESIAN_POINT('',(-1.19999999999999,1.,205.));
#5461=CARTESIAN_POINT('Origin',(-2.19999999999999,1.,205.));
#5462=CARTESIAN_POINT('Origin',(-11.2,1.,205.));
#5463=CARTESIAN_POINT('Origin',(-11.2,0.,205.));
#5464=CARTESIAN_POINT('Origin',(-2.2,1.,165.55));
#5465=CARTESIAN_POINT('',(-1.19999999999999,1.,165.55));
#5466=CARTESIAN_POINT('',(-2.2,0.,165.55));
#5467=CARTESIAN_POINT('Origin',(-25.,26.3,35.));
#5468=CARTESIAN_POINT('',(-35.9901732892884,25.3,49.5071048480188));
#5469=CARTESIAN_POINT('',(-42.4363247033443,25.3,40.2167596110559));
#5470=CARTESIAN_POINT('Origin',(-25.,25.3,35.));
#5471=CARTESIAN_POINT('',(-41.6540031564171,26.3,39.2993230706764));
#5472=CARTESIAN_POINT('Ctrl Pts',(-42.4363247033443,25.3,40.2167596110559));
#5473=CARTESIAN_POINT('Ctrl Pts',(-42.3319450465971,25.3,40.1884347534568));
#5474=CARTESIAN_POINT('Ctrl Pts',(-42.2327083410285,25.3175215357927,40.1489108065174));
#5475=CARTESIAN_POINT('Ctrl Pts',(-42.0437177289716,25.387290614361,40.0478874170226));
#5476=CARTESIAN_POINT('Ctrl Pts',(-41.9585678603462,25.441072600129,39.9865704041662));
#5477=CARTESIAN_POINT('Ctrl Pts',(-41.8031279618029,25.5872408299637,39.841011483762));
#5478=CARTESIAN_POINT('Ctrl Pts',(-41.7406320489816,25.6838085925219,39.7560057339026));
#5479=CARTESIAN_POINT('Ctrl Pts',(-41.6692792147981,25.8662575753755,39.6083486782323));
#5480=CARTESIAN_POINT('Ctrl Pts',(-41.6506128325983,25.9482181833335,39.5457191791331));
#5481=CARTESIAN_POINT('Ctrl Pts',(-41.634971229479,26.1184207366003,39.4219016352697));
#5482=CARTESIAN_POINT('Ctrl Pts',(-41.6385890497604,26.20703423733,39.3606110472104));
#5483=CARTESIAN_POINT('Ctrl Pts',(-41.6534998081348,26.2970191707938,39.3012858295949));
#5484=CARTESIAN_POINT('Ctrl Pts',(-41.6537499127951,26.298509585156,39.3003040437296));
#5485=CARTESIAN_POINT('Ctrl Pts',(-41.6540031564171,26.3,39.2993230706764));
#5486=CARTESIAN_POINT('Origin',(-25.,26.3,35.));
#5487=CARTESIAN_POINT('Ctrl Pts',(-35.347286856572,25.4489088340433,49.3296422100788));
#5488=CARTESIAN_POINT('Ctrl Pts',(-35.3763783094469,25.4229029760316,49.3606347847927));
#5489=CARTESIAN_POINT('Ctrl Pts',(-35.4187450541112,25.3980267611013,49.390281103306));
#5490=CARTESIAN_POINT('Ctrl Pts',(-35.5165708290405,25.3561091971187,49.4402365107751));
#5491=CARTESIAN_POINT('Ctrl Pts',(-35.5934565903962,25.3362140874485,49.4639465791995));
#5492=CARTESIAN_POINT('Ctrl Pts',(-35.7610371983758,25.3074225416257,49.4982590073702));
#5493=CARTESIAN_POINT('Ctrl Pts',(-35.8857780935072,25.3,49.5071048480188));
#5494=CARTESIAN_POINT('Ctrl Pts',(-35.9901732892885,25.3,49.5071048480188));
#5495=CARTESIAN_POINT('Origin',(-76.8,28.1734587740544,47.6383738577285));
#5496=CARTESIAN_POINT('',(-76.8,25.3,49.5071048480188));
#5497=CARTESIAN_POINT('',(-76.8,27.4074143309354,46.995586248042));
#5498=CARTESIAN_POINT('',(-77.8,26.3,49.871075082285));
#5499=CARTESIAN_POINT('',(-77.8,28.1734587740544,47.6383738577285));
#5500=CARTESIAN_POINT('Origin',(-76.8,26.3,49.871075082285));
#5501=CARTESIAN_POINT('Ctrl Pts',(-42.6222591538832,25.9579798566743,40.4889763351063));
#5502=CARTESIAN_POINT('Ctrl Pts',(-43.0053689057386,21.8806495050858,39.0049494518579));
#5503=CARTESIAN_POINT('Ctrl Pts',(-43.2,17.669930065636,37.4723729110521));
#5504=CARTESIAN_POINT('Ctrl Pts',(-43.2,13.4589255768863,35.9396926207859));
#5505=CARTESIAN_POINT('Ctrl Pts',(-42.4507456650915,25.9437494529721,40.4837968917371));
#5506=CARTESIAN_POINT('Ctrl Pts',(-42.8408863890203,21.8719698292043,39.0017497081709));
#5507=CARTESIAN_POINT('Ctrl Pts',(-43.0428521043233,17.6658696561065,37.4709255837177));
#5508=CARTESIAN_POINT('Ctrl Pts',(-43.0504003498291,13.4589255768863,35.9396926207859));
#5509=CARTESIAN_POINT('Ctrl Pts',(-42.1087005313219,25.94654672558,40.3878106044024));
#5510=CARTESIAN_POINT('Ctrl Pts',(-42.5127820897001,21.8830291576896,38.9174297227528));
#5511=CARTESIAN_POINT('Ctrl Pts',(-42.7291716865203,17.6836048768702,37.3970250510986));
#5512=CARTESIAN_POINT('Ctrl Pts',(-42.7517315403351,13.4823486891884,35.8753381486426));
#5513=CARTESIAN_POINT('Ctrl Pts',(-41.6638000454876,26.0586268932524,39.9650193522543));
#5514=CARTESIAN_POINT('Ctrl Pts',(-42.0727744397796,21.9962582786668,38.5326474429507));
#5515=CARTESIAN_POINT('Ctrl Pts',(-42.2976459948403,17.797556803458,37.0485574714659));
#5516=CARTESIAN_POINT('Ctrl Pts',(-42.3311547070706,13.5967502594891,35.5610224174914));
#5517=CARTESIAN_POINT('Ctrl Pts',(-41.593573936092,26.2091236178671,39.533403740933));
#5518=CARTESIAN_POINT('Ctrl Pts',(-41.9781765035315,22.1375341191305,38.1265733708893));
#5519=CARTESIAN_POINT('Ctrl Pts',(-42.1819963708568,17.9313106437276,36.6699283253208));
#5520=CARTESIAN_POINT('Ctrl Pts',(-42.2,13.7241965795226,35.2108665310067));
#5521=CARTESIAN_POINT('Ctrl Pts',(-41.6540031564171,26.3,39.2993230706764));
#5522=CARTESIAN_POINT('Ctrl Pts',(-42.0160629219068,22.2226696484114,37.8968361260681));
#5523=CARTESIAN_POINT('Ctrl Pts',(-42.2,18.0119502089617,36.4484670875044));
#5524=CARTESIAN_POINT('Ctrl Pts',(-42.2,13.800945720212,35.));
#5525=CARTESIAN_POINT('',(-42.6823537956296,25.3,40.2494912525301));
#5526=CARTESIAN_POINT('',(-43.2,13.4589255768863,35.9396926207859));
#5527=CARTESIAN_POINT('Origin',(-25.,13.4589255768863,35.9396926207859));
#5528=CARTESIAN_POINT('',(-42.2,13.800945720212,35.));
#5529=CARTESIAN_POINT('Origin',(-43.2,13.800945720212,35.));
#5530=CARTESIAN_POINT('Origin',(-25.,13.800945720212,35.));
#5531=CARTESIAN_POINT('Ctrl Pts',(-42.436508852918,25.3000962613173,40.2165352162535));
#5532=CARTESIAN_POINT('Ctrl Pts',(-42.4791246024445,25.3000853554254,40.2281298614039));
#5533=CARTESIAN_POINT('Ctrl Pts',(-42.5224825614142,25.3000619119833,40.2367182288305));
#5534=CARTESIAN_POINT('Ctrl Pts',(-42.5663136635839,25.3000383765578,40.2422205384564));
#5535=CARTESIAN_POINT('Ctrl Pts',(-42.6046871886507,25.3000177716175,40.2470377346004));
#5536=CARTESIAN_POINT('Ctrl Pts',(-42.6434240941527,25.2999973448817,40.2494890141054));
#5537=CARTESIAN_POINT('Ctrl Pts',(-42.6823459161858,25.2999967530149,40.2494900707242));
#5538=CARTESIAN_POINT('Origin',(-43.2,6.00466110413335,32.1623844618799));
#5539=CARTESIAN_POINT('',(-42.2,10.229225074921,33.7));
#5540=CARTESIAN_POINT('',(-42.2,6.00466110413335,32.1623844618799));
#5541=CARTESIAN_POINT('',(-43.2,10.0528980942125,34.7));
#5542=CARTESIAN_POINT('',(-43.2,5.66264096080768,33.1020770826658));
#5543=CARTESIAN_POINT('Origin',(-43.2,10.229225074921,33.7));
#5544=CARTESIAN_POINT('Origin',(-76.8,26.3,30.5802956025208));
#5545=CARTESIAN_POINT('',(-77.8,26.3,39.5492837143204));
#5546=CARTESIAN_POINT('',(-77.8,26.3,30.5802956025208));
#5547=CARTESIAN_POINT('',(-76.8,25.3,40.2494912525301));
#5548=CARTESIAN_POINT('Origin',(-76.8,26.3,39.5492837143204));
#5549=CARTESIAN_POINT('',(-76.8,25.3,30.5802956025208));
#5550=CARTESIAN_POINT('Origin',(-43.2,1.,33.7));
#5551=CARTESIAN_POINT('',(-42.2,1.,33.7));
#5552=CARTESIAN_POINT('',(-43.2,0.,33.7));
#5553=CARTESIAN_POINT('Origin',(-43.2,1.,33.7));
#5554=CARTESIAN_POINT('',(-43.2,1.,34.7));
#5555=CARTESIAN_POINT('Origin',(-43.2,1.,33.7));
#5556=CARTESIAN_POINT('Origin',(-43.2,1.,33.7));
#5557=CARTESIAN_POINT('Origin',(-43.2,0.,33.7));
#5558=CARTESIAN_POINT('',(-43.2,0.,34.7));
#5559=CARTESIAN_POINT('',(-42.2,0.,33.7));
#5560=CARTESIAN_POINT('Origin',(-76.8,3.14425624102824,31.1212822337593));
#5561=CARTESIAN_POINT('',(-77.8,10.229225074921,33.7));
#5562=CARTESIAN_POINT('',(-77.8,3.14425624102824,31.1212822337593));
#5563=CARTESIAN_POINT('',(-76.8,10.0528980942125,34.7));
#5564=CARTESIAN_POINT('Origin',(-76.8,10.229225074921,33.7));
#5565=CARTESIAN_POINT('',(-76.8,2.80223609770257,32.0609748545452));
#5566=CARTESIAN_POINT('Origin',(-76.8,1.,33.7));
#5567=CARTESIAN_POINT('',(-76.8,0.,33.7));
#5568=CARTESIAN_POINT('',(-77.8,1.,33.7));
#5569=CARTESIAN_POINT('Origin',(-76.8,1.,33.7));
#5570=CARTESIAN_POINT('',(-76.8,1.,34.7));
#5571=CARTESIAN_POINT('Origin',(-76.8,1.,33.7));
#5572=CARTESIAN_POINT('Origin',(-76.8,1.,33.7));
#5573=CARTESIAN_POINT('Origin',(-58.65,1.,33.7));
#5574=CARTESIAN_POINT('',(-58.65,0.,33.7));
#5575=CARTESIAN_POINT('',(-58.65,1.,34.7));
#5576=CARTESIAN_POINT('Origin',(-76.8,0.,33.7));
#5577=CARTESIAN_POINT('',(-77.8,0.,33.7));
#5578=CARTESIAN_POINT('',(-76.8,0.,34.7));
#5579=CARTESIAN_POINT('Origin',(-76.8,1.,66.65));
#5580=CARTESIAN_POINT('',(-77.8,1.,24.9));
#5581=CARTESIAN_POINT('',(-76.8,0.,24.9));
#5582=CARTESIAN_POINT('Origin',(-76.8,1.,24.9));
#5583=CARTESIAN_POINT('',(-76.8,0.,66.65));
#5584=CARTESIAN_POINT('',(-77.8,1.,66.65));
#5585=CARTESIAN_POINT('Origin',(-70.1,1.,24.9));
#5586=CARTESIAN_POINT('',(-70.1,1.,17.2));
#5587=CARTESIAN_POINT('',(-70.1,0.,18.2));
#5588=CARTESIAN_POINT('Origin',(-70.1,1.,18.2));
#5589=CARTESIAN_POINT('Origin',(-70.1,0.,24.9));
#5590=CARTESIAN_POINT('Origin',(-70.1,1.,24.9));
#5591=CARTESIAN_POINT('Origin',(-40.85,1.,18.2));
#5592=CARTESIAN_POINT('',(-47.2,1.,17.2));
#5593=CARTESIAN_POINT('',(-47.2,0.,18.2));
#5594=CARTESIAN_POINT('Origin',(-47.2,1.,18.2));
#5595=CARTESIAN_POINT('',(-40.85,0.,18.2));
#5596=CARTESIAN_POINT('',(-40.85,1.,17.2));
#5597=CARTESIAN_POINT('Origin',(-47.2,1.,22.2));
#5598=CARTESIAN_POINT('',(-42.2,1.,22.2));
#5599=CARTESIAN_POINT('',(-43.2,0.,22.2));
#5600=CARTESIAN_POINT('Origin',(-43.2,1.,22.2));
#5601=CARTESIAN_POINT('Origin',(-47.2,0.,22.2));
#5602=CARTESIAN_POINT('Origin',(-47.2,1.,22.2));
#5603=CARTESIAN_POINT('Origin',(-43.2,1.,75.55));
#5604=CARTESIAN_POINT('',(-43.2,0.,75.55));
#5605=CARTESIAN_POINT('',(-42.2,1.,75.55));
#5606=CARTESIAN_POINT('Origin',(-58.65,1.,80.0224409749185));
#5607=CARTESIAN_POINT('',(-58.65,0.,80.0224409749185));
#5608=CARTESIAN_POINT('',(-58.65,0.233955556881024,79.379653365232));
#5609=CARTESIAN_POINT('Origin',(-42.2,0.,35.));
#5610=CARTESIAN_POINT('',(-42.2,50.,22.2));
#5611=CARTESIAN_POINT('',(-42.2,0.,22.2));
#5612=CARTESIAN_POINT('',(-42.2,50.,35.));
#5613=CARTESIAN_POINT('',(-42.2,50.,15.));
#5614=CARTESIAN_POINT('',(-42.2,0.,35.));
#5615=CARTESIAN_POINT('Origin',(-47.2,0.,22.2));
#5616=CARTESIAN_POINT('',(-47.2,50.,17.2));
#5617=CARTESIAN_POINT('',(-47.2,0.,17.2));
#5618=CARTESIAN_POINT('Origin',(-47.2,50.,22.2));
#5619=CARTESIAN_POINT('Origin',(-42.2,0.,17.2));
#5620=CARTESIAN_POINT('',(-70.1,50.,17.2));
#5621=CARTESIAN_POINT('',(-70.1,0.,17.2));
#5622=CARTESIAN_POINT('',(-77.8,50.,17.2));
#5623=CARTESIAN_POINT('Origin',(-70.1,0.,24.9));
#5624=CARTESIAN_POINT('',(-77.8,50.,24.9));
#5625=CARTESIAN_POINT('',(-77.8,0.,24.9));
#5626=CARTESIAN_POINT('Origin',(-70.1,50.,24.9));
#5627=CARTESIAN_POINT('Origin',(-77.8,0.,17.2));
#5628=CARTESIAN_POINT('',(-77.8,50.,205.));
#5629=CARTESIAN_POINT('',(-77.8,0.,205.));
#5630=CARTESIAN_POINT('',(-77.8,50.,15.));
#5631=CARTESIAN_POINT('Origin',(-77.8,24.0600355485306,50.9848369377466));
#5632=CARTESIAN_POINT('',(0.,25.3,49.5071048480188));
#5633=CARTESIAN_POINT('Origin',(-77.8,25.3,43.9605912050416));
#5634=CARTESIAN_POINT('',(0.,25.3,40.2494912525301));
#5635=CARTESIAN_POINT('Origin',(-39.5,0.,116.1));
#5636=CARTESIAN_POINT('Origin',(-39.5,0.,116.1));
#5637=CARTESIAN_POINT('Origin',(-47.2,0.,22.2));
#5638=CARTESIAN_POINT('',(-47.2,27.2999999999999,19.2000000000001));
#5639=CARTESIAN_POINT('',(-44.2,27.2999999999999,22.2000000000001));
#5640=CARTESIAN_POINT('Origin',(-47.2,27.3,22.2));
#5641=CARTESIAN_POINT('',(-44.2,50.,22.2));
#5642=CARTESIAN_POINT('',(-44.2,0.,22.2));
#5643=CARTESIAN_POINT('',(-47.2,50.,19.2));
#5644=CARTESIAN_POINT('Origin',(-47.2,50.,22.2));
#5645=CARTESIAN_POINT('',(-47.2,0.,19.2));
#5646=CARTESIAN_POINT('Origin',(-44.2,0.,35.));
#5647=CARTESIAN_POINT('',(-44.2,27.3,35.0000000000001));
#5648=CARTESIAN_POINT('',(-44.2,27.3,32.0122690440277));
#5649=CARTESIAN_POINT('',(-44.2,50.,35.));
#5650=CARTESIAN_POINT('',(-44.2,0.,35.));
#5651=CARTESIAN_POINT('',(-44.2,50.,75.55));
#5652=CARTESIAN_POINT('Origin',(-25.,0.,35.));
#5653=CARTESIAN_POINT('',(-36.6847504980907,27.3,50.2350453165512));
#5654=CARTESIAN_POINT('Origin',(-25.,27.3,35.));
#5655=CARTESIAN_POINT('',(-25.,23.9730079874835,54.2));
#5656=CARTESIAN_POINT('Origin',(-25.,40.0837209060873,35.));
#5657=CARTESIAN_POINT('',(-25.,50.,54.2));
#5658=CARTESIAN_POINT('',(-25.,0.,54.2));
#5659=CARTESIAN_POINT('Origin',(-25.,50.,35.));
#5660=CARTESIAN_POINT('Origin',(-67.8,0.,205.));
#5661=CARTESIAN_POINT('',(-67.8,50.,213.));
#5662=CARTESIAN_POINT('',(-75.8,50.,205.));
#5663=CARTESIAN_POINT('Origin',(-67.8,50.,205.));
#5664=CARTESIAN_POINT('',(-67.8,2.,213.));
#5665=CARTESIAN_POINT('',(-67.8,0.,213.));
#5666=CARTESIAN_POINT('',(-75.8,2.,205.));
#5667=CARTESIAN_POINT('Origin',(-67.8,2.,205.));
#5668=CARTESIAN_POINT('',(-75.8,0.,205.));
#5669=CARTESIAN_POINT('Origin',(-77.8,0.,213.));
#5670=CARTESIAN_POINT('',(-11.2,50.,213.));
#5671=CARTESIAN_POINT('',(-58.65,50.,213.));
#5672=CARTESIAN_POINT('',(-11.2,2.,213.));
#5673=CARTESIAN_POINT('',(-11.2,0.,213.));
#5674=CARTESIAN_POINT('',(-58.65,2.,213.));
#5675=CARTESIAN_POINT('Origin',(-39.5,2.,116.1));
#5676=CARTESIAN_POINT('',(-3.19999999999999,2.,205.));
#5677=CARTESIAN_POINT('Origin',(-11.2,2.,205.));
#5678=CARTESIAN_POINT('',(-3.2,2.,80.3864112091847));
#5679=CARTESIAN_POINT('',(-3.2,2.,165.55));
#5680=CARTESIAN_POINT('',(-75.8,2.,80.3864112091847));
#5681=CARTESIAN_POINT('',(-58.65,2.,80.3864112091847));
#5682=CARTESIAN_POINT('',(-75.8,2.,66.65));
#5683=CARTESIAN_POINT('Origin',(-11.2,0.,205.));
#5684=CARTESIAN_POINT('',(-3.19999999999999,50.,205.));
#5685=CARTESIAN_POINT('Origin',(-11.2,50.,205.));
#5686=CARTESIAN_POINT('',(-3.19999999999999,0.,205.));
#5687=CARTESIAN_POINT('Origin',(-3.19999999999999,0.,215.));
#5688=CARTESIAN_POINT('',(-3.2,50.,57.2));
#5689=CARTESIAN_POINT('',(-3.2,50.,165.55));
#5690=CARTESIAN_POINT('',(-3.2,21.4557090939517,57.2));
#5691=CARTESIAN_POINT('',(-3.2,0.,57.2));
#5692=CARTESIAN_POINT('',(-3.19999999999999,-19.7592401692803,106.318063853045));
#5693=CARTESIAN_POINT('Origin',(-6.2,0.,57.2));
#5694=CARTESIAN_POINT('',(-6.2,50.,54.2));
#5695=CARTESIAN_POINT('Origin',(-6.2,50.,57.2));
#5696=CARTESIAN_POINT('',(-6.2,23.9730079874835,54.2));
#5697=CARTESIAN_POINT('',(-6.2,0.,54.2));
#5698=CARTESIAN_POINT('Origin',(-6.2,21.4557090939517,57.2));
#5699=CARTESIAN_POINT('Origin',(-1.2,0.,54.2));
#5700=CARTESIAN_POINT('',(-20.35,50.,54.2));
#5701=CARTESIAN_POINT('',(-39.5,23.9730079874835,54.2));
#5702=CARTESIAN_POINT('Origin',(-77.8,25.5921244347685,52.2704121571197));
#5703=CARTESIAN_POINT('',(-75.8,27.3,50.2350453165512));
#5704=CARTESIAN_POINT('',(-77.8,27.3,50.2350453165512));
#5705=CARTESIAN_POINT('',(-75.8,28.9395032171734,48.2811614674151));
#5706=CARTESIAN_POINT('Origin',(-77.8,27.3,43.9605912050416));
#5707=CARTESIAN_POINT('',(-70.1,27.2999999999999,19.2000000000001));
#5708=CARTESIAN_POINT('',(-51.0025565692404,27.2999999999999,19.2));
#5709=CARTESIAN_POINT('',(-75.8,27.3,24.9000000000001));
#5710=CARTESIAN_POINT('Origin',(-70.1,27.3,24.9));
#5711=CARTESIAN_POINT('',(-75.8,27.3,30.5802956025207));
#5712=CARTESIAN_POINT('Origin',(-75.8,0.,17.2));
#5713=CARTESIAN_POINT('',(-75.8,50.,24.9));
#5714=CARTESIAN_POINT('',(-75.8,0.,24.9));
#5715=CARTESIAN_POINT('',(-75.8,50.,66.65));
#5716=CARTESIAN_POINT('Origin',(-70.1,0.,24.9));
#5717=CARTESIAN_POINT('',(-70.1,50.,19.2));
#5718=CARTESIAN_POINT('',(-70.1,0.,19.2));
#5719=CARTESIAN_POINT('Origin',(-70.1,50.,24.9));
#5720=CARTESIAN_POINT('Origin',(-42.2,0.,19.2));
#5721=CARTESIAN_POINT('',(-40.85,50.,19.2));
#5722=CARTESIAN_POINT('Origin',(-67.8,0.,205.));
#5723=CARTESIAN_POINT('',(-67.8,50.,215.));
#5724=CARTESIAN_POINT('',(-67.8,0.,215.));
#5725=CARTESIAN_POINT('Origin',(-67.8,50.,205.));
#5726=CARTESIAN_POINT('Origin',(-77.8,0.,215.));
#5727=CARTESIAN_POINT('',(-11.2,50.,215.));
#5728=CARTESIAN_POINT('',(-11.2,0.,215.));
#5729=CARTESIAN_POINT('',(-77.8,50.,215.));
#5730=CARTESIAN_POINT('Origin',(-11.2,0.,205.));
#5731=CARTESIAN_POINT('',(-1.19999999999999,50.,205.));
#5732=CARTESIAN_POINT('',(-1.19999999999999,0.,205.));
#5733=CARTESIAN_POINT('Origin',(-11.2,50.,205.));
#5734=CARTESIAN_POINT('Origin',(-1.19999999999999,0.,215.));
#5735=CARTESIAN_POINT('',(-1.2,50.,57.2));
#5736=CARTESIAN_POINT('',(-1.2,0.,57.2));
#5737=CARTESIAN_POINT('',(-1.19999999999999,50.,215.));
#5738=CARTESIAN_POINT('Origin',(-6.2,0.,57.2));
#5739=CARTESIAN_POINT('',(-6.2,50.,52.2));
#5740=CARTESIAN_POINT('',(-6.2,0.,52.2));
#5741=CARTESIAN_POINT('Origin',(-6.2,50.,57.2));
#5742=CARTESIAN_POINT('Origin',(-1.2,0.,52.2));
#5743=CARTESIAN_POINT('',(-25.,50.,52.2));
#5744=CARTESIAN_POINT('',(-25.,0.,52.2));
#5745=CARTESIAN_POINT('',(-25.,50.,52.2));
#5746=CARTESIAN_POINT('Origin',(-25.,0.,35.));
#5747=CARTESIAN_POINT('Origin',(-25.,50.,35.));
#5748=CARTESIAN_POINT('Origin',(-77.8,10.0528980942125,34.7));
#5749=CARTESIAN_POINT('',(-77.8,10.0528980942125,34.7));
#5750=CARTESIAN_POINT('Origin',(-77.8,0.,34.7));
#5751=CARTESIAN_POINT('Origin',(-39.5,50.,116.1));
#5752=CARTESIAN_POINT('Origin',(-77.8,0.,32.7));
#5753=CARTESIAN_POINT('',(-44.2,10.4055520556295,32.7));
#5754=CARTESIAN_POINT('',(-44.2,2.,32.7));
#5755=CARTESIAN_POINT('',(-44.2,0.,32.7));
#5756=CARTESIAN_POINT('',(-75.8,2.,32.7));
#5757=CARTESIAN_POINT('',(-58.65,2.,32.7));
#5758=CARTESIAN_POINT('',(-75.8,10.4055520556295,32.7));
#5759=CARTESIAN_POINT('',(-75.8,0.,32.7));
#5760=CARTESIAN_POINT('',(-77.8,10.4055520556295,32.7));
#5761=CARTESIAN_POINT('Origin',(-75.8,0.,17.2));
#5762=CARTESIAN_POINT('',(-75.8,2.,29.6406292491758));
#5763=CARTESIAN_POINT('',(-75.8,-1.72854108282988,28.283551277787));
#5764=CARTESIAN_POINT('',(-75.8,2.,66.65));
#5765=CARTESIAN_POINT('Origin',(-44.2,0.,35.));
#5766=CARTESIAN_POINT('',(-44.2,2.,29.6406292491758));
#5767=CARTESIAN_POINT('',(-44.2,1.13186378027522,29.3246535059076));
#5768=CARTESIAN_POINT('',(-44.2,2.,75.55));
#5769=CARTESIAN_POINT('Origin',(-39.5,2.,116.1));
#5770=CARTESIAN_POINT('',(-49.6525565692404,2.,29.6406292491758));
#5771=CARTESIAN_POINT('Origin',(-59.8051131384808,0.307303446496285,29.0245380880554));
#5772=CARTESIAN_POINT('',(0.,0.,0.));
#5773=CARTESIAN_POINT('',(0.,0.,0.));
#5774=CARTESIAN_POINT('Origin',(2.90853614797496E-16,60.,4.75));
#5775=CARTESIAN_POINT('',(12.75,58.,4.75));
#5776=CARTESIAN_POINT('',(12.75,84.5,4.75));
#5777=CARTESIAN_POINT('',(12.75,60.,4.75));
#5778=CARTESIAN_POINT('',(-25.,84.5,4.75));
#5779=CARTESIAN_POINT('',(3.1875,84.5,4.75));
#5780=CARTESIAN_POINT('',(-25.,58.,4.75));
#5781=CARTESIAN_POINT('',(-25.,60.,4.75));
#5782=CARTESIAN_POINT('',(0.,58.,4.75));
#5783=CARTESIAN_POINT('Origin',(-12.5,0.,50.));
#5784=CARTESIAN_POINT('',(-39.9986666074021,0.,14.8));
#5785=CARTESIAN_POINT('',(-42.,0.,14.8));
#5786=CARTESIAN_POINT('',(-23.775,0.,14.8));
#5787=CARTESIAN_POINT('',(-42.,0.,-2.));
#5788=CARTESIAN_POINT('',(-42.,0.,15.));
#5789=CARTESIAN_POINT('',(0.,0.,-2.));
#5790=CARTESIAN_POINT('',(0.,0.,-2.));
#5791=CARTESIAN_POINT('',(0.,0.,0.));
#5792=CARTESIAN_POINT('',(0.,0.,0.));
#5793=CARTESIAN_POINT('',(-25.,0.,0.));
#5794=CARTESIAN_POINT('',(0.,0.,0.));
#5795=CARTESIAN_POINT('Origin',(-25.,0.,15.));
#5796=CARTESIAN_POINT('Origin',(-42.,0.,-2.));
#5797=CARTESIAN_POINT('',(-42.,20.5,14.8));
#5798=CARTESIAN_POINT('',(-42.,0.,14.8));
#5799=CARTESIAN_POINT('',(-42.,20.5,-2.));
#5800=CARTESIAN_POINT('',(-42.,20.5,15.));
#5801=CARTESIAN_POINT('',(-42.,0.,-2.));
#5802=CARTESIAN_POINT('Origin',(-61.,50.,10.4950124378879));
#5803=CARTESIAN_POINT('',(-70.,50.,14.8));
#5804=CARTESIAN_POINT('',(-41.9988234887006,50.,14.8));
#5805=CARTESIAN_POINT('',(-42.,50.,14.8));
#5806=CARTESIAN_POINT('',(-25.,50.,-2.));
#5807=CARTESIAN_POINT('Origin',(-25.,50.,15.));
#5808=CARTESIAN_POINT('',(-70.,50.,-2.));
#5809=CARTESIAN_POINT('',(-42.,50.,-2.));
#5810=CARTESIAN_POINT('',(-80.,50.,8.));
#5811=CARTESIAN_POINT('Origin',(-70.,50.,8.));
#5812=CARTESIAN_POINT('',(-80.,50.,22.9900248757757));
#5813=CARTESIAN_POINT('',(-80.,50.,-2.));
#5814=CARTESIAN_POINT('Origin',(-70.,50.,25.));
#5815=CARTESIAN_POINT('Origin',(-25.,0.,15.));
#5816=CARTESIAN_POINT('',(-41.9988234887006,60.,14.8));
#5817=CARTESIAN_POINT('',(-41.9988234887006,0.,14.8));
#5818=CARTESIAN_POINT('',(-25.,60.,-2.));
#5819=CARTESIAN_POINT('Origin',(-25.,60.,15.));
#5820=CARTESIAN_POINT('',(-25.,0.,-2.));
#5821=CARTESIAN_POINT('Origin',(-12.5,60.,50.));
#5822=CARTESIAN_POINT('',(-38.2484904800509,60.,14.8));
#5823=CARTESIAN_POINT('',(-23.775,60.,14.8));
#5824=CARTESIAN_POINT('',(-25.,60.,1.75));
#5825=CARTESIAN_POINT('Origin',(-25.,60.,15.));
#5826=CARTESIAN_POINT('',(15.75,60.,1.75));
#5827=CARTESIAN_POINT('',(12.75,60.,1.75));
#5828=CARTESIAN_POINT('',(15.75,60.,1.));
#5829=CARTESIAN_POINT('',(15.75,60.,11.5));
#5830=CARTESIAN_POINT('',(12.75,60.,-2.));
#5831=CARTESIAN_POINT('Origin',(12.75,60.,1.));
#5832=CARTESIAN_POINT('',(0.,60.,-2.));
#5833=CARTESIAN_POINT('Origin',(-46.1,1.,11.375));
#5834=CARTESIAN_POINT('',(-45.1,2.,1.1));
#5835=CARTESIAN_POINT('',(-45.1,2.,14.8));
#5836=CARTESIAN_POINT('',(-45.1,2.,11.375));
#5837=CARTESIAN_POINT('',(-47.1,0.,12.8));
#5838=CARTESIAN_POINT('',(-45.1,2.,14.8));
#5839=CARTESIAN_POINT('',(-47.1,0.,3.1));
#5840=CARTESIAN_POINT('',(-47.1,0.,11.375));
#5841=CARTESIAN_POINT('',(-47.1,0.,3.1));
#5842=CARTESIAN_POINT('Origin',(-65.5,1.,13.8));
#5843=CARTESIAN_POINT('',(-74.9,0.,12.8));
#5844=CARTESIAN_POINT('',(-65.5,0.,12.8));
#5845=CARTESIAN_POINT('',(-76.9,2.,14.8));
#5846=CARTESIAN_POINT('',(-65.5,2.,14.8));
#5847=CARTESIAN_POINT('',(-74.9,0.,12.8));
#5848=CARTESIAN_POINT('Origin',(-53.05,1.,2.1));
#5849=CARTESIAN_POINT('',(-70.,0.,3.1));
#5850=CARTESIAN_POINT('',(-53.05,0.,3.1));
#5851=CARTESIAN_POINT('',(-70.,2.,1.1));
#5852=CARTESIAN_POINT('',(-70.,0.,3.1));
#5853=CARTESIAN_POINT('',(-53.05,2.,1.1));
#5854=CARTESIAN_POINT('Origin',(-70.,1.,8.));
#5855=CARTESIAN_POINT('',(-74.9,0.,8.));
#5856=CARTESIAN_POINT('',(-76.9,2.,8.));
#5857=CARTESIAN_POINT('',(-74.9,0.,8.));
#5858=CARTESIAN_POINT('Origin',(-70.,2.,8.));
#5859=CARTESIAN_POINT('Origin',(-70.,0.,8.));
#5860=CARTESIAN_POINT('Origin',(-75.9,1.,7.975));
#5861=CARTESIAN_POINT('',(-76.9,2.,7.975));
#5862=CARTESIAN_POINT('',(-74.9,0.,7.975));
#5863=CARTESIAN_POINT('Origin',(-76.9,0.,8.));
#5864=CARTESIAN_POINT('',(-76.9,20.5,14.8));
#5865=CARTESIAN_POINT('',(-76.9,0.,14.8));
#5866=CARTESIAN_POINT('',(-76.9,20.5,8.));
#5867=CARTESIAN_POINT('',(-76.9,20.5,9.24750621894393));
#5868=CARTESIAN_POINT('',(-76.9,0.,8.));
#5869=CARTESIAN_POINT('Origin',(-70.,20.5,14.8));
#5870=CARTESIAN_POINT('',(-45.1,20.5,14.8));
#5871=CARTESIAN_POINT('',(-45.1,0.,14.8));
#5872=CARTESIAN_POINT('',(-42.,20.5,14.8));
#5873=CARTESIAN_POINT('',(-39.9986666074021,58.,14.8));
#5874=CARTESIAN_POINT('',(-39.9986666074021,0.,14.8));
#5875=CARTESIAN_POINT('',(-35.2480485947326,58.,14.8));
#5876=CARTESIAN_POINT('',(-27.525,58.,14.8));
#5877=CARTESIAN_POINT('',(-35.2480485947326,84.5,14.8));
#5878=CARTESIAN_POINT('',(-35.2480485947326,60.,14.8));
#5879=CARTESIAN_POINT('',(-35.7481393738637,85.,14.8));
#5880=CARTESIAN_POINT('',(-35.4980939842981,84.75,14.8));
#5881=CARTESIAN_POINT('',(-37.7484312760433,85.,14.8));
#5882=CARTESIAN_POINT('',(-14.3375,85.,14.8));
#5883=CARTESIAN_POINT('',(-38.2484904800509,84.5,14.8));
#5884=CARTESIAN_POINT('',(-37.9984608780471,84.75,14.8));
#5885=CARTESIAN_POINT('',(-38.2484904800509,60.,14.8));
#5886=CARTESIAN_POINT('',(-70.,20.5,14.8));
#5887=CARTESIAN_POINT('',(-70.,20.5,14.8));
#5888=CARTESIAN_POINT('',(-68.95,20.5,14.8));
#5889=CARTESIAN_POINT('Origin',(-45.1,0.,14.8));
#5890=CARTESIAN_POINT('',(-45.1,20.5,1.1));
#5891=CARTESIAN_POINT('',(-45.1,0.,1.1));
#5892=CARTESIAN_POINT('',(-45.1,20.5,12.6475062189439));
#5893=CARTESIAN_POINT('Origin',(-61.,0.,7.95));
#5894=CARTESIAN_POINT('Origin',(-45.1,0.,1.1));
#5895=CARTESIAN_POINT('',(-70.,20.5,1.1));
#5896=CARTESIAN_POINT('',(-70.,0.,1.1));
#5897=CARTESIAN_POINT('',(-53.05,20.5,1.1));
#5898=CARTESIAN_POINT('Origin',(-70.,0.,8.));
#5899=CARTESIAN_POINT('Origin',(-70.,20.5,8.));
#5900=CARTESIAN_POINT('Origin',(-61.,20.5,10.4950124378879));
#5901=CARTESIAN_POINT('',(-80.,20.5,22.9900248757757));
#5902=CARTESIAN_POINT('Origin',(-70.,20.5,25.));
#5903=CARTESIAN_POINT('',(-80.,20.5,8.));
#5904=CARTESIAN_POINT('',(-80.,20.5,-2.));
#5905=CARTESIAN_POINT('',(-70.,20.5,-2.));
#5906=CARTESIAN_POINT('Origin',(-70.,20.5,8.));
#5907=CARTESIAN_POINT('',(-42.,20.5,-2.));
#5908=CARTESIAN_POINT('Origin',(-70.,10.25,8.));
#5909=CARTESIAN_POINT('',(-70.,10.25,-2.));
#5910=CARTESIAN_POINT('',(-80.,10.25,8.));
#5911=CARTESIAN_POINT('Origin',(-80.,20.5,-2.));
#5912=CARTESIAN_POINT('',(-80.,20.5,22.9900248757757));
#5913=CARTESIAN_POINT('Origin',(-70.,20.5,25.));
#5914=CARTESIAN_POINT('Origin',(-25.,0.,15.));
#5915=CARTESIAN_POINT('',(-25.,58.,0.));
#5916=CARTESIAN_POINT('',(-25.,0.,0.));
#5917=CARTESIAN_POINT('Origin',(-25.,58.,15.));
#5918=CARTESIAN_POINT('Origin',(0.,0.,-2.));
#5919=CARTESIAN_POINT('',(12.75,58.,-2.));
#5920=CARTESIAN_POINT('',(12.75,30.,-2.));
#5921=CARTESIAN_POINT('',(0.,58.,-2.));
#5922=CARTESIAN_POINT('',(0.,58.,-2.));
#5923=CARTESIAN_POINT('',(0.,0.,-2.));
#5924=CARTESIAN_POINT('Origin',(0.,0.,0.));
#5925=CARTESIAN_POINT('',(0.,58.,0.));
#5926=CARTESIAN_POINT('',(-10.,58.,0.));
#5927=CARTESIAN_POINT('',(0.,0.,0.));
#5928=CARTESIAN_POINT('Origin',(-25.,60.,15.));
#5929=CARTESIAN_POINT('Origin',(-25.,58.,15.));
#5930=CARTESIAN_POINT('Origin',(-25.,84.5,15.));
#5931=CARTESIAN_POINT('Origin',(12.75,60.,1.75));
#5932=CARTESIAN_POINT('',(15.75,84.5,1.75));
#5933=CARTESIAN_POINT('',(-25.,84.5,1.75));
#5934=CARTESIAN_POINT('',(9.56250000000001,84.5,1.75));
#5935=CARTESIAN_POINT('',(15.75,60.,1.75));
#5936=CARTESIAN_POINT('',(-25.,60.,1.75));
#5937=CARTESIAN_POINT('Origin',(-25.,60.,15.));
#5938=CARTESIAN_POINT('Origin',(-25.,84.5,15.));
#5939=CARTESIAN_POINT('Origin',(-25.,84.75,15.));
#5940=CARTESIAN_POINT('',(-25.,85.,2.25));
#5941=CARTESIAN_POINT('Origin',(-25.,85.,15.));
#5942=CARTESIAN_POINT('',(-25.,84.5,1.75));
#5943=CARTESIAN_POINT('Origin',(9.56250000000001,84.75,2.));
#5944=CARTESIAN_POINT('',(15.25,85.,2.25));
#5945=CARTESIAN_POINT('',(9.56250000000001,85.,2.25));
#5946=CARTESIAN_POINT('',(15.25,85.,2.25));
#5947=CARTESIAN_POINT('Origin',(-25.,84.75,15.));
#5948=CARTESIAN_POINT('',(-25.,85.,4.25));
#5949=CARTESIAN_POINT('',(-25.,85.,4.25));
#5950=CARTESIAN_POINT('Origin',(-25.,85.,15.));
#5951=CARTESIAN_POINT('Origin',(3.1875,84.75,4.5));
#5952=CARTESIAN_POINT('',(13.25,85.,4.25));
#5953=CARTESIAN_POINT('',(3.1875,85.,4.25));
#5954=CARTESIAN_POINT('',(13.25,85.,4.25));
#5955=CARTESIAN_POINT('Origin',(0.,30.,0.));
#5956=CARTESIAN_POINT('',(0.,58.,2.375));
#5957=CARTESIAN_POINT('Origin',(12.75,30.,1.));
#5958=CARTESIAN_POINT('',(15.75,58.,1.));
#5959=CARTESIAN_POINT('Origin',(12.75,58.,1.));
#5960=CARTESIAN_POINT('',(15.75,30.,1.));
#5961=CARTESIAN_POINT('Origin',(-20.,58.,25.));
#5962=CARTESIAN_POINT('',(15.75,58.,20.95));
#5963=CARTESIAN_POINT('',(15.75,58.,14.875));
#5964=CARTESIAN_POINT('',(14.95,58.,21.75));
#5965=CARTESIAN_POINT('Origin',(14.95,58.,20.95));
#5966=CARTESIAN_POINT('',(13.55,58.,21.75));
#5967=CARTESIAN_POINT('',(12.75,58.,21.75));
#5968=CARTESIAN_POINT('',(12.75,58.,20.95));
#5969=CARTESIAN_POINT('Origin',(13.55,58.,20.95));
#5970=CARTESIAN_POINT('',(12.75,58.,21.75));
#5971=CARTESIAN_POINT('Origin',(15.75,60.,21.75));
#5972=CARTESIAN_POINT('',(15.75,84.5,20.95));
#5973=CARTESIAN_POINT('',(15.75,84.5,13.25));
#5974=CARTESIAN_POINT('',(15.75,60.,20.95));
#5975=CARTESIAN_POINT('Origin',(15.5,84.75,13.25));
#5976=CARTESIAN_POINT('',(15.25,85.,20.95));
#5977=CARTESIAN_POINT('',(15.25,85.,13.25));
#5978=CARTESIAN_POINT('',(15.5,84.75,21.5309475019311));
#5979=CARTESIAN_POINT('Origin',(16.05,84.2,20.95));
#5980=CARTESIAN_POINT('Origin',(14.95,85.3,20.95));
#5981=CARTESIAN_POINT('Origin',(9.56250000000001,84.2,20.95));
#5982=CARTESIAN_POINT('',(13.25,85.,20.95));
#5983=CARTESIAN_POINT('',(9.56250000000001,85.,20.95));
#5984=CARTESIAN_POINT('',(13.,84.75,21.5309475019311));
#5985=CARTESIAN_POINT('Origin',(12.45,84.2,20.95));
#5986=CARTESIAN_POINT('',(13.55,84.2,21.75));
#5987=CARTESIAN_POINT('Origin',(13.55,84.2,20.95));
#5988=CARTESIAN_POINT('',(14.95,84.2,21.75));
#5989=CARTESIAN_POINT('',(9.56250000000001,84.2,21.75));
#5990=CARTESIAN_POINT('Origin',(14.95,84.2,20.95));
#5991=CARTESIAN_POINT('Origin',(6.37500000000001,85.,4.75));
#5992=CARTESIAN_POINT('',(13.25,85.,13.25));
#5993=CARTESIAN_POINT('Origin',(14.95,66.25,20.95));
#5994=CARTESIAN_POINT('',(14.95,66.25,21.75));
#5995=CARTESIAN_POINT('Origin',(12.75,72.5,21.75));
#5996=CARTESIAN_POINT('',(13.55,60.,21.75));
#5997=CARTESIAN_POINT('Origin',(13.55,66.25,20.95));
#5998=CARTESIAN_POINT('',(12.75,84.5,20.95));
#5999=CARTESIAN_POINT('Origin',(13.55,85.3,20.95));
#6000=CARTESIAN_POINT('',(12.75,66.25,20.95));
#6001=CARTESIAN_POINT('Origin',(12.75,60.,21.75));
#6002=CARTESIAN_POINT('',(12.75,84.5,13.25));
#6003=CARTESIAN_POINT('Origin',(13.,84.75,13.25));
#6004=CARTESIAN_POINT('',(0.,0.,0.));
#6005=CARTESIAN_POINT('Origin',(-28.75,0.25,0.749999999999999));
#6006=CARTESIAN_POINT('',(-45.,0.5,1.));
#6007=CARTESIAN_POINT('',(-70.,0.5,1.));
#6008=CARTESIAN_POINT('',(-28.75,0.5,1.));
#6009=CARTESIAN_POINT('',(-70.,0.,0.499999999999998));
#6010=CARTESIAN_POINT('',(-70.,0.5,1.));
#6011=CARTESIAN_POINT('',(-44.5,0.,0.499999999999998));
#6012=CARTESIAN_POINT('',(-28.75,0.,0.499999999999998));
#6013=CARTESIAN_POINT('',(-44.5,0.,0.499999999999998));
#6014=CARTESIAN_POINT('Origin',(-70.,0.25,8.));
#6015=CARTESIAN_POINT('',(-77.,0.5,8.));
#6016=CARTESIAN_POINT('Origin',(-70.,0.5,8.));
#6017=CARTESIAN_POINT('',(-77.5,0.,8.));
#6018=CARTESIAN_POINT('',(-77.,0.5,8.));
#6019=CARTESIAN_POINT('Origin',(-70.,0.,8.));
#6020=CARTESIAN_POINT('Origin',(-77.25,0.25,25.5));
#6021=CARTESIAN_POINT('',(-77.5,0.,15.5));
#6022=CARTESIAN_POINT('',(-77.5,0.,25.5));
#6023=CARTESIAN_POINT('',(-77.,0.5,15.));
#6024=CARTESIAN_POINT('',(-77.,0.5,25.5));
#6025=CARTESIAN_POINT('',(-77.,0.5,15.));
#6026=CARTESIAN_POINT('Origin',(-44.75,0.25,32.5));
#6027=CARTESIAN_POINT('',(-45.,0.5,15.));
#6028=CARTESIAN_POINT('',(-45.,0.5,32.5));
#6029=CARTESIAN_POINT('',(-44.5,0.,15.5));
#6030=CARTESIAN_POINT('',(-44.5,0.,32.5));
#6031=CARTESIAN_POINT('',(-44.5,0.,15.5));
#6032=CARTESIAN_POINT('Origin',(-27.25,0.25,15.25));
#6033=CARTESIAN_POINT('',(-27.25,0.,15.5));
#6034=CARTESIAN_POINT('',(-27.25,0.5,15.));
#6035=CARTESIAN_POINT('Origin',(-77.,0.,1.));
#6036=CARTESIAN_POINT('',(-77.,20.,8.));
#6037=CARTESIAN_POINT('',(-77.,0.,8.));
#6038=CARTESIAN_POINT('',(-77.,20.,15.));
#6039=CARTESIAN_POINT('',(-77.,20.,6.25));
#6040=CARTESIAN_POINT('',(-77.,0.,15.));
#6041=CARTESIAN_POINT('Origin',(-70.,0.,8.));
#6042=CARTESIAN_POINT('',(-70.,20.,1.));
#6043=CARTESIAN_POINT('',(-70.,0.,1.));
#6044=CARTESIAN_POINT('Origin',(-70.,20.,8.));
#6045=CARTESIAN_POINT('Origin',(-45.,0.,1.));
#6046=CARTESIAN_POINT('',(-45.,20.,1.));
#6047=CARTESIAN_POINT('',(-45.,0.,1.));
#6048=CARTESIAN_POINT('',(-53.,20.,1.));
#6049=CARTESIAN_POINT('Origin',(-12.5,0.,50.));
#6050=CARTESIAN_POINT('',(-40.5,0.,15.5));
#6051=CARTESIAN_POINT('',(-42.5,0.,15.5));
#6052=CARTESIAN_POINT('',(-27.25,0.,15.5));
#6053=CARTESIAN_POINT('',(-40.5,0.,35.));
#6054=CARTESIAN_POINT('',(-40.5,0.,32.5));
#6055=CARTESIAN_POINT('',(-25.,0.,50.5));
#6056=CARTESIAN_POINT('Origin',(-25.,0.,35.));
#6057=CARTESIAN_POINT('',(6.,0.,50.5));
#6058=CARTESIAN_POINT('',(-18.75,0.,50.5));
#6059=CARTESIAN_POINT('',(10.5,0.,55.));
#6060=CARTESIAN_POINT('Origin',(6.,0.,55.));
#6061=CARTESIAN_POINT('',(10.5,0.,210.));
#6062=CARTESIAN_POINT('',(10.5,0.,91.25));
#6063=CARTESIAN_POINT('',(6.,0.,214.5));
#6064=CARTESIAN_POINT('Origin',(6.,0.,210.));
#6065=CARTESIAN_POINT('',(-0.499999999999994,0.,214.5));
#6066=CARTESIAN_POINT('',(-5.,0.,214.5));
#6067=CARTESIAN_POINT('',(-0.499999999999994,0.,77.5));
#6068=CARTESIAN_POINT('',(-0.499999999999994,0.,51.));
#6069=CARTESIAN_POINT('',(-79.5,0.,77.5));
#6070=CARTESIAN_POINT('',(-46.25,0.,77.5));
#6071=CARTESIAN_POINT('',(-79.5,0.,8.));
#6072=CARTESIAN_POINT('',(-79.5,0.,32.5));
#6073=CARTESIAN_POINT('',(-70.,0.,-1.50000000000001));
#6074=CARTESIAN_POINT('Origin',(-70.,0.,8.));
#6075=CARTESIAN_POINT('',(-42.5,0.,-1.5));
#6076=CARTESIAN_POINT('',(-27.25,0.,-1.5));
#6077=CARTESIAN_POINT('',(-42.5,0.,32.5));
#6078=CARTESIAN_POINT('',(-78.5,0.,35.5));
#6079=CARTESIAN_POINT('',(-78.5,0.,25.));
#6080=CARTESIAN_POINT('',(-78.5,0.,64.));
#6081=CARTESIAN_POINT('',(-41.5,0.,35.5));
#6082=CARTESIAN_POINT('',(-46.25,0.,35.5));
#6083=CARTESIAN_POINT('',(-41.5,0.,22.3));
#6084=CARTESIAN_POINT('',(-41.5,0.,32.5));
#6085=CARTESIAN_POINT('',(-47.3,0.,16.5));
#6086=CARTESIAN_POINT('Origin',(-47.3,0.,22.3));
#6087=CARTESIAN_POINT('',(-70.,0.,16.5));
#6088=CARTESIAN_POINT('',(-45.25,0.,16.5));
#6089=CARTESIAN_POINT('Origin',(-70.,0.,25.));
#6090=CARTESIAN_POINT('Origin',(-78.25,0.25,64.));
#6091=CARTESIAN_POINT('',(-78.,0.5,25.));
#6092=CARTESIAN_POINT('',(-78.5,0.,25.));
#6093=CARTESIAN_POINT('',(-78.,0.5,35.));
#6094=CARTESIAN_POINT('',(-78.,0.5,64.));
#6095=CARTESIAN_POINT('',(-78.,0.5,35.));
#6096=CARTESIAN_POINT('Origin',(-46.25,0.25,35.25));
#6097=CARTESIAN_POINT('',(-42.,0.5,35.));
#6098=CARTESIAN_POINT('',(-46.25,0.5,35.));
#6099=CARTESIAN_POINT('',(-41.5,0.,35.5));
#6100=CARTESIAN_POINT('Origin',(-70.,0.25,25.));
#6101=CARTESIAN_POINT('',(-70.,0.5,17.));
#6102=CARTESIAN_POINT('',(-70.,0.,16.5));
#6103=CARTESIAN_POINT('Origin',(-70.,0.5,25.));
#6104=CARTESIAN_POINT('Origin',(-45.25,0.25,16.75));
#6105=CARTESIAN_POINT('',(-47.3,0.5,17.));
#6106=CARTESIAN_POINT('',(-47.3,0.,16.5));
#6107=CARTESIAN_POINT('',(-45.25,0.5,17.));
#6108=CARTESIAN_POINT('Origin',(-47.3,0.25,22.3));
#6109=CARTESIAN_POINT('',(-42.,0.5,22.3));
#6110=CARTESIAN_POINT('',(-41.5,0.,22.3));
#6111=CARTESIAN_POINT('Origin',(-47.3,0.5,22.3));
#6112=CARTESIAN_POINT('Origin',(-41.75,0.25,32.5));
#6113=CARTESIAN_POINT('',(-42.,0.5,32.5));
#6114=CARTESIAN_POINT('Origin',(-42.,0.,15.));
#6115=CARTESIAN_POINT('',(-42.,10.,35.));
#6116=CARTESIAN_POINT('',(-42.,0.,35.));
#6117=CARTESIAN_POINT('',(-42.,60.,35.));
#6118=CARTESIAN_POINT('',(-42.,0.,35.));
#6119=CARTESIAN_POINT('',(-42.,60.,15.));
#6120=CARTESIAN_POINT('',(-42.,60.,15.));
#6121=CARTESIAN_POINT('',(-42.,50.,15.));
#6122=CARTESIAN_POINT('',(-42.,0.,15.));
#6123=CARTESIAN_POINT('',(-42.,50.,22.3));
#6124=CARTESIAN_POINT('',(-42.,50.,30.75));
#6125=CARTESIAN_POINT('',(-42.,0.,22.3));
#6126=CARTESIAN_POINT('Origin',(-80.,0.,35.));
#6127=CARTESIAN_POINT('',(-78.,10.,35.));
#6128=CARTESIAN_POINT('',(-78.,0.,35.));
#6129=CARTESIAN_POINT('',(-80.,10.,35.));
#6130=CARTESIAN_POINT('Origin',(-78.,0.,78.));
#6131=CARTESIAN_POINT('',(-78.,50.,25.));
#6132=CARTESIAN_POINT('',(-78.,0.,25.));
#6133=CARTESIAN_POINT('',(-78.,50.,73.));
#6134=CARTESIAN_POINT('',(-78.,50.,78.));
#6135=CARTESIAN_POINT('',(-78.,45.,78.));
#6136=CARTESIAN_POINT('Origin',(-78.,45.,73.));
#6137=CARTESIAN_POINT('',(-78.,1.,78.));
#6138=CARTESIAN_POINT('',(-78.,0.,78.));
#6139=CARTESIAN_POINT('',(-78.,23.8302222155949,50.7920006548406));
#6140=CARTESIAN_POINT('',(-78.,12.7934120444167,63.9451588271225));
#6141=CARTESIAN_POINT('',(-78.,25.,47.5780626064079));
#6142=CARTESIAN_POINT('Origin',(-78.,20.,47.5780626064079));
#6143=CARTESIAN_POINT('',(-78.,25.,43.9605912050416));
#6144=CARTESIAN_POINT('',(-78.,25.,59.2297767569965));
#6145=CARTESIAN_POINT('',(-78.,21.7101007166284,39.262128101112));
#6146=CARTESIAN_POINT('Origin',(-78.,20.,43.9605912050416));
#6147=CARTESIAN_POINT('',(-78.,12.4948556963329,35.9080532122546));
#6148=CARTESIAN_POINT('Origin',(-46.25,0.25,77.75));
#6149=CARTESIAN_POINT('',(-0.99999999999999,0.499999999999998,78.));
#6150=CARTESIAN_POINT('',(-0.499999999999994,0.,77.5));
#6151=CARTESIAN_POINT('',(-80.,0.5,78.));
#6152=CARTESIAN_POINT('',(-46.25,0.5,78.));
#6153=CARTESIAN_POINT('',(-79.5,0.,77.5));
#6154=CARTESIAN_POINT('Origin',(-27.25,0.25,15.25));
#6155=CARTESIAN_POINT('',(-42.,0.5,15.));
#6156=CARTESIAN_POINT('',(-40.,0.5,15.));
#6157=CARTESIAN_POINT('',(-27.25,0.5,15.));
#6158=CARTESIAN_POINT('',(-40.,0.5,15.));
#6159=CARTESIAN_POINT('',(-42.5,0.,15.5));
#6160=CARTESIAN_POINT('Origin',(-0.749999999999993,0.25,51.));
#6161=CARTESIAN_POINT('',(-0.999999999999994,0.499999999999998,215.));
#6162=CARTESIAN_POINT('',(-0.499999999999994,0.,214.5));
#6163=CARTESIAN_POINT('',(-0.999999999999993,0.5,51.));
#6164=CARTESIAN_POINT('Origin',(-5.,0.249999999999999,214.75));
#6165=CARTESIAN_POINT('',(6.,0.499999999999998,215.));
#6166=CARTESIAN_POINT('',(6.,0.,214.5));
#6167=CARTESIAN_POINT('',(-5.,0.499999999999998,215.));
#6168=CARTESIAN_POINT('Origin',(6.,0.249999999999999,210.));
#6169=CARTESIAN_POINT('',(11.,0.499999999999998,210.));
#6170=CARTESIAN_POINT('',(10.5,0.,210.));
#6171=CARTESIAN_POINT('Origin',(6.,0.499999999999998,210.));
#6172=CARTESIAN_POINT('Origin',(10.75,0.25,91.25));
#6173=CARTESIAN_POINT('',(11.,0.5,55.));
#6174=CARTESIAN_POINT('',(10.5,0.,55.));
#6175=CARTESIAN_POINT('',(11.,0.5,91.25));
#6176=CARTESIAN_POINT('Origin',(6.,0.25,55.));
#6177=CARTESIAN_POINT('',(6.,0.5,50.));
#6178=CARTESIAN_POINT('',(6.,0.,50.5));
#6179=CARTESIAN_POINT('Origin',(6.,0.5,55.));
#6180=CARTESIAN_POINT('Origin',(-18.75,0.25,50.25));
#6181=CARTESIAN_POINT('',(-25.,0.5,50.));
#6182=CARTESIAN_POINT('',(-25.,0.,50.5));
#6183=CARTESIAN_POINT('',(-18.75,0.5,50.));
#6184=CARTESIAN_POINT('Origin',(-25.,0.25,35.));
#6185=CARTESIAN_POINT('',(-40.,0.5,35.));
#6186=CARTESIAN_POINT('',(-40.5,0.,35.));
#6187=CARTESIAN_POINT('Origin',(-25.,0.5,35.));
#6188=CARTESIAN_POINT('Origin',(-40.25,0.25,32.5));
#6189=CARTESIAN_POINT('',(-40.,0.5,32.5));
#6190=CARTESIAN_POINT('Origin',(-42.25,0.25,32.5));
#6191=CARTESIAN_POINT('',(-42.,0.5,-2.));
#6192=CARTESIAN_POINT('',(-42.,0.5,32.5));
#6193=CARTESIAN_POINT('',(-42.5,0.,-1.5));
#6194=CARTESIAN_POINT('Origin',(-27.25,0.25,-1.75));
#6195=CARTESIAN_POINT('',(-70.,0.5,-2.));
#6196=CARTESIAN_POINT('',(-70.,0.,-1.50000000000001));
#6197=CARTESIAN_POINT('',(-27.25,0.5,-2.));
#6198=CARTESIAN_POINT('Origin',(-70.,0.25,8.));
#6199=CARTESIAN_POINT('',(-80.,0.5,8.));
#6200=CARTESIAN_POINT('',(-79.5,0.,8.));
#6201=CARTESIAN_POINT('Origin',(-70.,0.5,8.));
#6202=CARTESIAN_POINT('Origin',(-79.75,0.25,32.5));
#6203=CARTESIAN_POINT('',(-80.,0.5,32.5));
#6204=CARTESIAN_POINT('Origin',(6.,28.75,210.));
#6205=CARTESIAN_POINT('',(11.,2.,210.));
#6206=CARTESIAN_POINT('',(11.,28.75,210.));
#6207=CARTESIAN_POINT('',(6.,2.,215.));
#6208=CARTESIAN_POINT('Origin',(6.,2.,210.));
#6209=CARTESIAN_POINT('',(6.,28.75,215.));
#6210=CARTESIAN_POINT('Origin',(11.,1.,132.5));
#6211=CARTESIAN_POINT('',(11.,2.,55.));
#6212=CARTESIAN_POINT('',(11.,0.5,55.));
#6213=CARTESIAN_POINT('',(11.,2.,50.));
#6214=CARTESIAN_POINT('Origin',(6.,0.5,55.));
#6215=CARTESIAN_POINT('',(6.,2.,50.));
#6216=CARTESIAN_POINT('',(6.,0.5,50.));
#6217=CARTESIAN_POINT('Origin',(6.,2.,55.));
#6218=CARTESIAN_POINT('Origin',(-25.,0.,50.));
#6219=CARTESIAN_POINT('',(-25.,58.,50.));
#6220=CARTESIAN_POINT('',(-25.,0.,50.));
#6221=CARTESIAN_POINT('',(1.,58.,50.));
#6222=CARTESIAN_POINT('',(-22.5,58.,50.));
#6223=CARTESIAN_POINT('',(1.,57.8284271247461,50.));
#6224=CARTESIAN_POINT('',(1.,0.,50.));
#6225=CARTESIAN_POINT('',(1.17157287525389,58.,50.));
#6226=CARTESIAN_POINT('',(15.6875,72.5159271247462,50.));
#6227=CARTESIAN_POINT('',(4.,58.,50.));
#6228=CARTESIAN_POINT('',(-0.999999999999994,58.,50.));
#6229=CARTESIAN_POINT('',(1.87867965644036,55.8786796564404,50.));
#6230=CARTESIAN_POINT('',(5.39460678118655,59.3946067811866,50.));
#6231=CARTESIAN_POINT('',(1.,53.7573593128807,50.));
#6232=CARTESIAN_POINT('Origin',(4.,53.7573593128807,50.));
#6233=CARTESIAN_POINT('',(1.,2.,50.));
#6234=CARTESIAN_POINT('',(1.,44.,50.));
#6235=CARTESIAN_POINT('',(1.,2.,50.));
#6236=CARTESIAN_POINT('Origin',(-25.,0.,35.));
#6237=CARTESIAN_POINT('',(-40.,58.,35.));
#6238=CARTESIAN_POINT('',(-40.,0.,35.));
#6239=CARTESIAN_POINT('Origin',(-25.,58.,35.));
#6240=CARTESIAN_POINT('Origin',(-40.,0.,15.));
#6241=CARTESIAN_POINT('',(-40.,58.,15.));
#6242=CARTESIAN_POINT('',(-40.,0.,15.));
#6243=CARTESIAN_POINT('',(-40.,58.,20.));
#6244=CARTESIAN_POINT('Origin',(-42.,0.,15.));
#6245=CARTESIAN_POINT('',(-70.,20.,15.));
#6246=CARTESIAN_POINT('',(-69.,20.,15.));
#6247=CARTESIAN_POINT('',(-70.,50.,15.));
#6248=CARTESIAN_POINT('',(-70.,0.,15.));
#6249=CARTESIAN_POINT('',(-42.,50.,15.));
#6250=CARTESIAN_POINT('',(-38.25,60.,15.));
#6251=CARTESIAN_POINT('',(-20.5,60.,15.));
#6252=CARTESIAN_POINT('',(-38.25,84.5,15.));
#6253=CARTESIAN_POINT('',(-38.25,60.,15.));
#6254=CARTESIAN_POINT('',(-37.75,85.,15.));
#6255=CARTESIAN_POINT('',(-38.25,84.5,15.));
#6256=CARTESIAN_POINT('',(-35.75,85.,15.));
#6257=CARTESIAN_POINT('',(-11.0625,85.,15.));
#6258=CARTESIAN_POINT('',(-35.25,84.5,15.));
#6259=CARTESIAN_POINT('',(-35.75,85.,15.));
#6260=CARTESIAN_POINT('',(-35.25,58.,15.));
#6261=CARTESIAN_POINT('',(-35.25,60.,15.));
#6262=CARTESIAN_POINT('',(-24.25,58.,15.));
#6263=CARTESIAN_POINT('',(-42.,20.,15.));
#6264=CARTESIAN_POINT('',(-42.,0.,15.));
#6265=CARTESIAN_POINT('',(-45.,20.,15.));
#6266=CARTESIAN_POINT('',(-51.5,20.,15.));
#6267=CARTESIAN_POINT('',(-45.,0.,15.));
#6268=CARTESIAN_POINT('Origin',(1.,2.,50.));
#6269=CARTESIAN_POINT('',(1.,2.,215.));
#6270=CARTESIAN_POINT('',(1.,2.,50.));
#6271=CARTESIAN_POINT('',(1.,2.,215.));
#6272=CARTESIAN_POINT('Origin',(2.5,56.5,215.));
#6273=CARTESIAN_POINT('',(1.,53.7573593128807,215.));
#6274=CARTESIAN_POINT('',(1.,50.,215.));
#6275=CARTESIAN_POINT('',(1.87867965644036,55.8786796564404,215.));
#6276=CARTESIAN_POINT('Origin',(4.,53.7573593128807,215.));
#6277=CARTESIAN_POINT('',(18.,72.,215.));
#6278=CARTESIAN_POINT('',(1.,55.,215.));
#6279=CARTESIAN_POINT('',(18.,74.8284271247462,215.));
#6280=CARTESIAN_POINT('',(18.,66.75,215.));
#6281=CARTESIAN_POINT('',(0.464466094067268,57.2928932188134,215.));
#6282=CARTESIAN_POINT('',(23.,79.8284271247462,215.));
#6283=CARTESIAN_POINT('',(-0.999999999999999,53.7573593128806,215.));
#6284=CARTESIAN_POINT('Origin',(4.00000000000001,53.7573593128806,215.));
#6285=CARTESIAN_POINT('',(-0.999999999999999,55.8284271247461,215.));
#6286=CARTESIAN_POINT('Origin',(-70.,0.,8.));
#6287=CARTESIAN_POINT('',(-80.,20.,8.));
#6288=CARTESIAN_POINT('',(-80.,0.,8.));
#6289=CARTESIAN_POINT('',(-70.,20.,-2.));
#6290=CARTESIAN_POINT('Origin',(-70.,20.,8.));
#6291=CARTESIAN_POINT('',(-70.,0.,-2.));
#6292=CARTESIAN_POINT('Origin',(-42.,0.,-2.));
#6293=CARTESIAN_POINT('',(-42.,20.,-2.));
#6294=CARTESIAN_POINT('',(-42.,20.,-2.));
#6295=CARTESIAN_POINT('',(-42.,0.,-2.));
#6296=CARTESIAN_POINT('Origin',(-45.,0.,15.));
#6297=CARTESIAN_POINT('',(-45.,20.,13.25));
#6298=CARTESIAN_POINT('Origin',(-42.,0.,15.));
#6299=CARTESIAN_POINT('',(-42.,20.,15.));
#6300=CARTESIAN_POINT('Origin',(-61.,20.,11.5));
#6301=CARTESIAN_POINT('',(-80.,20.,25.));
#6302=CARTESIAN_POINT('',(-80.,20.,-2.));
#6303=CARTESIAN_POINT('Origin',(-70.,20.,25.));
#6304=CARTESIAN_POINT('Origin',(-20.,58.,25.));
#6305=CARTESIAN_POINT('',(-35.25,58.,35.));
#6306=CARTESIAN_POINT('',(-35.25,58.,35.));
#6307=CARTESIAN_POINT('',(-25.,58.,45.25));
#6308=CARTESIAN_POINT('Origin',(-25.,58.,35.));
#6309=CARTESIAN_POINT('',(12.75,58.,45.25));
#6310=CARTESIAN_POINT('',(-2.90853614797496E-16,58.,45.25));
#6311=CARTESIAN_POINT('',(12.75,58.,36.05));
#6312=CARTESIAN_POINT('',(12.75,58.,45.25));
#6313=CARTESIAN_POINT('',(13.55,58.,35.25));
#6314=CARTESIAN_POINT('Origin',(13.55,58.,36.05));
#6315=CARTESIAN_POINT('',(14.95,58.,35.25));
#6316=CARTESIAN_POINT('',(12.75,58.,35.25));
#6317=CARTESIAN_POINT('',(15.75,58.,36.05));
#6318=CARTESIAN_POINT('Origin',(14.95,58.,36.05));
#6319=CARTESIAN_POINT('',(15.75,58.,49.));
#6320=CARTESIAN_POINT('',(15.75,58.,45.25));
#6321=CARTESIAN_POINT('',(12.75,58.,52.));
#6322=CARTESIAN_POINT('Origin',(12.75,58.,49.));
#6323=CARTESIAN_POINT('',(4.,58.,52.));
#6324=CARTESIAN_POINT('',(0.,58.,52.));
#6325=CARTESIAN_POINT('',(3.99999999999999,58.,38.5));
#6326=CARTESIAN_POINT('',(1.1715728752539,58.,52.));
#6327=CARTESIAN_POINT('',(1.17157287525389,58.,38.5));
#6328=CARTESIAN_POINT('',(1.,58.,52.));
#6329=CARTESIAN_POINT('',(0.,58.,52.));
#6330=CARTESIAN_POINT('',(1.,58.,37.5));
#6331=CARTESIAN_POINT('Origin',(6.37500000000001,85.,4.75));
#6332=CARTESIAN_POINT('',(-37.75,85.,35.));
#6333=CARTESIAN_POINT('',(-37.75,85.,9.875));
#6334=CARTESIAN_POINT('',(-25.,85.,47.75));
#6335=CARTESIAN_POINT('Origin',(-25.,85.,35.));
#6336=CARTESIAN_POINT('',(15.25,85.,47.75));
#6337=CARTESIAN_POINT('',(-9.3125,85.,47.75));
#6338=CARTESIAN_POINT('',(15.25,85.,36.05));
#6339=CARTESIAN_POINT('',(15.25,85.,25.));
#6340=CARTESIAN_POINT('',(13.25,85.,36.05));
#6341=CARTESIAN_POINT('',(9.56250000000001,85.,36.05));
#6342=CARTESIAN_POINT('',(13.25,85.,45.75));
#6343=CARTESIAN_POINT('',(13.25,85.,25.));
#6344=CARTESIAN_POINT('',(-25.,85.,45.75));
#6345=CARTESIAN_POINT('',(-9.3125,85.,45.75));
#6346=CARTESIAN_POINT('',(-35.75,85.,35.));
#6347=CARTESIAN_POINT('Origin',(-25.,85.,35.));
#6348=CARTESIAN_POINT('',(-35.75,85.,9.875));
#6349=CARTESIAN_POINT('Origin',(1.,30.,50.));
#6350=CARTESIAN_POINT('',(1.,53.7573593128807,51.));
#6351=CARTESIAN_POINT('Origin',(4.,53.7573593128807,51.));
#6352=CARTESIAN_POINT('',(1.87867965644036,55.8786796564404,51.));
#6353=CARTESIAN_POINT('Origin',(1.,55.,52.));
#6354=CARTESIAN_POINT('',(6.,60.,52.));
#6355=CARTESIAN_POINT('',(-19.25,34.75,52.));
#6356=CARTESIAN_POINT('',(6.,60.,48.25));
#6357=CARTESIAN_POINT('',(6.,60.,51.));
#6358=CARTESIAN_POINT('',(15.75,69.75,48.25));
#6359=CARTESIAN_POINT('',(-4.25,49.75,48.25));
#6360=CARTESIAN_POINT('',(18.,72.,48.25));
#6361=CARTESIAN_POINT('',(10.7285533905933,64.7285533905933,48.25));
#6362=CARTESIAN_POINT('',(23.,77.,53.25));
#6363=CARTESIAN_POINT('Origin',(18.,72.,53.25));
#6364=CARTESIAN_POINT('',(23.,77.,210.));
#6365=CARTESIAN_POINT('',(23.,77.,52.));
#6366=CARTESIAN_POINT('Origin',(18.,72.,210.));
#6367=CARTESIAN_POINT('Origin',(-70.5,45.,73.));
#6368=CARTESIAN_POINT('',(-80.,50.,73.));
#6369=CARTESIAN_POINT('',(-70.5,50.,73.));
#6370=CARTESIAN_POINT('',(-80.,45.,78.));
#6371=CARTESIAN_POINT('Origin',(-80.,45.,73.));
#6372=CARTESIAN_POINT('',(-70.5,45.,78.));
#6373=CARTESIAN_POINT('Origin',(-80.,0.,15.));
#6374=CARTESIAN_POINT('',(-80.,0.,78.));
#6375=CARTESIAN_POINT('',(-80.,50.,25.));
#6376=CARTESIAN_POINT('',(-80.,50.,6.16297582203915E-32));
#6377=CARTESIAN_POINT('',(-80.,0.,25.));
#6378=CARTESIAN_POINT('Origin',(-61.,50.,46.5));
#6379=CARTESIAN_POINT('',(-70.,50.,17.));
#6380=CARTESIAN_POINT('Origin',(-70.,50.,25.));
#6381=CARTESIAN_POINT('',(-47.3,50.,17.));
#6382=CARTESIAN_POINT('',(-80.,50.,17.));
#6383=CARTESIAN_POINT('Origin',(-47.3,50.,22.3));
#6384=CARTESIAN_POINT('Origin',(-70.,50.,25.));
#6385=CARTESIAN_POINT('Origin',(18.,58.4571067811866,53.25));
#6386=CARTESIAN_POINT('',(18.,74.8284271247462,48.25));
#6387=CARTESIAN_POINT('',(18.,58.4571067811866,48.25));
#6388=CARTESIAN_POINT('',(23.,79.8284271247462,53.25));
#6389=CARTESIAN_POINT('Origin',(18.,74.8284271247462,53.25));
#6390=CARTESIAN_POINT('',(23.,58.4571067811866,53.25));
#6391=CARTESIAN_POINT('Origin',(23.,77.,52.));
#6392=CARTESIAN_POINT('',(23.,79.8284271247462,210.));
#6393=CARTESIAN_POINT('',(23.,79.8284271247462,52.));
#6394=CARTESIAN_POINT('',(23.,66.75,210.));
#6395=CARTESIAN_POINT('Origin',(18.,66.75,210.));
#6396=CARTESIAN_POINT('Origin',(18.,74.8284271247462,210.));
#6397=CARTESIAN_POINT('Origin',(4.00000000000001,53.7573593128806,52.));
#6398=CARTESIAN_POINT('',(0.464466094067263,57.2928932188134,57.2));
#6399=CARTESIAN_POINT('',(0.464466094067263,57.2928932188134,52.));
#6400=CARTESIAN_POINT('',(-0.999999999999992,53.7573593128806,57.2));
#6401=CARTESIAN_POINT('Origin',(4.00000000000001,53.7573593128806,57.2));
#6402=CARTESIAN_POINT('',(-0.999999999999992,53.7573593128806,52.));
#6403=CARTESIAN_POINT('Ctrl Pts',(0.464466094067264,57.2928932188134,57.2));
#6404=CARTESIAN_POINT('Ctrl Pts',(0.464466094067264,57.2928932188134,54.9111253523846));
#6405=CARTESIAN_POINT('Ctrl Pts',(-0.872285140158431,55.9561419845877,51.1099525878322));
#6406=CARTESIAN_POINT('Ctrl Pts',(-5.16289066989787,51.6655364548482,47.6977413031664));
#6407=CARTESIAN_POINT('Ctrl Pts',(-8.20961747418913,48.6188096505569,47.));
#6408=CARTESIAN_POINT('Ctrl Pts',(-9.73553390593274,47.0928932188133,47.));
#6409=CARTESIAN_POINT('Ctrl Pts',(0.200008776319742,57.0284359010658,57.2));
#6410=CARTESIAN_POINT('Ctrl Pts',(0.200008776319742,57.0284359010658,55.029818819305));
#6411=CARTESIAN_POINT('Ctrl Pts',(-1.11290624675909,55.7151424775543,51.4266477858549));
#6412=CARTESIAN_POINT('Ctrl Pts',(-5.30824807655011,51.520049655118,48.2706722737884));
#6413=CARTESIAN_POINT('Ctrl Pts',(-8.2654715244945,48.5627063159345,47.6975224666537));
#6414=CARTESIAN_POINT('Ctrl Pts',(-9.73553390593274,47.0928932188133,47.7479982508547));
#6415=CARTESIAN_POINT('Ctrl Pts',(-0.26912041874133,56.4399057629891,57.2));
#6416=CARTESIAN_POINT('Ctrl Pts',(-0.26912041874133,56.4399057629891,55.2671756339958));
#6417=CARTESIAN_POINT('Ctrl Pts',(-1.51535174380919,55.1546006681064,52.0596716189624));
#6418=CARTESIAN_POINT('Ctrl Pts',(-5.44888783153452,51.0795241591131,49.4154844736053));
#6419=CARTESIAN_POINT('Ctrl Pts',(-8.16833622947065,48.2420076836867,49.0900717933315));
#6420=CARTESIAN_POINT('Ctrl Pts',(-9.49346252134111,46.8508218342217,49.2408233048011));
#6421=CARTESIAN_POINT('Ctrl Pts',(-0.840917170002257,55.2531332288751,57.2));
#6422=CARTESIAN_POINT('Ctrl Pts',(-0.840917170002257,55.2531332288751,55.6617773668915));
#6423=CARTESIAN_POINT('Ctrl Pts',(-1.89197883038143,53.9654060877042,53.1125771249663));
#6424=CARTESIAN_POINT('Ctrl Pts',(-5.13250933002324,49.8867012304047,51.187472623526));
#6425=CARTESIAN_POINT('Ctrl Pts',(-7.29376649998878,47.0530884142126,51.1197916990663));
#6426=CARTESIAN_POINT('Ctrl Pts',(-8.31070640461771,45.6680657174983,51.3437800569371));
#6427=CARTESIAN_POINT('Ctrl Pts',(-0.999999999999999,54.3183580010217,57.2));
#6428=CARTESIAN_POINT('Ctrl Pts',(-0.999999999999999,54.3183580010217,55.9073081112953));
#6429=CARTESIAN_POINT('Ctrl Pts',(-1.83584730363059,52.9996752944429,53.7622607724376));
#6430=CARTESIAN_POINT('Ctrl Pts',(-4.42211902342848,48.7890884833172,52.0515627062819));
#6431=CARTESIAN_POINT('Ctrl Pts',(-6.16253292351151,45.8228432366264,51.87957116717));
#6432=CARTESIAN_POINT('Ctrl Pts',(-6.99337195324256,44.3507312661232,52.));
#6433=CARTESIAN_POINT('Ctrl Pts',(-0.999999999999999,53.7573593128806,57.2));
#6434=CARTESIAN_POINT('Ctrl Pts',(-0.999999999999999,53.7573593128806,56.0331227286667));
#6435=CARTESIAN_POINT('Ctrl Pts',(-1.68148102136996,52.4206080786549,54.095269946738));
#6436=CARTESIAN_POINT('Ctrl Pts',(-3.86884854633516,48.1300025489155,52.3557112525946));
#6437=CARTESIAN_POINT('Ctrl Pts',(-5.4220818191111,45.0832757446242,52.));
#6438=CARTESIAN_POINT('Ctrl Pts',(-6.19999999999999,43.5573593128806,52.));
#6439=CARTESIAN_POINT('',(-0.960569518540625,55.8678576062055,52.));
#6440=CARTESIAN_POINT('',(-6.19999999999999,43.5573593128806,52.));
#6441=CARTESIAN_POINT('Ctrl Pts',(-6.19999999999999,43.5573593128806,52.));
#6442=CARTESIAN_POINT('Ctrl Pts',(-6.19688392705676,43.5687299615587,52.));
#6443=CARTESIAN_POINT('Ctrl Pts',(-6.19376833459039,43.5800988569741,52.));
#6444=CARTESIAN_POINT('Ctrl Pts',(-5.24123623687216,47.055894462609,52.));
#6445=CARTESIAN_POINT('Ctrl Pts',(-4.35264199392933,50.2911272022123,52.));
#6446=CARTESIAN_POINT('Ctrl Pts',(-2.53245908211319,53.9076389847983,52.));
#6447=CARTESIAN_POINT('Ctrl Pts',(-1.8431793311938,54.9852477935523,52.));
#6448=CARTESIAN_POINT('Ctrl Pts',(-0.960569518540622,55.8678576062055,52.));
#6449=CARTESIAN_POINT('Origin',(-6.19999999999999,43.5573593128806,57.2));
#6450=CARTESIAN_POINT('Origin',(-9.73553390593274,47.0928932188133,57.2));
#6451=CARTESIAN_POINT('Origin',(23.,79.8284271247462,52.));
#6452=CARTESIAN_POINT('',(1.,57.8284271247461,52.));
#6453=CARTESIAN_POINT('',(0.999999999999999,57.8284271247461,51.));
#6454=CARTESIAN_POINT('',(-8.95710678118651,47.8713203435596,52.));
#6455=CARTESIAN_POINT('',(15.75,72.5784271247462,48.25));
#6456=CARTESIAN_POINT('',(-1.97855339059326,54.8498737341528,48.25));
#6457=CARTESIAN_POINT('',(3.17157287525389,60.,48.25));
#6458=CARTESIAN_POINT('',(6.0428932188135,62.8713203435596,48.25));
#6459=CARTESIAN_POINT('',(3.17157287525389,60.,52.));
#6460=CARTESIAN_POINT('',(3.1715728752539,60.,51.));
#6461=CARTESIAN_POINT('',(-8.95710678118651,47.8713203435596,52.));
#6462=CARTESIAN_POINT('Origin',(-6.19999999999999,0.,57.2));
#6463=CARTESIAN_POINT('',(-6.19999999999999,22.8165904106093,52.));
#6464=CARTESIAN_POINT('',(-6.19999999999999,0.,52.));
#6465=CARTESIAN_POINT('',(-0.999999999999988,18.4532723284874,57.2));
#6466=CARTESIAN_POINT('Origin',(-6.19999999999999,18.4532723284874,57.2));
#6467=CARTESIAN_POINT('',(-0.999999999999992,0.,57.2));
#6468=CARTESIAN_POINT('Origin',(-0.999999999999993,0.,52.));
#6469=CARTESIAN_POINT('',(-0.999999999999996,1.,78.));
#6470=CARTESIAN_POINT('',(-0.999999999999988,19.1946624389961,56.3164456722875));
#6471=CARTESIAN_POINT('',(-0.999999999999992,27.914213562373,78.));
#6472=CARTESIAN_POINT('Origin',(11.,39.9142135623731,48.25));
#6473=CARTESIAN_POINT('',(15.75,60.,48.25));
#6474=CARTESIAN_POINT('Origin',(1.,30.,50.));
#6475=CARTESIAN_POINT('',(1.,0.,52.));
#6476=CARTESIAN_POINT('Origin',(-80.,0.,78.));
#6477=CARTESIAN_POINT('',(-80.,1.,78.));
#6478=CARTESIAN_POINT('Origin',(-25.,60.,48.25));
#6479=CARTESIAN_POINT('',(15.75,60.,48.25));
#6480=CARTESIAN_POINT('',(-18.75,60.,48.25));
#6481=CARTESIAN_POINT('',(15.75,60.,48.25));
#6482=CARTESIAN_POINT('Origin',(-12.5,60.,50.));
#6483=CARTESIAN_POINT('',(12.75,60.,52.));
#6484=CARTESIAN_POINT('',(-25.,60.,52.));
#6485=CARTESIAN_POINT('',(15.75,60.,49.));
#6486=CARTESIAN_POINT('Origin',(12.75,60.,49.));
#6487=CARTESIAN_POINT('',(15.75,60.,35.125));
#6488=CARTESIAN_POINT('Origin',(-12.5,60.,50.));
#6489=CARTESIAN_POINT('',(-25.,60.,52.));
#6490=CARTESIAN_POINT('Origin',(-25.,60.,35.));
#6491=CARTESIAN_POINT('',(-25.,60.,52.));
#6492=CARTESIAN_POINT('',(-25.,60.,48.25));
#6493=CARTESIAN_POINT('',(-18.75,60.,48.25));
#6494=CARTESIAN_POINT('',(-38.25,60.,35.));
#6495=CARTESIAN_POINT('Origin',(-25.,60.,35.));
#6496=CARTESIAN_POINT('',(-38.25,60.,32.5));
#6497=CARTESIAN_POINT('Origin',(-25.,0.,52.));
#6498=CARTESIAN_POINT('',(12.75,30.,52.));
#6499=CARTESIAN_POINT('Origin',(-47.3,0.,22.3));
#6500=CARTESIAN_POINT('',(-47.3,0.,17.));
#6501=CARTESIAN_POINT('Origin',(-78.,0.,17.));
#6502=CARTESIAN_POINT('',(-70.,0.,17.));
#6503=CARTESIAN_POINT('Origin',(-70.,0.,25.));
#6504=CARTESIAN_POINT('Origin',(-70.,0.,25.));
#6505=CARTESIAN_POINT('Origin',(-80.,20.,47.5780626064079));
#6506=CARTESIAN_POINT('',(-31.2938633062303,23.8302222155949,50.7920006548406));
#6507=CARTESIAN_POINT('',(-80.,23.8302222155949,50.7920006548406));
#6508=CARTESIAN_POINT('',(-36.4364479218542,25.,47.5780626064079));
#6509=CARTESIAN_POINT('Ctrl Pts',(-36.4364479218457,25.,47.5780626064156));
#6510=CARTESIAN_POINT('Ctrl Pts',(-35.9664894387126,24.9999999999994,48.0053665470908));
#6511=CARTESIAN_POINT('Ctrl Pts',(-35.476190477051,24.9460321433449,48.4031526086762));
#6512=CARTESIAN_POINT('Ctrl Pts',(-34.008031377188,24.6848267070677,49.4657079012265));
#6513=CARTESIAN_POINT('Ctrl Pts',(-32.9833667434866,24.3835815699478,50.0547602675015));
#6514=CARTESIAN_POINT('Ctrl Pts',(-31.7063539775244,23.9675881230929,50.6228849236219));
#6515=CARTESIAN_POINT('Ctrl Pts',(-31.5008585849299,23.8994458063421,50.7095031918754));
#6516=CARTESIAN_POINT('Ctrl Pts',(-31.2938633062303,23.8302222155949,50.7920006548406));
#6517=CARTESIAN_POINT('',(-80.,25.,47.5780626064079));
#6518=CARTESIAN_POINT('Origin',(-80.,25.,49.397913777739));
#6519=CARTESIAN_POINT('',(-25.,22.8165904106093,52.));
#6520=CARTESIAN_POINT('',(-52.5,22.8165904106093,52.));
#6521=CARTESIAN_POINT('Origin',(-25.,37.0812841406231,35.));
#6522=CARTESIAN_POINT('Origin',(-80.,20.,43.9605912050416));
#6523=CARTESIAN_POINT('',(-39.4467229936803,25.,43.9605912050416));
#6524=CARTESIAN_POINT('',(-80.,25.,43.9605912050416));
#6525=CARTESIAN_POINT('',(-41.4570429922787,21.7101007166284,39.262128101112));
#6526=CARTESIAN_POINT('Ctrl Pts',(-41.4570429922787,21.7101007166284,39.262128101112));
#6527=CARTESIAN_POINT('Ctrl Pts',(-41.4512255189289,21.7718161580061,39.2845906847682));
#6528=CARTESIAN_POINT('Ctrl Pts',(-41.4450440914611,21.8330876857161,39.3082694538462));
#6529=CARTESIAN_POINT('Ctrl Pts',(-41.3728993010335,22.5018416827319,39.5819635776664));
#6530=CARTESIAN_POINT('Ctrl Pts',(-41.2677178381194,23.0544477613265,39.9558356934681));
#6531=CARTESIAN_POINT('Ctrl Pts',(-40.9687140497279,23.9747333176996,40.8522750939675));
#6532=CARTESIAN_POINT('Ctrl Pts',(-40.7449230958296,24.3759185510496,41.4480029823073));
#6533=CARTESIAN_POINT('Ctrl Pts',(-40.1684407873231,24.8877656884743,42.7069937830685));
#6534=CARTESIAN_POINT('Ctrl Pts',(-39.8138230855039,25.,43.3687336795531));
#6535=CARTESIAN_POINT('Ctrl Pts',(-39.4467229936803,25.,43.9605912050416));
#6536=CARTESIAN_POINT('',(-80.,21.7101007166283,39.262128101112));
#6537=CARTESIAN_POINT('Origin',(-80.,25.,40.459553513993));
#6538=CARTESIAN_POINT('Origin',(-25.,25.,35.));
#6539=CARTESIAN_POINT('Origin',(-80.,10.,35.));
#6540=CARTESIAN_POINT('Origin',(-25.,10.,35.));
#6541=CARTESIAN_POINT('Origin',(-25.,0.,35.));
#6542=CARTESIAN_POINT('',(-25.,0.,52.));
#6543=CARTESIAN_POINT('Origin',(-25.,0.,52.));
#6544=CARTESIAN_POINT('Origin',(12.75,30.,49.));
#6545=CARTESIAN_POINT('',(15.75,30.,49.));
#6546=CARTESIAN_POINT('Origin',(15.75,60.,45.25));
#6547=CARTESIAN_POINT('',(15.75,84.5,36.05));
#6548=CARTESIAN_POINT('',(15.75,60.,36.05));
#6549=CARTESIAN_POINT('',(15.75,84.5,48.25));
#6550=CARTESIAN_POINT('',(15.75,84.5,25.));
#6551=CARTESIAN_POINT('',(15.75,60.,48.25));
#6552=CARTESIAN_POINT('Origin',(9.56250000000001,84.2,36.05));
#6553=CARTESIAN_POINT('',(15.5,84.75,35.4690524980689));
#6554=CARTESIAN_POINT('',(14.95,84.2,35.25));
#6555=CARTESIAN_POINT('Origin',(14.95,84.2,36.05));
#6556=CARTESIAN_POINT('',(13.55,84.2,35.25));
#6557=CARTESIAN_POINT('',(9.56250000000001,84.2,35.25));
#6558=CARTESIAN_POINT('',(13.,84.75,35.4690524980689));
#6559=CARTESIAN_POINT('Origin',(13.55,84.2,36.05));
#6560=CARTESIAN_POINT('Origin',(12.45,84.2,36.05));
#6561=CARTESIAN_POINT('Origin',(16.05,84.2,36.05));
#6562=CARTESIAN_POINT('Origin',(14.95,66.25,36.05));
#6563=CARTESIAN_POINT('Origin',(14.95,85.3,36.05));
#6564=CARTESIAN_POINT('',(14.95,66.25,35.25));
#6565=CARTESIAN_POINT('Origin',(15.5,84.75,25.));
#6566=CARTESIAN_POINT('',(15.25,85.,47.75));
#6567=CARTESIAN_POINT('Origin',(13.55,66.25,36.05));
#6568=CARTESIAN_POINT('',(13.55,66.25,35.25));
#6569=CARTESIAN_POINT('',(12.75,84.5,36.05));
#6570=CARTESIAN_POINT('',(12.75,66.25,36.05));
#6571=CARTESIAN_POINT('Origin',(13.55,85.3,36.05));
#6572=CARTESIAN_POINT('Origin',(12.75,72.5,35.25));
#6573=CARTESIAN_POINT('Origin',(-35.5,84.75,9.875));
#6574=CARTESIAN_POINT('',(-35.25,84.5,35.));
#6575=CARTESIAN_POINT('',(-35.75,85.,35.));
#6576=CARTESIAN_POINT('',(-35.25,84.5,9.875));
#6577=CARTESIAN_POINT('Origin',(-25.,84.75,35.));
#6578=CARTESIAN_POINT('',(-25.,84.5,45.25));
#6579=CARTESIAN_POINT('',(-25.,85.,45.75));
#6580=CARTESIAN_POINT('Origin',(-25.,84.5,35.));
#6581=CARTESIAN_POINT('Origin',(-9.3125,84.75,45.5));
#6582=CARTESIAN_POINT('',(12.75,84.5,45.25));
#6583=CARTESIAN_POINT('',(-9.3125,84.5,45.25));
#6584=CARTESIAN_POINT('',(13.25,85.,45.75));
#6585=CARTESIAN_POINT('Origin',(13.,84.75,25.));
#6586=CARTESIAN_POINT('',(12.75,84.5,25.));
#6587=CARTESIAN_POINT('Origin',(-38.,84.75,9.875));
#6588=CARTESIAN_POINT('',(-38.25,84.5,35.));
#6589=CARTESIAN_POINT('',(-38.25,84.5,35.));
#6590=CARTESIAN_POINT('',(-38.25,84.5,9.875));
#6591=CARTESIAN_POINT('Origin',(-25.,84.75,35.));
#6592=CARTESIAN_POINT('',(-25.,84.5,48.25));
#6593=CARTESIAN_POINT('',(-25.,84.5,48.25));
#6594=CARTESIAN_POINT('Origin',(-25.,84.5,35.));
#6595=CARTESIAN_POINT('Origin',(-9.3125,84.75,48.));
#6596=CARTESIAN_POINT('',(-9.3125,84.5,48.25));
#6597=CARTESIAN_POINT('Origin',(-25.,60.,35.));
#6598=CARTESIAN_POINT('',(-38.25,60.,35.));
#6599=CARTESIAN_POINT('',(-25.,60.,48.25));
#6600=CARTESIAN_POINT('Origin',(-38.25,60.,15.));
#6601=CARTESIAN_POINT('Origin',(-25.,60.,48.25));
#6602=CARTESIAN_POINT('Origin',(12.75,60.,45.25));
#6603=CARTESIAN_POINT('',(12.75,60.,45.25));
#6604=CARTESIAN_POINT('Origin',(-25.,60.,45.25));
#6605=CARTESIAN_POINT('',(-25.,60.,45.25));
#6606=CARTESIAN_POINT('Origin',(-25.,60.,35.));
#6607=CARTESIAN_POINT('',(-35.25,60.,35.));
#6608=CARTESIAN_POINT('Origin',(-35.25,60.,15.));
#6609=CARTESIAN_POINT('',(0.,0.,0.));
#6610=CARTESIAN_POINT('',(0.,0.,0.));
#6611=CARTESIAN_POINT('',(0.,0.,0.));
#6612=CARTESIAN_POINT('',(0.,0.,0.));
#6613=UNCERTAINTY_MEASURE_WITH_UNIT(LENGTH_MEASURE(0.01),#6625,
'DISTANCE_ACCURACY_VALUE',
'Maximum model space distance between geometric entities at asserted c
onnectivities');
#6614=UNCERTAINTY_MEASURE_WITH_UNIT(LENGTH_MEASURE(0.01),#6625,
'DISTANCE_ACCURACY_VALUE',
'Maximum model space distance between geometric entities at asserted c
onnectivities');
#6615=UNCERTAINTY_MEASURE_WITH_UNIT(LENGTH_MEASURE(0.01),#6625,
'DISTANCE_ACCURACY_VALUE',
'Maximum model space distance between geometric entities at asserted c
onnectivities');
#6616=UNCERTAINTY_MEASURE_WITH_UNIT(LENGTH_MEASURE(0.01),#6625,
'DISTANCE_ACCURACY_VALUE',
'Maximum model space distance between geometric entities at asserted c
onnectivities');
#6617=UNCERTAINTY_MEASURE_WITH_UNIT(LENGTH_MEASURE(0.01),#6625,
'DISTANCE_ACCURACY_VALUE',
'Maximum model space distance between geometric entities at asserted c
onnectivities');
#6618=UNCERTAINTY_MEASURE_WITH_UNIT(LENGTH_MEASURE(0.01),#6625,
'DISTANCE_ACCURACY_VALUE',
'Maximum model space distance between geometric entities at asserted c
onnectivities');
#6619=(
GEOMETRIC_REPRESENTATION_CONTEXT(3)
GLOBAL_UNCERTAINTY_ASSIGNED_CONTEXT((#6613))
GLOBAL_UNIT_ASSIGNED_CONTEXT((#6625,#6627,#6628))
REPRESENTATION_CONTEXT('','3D')
);
#6620=(
GEOMETRIC_REPRESENTATION_CONTEXT(3)
GLOBAL_UNCERTAINTY_ASSIGNED_CONTEXT((#6614))
GLOBAL_UNIT_ASSIGNED_CONTEXT((#6625,#6627,#6628))
REPRESENTATION_CONTEXT('','3D')
);
#6621=(
GEOMETRIC_REPRESENTATION_CONTEXT(3)
GLOBAL_UNCERTAINTY_ASSIGNED_CONTEXT((#6615))
GLOBAL_UNIT_ASSIGNED_CONTEXT((#6625,#6627,#6628))
REPRESENTATION_CONTEXT('','3D')
);
#6622=(
GEOMETRIC_REPRESENTATION_CONTEXT(3)
GLOBAL_UNCERTAINTY_ASSIGNED_CONTEXT((#6616))
GLOBAL_UNIT_ASSIGNED_CONTEXT((#6625,#6627,#6628))
REPRESENTATION_CONTEXT('','3D')
);
#6623=(
GEOMETRIC_REPRESENTATION_CONTEXT(3)
GLOBAL_UNCERTAINTY_ASSIGNED_CONTEXT((#6617))
GLOBAL_UNIT_ASSIGNED_CONTEXT((#6625,#6627,#6628))
REPRESENTATION_CONTEXT('','3D')
);
#6624=(
GEOMETRIC_REPRESENTATION_CONTEXT(3)
GLOBAL_UNCERTAINTY_ASSIGNED_CONTEXT((#6618))
GLOBAL_UNIT_ASSIGNED_CONTEXT((#6625,#6627,#6628))
REPRESENTATION_CONTEXT('','3D')
);
#6625=(
LENGTH_UNIT()
NAMED_UNIT(*)
SI_UNIT(.MILLI.,.METRE.)
);
#6626=(
LENGTH_UNIT()
NAMED_UNIT(*)
SI_UNIT($,.METRE.)
);
#6627=(
NAMED_UNIT(*)
PLANE_ANGLE_UNIT()
SI_UNIT($,.RADIAN.)
);
#6628=(
NAMED_UNIT(*)
SI_UNIT($,.STERADIAN.)
SOLID_ANGLE_UNIT()
);
#6629=SHAPE_DEFINITION_REPRESENTATION(#6634,#6643);
#6630=SHAPE_DEFINITION_REPRESENTATION(#6635,#6644);
#6631=SHAPE_DEFINITION_REPRESENTATION(#6636,#6645);
#6632=SHAPE_DEFINITION_REPRESENTATION(#6637,#6646);
#6633=SHAPE_DEFINITION_REPRESENTATION(#6638,#6647);
#6634=PRODUCT_DEFINITION_SHAPE('',$,#6649);
#6635=PRODUCT_DEFINITION_SHAPE('',$,#6650);
#6636=PRODUCT_DEFINITION_SHAPE('',$,#6651);
#6637=PRODUCT_DEFINITION_SHAPE('',$,#6652);
#6638=PRODUCT_DEFINITION_SHAPE('',$,#6653);
#6639=PRODUCT_DEFINITION_SHAPE($,$,#23);
#6640=PRODUCT_DEFINITION_SHAPE($,$,#24);
#6641=PRODUCT_DEFINITION_SHAPE($,$,#25);
#6642=PRODUCT_DEFINITION_SHAPE($,$,#26);
#6643=SHAPE_REPRESENTATION('',(#3843,#4205,#4206),#6619);
#6644=SHAPE_REPRESENTATION('',(#3844),#6620);
#6645=SHAPE_REPRESENTATION('',(#3972,#4203,#4204),#6621);
#6646=SHAPE_REPRESENTATION('',(#3973),#6622);
#6647=SHAPE_REPRESENTATION('',(#4044),#6623);
#6648=PRODUCT_DEFINITION_CONTEXT('part definition',#6665,'design');
#6649=PRODUCT_DEFINITION('POOP_BOX','POOP_BOX v1',#6654,#6648);
#6650=PRODUCT_DEFINITION('Poop_box_1','Poop_box',#6655,#6648);
#6651=PRODUCT_DEFINITION('Base','Base',#6656,#6648);
#6652=PRODUCT_DEFINITION('Lock','Lock',#6657,#6648);
#6653=PRODUCT_DEFINITION('Base_Box','Base_Box',#6658,#6648);
#6654=PRODUCT_DEFINITION_FORMATION('',$,#6667);
#6655=PRODUCT_DEFINITION_FORMATION('',$,#6668);
#6656=PRODUCT_DEFINITION_FORMATION('',$,#6669);
#6657=PRODUCT_DEFINITION_FORMATION('',$,#6670);
#6658=PRODUCT_DEFINITION_FORMATION('',$,#6671);
#6659=PRODUCT_RELATED_PRODUCT_CATEGORY('POOP_BOX v1','POOP_BOX v1',(#6667));
#6660=PRODUCT_RELATED_PRODUCT_CATEGORY('Poop_box','Poop_box',(#6668));
#6661=PRODUCT_RELATED_PRODUCT_CATEGORY('Base','Base',(#6669));
#6662=PRODUCT_RELATED_PRODUCT_CATEGORY('Lock','Lock',(#6670));
#6663=PRODUCT_RELATED_PRODUCT_CATEGORY('Base_Box','Base_Box',(#6671));
#6664=APPLICATION_PROTOCOL_DEFINITION('international standard',
'automotive_design',2009,#6665);
#6665=APPLICATION_CONTEXT(
'Core Data for Automotive Mechanical Design Process');
#6666=PRODUCT_CONTEXT('part definition',#6665,'mechanical');
#6667=PRODUCT('POOP_BOX','POOP_BOX v1',$,(#6666));
#6668=PRODUCT('Poop_box_1','Poop_box',$,(#6666));
#6669=PRODUCT('Base','Base',$,(#6666));
#6670=PRODUCT('Lock','Lock',$,(#6666));
#6671=PRODUCT('Base_Box','Base_Box',$,(#6666));
#6672=PRESENTATION_STYLE_ASSIGNMENT((#6673));
#6673=SURFACE_STYLE_USAGE(.BOTH.,#6674);
#6674=SURFACE_SIDE_STYLE('',(#6675));
#6675=SURFACE_STYLE_FILL_AREA(#6676);
#6676=FILL_AREA_STYLE('\X2\30D730E930B930C130C330AF\X0\ - \X2\51496CA2\X0\(
\X2\767D\X0\)',(#6677));
#6677=FILL_AREA_STYLE_COLOUR('\X2\30D730E930B930C130C330AF\X0\ - \X2\51496CA2\X0\(
\X2\767D\X0\)',#6678);
#6678=COLOUR_RGB('\X2\30D730E930B930C130C330AF\X0\ - \X2\51496CA2\X0\(
\X2\767D\X0\)',0.964705882352941,0.964705882352941,0.952941176470588);
ENDSEC;
END-ISO-10303-21;
