ISO-10303-21;
HEADER;
/* Generated by software containing ST-Developer
 * from STEP Tools, Inc. (www.steptools.com) 
 */

FILE_DESCRIPTION(
/* description */ (''),
/* implementation_level */ '2;1');

FILE_NAME(
/* name */ 'C:/Users/KriTech/Desktop/Spool/Axis_Template.step',
/* time_stamp */ '2021-10-10T14:55:51+02:00',
/* author */ (''),
/* organization */ (''),
/* preprocessor_version */ 'ST-DEVELOPER v18.1',
/* originating_system */ 'Autodesk Translation Framework v10.10.0.1391',

/* authorisation */ '');

FILE_SCHEMA (('AUTOMOTIVE_DESIGN { 1 0 10303 214 3 1 1 }'));
ENDSEC;

DATA;
#10=MECHANICAL_DESIGN_GEOMETRIC_PRESENTATION_REPRESENTATION('',(#13),#8922);
#11=SHAPE_REPRESENTATION_RELATIONSHIP('SRR','None',#8929,#12);
#12=ADVANCED_BREP_SHAPE_REPRESENTATION('',(#14),#8921);
#13=STYLED_ITEM('',(#8938),#14);
#14=MANIFOLD_SOLID_BREP('Mittelachse',#2509);
#15=ELLIPSE('',#2551,14.348964357228,10.14625);
#16=ELLIPSE('',#2573,14.348964357228,10.14625);
#17=ELLIPSE('',#2595,14.3489643572279,10.14625);
#18=ELLIPSE('',#2613,14.3489643572279,10.14625);
#19=(
BOUNDED_CURVE()
B_SPLINE_CURVE(2,(#4054,#4055,#4056),.UNSPECIFIED.,.F.,.F.)
B_SPLINE_CURVE_WITH_KNOTS((3,3),(2.85250711358535,2.85459444768558),
 .UNSPECIFIED.)
CURVE()
GEOMETRIC_REPRESENTATION_ITEM()
RATIONAL_B_SPLINE_CURVE((1.,1.,1.))
REPRESENTATION_ITEM('')
);
#20=(
BOUNDED_CURVE()
B_SPLINE_CURVE(2,(#4961,#4962,#4963),.UNSPECIFIED.,.F.,.F.)
B_SPLINE_CURVE_WITH_KNOTS((3,3),(0.,0.0476701118430147),.UNSPECIFIED.)
CURVE()
GEOMETRIC_REPRESENTATION_ITEM()
RATIONAL_B_SPLINE_CURVE((1.,1.0013712777118,1.00253491134602))
REPRESENTATION_ITEM('')
);
#21=(
BOUNDED_CURVE()
B_SPLINE_CURVE(2,(#4971,#4972,#4973),.UNSPECIFIED.,.F.,.F.)
B_SPLINE_CURVE_WITH_KNOTS((3,3),(0.634012543935604,0.688098810467126),
 .UNSPECIFIED.)
CURVE()
GEOMETRIC_REPRESENTATION_ITEM()
RATIONAL_B_SPLINE_CURVE((0.999875904523614,0.999932659100752,1.))
REPRESENTATION_ITEM('')
);
#22=(
BOUNDED_CURVE()
B_SPLINE_CURVE(2,(#5036,#5037,#5038),.UNSPECIFIED.,.F.,.F.)
B_SPLINE_CURVE_WITH_KNOTS((3,3),(0.634012543935606,0.688098810467126),
 .UNSPECIFIED.)
CURVE()
GEOMETRIC_REPRESENTATION_ITEM()
RATIONAL_B_SPLINE_CURVE((0.999875904523618,0.999932659100755,1.))
REPRESENTATION_ITEM('')
);
#23=(
BOUNDED_CURVE()
B_SPLINE_CURVE(2,(#5058,#5059,#5060),.UNSPECIFIED.,.F.,.F.)
B_SPLINE_CURVE_WITH_KNOTS((3,3),(0.,0.0476701118429984),.UNSPECIFIED.)
CURVE()
GEOMETRIC_REPRESENTATION_ITEM()
RATIONAL_B_SPLINE_CURVE((1.,1.00137127771185,1.00253491134612))
REPRESENTATION_ITEM('')
);
#24=(
BOUNDED_CURVE()
B_SPLINE_CURVE(2,(#5071,#5072,#5073),.UNSPECIFIED.,.F.,.F.)
B_SPLINE_CURVE_WITH_KNOTS((3,3),(0.0447044177164718,0.0450162187514254),
 .UNSPECIFIED.)
CURVE()
GEOMETRIC_REPRESENTATION_ITEM()
RATIONAL_B_SPLINE_CURVE((1.,1.,1.))
REPRESENTATION_ITEM('')
);
#25=(
BOUNDED_CURVE()
B_SPLINE_CURVE(2,(#5095,#5096,#5097),.UNSPECIFIED.,.F.,.F.)
B_SPLINE_CURVE_WITH_KNOTS((3,3),(-1.08779359865422,-1.0867961751234),
 .UNSPECIFIED.)
CURVE()
GEOMETRIC_REPRESENTATION_ITEM()
RATIONAL_B_SPLINE_CURVE((1.14052207406118,1.1404725786775,1.14042305591702))
REPRESENTATION_ITEM('')
);
#26=(
BOUNDED_CURVE()
B_SPLINE_CURVE(2,(#5100,#5101,#5102),.UNSPECIFIED.,.F.,.F.)
B_SPLINE_CURVE_WITH_KNOTS((3,3),(-4.66918491515468,-4.65936322979056),
 .UNSPECIFIED.)
CURVE()
GEOMETRIC_REPRESENTATION_ITEM()
RATIONAL_B_SPLINE_CURVE((1.1647722820506,1.16527694907913,1.16577876388353))
REPRESENTATION_ITEM('')
);
#27=(
BOUNDED_CURVE()
B_SPLINE_CURVE(2,(#5163,#5164,#5165),.UNSPECIFIED.,.F.,.F.)
B_SPLINE_CURVE_WITH_KNOTS((3,3),(-1.08779359865429,-1.08679617512347),
 .UNSPECIFIED.)
CURVE()
GEOMETRIC_REPRESENTATION_ITEM()
RATIONAL_B_SPLINE_CURVE((1.14052207406105,1.14047257867737,1.1404230559169))
REPRESENTATION_ITEM('')
);
#28=(
BOUNDED_CURVE()
B_SPLINE_CURVE(2,(#5168,#5169,#5170),.UNSPECIFIED.,.F.,.F.)
B_SPLINE_CURVE_WITH_KNOTS((3,3),(-4.6691849151547,-4.65936322979057),
 .UNSPECIFIED.)
CURVE()
GEOMETRIC_REPRESENTATION_ITEM()
RATIONAL_B_SPLINE_CURVE((1.16477228205061,1.16527694907915,1.16577876388354))
REPRESENTATION_ITEM('')
);
#29=(
BOUNDED_CURVE()
B_SPLINE_CURVE(2,(#5850,#5851,#5852),.UNSPECIFIED.,.F.,.F.)
B_SPLINE_CURVE_WITH_KNOTS((3,3),(-1.08779359972104,-1.08679617619031),
 .UNSPECIFIED.)
CURVE()
GEOMETRIC_REPRESENTATION_ITEM()
RATIONAL_B_SPLINE_CURVE((1.14052207422573,1.14047257884207,1.14042305608161))
REPRESENTATION_ITEM('')
);
#30=(
BOUNDED_CURVE()
B_SPLINE_CURVE(2,(#6006,#6007,#6008),.UNSPECIFIED.,.F.,.F.)
B_SPLINE_CURVE_WITH_KNOTS((3,3),(2.85250711422446,2.85459444832493),
 .UNSPECIFIED.)
CURVE()
GEOMETRIC_REPRESENTATION_ITEM()
RATIONAL_B_SPLINE_CURVE((1.,1.,1.))
REPRESENTATION_ITEM('')
);
#31=(
BOUNDED_CURVE()
B_SPLINE_CURVE(2,(#6730,#6731,#6732),.UNSPECIFIED.,.F.,.F.)
B_SPLINE_CURVE_WITH_KNOTS((3,3),(6.11829196117525,6.2348024963252),
 .UNSPECIFIED.)
CURVE()
GEOMETRIC_REPRESENTATION_ITEM()
RATIONAL_B_SPLINE_CURVE((1.00977861139345,1.00498241266626,1.))
REPRESENTATION_ITEM('')
);
#32=(
BOUNDED_CURVE()
B_SPLINE_CURVE(2,(#6738,#6739,#6740),.UNSPECIFIED.,.F.,.F.)
B_SPLINE_CURVE_WITH_KNOTS((3,3),(0.,0.0993758013609389),.UNSPECIFIED.)
CURVE()
GEOMETRIC_REPRESENTATION_ITEM()
RATIONAL_B_SPLINE_CURVE((1.,0.99965531254781,0.999321319823145))
REPRESENTATION_ITEM('')
);
#33=(
BOUNDED_CURVE()
B_SPLINE_CURVE(2,(#6864,#6865,#6866),.UNSPECIFIED.,.F.,.F.)
B_SPLINE_CURVE_WITH_KNOTS((3,3),(0.,0.099375801360939),.UNSPECIFIED.)
CURVE()
GEOMETRIC_REPRESENTATION_ITEM()
RATIONAL_B_SPLINE_CURVE((1.,0.99965531254781,0.999321319823145))
REPRESENTATION_ITEM('')
);
#34=(
BOUNDED_CURVE()
B_SPLINE_CURVE(2,(#6879,#6880,#6881),.UNSPECIFIED.,.F.,.F.)
B_SPLINE_CURVE_WITH_KNOTS((3,3),(6.1182919611752,6.2348024963252),
 .UNSPECIFIED.)
CURVE()
GEOMETRIC_REPRESENTATION_ITEM()
RATIONAL_B_SPLINE_CURVE((1.00977861139339,1.00498241266623,1.))
REPRESENTATION_ITEM('')
);
#35=(
BOUNDED_CURVE()
B_SPLINE_CURVE(2,(#6889,#6890,#6891),.UNSPECIFIED.,.F.,.F.)
B_SPLINE_CURVE_WITH_KNOTS((3,3),(0.04470441806375,0.0450162190987371),
 .UNSPECIFIED.)
CURVE()
GEOMETRIC_REPRESENTATION_ITEM()
RATIONAL_B_SPLINE_CURVE((1.,1.,1.))
REPRESENTATION_ITEM('')
);
#36=(
BOUNDED_CURVE()
B_SPLINE_CURVE(2,(#6908,#6909,#6910),.UNSPECIFIED.,.F.,.F.)
B_SPLINE_CURVE_WITH_KNOTS((3,3),(-1.08779359972108,-1.08679617619035),
 .UNSPECIFIED.)
CURVE()
GEOMETRIC_REPRESENTATION_ITEM()
RATIONAL_B_SPLINE_CURVE((1.14052207422566,1.140472578842,1.14042305608154))
REPRESENTATION_ITEM('')
);
#37=(
BOUNDED_CURVE()
B_SPLINE_CURVE(2,(#6913,#6914,#6915),.UNSPECIFIED.,.F.,.F.)
B_SPLINE_CURVE_WITH_KNOTS((3,3),(-4.66918491397473,-4.65936322861174),
 .UNSPECIFIED.)
CURVE()
GEOMETRIC_REPRESENTATION_ITEM()
RATIONAL_B_SPLINE_CURVE((1.16477228225825,1.16527694928662,1.16577876409084))
REPRESENTATION_ITEM('')
);
#38=(
BOUNDED_CURVE()
B_SPLINE_CURVE(2,(#6919,#6920,#6921),.UNSPECIFIED.,.F.,.F.)
B_SPLINE_CURVE_WITH_KNOTS((3,3),(-4.66918491397476,-4.65936322861169),
 .UNSPECIFIED.)
CURVE()
GEOMETRIC_REPRESENTATION_ITEM()
RATIONAL_B_SPLINE_CURVE((1.16477228225824,1.16527694928661,1.16577876409085))
REPRESENTATION_ITEM('')
);
#39=CONICAL_SURFACE('',#2543,9.20287500000001,0.785398163397449);
#40=CONICAL_SURFACE('',#2557,11.3,0.785398163397448);
#41=CONICAL_SURFACE('',#2561,11.3,0.785398163397448);
#42=CONICAL_SURFACE('',#2568,11.3,0.785398163397448);
#43=CONICAL_SURFACE('',#2576,11.3,0.785398163397448);
#44=CONICAL_SURFACE('',#2584,9.20287500000001,0.785398163397449);
#45=CONICAL_SURFACE('',#2587,9.20287500000001,0.785398163397449);
#46=CONICAL_SURFACE('',#2600,9.202875,0.785398163397448);
#47=CONICAL_SURFACE('',#2607,11.3,0.785398163397448);
#48=CONICAL_SURFACE('',#2615,11.3,0.785398163397448);
#49=CONICAL_SURFACE('',#2620,11.3,0.785398163397448);
#50=CONICAL_SURFACE('',#2622,11.3,0.785398163397448);
#51=CONICAL_SURFACE('',#2627,9.202875,0.785398163397448);
#52=CONICAL_SURFACE('',#2637,8.12975,0.785398163397448);
#53=CONICAL_SURFACE('',#2641,8.12975,0.785398163397448);
#54=CONICAL_SURFACE('',#2653,9.202875,0.785398163397448);
#55=B_SPLINE_SURFACE_WITH_KNOTS('',3,3,((#3703,#3704,#3705,#3706),(#3707,
#3708,#3709,#3710),(#3711,#3712,#3713,#3714),(#3715,#3716,#3717,#3718)),
 .UNSPECIFIED.,.F.,.F.,.F.,(4,4),(4,4),(0.,1.),(-0.16481076011325,0.0183089145009778),
 .UNSPECIFIED.);
#56=B_SPLINE_SURFACE_WITH_KNOTS('',3,3,((#3791,#3792,#3793,#3794,#3795,
#3796,#3797),(#3798,#3799,#3800,#3801,#3802,#3803,#3804),(#3805,#3806,#3807,
#3808,#3809,#3810,#3811),(#3812,#3813,#3814,#3815,#3816,#3817,#3818)),
 .UNSPECIFIED.,.F.,.F.,.F.,(4,4),(4,1,1,1,4),(0.00577020928470973,0.145892480615093),
(17.7808451748421,18.4810876062736,19.1813300377051,19.5314512534209,20.2316936848524),
 .UNSPECIFIED.);
#57=B_SPLINE_SURFACE_WITH_KNOTS('',3,3,((#3917,#3918,#3919,#3920),(#3921,
#3922,#3923,#3924),(#3925,#3926,#3927,#3928),(#3929,#3930,#3931,#3932)),
 .UNSPECIFIED.,.F.,.F.,.F.,(4,4),(4,4),(0.40837445249991,1.),(-22.8691037570261,
-22.2428337802149),.UNSPECIFIED.);
#58=B_SPLINE_SURFACE_WITH_KNOTS('',3,3,((#3966,#3967,#3968,#3969,#3970,
#3971,#3972,#3973),(#3974,#3975,#3976,#3977,#3978,#3979,#3980,#3981),(#3982,
#3983,#3984,#3985,#3986,#3987,#3988,#3989),(#3990,#3991,#3992,#3993,#3994,
#3995,#3996,#3997)),.UNSPECIFIED.,.F.,.F.,.F.,(4,4),(4,2,2,4),(0.,1.),(0.00402360860216228,
0.00980468057064639,0.143482117629228,0.193320213420954),.UNSPECIFIED.);
#59=B_SPLINE_SURFACE_WITH_KNOTS('',3,3,((#4071,#4072,#4073,#4074),(#4075,
#4076,#4077,#4078),(#4079,#4080,#4081,#4082),(#4083,#4084,#4085,#4086)),
 .UNSPECIFIED.,.F.,.F.,.F.,(4,4),(4,4),(0.11550896050027,0.154357887875043),
(13.5855311376078,13.960094170691),.UNSPECIFIED.);
#60=B_SPLINE_SURFACE_WITH_KNOTS('',3,3,((#4091,#4092,#4093,#4094),(#4095,
#4096,#4097,#4098),(#4099,#4100,#4101,#4102),(#4103,#4104,#4105,#4106)),
 .UNSPECIFIED.,.F.,.F.,.F.,(4,4),(4,4),(0.,1.),(-0.00985354365486565,0.209376192348886),
 .UNSPECIFIED.);
#61=B_SPLINE_SURFACE_WITH_KNOTS('',3,3,((#4149,#4150,#4151,#4152,#4153,
#4154,#4155),(#4156,#4157,#4158,#4159,#4160,#4161,#4162),(#4163,#4164,#4165,
#4166,#4167,#4168,#4169),(#4170,#4171,#4172,#4173,#4174,#4175,#4176)),
 .UNSPECIFIED.,.F.,.F.,.F.,(4,4),(4,1,1,1,4),(-3.06274186567812E-10,1.),
(-21.561775385219,-21.2632030517296,-20.6660583847509,-20.0689137177721,
-19.4717690507933),.UNSPECIFIED.);
#62=B_SPLINE_SURFACE_WITH_KNOTS('',3,3,((#4200,#4201,#4202,#4203,#4204,
#4205,#4206,#4207,#4208,#4209,#4210,#4211,#4212,#4213,#4214,#4215,#4216,
#4217,#4218,#4219,#4220,#4221,#4222,#4223,#4224,#4225,#4226,#4227,#4228,
#4229,#4230,#4231,#4232,#4233,#4234,#4235,#4236,#4237,#4238,#4239,#4240,
#4241,#4242,#4243,#4244,#4245,#4246,#4247,#4248),(#4249,#4250,#4251,#4252,
#4253,#4254,#4255,#4256,#4257,#4258,#4259,#4260,#4261,#4262,#4263,#4264,
#4265,#4266,#4267,#4268,#4269,#4270,#4271,#4272,#4273,#4274,#4275,#4276,
#4277,#4278,#4279,#4280,#4281,#4282,#4283,#4284,#4285,#4286,#4287,#4288,
#4289,#4290,#4291,#4292,#4293,#4294,#4295,#4296,#4297),(#4298,#4299,#4300,
#4301,#4302,#4303,#4304,#4305,#4306,#4307,#4308,#4309,#4310,#4311,#4312,
#4313,#4314,#4315,#4316,#4317,#4318,#4319,#4320,#4321,#4322,#4323,#4324,
#4325,#4326,#4327,#4328,#4329,#4330,#4331,#4332,#4333,#4334,#4335,#4336,
#4337,#4338,#4339,#4340,#4341,#4342,#4343,#4344,#4345,#4346),(#4347,#4348,
#4349,#4350,#4351,#4352,#4353,#4354,#4355,#4356,#4357,#4358,#4359,#4360,
#4361,#4362,#4363,#4364,#4365,#4366,#4367,#4368,#4369,#4370,#4371,#4372,
#4373,#4374,#4375,#4376,#4377,#4378,#4379,#4380,#4381,#4382,#4383,#4384,
#4385,#4386,#4387,#4388,#4389,#4390,#4391,#4392,#4393,#4394,#4395)),
 .UNSPECIFIED.,.F.,.F.,.F.,(4,4),(4,1,1,1,1,1,1,1,1,1,1,1,1,1,1,1,1,1,1,
1,1,1,1,1,1,1,1,1,1,1,1,1,1,1,1,1,1,1,1,1,1,1,1,1,1,1,4),(0.00577020928474347,
0.14589248086471),(20.9224378284318,21.3362444665287,21.7500511046255,22.1638577427224,
22.5776643808192,22.9914710189161,23.4052776570129,23.8190842951098,24.2328909332066,
24.7846331173358,25.3363753014649,25.888117485594,26.7157307617877,27.5433440379814,
28.3709573141751,28.784763952272,29.1985705903688,29.750312774498,30.3020549586271,
30.8537971427562,31.221625265509,31.9572815110145,32.5090236951436,33.0607658792728,
33.6125080634019,34.164250247531,34.7159924316602,35.2677346157893,35.635562738542,
36.3712189840476,36.9229611681767,37.4747033523058,37.8885099904027,38.3023166284995,
38.7161232665964,39.1299299046932,39.4058009967578,40.2334142729515,40.7851564570806,
41.1989630951775,41.6127697332743,42.0265763713712,42.440383009468,42.8541896475649,
43.2679962856617,43.6818029237586,44.0956095618554),.UNSPECIFIED.);
#63=B_SPLINE_SURFACE_WITH_KNOTS('',3,3,((#4729,#4730,#4731,#4732),(#4733,
#4734,#4735,#4736),(#4737,#4738,#4739,#4740),(#4741,#4742,#4743,#4744)),
 .UNSPECIFIED.,.F.,.F.,.F.,(4,4),(4,4),(0.,1.),(-0.116467557576138,0.0354861080378048),
 .UNSPECIFIED.);
#64=B_SPLINE_SURFACE_WITH_KNOTS('',3,3,((#4784,#4785,#4786,#4787),(#4788,
#4789,#4790,#4791),(#4792,#4793,#4794,#4795),(#4796,#4797,#4798,#4799)),
 .UNSPECIFIED.,.F.,.F.,.F.,(4,4),(4,4),(0.,1.),(-0.174948880001404,0.0233230359105917),
 .UNSPECIFIED.);
#65=B_SPLINE_SURFACE_WITH_KNOTS('',3,3,((#4841,#4842,#4843,#4844,#4845,
#4846,#4847),(#4848,#4849,#4850,#4851,#4852,#4853,#4854),(#4855,#4856,#4857,
#4858,#4859,#4860,#4861),(#4862,#4863,#4864,#4865,#4866,#4867,#4868)),
 .UNSPECIFIED.,.F.,.F.,.F.,(4,4),(4,1,1,1,4),(0.0142356163245417,0.154357887875043),
(14.6405740683013,14.9906348912593,15.6907565371751,16.3908781830909,17.0909998290067),
 .UNSPECIFIED.);
#66=B_SPLINE_SURFACE_WITH_KNOTS('',3,3,((#4931,#4932,#4933,#4934),(#4935,
#4936,#4937,#4938),(#4939,#4940,#4941,#4942),(#4943,#4944,#4945,#4946)),
 .UNSPECIFIED.,.F.,.F.,.F.,(4,4),(4,4),(0.,0.217256667290514),(-12.427821822115,
-12.3915798347331),.UNSPECIFIED.);
#67=B_SPLINE_SURFACE_WITH_KNOTS('',3,3,((#4979,#4980,#4981,#4982,#4983,
#4984),(#4985,#4986,#4987,#4988,#4989,#4990),(#4991,#4992,#4993,#4994,#4995,
#4996),(#4997,#4998,#4999,#5000,#5001,#5002)),.UNSPECIFIED.,.F.,.F.,.F.,
(4,4),(4,2,4),(0.,1.),(0.110172373076662,0.113733344923758,0.192562990346235),
 .UNSPECIFIED.);
#68=B_SPLINE_SURFACE_WITH_KNOTS('',3,3,((#5112,#5113,#5114,#5115),(#5116,
#5117,#5118,#5119),(#5120,#5121,#5122,#5123),(#5124,#5125,#5126,#5127)),
 .UNSPECIFIED.,.F.,.F.,.F.,(4,4),(4,4),(0.,1.),(-12.6329471215598,-12.427821822115),
 .UNSPECIFIED.);
#69=B_SPLINE_SURFACE_WITH_KNOTS('',3,3,((#5171,#5172,#5173,#5174),(#5175,
#5176,#5177,#5178),(#5179,#5180,#5181,#5182),(#5183,#5184,#5185,#5186)),
 .UNSPECIFIED.,.F.,.F.,.F.,(4,4),(4,4),(0.,1.),(0.0662962139443769,0.209378548386976),
 .UNSPECIFIED.);
#70=B_SPLINE_SURFACE_WITH_KNOTS('',3,3,((#5196,#5197,#5198,#5199),(#5200,
#5201,#5202,#5203),(#5204,#5205,#5206,#5207),(#5208,#5209,#5210,#5211)),
 .UNSPECIFIED.,.F.,.F.,.F.,(4,4),(4,4),(0.,1.),(0.0293493204114188,0.252170019511079),
 .UNSPECIFIED.);
#71=B_SPLINE_SURFACE_WITH_KNOTS('',3,3,((#5232,#5233,#5234,#5235),(#5236,
#5237,#5238,#5239),(#5240,#5241,#5242,#5243),(#5244,#5245,#5246,#5247)),
 .UNSPECIFIED.,.F.,.F.,.F.,(4,4),(4,4),(0.,1.),(0.029350832989121,0.252304490561904),
 .UNSPECIFIED.);
#72=B_SPLINE_SURFACE_WITH_KNOTS('',3,3,((#5303,#5304,#5305,#5306,#5307,
#5308,#5309,#5310,#5311,#5312,#5313,#5314,#5315,#5316,#5317,#5318,#5319,
#5320,#5321,#5322,#5323,#5324,#5325,#5326,#5327,#5328,#5329,#5330,#5331,
#5332,#5333,#5334,#5335,#5336,#5337,#5338,#5339,#5340,#5341),(#5342,#5343,
#5344,#5345,#5346,#5347,#5348,#5349,#5350,#5351,#5352,#5353,#5354,#5355,
#5356,#5357,#5358,#5359,#5360,#5361,#5362,#5363,#5364,#5365,#5366,#5367,
#5368,#5369,#5370,#5371,#5372,#5373,#5374,#5375,#5376,#5377,#5378,#5379,
#5380),(#5381,#5382,#5383,#5384,#5385,#5386,#5387,#5388,#5389,#5390,#5391,
#5392,#5393,#5394,#5395,#5396,#5397,#5398,#5399,#5400,#5401,#5402,#5403,
#5404,#5405,#5406,#5407,#5408,#5409,#5410,#5411,#5412,#5413,#5414,#5415,
#5416,#5417,#5418,#5419),(#5420,#5421,#5422,#5423,#5424,#5425,#5426,#5427,
#5428,#5429,#5430,#5431,#5432,#5433,#5434,#5435,#5436,#5437,#5438,#5439,
#5440,#5441,#5442,#5443,#5444,#5445,#5446,#5447,#5448,#5449,#5450,#5451,
#5452,#5453,#5454,#5455,#5456,#5457,#5458)),.UNSPECIFIED.,.F.,.F.,.F.,(4,
4),(4,1,1,1,1,1,1,1,1,1,1,1,1,1,1,1,1,1,1,1,1,1,1,1,1,1,1,1,1,1,1,1,1,1,
1,1,4),(0.,1.00000003105229),(-18.9194590155696,-18.2641621903858,-17.608865365202,
-16.9535685400182,-16.2982717148345,-15.861407164712,-15.4245426145894,
-14.9876780644669,-14.5508135143444,-14.1139489642219,-13.6770844140994,
-13.2402198639769,-12.8033553138543,-12.3664907637318,-11.9296262136093,
-11.4927616634868,-11.0558971133643,-10.6190325632418,-10.1821680131192,
-9.74530346299673,-9.30843891287421,-9.0171958794592,-8.43470981262918,
-7.99784526250666,-7.56098071238415,-7.12411616226163,-6.46881933707786,
-5.81352251189408,-5.15822568671031,-4.50292886152653,-4.06606431140402,
-3.6291997612815,-3.19233521115898,-2.53703838597521,-1.88174156079144,
-1.22644473560766,-0.571147910423889),.UNSPECIFIED.);
#73=B_SPLINE_SURFACE_WITH_KNOTS('',3,3,((#5524,#5525,#5526,#5527,#5528,
#5529,#5530),(#5531,#5532,#5533,#5534,#5535,#5536,#5537),(#5538,#5539,#5540,
#5541,#5542,#5543,#5544),(#5545,#5546,#5547,#5548,#5549,#5550,#5551)),
 .UNSPECIFIED.,.F.,.F.,.F.,(4,4),(4,1,1,1,4),(-0.0399299084056439,0.0753700075856416),
(14.6888027445739,15.3879093788794,15.7374626960321,16.4365693303375,17.135675964643),
 .UNSPECIFIED.);
#74=B_SPLINE_SURFACE_WITH_KNOTS('',3,3,((#5696,#5697,#5698,#5699,#5700,
#5701,#5702),(#5703,#5704,#5705,#5706,#5707,#5708,#5709),(#5710,#5711,#5712,
#5713,#5714,#5715,#5716),(#5717,#5718,#5719,#5720,#5721,#5722,#5723)),
 .UNSPECIFIED.,.F.,.F.,.F.,(4,4),(4,1,1,1,4),(0.,1.),(-5.85884316346022,
-5.56035921663023,-4.96339132297024,-4.36642342931025,-3.76945553565026),
 .UNSPECIFIED.);
#75=B_SPLINE_SURFACE_WITH_KNOTS('',3,3,((#5744,#5745,#5746,#5747,#5748,
#5749,#5750,#5751),(#5752,#5753,#5754,#5755,#5756,#5757,#5758,#5759),(#5760,
#5761,#5762,#5763,#5764,#5765,#5766,#5767),(#5768,#5769,#5770,#5771,#5772,
#5773,#5774,#5775)),.UNSPECIFIED.,.F.,.F.,.F.,(4,4),(4,2,2,4),(0.,1.),(0.00452719311091108,
0.0416924497124729,0.14347421838267,0.193311639970119),.UNSPECIFIED.);
#76=B_SPLINE_SURFACE_WITH_KNOTS('',3,3,((#5854,#5855,#5856,#5857),(#5858,
#5859,#5860,#5861),(#5862,#5863,#5864,#5865),(#5866,#5867,#5868,#5869)),
 .UNSPECIFIED.,.F.,.F.,.F.,(4,4),(4,4),(0.,1.),(-0.164809534990448,0.0183531915152275),
 .UNSPECIFIED.);
#77=B_SPLINE_SURFACE_WITH_KNOTS('',3,3,((#5893,#5894,#5895,#5896),(#5897,
#5898,#5899,#5900),(#5901,#5902,#5903,#5904),(#5905,#5906,#5907,#5908)),
 .UNSPECIFIED.,.F.,.F.,.F.,(4,4),(4,4),(0.,1.),(-0.0778488749639781,0.0233194402791279),
 .UNSPECIFIED.);
#78=B_SPLINE_SURFACE_WITH_KNOTS('',3,3,((#5934,#5935,#5936,#5937),(#5938,
#5939,#5940,#5941),(#5942,#5943,#5944,#5945),(#5946,#5947,#5948,#5949)),
 .UNSPECIFIED.,.F.,.F.,.F.,(4,4),(4,4),(0.408373592667627,1.),(-22.8691037451274,
-22.2428338790383),.UNSPECIFIED.);
#79=B_SPLINE_SURFACE_WITH_KNOTS('',3,3,((#6109,#6110,#6111,#6112),(#6113,
#6114,#6115,#6116),(#6117,#6118,#6119,#6120),(#6121,#6122,#6123,#6124)),
 .UNSPECIFIED.,.F.,.F.,.F.,(4,4),(4,4),(0.,1.),(0.00995445065070363,0.229070947328976),
 .UNSPECIFIED.);
#80=B_SPLINE_SURFACE_WITH_KNOTS('',3,3,((#6167,#6168,#6169,#6170,#6171,
#6172,#6173,#6174,#6175,#6176,#6177,#6178,#6179,#6180,#6181,#6182,#6183,
#6184,#6185,#6186,#6187,#6188,#6189,#6190,#6191,#6192,#6193,#6194,#6195,
#6196,#6197,#6198,#6199,#6200,#6201,#6202,#6203,#6204,#6205,#6206,#6207,
#6208,#6209),(#6210,#6211,#6212,#6213,#6214,#6215,#6216,#6217,#6218,#6219,
#6220,#6221,#6222,#6223,#6224,#6225,#6226,#6227,#6228,#6229,#6230,#6231,
#6232,#6233,#6234,#6235,#6236,#6237,#6238,#6239,#6240,#6241,#6242,#6243,
#6244,#6245,#6246,#6247,#6248,#6249,#6250,#6251,#6252),(#6253,#6254,#6255,
#6256,#6257,#6258,#6259,#6260,#6261,#6262,#6263,#6264,#6265,#6266,#6267,
#6268,#6269,#6270,#6271,#6272,#6273,#6274,#6275,#6276,#6277,#6278,#6279,
#6280,#6281,#6282,#6283,#6284,#6285,#6286,#6287,#6288,#6289,#6290,#6291,
#6292,#6293,#6294,#6295),(#6296,#6297,#6298,#6299,#6300,#6301,#6302,#6303,
#6304,#6305,#6306,#6307,#6308,#6309,#6310,#6311,#6312,#6313,#6314,#6315,
#6316,#6317,#6318,#6319,#6320,#6321,#6322,#6323,#6324,#6325,#6326,#6327,
#6328,#6329,#6330,#6331,#6332,#6333,#6334,#6335,#6336,#6337,#6338)),
 .UNSPECIFIED.,.F.,.F.,.F.,(4,4),(4,1,1,1,1,1,1,1,1,1,1,1,1,1,1,1,1,1,1,
1,1,1,1,1,1,1,1,1,1,1,1,1,1,1,1,1,1,1,1,1,4),(0.00577020928474302,0.14589248086471),
(20.9224378284318,21.3362444665287,21.7500511046255,22.5776643808192,23.4052776570129,
24.2328909332066,24.7846331173358,25.3363753014649,25.888117485594,26.7157307617877,
27.5433440379814,28.3709573141751,28.784763952272,29.1985705903688,29.750312774498,
30.3020549586271,30.8537971427562,31.221625265509,31.9572815110145,32.5090236951436,
33.0607658792728,33.6125080634019,34.164250247531,34.7159924316602,35.2677346157893,
35.8194767999184,36.3712189840476,36.9229611681767,37.4747033523058,37.8885099904027,
38.3023166284995,38.7161232665964,39.1299299046932,39.6816720888224,40.2334142729515,
40.7851564570806,41.6127697332743,42.440383009468,43.2679962856617,43.6818029237586,
44.0956095618554),.UNSPECIFIED.);
#81=B_SPLINE_SURFACE_WITH_KNOTS('',3,3,((#6657,#6658,#6659,#6660),(#6661,
#6662,#6663,#6664),(#6665,#6666,#6667,#6668),(#6669,#6670,#6671,#6672)),
 .UNSPECIFIED.,.F.,.F.,.F.,(4,4),(4,4),(0.,0.21725666738062),(-12.4278218222911,
-12.3915798349092),.UNSPECIFIED.);
#82=B_SPLINE_SURFACE_WITH_KNOTS('',3,3,((#6682,#6683,#6684,#6685),(#6686,
#6687,#6688,#6689),(#6690,#6691,#6692,#6693),(#6694,#6695,#6696,#6697)),
 .UNSPECIFIED.,.F.,.F.,.F.,(4,4),(4,4),(0.,1.),(0.0662962133146103,0.209378548387272),
 .UNSPECIFIED.);
#83=B_SPLINE_SURFACE_WITH_KNOTS('',3,3,((#6759,#6760,#6761,#6762),(#6763,
#6764,#6765,#6766),(#6767,#6768,#6769,#6770),(#6771,#6772,#6773,#6774)),
 .UNSPECIFIED.,.F.,.F.,.F.,(4,4),(4,4),(0.,1.),(-0.164811575027713,-0.0642635998690256),
 .UNSPECIFIED.);
#84=B_SPLINE_SURFACE_WITH_KNOTS('',3,3,((#6817,#6818,#6819,#6820,#6821,
#6822),(#6823,#6824,#6825,#6826,#6827,#6828),(#6829,#6830,#6831,#6832,#6833,
#6834),(#6835,#6836,#6837,#6838,#6839,#6840)),.UNSPECIFIED.,.F.,.F.,.F.,
(4,4),(4,2,4),(0.,1.),(0.110438910055419,0.113733346577779,0.192562991505438),
 .UNSPECIFIED.);
#85=B_SPLINE_SURFACE_WITH_KNOTS('',3,3,((#6931,#6932,#6933,#6934),(#6935,
#6936,#6937,#6938),(#6939,#6940,#6941,#6942),(#6943,#6944,#6945,#6946)),
 .UNSPECIFIED.,.F.,.F.,.F.,(4,4),(4,4),(0.,1.),(0.0293493204112832,0.252170019493652),
 .UNSPECIFIED.);
#86=B_SPLINE_SURFACE_WITH_KNOTS('',3,3,((#6986,#6987,#6988,#6989),(#6990,
#6991,#6992,#6993),(#6994,#6995,#6996,#6997),(#6998,#6999,#7000,#7001)),
 .UNSPECIFIED.,.F.,.F.,.F.,(4,4),(4,4),(0.,1.),(-12.6329471208244,-12.4278218222911),
 .UNSPECIFIED.);
#87=B_SPLINE_SURFACE_WITH_KNOTS('',3,3,((#7006,#7007,#7008,#7009),(#7010,
#7011,#7012,#7013),(#7014,#7015,#7016,#7017),(#7018,#7019,#7020,#7021)),
 .UNSPECIFIED.,.F.,.F.,.F.,(4,4),(4,4),(0.,1.),(-0.176075314908464,0.0233230359106381),
 .UNSPECIFIED.);
#88=B_SPLINE_SURFACE_WITH_KNOTS('',3,3,((#7063,#7064,#7065,#7066),(#7067,
#7068,#7069,#7070),(#7071,#7072,#7073,#7074),(#7075,#7076,#7077,#7078)),
 .UNSPECIFIED.,.F.,.F.,.F.,(4,4),(4,4),(0.,1.),(0.0293508329890964,0.252304490561146),
 .UNSPECIFIED.);
#89=B_SPLINE_SURFACE_WITH_KNOTS('',3,3,((#7136,#7137,#7138,#7139,#7140,
#7141,#7142),(#7143,#7144,#7145,#7146,#7147,#7148,#7149),(#7150,#7151,#7152,
#7153,#7154,#7155,#7156),(#7157,#7158,#7159,#7160,#7161,#7162,#7163)),
 .UNSPECIFIED.,.F.,.F.,.F.,(4,4),(4,1,1,1,4),(0.0142356163245411,0.154357887875041),
(14.6405740683013,14.9906348912593,15.6907565371751,16.3908781830909,17.0909998290068),
 .UNSPECIFIED.);
#90=B_SPLINE_SURFACE_WITH_KNOTS('',3,3,((#7224,#7225,#7226,#7227,#7228,
#7229,#7230),(#7231,#7232,#7233,#7234,#7235,#7236,#7237),(#7238,#7239,#7240,
#7241,#7242,#7243,#7244),(#7245,#7246,#7247,#7248,#7249,#7250,#7251)),
 .UNSPECIFIED.,.F.,.F.,.F.,(4,4),(4,1,1,1,4),(0.,1.),(-5.85884316346027,
-5.56035921663027,-4.96339132297028,-4.36642342931029,-3.7694555356503),
 .UNSPECIFIED.);
#91=B_SPLINE_SURFACE_WITH_KNOTS('',3,3,((#7267,#7268,#7269,#7270,#7271,
#7272,#7273),(#7274,#7275,#7276,#7277,#7278,#7279,#7280),(#7281,#7282,#7283,
#7284,#7285,#7286,#7287),(#7288,#7289,#7290,#7291,#7292,#7293,#7294)),
 .UNSPECIFIED.,.F.,.F.,.F.,(4,4),(4,1,1,1,4),(-3.06281791595531E-10,1.),
(-21.561775385219,-20.9568270728912,-20.6543529167274,-20.0494046043996,
-19.4444562920719),.UNSPECIFIED.);
#92=B_SPLINE_SURFACE_WITH_KNOTS('',3,3,((#7301,#7302,#7303,#7304),(#7305,
#7306,#7307,#7308),(#7309,#7310,#7311,#7312),(#7313,#7314,#7315,#7316)),
 .UNSPECIFIED.,.F.,.F.,.F.,(4,4),(4,4),(0.115508962836941,0.154357887875041),
(13.5855311377341,13.9600941700506),.UNSPECIFIED.);
#93=B_SPLINE_SURFACE_WITH_KNOTS('',3,3,((#7318,#7319,#7320,#7321,#7322,
#7323,#7324),(#7325,#7326,#7327,#7328,#7329,#7330,#7331),(#7332,#7333,#7334,
#7335,#7336,#7337,#7338),(#7339,#7340,#7341,#7342,#7343,#7344,#7345)),
 .UNSPECIFIED.,.F.,.F.,.F.,(4,4),(4,1,1,1,4),(0.00577020928470798,0.145892480615092),
(17.7808451748421,18.1309663905577,18.8312088219889,19.5314512534202,20.2316936848514),
 .UNSPECIFIED.);
#94=B_SPLINE_SURFACE_WITH_KNOTS('',3,3,((#7379,#7380,#7381,#7382,#7383,
#7384,#7385,#7386,#7387,#7388,#7389,#7390,#7391,#7392,#7393,#7394,#7395,
#7396,#7397,#7398,#7399,#7400,#7401,#7402,#7403,#7404,#7405,#7406,#7407,
#7408,#7409,#7410,#7411,#7412,#7413,#7414,#7415,#7416,#7417,#7418,#7419,
#7420,#7421,#7422,#7423,#7424,#7425,#7426,#7427,#7428,#7429),(#7430,#7431,
#7432,#7433,#7434,#7435,#7436,#7437,#7438,#7439,#7440,#7441,#7442,#7443,
#7444,#7445,#7446,#7447,#7448,#7449,#7450,#7451,#7452,#7453,#7454,#7455,
#7456,#7457,#7458,#7459,#7460,#7461,#7462,#7463,#7464,#7465,#7466,#7467,
#7468,#7469,#7470,#7471,#7472,#7473,#7474,#7475,#7476,#7477,#7478,#7479,
#7480),(#7481,#7482,#7483,#7484,#7485,#7486,#7487,#7488,#7489,#7490,#7491,
#7492,#7493,#7494,#7495,#7496,#7497,#7498,#7499,#7500,#7501,#7502,#7503,
#7504,#7505,#7506,#7507,#7508,#7509,#7510,#7511,#7512,#7513,#7514,#7515,
#7516,#7517,#7518,#7519,#7520,#7521,#7522,#7523,#7524,#7525,#7526,#7527,
#7528,#7529,#7530,#7531),(#7532,#7533,#7534,#7535,#7536,#7537,#7538,#7539,
#7540,#7541,#7542,#7543,#7544,#7545,#7546,#7547,#7548,#7549,#7550,#7551,
#7552,#7553,#7554,#7555,#7556,#7557,#7558,#7559,#7560,#7561,#7562,#7563,
#7564,#7565,#7566,#7567,#7568,#7569,#7570,#7571,#7572,#7573,#7574,#7575,
#7576,#7577,#7578,#7579,#7580,#7581,#7582)),.UNSPECIFIED.,.F.,.F.,.F.,(4,
4),(4,1,1,1,1,1,1,1,1,1,1,1,1,1,1,1,1,1,1,1,1,1,1,1,1,1,1,1,1,1,1,1,1,1,
1,1,1,1,1,1,1,1,1,1,1,1,1,1,4),(0.0142356165532192,0.195927460378643),(17.7821667218913,
18.2009056463097,18.6196445707282,19.0383834951466,19.4571224195651,19.8758613439835,
20.294600268402,20.7133391928204,21.1320781172389,21.6903966831301,22.2487152490214,
22.8070338149127,23.3653523808039,23.7375647580648,24.4819895125865,24.8542018898473,
25.598626644369,26.1569452102602,26.7152637761515,27.2735823420428,27.831900907934,
28.3902194738253,28.9485380397165,29.5068566056078,30.0651751714991,30.8095999260208,
31.1818123032816,31.7401308691729,32.2984494350641,32.8567680009554,33.2755069253738,
33.6942458497923,34.1129847742107,34.5317236986292,34.9504626230476,35.3692015474661,
35.7879404718845,36.206679396303,36.7649979621942,37.3233165280855,37.8816350939767,
38.3003740183952,38.7191129428136,39.1378518672321,39.5565907916505,39.975329716069,
40.3940686404874,40.8128075649059,41.2315464893243),.UNSPECIFIED.);
#95=B_SPLINE_SURFACE_WITH_KNOTS('',3,3,((#7709,#7710,#7711,#7712,#7713,
#7714,#7715,#7716,#7717,#7718,#7719,#7720,#7721,#7722,#7723,#7724,#7725,
#7726,#7727,#7728,#7729,#7730,#7731,#7732,#7733,#7734,#7735,#7736,#7737,
#7738,#7739,#7740,#7741,#7742,#7743,#7744,#7745,#7746,#7747,#7748,#7749,
#7750,#7751),(#7752,#7753,#7754,#7755,#7756,#7757,#7758,#7759,#7760,#7761,
#7762,#7763,#7764,#7765,#7766,#7767,#7768,#7769,#7770,#7771,#7772,#7773,
#7774,#7775,#7776,#7777,#7778,#7779,#7780,#7781,#7782,#7783,#7784,#7785,
#7786,#7787,#7788,#7789,#7790,#7791,#7792,#7793,#7794),(#7795,#7796,#7797,
#7798,#7799,#7800,#7801,#7802,#7803,#7804,#7805,#7806,#7807,#7808,#7809,
#7810,#7811,#7812,#7813,#7814,#7815,#7816,#7817,#7818,#7819,#7820,#7821,
#7822,#7823,#7824,#7825,#7826,#7827,#7828,#7829,#7830,#7831,#7832,#7833,
#7834,#7835,#7836,#7837),(#7838,#7839,#7840,#7841,#7842,#7843,#7844,#7845,
#7846,#7847,#7848,#7849,#7850,#7851,#7852,#7853,#7854,#7855,#7856,#7857,
#7858,#7859,#7860,#7861,#7862,#7863,#7864,#7865,#7866,#7867,#7868,#7869,
#7870,#7871,#7872,#7873,#7874,#7875,#7876,#7877,#7878,#7879,#7880)),
 .UNSPECIFIED.,.F.,.F.,.F.,(4,4),(4,1,1,1,1,1,1,1,1,1,1,1,1,1,1,1,1,1,1,
1,1,1,1,1,1,1,1,1,1,1,1,1,1,1,1,1,1,1,1,1,4),(0.,1.),(-25.5523564944053,
-24.8730868878162,-24.193817281227,-23.5145476746379,-23.1749128713433,
-23.0050954696961,-22.8352780680488,-22.382431663656,-21.9295852592633,
-21.4767388548705,-20.7974692482814,-20.1181996416923,-19.4389300351031,
-18.759660428514,-18.3068140241212,-17.8539676197285,-17.4011212153357,
-17.0992236124072,-16.4954284065502,-16.0425820021575,-15.5897355977647,
-15.136889193372,-14.6840427889792,-14.2311963845864,-13.7783499801937,
-13.3255035758009,-12.8726571714082,-12.4198107670154,-11.9669643626227,
-11.6273295593281,-11.2876947560335,-10.6084251494444,-10.1555787450517,
-9.7027323406589,-9.24988593626615,-9.08006853461887,-8.91025113297158,
-8.57061632967702,-7.89134672308789,-7.21207711649876,-6.53280750990962),
 .UNSPECIFIED.);
#96=B_SPLINE_SURFACE_WITH_KNOTS('',3,3,((#8088,#8089,#8090,#8091,#8092,
#8093,#8094,#8095,#8096,#8097,#8098,#8099,#8100,#8101,#8102,#8103,#8104,
#8105,#8106,#8107,#8108,#8109,#8110,#8111,#8112,#8113,#8114,#8115,#8116,
#8117,#8118,#8119,#8120,#8121,#8122,#8123,#8124,#8125,#8126,#8127,#8128,
#8129,#8130,#8131,#8132,#8133,#8134,#8135,#8136,#8137,#8138),(#8139,#8140,
#8141,#8142,#8143,#8144,#8145,#8146,#8147,#8148,#8149,#8150,#8151,#8152,
#8153,#8154,#8155,#8156,#8157,#8158,#8159,#8160,#8161,#8162,#8163,#8164,
#8165,#8166,#8167,#8168,#8169,#8170,#8171,#8172,#8173,#8174,#8175,#8176,
#8177,#8178,#8179,#8180,#8181,#8182,#8183,#8184,#8185,#8186,#8187,#8188,
#8189),(#8190,#8191,#8192,#8193,#8194,#8195,#8196,#8197,#8198,#8199,#8200,
#8201,#8202,#8203,#8204,#8205,#8206,#8207,#8208,#8209,#8210,#8211,#8212,
#8213,#8214,#8215,#8216,#8217,#8218,#8219,#8220,#8221,#8222,#8223,#8224,
#8225,#8226,#8227,#8228,#8229,#8230,#8231,#8232,#8233,#8234,#8235,#8236,
#8237,#8238,#8239,#8240),(#8241,#8242,#8243,#8244,#8245,#8246,#8247,#8248,
#8249,#8250,#8251,#8252,#8253,#8254,#8255,#8256,#8257,#8258,#8259,#8260,
#8261,#8262,#8263,#8264,#8265,#8266,#8267,#8268,#8269,#8270,#8271,#8272,
#8273,#8274,#8275,#8276,#8277,#8278,#8279,#8280,#8281,#8282,#8283,#8284,
#8285,#8286,#8287,#8288,#8289,#8290,#8291)),.UNSPECIFIED.,.F.,.F.,.F.,(4,
4),(4,1,1,1,1,1,1,1,1,1,1,1,1,1,1,1,1,1,1,1,1,1,1,1,1,1,1,1,1,1,1,1,1,1,
1,1,1,1,1,1,1,1,1,1,1,1,1,1,4),(0.01423561655322,0.200057380779195),(17.7821667218913,
18.2009056463097,18.6196445707282,19.0383834951466,19.4571224195651,19.8758613439835,
20.294600268402,20.7133391928204,21.1320781172389,21.6903966831301,22.2487152490214,
23.0861930978583,23.3653523808039,23.7375647580648,24.4819895125864,24.8542018898473,
25.598626644369,26.1569452102602,26.7152637761515,27.2735823420428,27.831900907934,
28.3902194738253,28.9485380397165,29.5068566056078,30.0651751714991,30.4373875487599,
31.1818123032816,31.7401308691729,32.2984494350641,32.8567680009554,33.2755069253738,
33.6942458497923,34.1129847742107,34.5317236986292,34.9504626230476,35.3692015474661,
35.7879404718845,36.206679396303,36.7649979621942,37.3233165280855,37.8816350939767,
38.3003740183952,38.7191129428136,39.1378518672321,39.5565907916505,39.975329716069,
40.3940686404874,40.8128075649059,41.2315464893243),.UNSPECIFIED.);
#97=B_SPLINE_SURFACE_WITH_KNOTS('',3,3,((#8388,#8389,#8390,#8391,#8392,
#8393,#8394,#8395,#8396,#8397,#8398,#8399,#8400,#8401,#8402,#8403,#8404,
#8405,#8406,#8407,#8408,#8409,#8410,#8411,#8412,#8413,#8414,#8415,#8416,
#8417,#8418,#8419,#8420,#8421,#8422,#8423,#8424,#8425,#8426,#8427,#8428,
#8429),(#8430,#8431,#8432,#8433,#8434,#8435,#8436,#8437,#8438,#8439,#8440,
#8441,#8442,#8443,#8444,#8445,#8446,#8447,#8448,#8449,#8450,#8451,#8452,
#8453,#8454,#8455,#8456,#8457,#8458,#8459,#8460,#8461,#8462,#8463,#8464,
#8465,#8466,#8467,#8468,#8469,#8470,#8471),(#8472,#8473,#8474,#8475,#8476,
#8477,#8478,#8479,#8480,#8481,#8482,#8483,#8484,#8485,#8486,#8487,#8488,
#8489,#8490,#8491,#8492,#8493,#8494,#8495,#8496,#8497,#8498,#8499,#8500,
#8501,#8502,#8503,#8504,#8505,#8506,#8507,#8508,#8509,#8510,#8511,#8512,
#8513),(#8514,#8515,#8516,#8517,#8518,#8519,#8520,#8521,#8522,#8523,#8524,
#8525,#8526,#8527,#8528,#8529,#8530,#8531,#8532,#8533,#8534,#8535,#8536,
#8537,#8538,#8539,#8540,#8541,#8542,#8543,#8544,#8545,#8546,#8547,#8548,
#8549,#8550,#8551,#8552,#8553,#8554,#8555)),.UNSPECIFIED.,.F.,.F.,.F.,(4,
4),(4,1,1,1,1,1,1,1,1,1,1,1,1,1,1,1,1,1,1,1,1,1,1,1,1,1,1,1,1,1,1,1,1,1,
1,1,1,1,1,4),(0.,1.),(-25.5523564944053,-24.8730868878161,-24.193817281227,
-23.5145476746379,-23.1749128713433,-23.005095469696,-22.8352780680487,
-22.382431663656,-21.9295852592632,-21.4767388548705,-20.7974692482813,
-20.1181996416922,-19.4389300351031,-18.759660428514,-18.3068140241212,
-17.8539676197284,-17.6275444175321,-17.4011212153357,-16.7973260094787,
-16.4954284065502,-16.0425820021574,-15.5897355977647,-15.1368891933719,
-14.6840427889792,-14.2311963845864,-13.7783499801937,-13.3255035758009,
-12.8726571714081,-12.4198107670154,-11.9669643626226,-11.5141179582299,
-11.0612715538371,-10.6084251494444,-10.1555787450516,-9.70273234065887,
-9.24988593626611,-8.57061632967698,-7.89134672308785,-7.21207711649872,
-6.53280750990959),.UNSPECIFIED.);
#98=B_SPLINE_SURFACE_WITH_KNOTS('',3,3,((#8556,#8557,#8558,#8559,#8560,
#8561,#8562,#8563,#8564,#8565,#8566,#8567,#8568,#8569,#8570,#8571,#8572,
#8573,#8574,#8575,#8576,#8577,#8578,#8579,#8580,#8581,#8582,#8583,#8584,
#8585,#8586,#8587,#8588,#8589,#8590,#8591,#8592,#8593,#8594),(#8595,#8596,
#8597,#8598,#8599,#8600,#8601,#8602,#8603,#8604,#8605,#8606,#8607,#8608,
#8609,#8610,#8611,#8612,#8613,#8614,#8615,#8616,#8617,#8618,#8619,#8620,
#8621,#8622,#8623,#8624,#8625,#8626,#8627,#8628,#8629,#8630,#8631,#8632,
#8633),(#8634,#8635,#8636,#8637,#8638,#8639,#8640,#8641,#8642,#8643,#8644,
#8645,#8646,#8647,#8648,#8649,#8650,#8651,#8652,#8653,#8654,#8655,#8656,
#8657,#8658,#8659,#8660,#8661,#8662,#8663,#8664,#8665,#8666,#8667,#8668,
#8669,#8670,#8671,#8672),(#8673,#8674,#8675,#8676,#8677,#8678,#8679,#8680,
#8681,#8682,#8683,#8684,#8685,#8686,#8687,#8688,#8689,#8690,#8691,#8692,
#8693,#8694,#8695,#8696,#8697,#8698,#8699,#8700,#8701,#8702,#8703,#8704,
#8705,#8706,#8707,#8708,#8709,#8710,#8711)),.UNSPECIFIED.,.F.,.F.,.F.,(4,
4),(4,1,1,1,1,1,1,1,1,1,1,1,1,1,1,1,1,1,1,1,1,1,1,1,1,1,1,1,1,1,1,1,1,1,
1,1,4),(0.,1.00000003105231),(-18.9194590155695,-18.2641621903858,-17.608865365202,
-16.9535685400182,-16.2982717148344,-15.8614071647119,-15.4245426145894,
-14.9876780644669,-14.5508135143444,-14.1139489642218,-13.6770844140993,
-13.2402198639768,-12.8033553138543,-12.3664907637318,-11.9296262136092,
-11.4927616634867,-11.0558971133642,-10.6190325632417,-10.1821680131192,
-9.74530346299666,-9.30843891287414,-9.01719587945913,-8.4347098126291,
-7.99784526250658,-7.56098071238407,-7.12411616226155,-6.46881933707777,
-5.81352251189399,-5.15822568671022,-4.50292886152644,-4.06606431140392,
-3.6291997612814,-3.19233521115889,-2.53703838597511,-1.88174156079133,
-1.22644473560756,-0.571147910423781),.UNSPECIFIED.);
#99=B_SPLINE_SURFACE_WITH_KNOTS('',3,3,((#8747,#8748,#8749,#8750,#8751,
#8752,#8753),(#8754,#8755,#8756,#8757,#8758,#8759,#8760),(#8761,#8762,#8763,
#8764,#8765,#8766,#8767),(#8768,#8769,#8770,#8771,#8772,#8773,#8774)),
 .UNSPECIFIED.,.F.,.F.,.F.,(4,4),(4,1,1,1,4),(0.00577020928470816,0.0753619041697928),
(14.6888027445682,15.0318453569529,15.7179305817224,16.404015806492,17.0901010312615),
 .UNSPECIFIED.);
#100=PLANE('',#2541);
#101=PLANE('',#2545);
#102=PLANE('',#2548);
#103=PLANE('',#2552);
#104=PLANE('',#2553);
#105=PLANE('',#2554);
#106=PLANE('',#2555);
#107=PLANE('',#2556);
#108=PLANE('',#2560);
#109=PLANE('',#2565);
#110=PLANE('',#2566);
#111=PLANE('',#2567);
#112=PLANE('',#2571);
#113=PLANE('',#2572);
#114=PLANE('',#2574);
#115=PLANE('',#2575);
#116=PLANE('',#2579);
#117=PLANE('',#2581);
#118=PLANE('',#2582);
#119=PLANE('',#2583);
#120=PLANE('',#2586);
#121=PLANE('',#2597);
#122=PLANE('',#2598);
#123=PLANE('',#2599);
#124=PLANE('',#2602);
#125=PLANE('',#2604);
#126=PLANE('',#2605);
#127=PLANE('',#2606);
#128=PLANE('',#2609);
#129=PLANE('',#2610);
#130=PLANE('',#2611);
#131=PLANE('',#2612);
#132=PLANE('',#2614);
#133=PLANE('',#2617);
#134=PLANE('',#2618);
#135=PLANE('',#2619);
#136=PLANE('',#2624);
#137=PLANE('',#2625);
#138=PLANE('',#2626);
#139=PLANE('',#2628);
#140=PLANE('',#2629);
#141=PLANE('',#2631);
#142=PLANE('',#2640);
#143=PLANE('',#2646);
#144=PLANE('',#2647);
#145=PLANE('',#2648);
#146=PLANE('',#2649);
#147=PLANE('',#2650);
#148=PLANE('',#2651);
#149=PLANE('',#2652);
#150=PLANE('',#2655);
#151=PLANE('',#2658);
#152=FACE_OUTER_BOUND('',#293,.T.);
#153=FACE_OUTER_BOUND('',#294,.T.);
#154=FACE_OUTER_BOUND('',#295,.T.);
#155=FACE_OUTER_BOUND('',#296,.T.);
#156=FACE_OUTER_BOUND('',#297,.T.);
#157=FACE_OUTER_BOUND('',#298,.T.);
#158=FACE_OUTER_BOUND('',#299,.T.);
#159=FACE_OUTER_BOUND('',#300,.T.);
#160=FACE_OUTER_BOUND('',#301,.T.);
#161=FACE_OUTER_BOUND('',#302,.T.);
#162=FACE_OUTER_BOUND('',#303,.T.);
#163=FACE_OUTER_BOUND('',#304,.T.);
#164=FACE_OUTER_BOUND('',#305,.T.);
#165=FACE_OUTER_BOUND('',#306,.T.);
#166=FACE_OUTER_BOUND('',#307,.T.);
#167=FACE_OUTER_BOUND('',#308,.T.);
#168=FACE_OUTER_BOUND('',#309,.T.);
#169=FACE_OUTER_BOUND('',#310,.T.);
#170=FACE_OUTER_BOUND('',#311,.T.);
#171=FACE_OUTER_BOUND('',#312,.T.);
#172=FACE_OUTER_BOUND('',#313,.T.);
#173=FACE_OUTER_BOUND('',#314,.T.);
#174=FACE_OUTER_BOUND('',#315,.T.);
#175=FACE_OUTER_BOUND('',#316,.T.);
#176=FACE_OUTER_BOUND('',#317,.T.);
#177=FACE_OUTER_BOUND('',#318,.T.);
#178=FACE_OUTER_BOUND('',#319,.T.);
#179=FACE_OUTER_BOUND('',#320,.T.);
#180=FACE_OUTER_BOUND('',#321,.T.);
#181=FACE_OUTER_BOUND('',#322,.T.);
#182=FACE_OUTER_BOUND('',#323,.T.);
#183=FACE_OUTER_BOUND('',#324,.T.);
#184=FACE_OUTER_BOUND('',#325,.T.);
#185=FACE_OUTER_BOUND('',#326,.T.);
#186=FACE_OUTER_BOUND('',#327,.T.);
#187=FACE_OUTER_BOUND('',#328,.T.);
#188=FACE_OUTER_BOUND('',#329,.T.);
#189=FACE_OUTER_BOUND('',#330,.T.);
#190=FACE_OUTER_BOUND('',#331,.T.);
#191=FACE_OUTER_BOUND('',#332,.T.);
#192=FACE_OUTER_BOUND('',#333,.T.);
#193=FACE_OUTER_BOUND('',#334,.T.);
#194=FACE_OUTER_BOUND('',#335,.T.);
#195=FACE_OUTER_BOUND('',#336,.T.);
#196=FACE_OUTER_BOUND('',#337,.T.);
#197=FACE_OUTER_BOUND('',#338,.T.);
#198=FACE_OUTER_BOUND('',#339,.T.);
#199=FACE_OUTER_BOUND('',#340,.T.);
#200=FACE_OUTER_BOUND('',#341,.T.);
#201=FACE_OUTER_BOUND('',#342,.T.);
#202=FACE_OUTER_BOUND('',#343,.T.);
#203=FACE_OUTER_BOUND('',#344,.T.);
#204=FACE_OUTER_BOUND('',#345,.T.);
#205=FACE_OUTER_BOUND('',#346,.T.);
#206=FACE_OUTER_BOUND('',#347,.T.);
#207=FACE_OUTER_BOUND('',#348,.T.);
#208=FACE_OUTER_BOUND('',#349,.T.);
#209=FACE_OUTER_BOUND('',#350,.T.);
#210=FACE_OUTER_BOUND('',#351,.T.);
#211=FACE_OUTER_BOUND('',#352,.T.);
#212=FACE_OUTER_BOUND('',#353,.T.);
#213=FACE_OUTER_BOUND('',#354,.T.);
#214=FACE_OUTER_BOUND('',#355,.T.);
#215=FACE_OUTER_BOUND('',#356,.T.);
#216=FACE_OUTER_BOUND('',#357,.T.);
#217=FACE_OUTER_BOUND('',#358,.T.);
#218=FACE_OUTER_BOUND('',#359,.T.);
#219=FACE_OUTER_BOUND('',#360,.T.);
#220=FACE_OUTER_BOUND('',#361,.T.);
#221=FACE_OUTER_BOUND('',#362,.T.);
#222=FACE_OUTER_BOUND('',#363,.T.);
#223=FACE_OUTER_BOUND('',#364,.T.);
#224=FACE_OUTER_BOUND('',#365,.T.);
#225=FACE_OUTER_BOUND('',#366,.T.);
#226=FACE_OUTER_BOUND('',#367,.T.);
#227=FACE_OUTER_BOUND('',#368,.T.);
#228=FACE_OUTER_BOUND('',#369,.T.);
#229=FACE_OUTER_BOUND('',#370,.T.);
#230=FACE_OUTER_BOUND('',#371,.T.);
#231=FACE_OUTER_BOUND('',#372,.T.);
#232=FACE_OUTER_BOUND('',#373,.T.);
#233=FACE_OUTER_BOUND('',#374,.T.);
#234=FACE_OUTER_BOUND('',#375,.T.);
#235=FACE_OUTER_BOUND('',#376,.T.);
#236=FACE_OUTER_BOUND('',#377,.T.);
#237=FACE_OUTER_BOUND('',#378,.T.);
#238=FACE_OUTER_BOUND('',#379,.T.);
#239=FACE_OUTER_BOUND('',#380,.T.);
#240=FACE_OUTER_BOUND('',#381,.T.);
#241=FACE_OUTER_BOUND('',#382,.T.);
#242=FACE_OUTER_BOUND('',#383,.T.);
#243=FACE_OUTER_BOUND('',#384,.T.);
#244=FACE_OUTER_BOUND('',#385,.T.);
#245=FACE_OUTER_BOUND('',#386,.T.);
#246=FACE_OUTER_BOUND('',#387,.T.);
#247=FACE_OUTER_BOUND('',#388,.T.);
#248=FACE_OUTER_BOUND('',#389,.T.);
#249=FACE_OUTER_BOUND('',#390,.T.);
#250=FACE_OUTER_BOUND('',#391,.T.);
#251=FACE_OUTER_BOUND('',#392,.T.);
#252=FACE_OUTER_BOUND('',#393,.T.);
#253=FACE_OUTER_BOUND('',#394,.T.);
#254=FACE_OUTER_BOUND('',#395,.T.);
#255=FACE_OUTER_BOUND('',#396,.T.);
#256=FACE_OUTER_BOUND('',#397,.T.);
#257=FACE_OUTER_BOUND('',#398,.T.);
#258=FACE_OUTER_BOUND('',#399,.T.);
#259=FACE_OUTER_BOUND('',#400,.T.);
#260=FACE_OUTER_BOUND('',#401,.T.);
#261=FACE_OUTER_BOUND('',#402,.T.);
#262=FACE_OUTER_BOUND('',#403,.T.);
#263=FACE_OUTER_BOUND('',#404,.T.);
#264=FACE_OUTER_BOUND('',#405,.T.);
#265=FACE_OUTER_BOUND('',#406,.T.);
#266=FACE_OUTER_BOUND('',#407,.T.);
#267=FACE_OUTER_BOUND('',#408,.T.);
#268=FACE_OUTER_BOUND('',#409,.T.);
#269=FACE_OUTER_BOUND('',#410,.T.);
#270=FACE_OUTER_BOUND('',#411,.T.);
#271=FACE_OUTER_BOUND('',#412,.T.);
#272=FACE_OUTER_BOUND('',#413,.T.);
#273=FACE_OUTER_BOUND('',#414,.T.);
#274=FACE_OUTER_BOUND('',#415,.T.);
#275=FACE_OUTER_BOUND('',#416,.T.);
#276=FACE_OUTER_BOUND('',#417,.T.);
#277=FACE_OUTER_BOUND('',#418,.T.);
#278=FACE_OUTER_BOUND('',#419,.T.);
#279=FACE_OUTER_BOUND('',#420,.T.);
#280=FACE_OUTER_BOUND('',#421,.T.);
#281=FACE_OUTER_BOUND('',#422,.T.);
#282=FACE_OUTER_BOUND('',#423,.T.);
#283=FACE_OUTER_BOUND('',#424,.T.);
#284=FACE_OUTER_BOUND('',#425,.T.);
#285=FACE_OUTER_BOUND('',#426,.T.);
#286=FACE_OUTER_BOUND('',#427,.T.);
#287=FACE_OUTER_BOUND('',#428,.T.);
#288=FACE_OUTER_BOUND('',#429,.T.);
#289=FACE_OUTER_BOUND('',#430,.T.);
#290=FACE_OUTER_BOUND('',#431,.T.);
#291=FACE_OUTER_BOUND('',#432,.T.);
#292=FACE_OUTER_BOUND('',#433,.T.);
#293=EDGE_LOOP('',(#1550,#1551,#1552,#1553));
#294=EDGE_LOOP('',(#1554,#1555,#1556,#1557));
#295=EDGE_LOOP('',(#1558,#1559,#1560,#1561));
#296=EDGE_LOOP('',(#1562,#1563,#1564,#1565));
#297=EDGE_LOOP('',(#1566,#1567,#1568,#1569));
#298=EDGE_LOOP('',(#1570,#1571,#1572,#1573));
#299=EDGE_LOOP('',(#1574,#1575,#1576,#1577,#1578));
#300=EDGE_LOOP('',(#1579,#1580,#1581,#1582));
#301=EDGE_LOOP('',(#1583,#1584,#1585,#1586));
#302=EDGE_LOOP('',(#1587,#1588,#1589,#1590));
#303=EDGE_LOOP('',(#1591,#1592,#1593,#1594));
#304=EDGE_LOOP('',(#1595,#1596,#1597,#1598));
#305=EDGE_LOOP('',(#1599,#1600,#1601,#1602));
#306=EDGE_LOOP('',(#1603,#1604,#1605,#1606,#1607));
#307=EDGE_LOOP('',(#1608,#1609,#1610,#1611));
#308=EDGE_LOOP('',(#1612,#1613,#1614,#1615,#1616,#1617));
#309=EDGE_LOOP('',(#1618,#1619,#1620,#1621,#1622,#1623,#1624));
#310=EDGE_LOOP('',(#1625,#1626,#1627,#1628,#1629));
#311=EDGE_LOOP('',(#1630,#1631,#1632,#1633));
#312=EDGE_LOOP('',(#1634,#1635,#1636,#1637,#1638,#1639,#1640));
#313=EDGE_LOOP('',(#1641,#1642,#1643,#1644,#1645,#1646,#1647,#1648,#1649));
#314=EDGE_LOOP('',(#1650,#1651,#1652));
#315=EDGE_LOOP('',(#1653,#1654,#1655,#1656,#1657,#1658,#1659));
#316=EDGE_LOOP('',(#1660,#1661,#1662,#1663));
#317=EDGE_LOOP('',(#1664,#1665,#1666,#1667));
#318=EDGE_LOOP('',(#1668,#1669,#1670,#1671,#1672,#1673,#1674,#1675,#1676,
#1677,#1678,#1679));
#319=EDGE_LOOP('',(#1680,#1681,#1682,#1683));
#320=EDGE_LOOP('',(#1684,#1685,#1686,#1687,#1688,#1689));
#321=EDGE_LOOP('',(#1690,#1691,#1692,#1693,#1694,#1695));
#322=EDGE_LOOP('',(#1696,#1697,#1698,#1699,#1700,#1701,#1702));
#323=EDGE_LOOP('',(#1703,#1704,#1705,#1706));
#324=EDGE_LOOP('',(#1707,#1708,#1709,#1710,#1711));
#325=EDGE_LOOP('',(#1712,#1713,#1714,#1715,#1716,#1717,#1718,#1719));
#326=EDGE_LOOP('',(#1720,#1721,#1722));
#327=EDGE_LOOP('',(#1723,#1724,#1725));
#328=EDGE_LOOP('',(#1726,#1727,#1728));
#329=EDGE_LOOP('',(#1729,#1730,#1731,#1732,#1733));
#330=EDGE_LOOP('',(#1734,#1735,#1736,#1737));
#331=EDGE_LOOP('',(#1738,#1739,#1740));
#332=EDGE_LOOP('',(#1741,#1742,#1743,#1744,#1745));
#333=EDGE_LOOP('',(#1746,#1747,#1748,#1749));
#334=EDGE_LOOP('',(#1750,#1751,#1752));
#335=EDGE_LOOP('',(#1753,#1754,#1755,#1756,#1757));
#336=EDGE_LOOP('',(#1758,#1759,#1760,#1761,#1762));
#337=EDGE_LOOP('',(#1763,#1764,#1765,#1766));
#338=EDGE_LOOP('',(#1767,#1768,#1769,#1770));
#339=EDGE_LOOP('',(#1771,#1772,#1773,#1774,#1775,#1776));
#340=EDGE_LOOP('',(#1777,#1778,#1779,#1780));
#341=EDGE_LOOP('',(#1781,#1782,#1783,#1784,#1785));
#342=EDGE_LOOP('',(#1786,#1787,#1788,#1789,#1790));
#343=EDGE_LOOP('',(#1791,#1792,#1793,#1794));
#344=EDGE_LOOP('',(#1795,#1796,#1797,#1798));
#345=EDGE_LOOP('',(#1799,#1800,#1801,#1802,#1803,#1804));
#346=EDGE_LOOP('',(#1805,#1806,#1807,#1808,#1809,#1810,#1811));
#347=EDGE_LOOP('',(#1812,#1813,#1814,#1815,#1816,#1817,#1818,#1819));
#348=EDGE_LOOP('',(#1820,#1821,#1822,#1823));
#349=EDGE_LOOP('',(#1824,#1825,#1826,#1827,#1828,#1829,#1830));
#350=EDGE_LOOP('',(#1831,#1832,#1833,#1834));
#351=EDGE_LOOP('',(#1835,#1836,#1837,#1838,#1839,#1840,#1841,#1842,#1843));
#352=EDGE_LOOP('',(#1844,#1845,#1846,#1847,#1848,#1849,#1850,#1851,#1852));
#353=EDGE_LOOP('',(#1853,#1854,#1855,#1856,#1857,#1858,#1859));
#354=EDGE_LOOP('',(#1860,#1861,#1862,#1863,#1864,#1865,#1866,#1867,#1868,
#1869));
#355=EDGE_LOOP('',(#1870,#1871,#1872,#1873,#1874,#1875));
#356=EDGE_LOOP('',(#1876,#1877,#1878,#1879));
#357=EDGE_LOOP('',(#1880,#1881,#1882,#1883,#1884));
#358=EDGE_LOOP('',(#1885,#1886,#1887));
#359=EDGE_LOOP('',(#1888,#1889,#1890,#1891,#1892));
#360=EDGE_LOOP('',(#1893,#1894,#1895,#1896,#1897,#1898,#1899,#1900,#1901,
#1902,#1903,#1904,#1905,#1906,#1907,#1908,#1909,#1910,#1911,#1912));
#361=EDGE_LOOP('',(#1913,#1914,#1915,#1916,#1917,#1918,#1919));
#362=EDGE_LOOP('',(#1920,#1921,#1922,#1923));
#363=EDGE_LOOP('',(#1924,#1925,#1926,#1927,#1928));
#364=EDGE_LOOP('',(#1929,#1930,#1931,#1932,#1933,#1934,#1935,#1936));
#365=EDGE_LOOP('',(#1937,#1938,#1939,#1940,#1941,#1942));
#366=EDGE_LOOP('',(#1943,#1944,#1945,#1946,#1947));
#367=EDGE_LOOP('',(#1948,#1949,#1950,#1951));
#368=EDGE_LOOP('',(#1952,#1953,#1954,#1955));
#369=EDGE_LOOP('',(#1956,#1957,#1958,#1959,#1960,#1961,#1962,#1963,#1964));
#370=EDGE_LOOP('',(#1965,#1966,#1967,#1968,#1969,#1970,#1971));
#371=EDGE_LOOP('',(#1972,#1973,#1974,#1975));
#372=EDGE_LOOP('',(#1976,#1977,#1978,#1979,#1980,#1981,#1982,#1983,#1984,
#1985,#1986));
#373=EDGE_LOOP('',(#1987,#1988,#1989,#1990));
#374=EDGE_LOOP('',(#1991,#1992,#1993));
#375=EDGE_LOOP('',(#1994,#1995,#1996,#1997,#1998,#1999,#2000));
#376=EDGE_LOOP('',(#2001,#2002,#2003));
#377=EDGE_LOOP('',(#2004,#2005,#2006));
#378=EDGE_LOOP('',(#2007,#2008,#2009,#2010,#2011));
#379=EDGE_LOOP('',(#2012,#2013,#2014,#2015));
#380=EDGE_LOOP('',(#2016,#2017,#2018,#2019));
#381=EDGE_LOOP('',(#2020,#2021,#2022,#2023,#2024,#2025));
#382=EDGE_LOOP('',(#2026,#2027,#2028,#2029));
#383=EDGE_LOOP('',(#2030,#2031,#2032,#2033));
#384=EDGE_LOOP('',(#2034,#2035,#2036));
#385=EDGE_LOOP('',(#2037,#2038,#2039,#2040,#2041));
#386=EDGE_LOOP('',(#2042,#2043,#2044));
#387=EDGE_LOOP('',(#2045,#2046,#2047,#2048,#2049));
#388=EDGE_LOOP('',(#2050,#2051,#2052,#2053,#2054));
#389=EDGE_LOOP('',(#2055,#2056,#2057,#2058));
#390=EDGE_LOOP('',(#2059,#2060,#2061,#2062));
#391=EDGE_LOOP('',(#2063,#2064,#2065,#2066,#2067,#2068));
#392=EDGE_LOOP('',(#2069,#2070,#2071,#2072,#2073,#2074));
#393=EDGE_LOOP('',(#2075,#2076,#2077,#2078));
#394=EDGE_LOOP('',(#2079,#2080,#2081,#2082,#2083,#2084,#2085,#2086));
#395=EDGE_LOOP('',(#2087,#2088,#2089,#2090));
#396=EDGE_LOOP('',(#2091,#2092,#2093,#2094,#2095));
#397=EDGE_LOOP('',(#2096,#2097,#2098,#2099,#2100,#2101,#2102));
#398=EDGE_LOOP('',(#2103,#2104,#2105,#2106));
#399=EDGE_LOOP('',(#2107,#2108,#2109,#2110,#2111,#2112,#2113));
#400=EDGE_LOOP('',(#2114,#2115,#2116));
#401=EDGE_LOOP('',(#2117,#2118,#2119,#2120,#2121,#2122,#2123,#2124,#2125,
#2126));
#402=EDGE_LOOP('',(#2127,#2128,#2129,#2130,#2131));
#403=EDGE_LOOP('',(#2132,#2133,#2134,#2135,#2136,#2137));
#404=EDGE_LOOP('',(#2138,#2139,#2140,#2141,#2142));
#405=EDGE_LOOP('',(#2143,#2144,#2145,#2146,#2147));
#406=EDGE_LOOP('',(#2148,#2149,#2150,#2151,#2152));
#407=EDGE_LOOP('',(#2153,#2154,#2155));
#408=EDGE_LOOP('',(#2156,#2157,#2158,#2159,#2160));
#409=EDGE_LOOP('',(#2161,#2162,#2163,#2164,#2165));
#410=EDGE_LOOP('',(#2166,#2167,#2168,#2169,#2170,#2171,#2172,#2173));
#411=EDGE_LOOP('',(#2174,#2175,#2176,#2177,#2178,#2179,#2180,#2181,#2182,
#2183,#2184,#2185,#2186,#2187,#2188));
#412=EDGE_LOOP('',(#2189,#2190,#2191,#2192,#2193,#2194,#2195));
#413=EDGE_LOOP('',(#2196,#2197,#2198,#2199));
#414=EDGE_LOOP('',(#2200,#2201,#2202,#2203));
#415=EDGE_LOOP('',(#2204,#2205,#2206,#2207,#2208,#2209));
#416=EDGE_LOOP('',(#2210,#2211,#2212,#2213,#2214,#2215,#2216));
#417=EDGE_LOOP('',(#2217,#2218,#2219,#2220,#2221,#2222));
#418=EDGE_LOOP('',(#2223,#2224,#2225,#2226));
#419=EDGE_LOOP('',(#2227,#2228,#2229,#2230,#2231,#2232,#2233,#2234,#2235,
#2236,#2237,#2238,#2239,#2240,#2241,#2242));
#420=EDGE_LOOP('',(#2243,#2244,#2245,#2246,#2247,#2248,#2249));
#421=EDGE_LOOP('',(#2250,#2251,#2252,#2253,#2254,#2255,#2256,#2257,#2258));
#422=EDGE_LOOP('',(#2259,#2260,#2261,#2262,#2263,#2264,#2265));
#423=EDGE_LOOP('',(#2266,#2267,#2268,#2269,#2270,#2271,#2272,#2273,#2274));
#424=EDGE_LOOP('',(#2275,#2276,#2277,#2278,#2279,#2280,#2281,#2282,#2283,
#2284));
#425=EDGE_LOOP('',(#2285,#2286,#2287,#2288));
#426=EDGE_LOOP('',(#2289,#2290,#2291,#2292,#2293,#2294,#2295,#2296,#2297));
#427=EDGE_LOOP('',(#2298,#2299,#2300,#2301,#2302));
#428=EDGE_LOOP('',(#2303,#2304,#2305,#2306,#2307));
#429=EDGE_LOOP('',(#2308,#2309,#2310));
#430=EDGE_LOOP('',(#2311,#2312,#2313,#2314,#2315));
#431=EDGE_LOOP('',(#2316,#2317,#2318,#2319,#2320));
#432=EDGE_LOOP('',(#2321,#2322,#2323,#2324,#2325,#2326,#2327,#2328,#2329));
#433=EDGE_LOOP('',(#2330,#2331,#2332,#2333,#2334,#2335,#2336,#2337,#2338,
#2339));
#434=CIRCLE('',#2524,8.7595);
#435=CIRCLE('',#2528,10.14625);
#436=CIRCLE('',#2533,8.7595);
#437=CIRCLE('',#2537,10.14625);
#438=CIRCLE('',#2544,10.14625);
#439=CIRCLE('',#2550,10.14625);
#440=CIRCLE('',#2558,11.1);
#441=CIRCLE('',#2559,11.5);
#442=CIRCLE('',#2562,11.1);
#443=CIRCLE('',#2563,11.5);
#444=CIRCLE('',#2564,11.5);
#445=CIRCLE('',#2569,11.5);
#446=CIRCLE('',#2570,11.1);
#447=CIRCLE('',#2577,11.5);
#448=CIRCLE('',#2578,11.1);
#449=CIRCLE('',#2585,10.14625);
#450=CIRCLE('',#2589,11.5);
#451=CIRCLE('',#2590,11.5);
#452=CIRCLE('',#2591,11.5);
#453=CIRCLE('',#2592,11.5);
#454=CIRCLE('',#2593,11.5);
#455=CIRCLE('',#2596,10.14625);
#456=CIRCLE('',#2601,10.14625);
#457=CIRCLE('',#2608,11.1);
#458=CIRCLE('',#2616,11.1);
#459=CIRCLE('',#2621,11.1);
#460=CIRCLE('',#2623,11.1);
#461=CIRCLE('',#2635,7.5);
#462=CIRCLE('',#2636,7.5);
#463=CIRCLE('',#2638,8.7595);
#464=CIRCLE('',#2639,8.7595);
#465=CIRCLE('',#2642,8.7595);
#466=CIRCLE('',#2643,8.7595);
#467=CIRCLE('',#2645,10.14625);
#468=CIRCLE('',#2654,10.14625);
#469=CIRCLE('',#2656,10.14625);
#470=B_SPLINE_CURVE_WITH_KNOTS('',3,(#3035,#3036,#3037,#3038,#3039,#3040,
#3041,#3042,#3043,#3044),.UNSPECIFIED.,.F.,.F.,(4,1,1,1,1,1,1,4),(0.571147910423781,
1.22644473560756,1.88174156079133,2.53703838597511,3.19233521115889,3.6291997612814,
4.06606431140392,4.09861744787064),.UNSPECIFIED.);
#471=B_SPLINE_CURVE_WITH_KNOTS('',3,(#3047,#3048,#3049,#3050,#3051,#3052,
#3053,#3054,#3055,#3056,#3057,#3058,#3059),.UNSPECIFIED.,.F.,.F.,(4,1,1,
1,1,1,1,1,1,1,4),(21.231720937253,21.4767388548705,21.9295852592633,22.382431663656,
22.8352780680488,23.0050954696961,23.1749128713433,23.5145476746379,24.193817281227,
24.8730868878162,24.8893455139938),.UNSPECIFIED.);
#472=B_SPLINE_CURVE_WITH_KNOTS('',3,(#3064,#3065,#3066,#3067,#3068,#3069,
#3070,#3071,#3072,#3073,#3074,#3075,#3076,#3077),.UNSPECIFIED.,.F.,.F.,
(4,1,1,1,1,1,1,1,1,1,1,4),(4.09861744787064,4.50292886152644,5.15822568671022,
5.81352251189399,6.46881933707777,7.12411616226155,7.56098071238407,7.99784526250658,
8.4347098126291,9.01719587945913,9.30843891287414,9.62532665652272),
 .UNSPECIFIED.);
#473=B_SPLINE_CURVE_WITH_KNOTS('',3,(#3078,#3079,#3080,#3081,#3082,#3083,
#3084,#3085,#3086,#3087,#3088,#3089,#3090,#3091),.UNSPECIFIED.,.F.,.F.,
(4,1,1,1,1,1,1,1,1,1,1,4),(15.7048653839263,16.0425820021575,16.4954284065502,
17.0992236124072,17.4011212153357,17.8539676197285,18.3068140241212,18.759660428514,
19.4389300351031,20.1181996416923,20.7974692482814,21.231720937253),
 .UNSPECIFIED.);
#474=B_SPLINE_CURVE_WITH_KNOTS('',3,(#3097,#3098,#3099,#3100,#3101,#3102,
#3103,#3104,#3105,#3106,#3107,#3108),.UNSPECIFIED.,.F.,.F.,(4,1,1,1,1,1,
1,1,1,4),(6.53280750990962,7.21207711649876,7.89134672308789,8.57061632967702,
8.91025113297158,9.08006853461887,9.24988593626615,9.7027323406589,10.1555787450517,
10.1781789628794),.UNSPECIFIED.);
#475=B_SPLINE_CURVE_WITH_KNOTS('',3,(#3110,#3111,#3112,#3113),
 .UNSPECIFIED.,.F.,.F.,(4,4),(0.0264772717109584,0.0347222896161878),
 .UNSPECIFIED.);
#476=B_SPLINE_CURVE_WITH_KNOTS('',3,(#3114,#3115,#3116,#3117,#3118,#3119,
#3120,#3121,#3122,#3123),.UNSPECIFIED.,.F.,.F.,(4,1,1,1,1,1,1,4),(15.1520991955065,
15.4245426145894,15.8614071647119,16.2982717148344,16.9535685400182,17.608865365202,
18.2641621903858,18.803565255657),.UNSPECIFIED.);
#477=B_SPLINE_CURVE_WITH_KNOTS('',3,(#3129,#3130,#3131,#3132),
 .UNSPECIFIED.,.F.,.F.,(4,4),(30.9853434257138,31.3828404392643),
 .UNSPECIFIED.);
#478=B_SPLINE_CURVE_WITH_KNOTS('',3,(#3135,#3136,#3137,#3138,#3139,#3140,
#3141),.UNSPECIFIED.,.F.,.F.,(4,3,4),(3.2226532958274,3.95820902087163,
4.74505975368535),.UNSPECIFIED.);
#479=B_SPLINE_CURVE_WITH_KNOTS('',3,(#3146,#3147,#3148,#3149,#3150,#3151,
#3152,#3153,#3154,#3155,#3156,#3157,#3158,#3159,#3160,#3161,#3162,#3163,
#3164,#3165,#3166,#3167,#3168,#3169,#3170,#3171,#3172,#3173,#3174,#3175,
#3176,#3177,#3178,#3179,#3180,#3181,#3182,#3183,#3184,#3185,#3186,#3187,
#3188,#3189,#3190,#3191),.UNSPECIFIED.,.F.,.F.,(4,3,3,3,3,3,3,3,3,3,3,3,
3,3,3,4),(24.585374127146,24.9852786742579,25.4118005941417,25.8383225140255,
26.2648444339093,26.8335403270876,27.402236220266,27.9709321134444,28.3974540333281,
28.8239759532119,29.2504978730957,29.6770197929795,30.1035417128632,30.530063632747,
30.9565855526308,30.9853434257138),.UNSPECIFIED.);
#480=B_SPLINE_CURVE_WITH_KNOTS('',3,(#3192,#3193,#3194,#3195,#3196,#3197,
#3198,#3199,#3200,#3201,#3202,#3203,#3204,#3205,#3206,#3207,#3208,#3209,
#3210,#3211,#3212,#3213,#3214,#3215,#3216,#3217,#3218,#3219,#3220,#3221,
#3222,#3223,#3224,#3225,#3226,#3227,#3228,#3229,#3230,#3231,#3232,#3233,
#3234),.UNSPECIFIED.,.F.,.F.,(4,3,3,3,3,3,3,3,3,3,3,3,3,3,4),(4.74505975368535,
4.80129784264021,5.36329531642029,5.92529279020036,6.48729026398044,6.9087883693155,
7.33028647465055,7.7517845799856,8.17328268532066,8.73528015910073,9.2972776328808,
9.85927510666087,10.421272580441,10.983270054221,11.1450312834864),
 .UNSPECIFIED.);
#481=B_SPLINE_CURVE_WITH_KNOTS('',3,(#3239,#3240,#3241,#3242,#3243,#3244,
#3245,#3246,#3247,#3248,#3249,#3250,#3251,#3252,#3253,#3254,#3255,#3256,
#3257,#3258,#3259,#3260,#3261,#3262,#3263,#3264,#3265,#3266,#3267,#3268,
#3269,#3270,#3271,#3272,#3273,#3274,#3275,#3276,#3277,#3278,#3279,#3280,
#3281),.UNSPECIFIED.,.F.,.F.,(4,3,3,3,3,3,3,3,3,3,3,3,3,3,4),(18.1853290605982,
18.3030275553625,18.8717301811712,19.4404328069799,20.0091354327887,20.7674056005337,
21.1465406844062,21.7152433102149,22.2839459360236,22.8526485618324,23.2791755311889,
23.7057025005455,24.132229469902,24.5587564392586,24.585374127146),
 .UNSPECIFIED.);
#482=B_SPLINE_CURVE_WITH_KNOTS('',3,(#3282,#3283,#3284,#3285,#3286,#3287,
#3288,#3289,#3290,#3291,#3292,#3293,#3294,#3295,#3296,#3297,#3298,#3299,
#3300,#3301,#3302,#3303,#3304,#3305,#3306,#3307,#3308,#3309,#3310,#3311,
#3312,#3313,#3314,#3315,#3316,#3317,#3318,#3319,#3320,#3321),
 .UNSPECIFIED.,.F.,.F.,(4,3,3,3,3,3,3,3,3,3,3,3,3,4),(11.1450312834864,
11.5452724651346,12.1072768714615,12.6692812777885,13.2312856841154,13.7932900904424,
14.5426292988783,14.9172989030963,15.4793033094232,16.0413077157502,16.6033121220771,
17.0248154268223,17.4463187315676,17.5450817609055),.UNSPECIFIED.);
#483=B_SPLINE_CURVE_WITH_KNOTS('',3,(#3327,#3328,#3329,#3330,#3331,#3332,
#3333,#3334,#3335,#3336),.UNSPECIFIED.,.F.,.F.,(4,3,3,4),(23.9451997017091,
24.1904484293054,24.6119678173707,25.0334872054275),.UNSPECIFIED.);
#484=B_SPLINE_CURVE_WITH_KNOTS('',3,(#3338,#3339,#3340,#3341),
 .UNSPECIFIED.,.F.,.F.,(4,4),(-0.005103925547755,0.),.UNSPECIFIED.);
#485=B_SPLINE_CURVE_WITH_KNOTS('',3,(#3344,#3345,#3346,#3347,#3348,#3349,
#3350,#3351,#3352,#3353),.UNSPECIFIED.,.F.,.F.,(4,3,3,4),(10.6933795630959,
10.9097882618772,11.4785141879698,11.7852147024181),.UNSPECIFIED.);
#486=B_SPLINE_CURVE_WITH_KNOTS('',3,(#3359,#3360,#3361,#3362,#3363,#3364,
#3365,#3366,#3367,#3368),.UNSPECIFIED.,.F.,.F.,(4,1,1,1,1,1,1,4),(0.571147910423889,
1.22644473560766,1.88174156079144,2.53703838597521,3.19233521115898,3.6291997612815,
4.06606431140402,4.09861744787075),.UNSPECIFIED.);
#487=B_SPLINE_CURVE_WITH_KNOTS('',3,(#3371,#3372,#3373,#3374,#3375,#3376,
#3377,#3378,#3379,#3380,#3381,#3382,#3383),.UNSPECIFIED.,.F.,.F.,(4,1,1,
1,1,1,1,1,1,1,4),(21.2317224697986,21.4767388548705,21.9295852592632,22.382431663656,
22.8352780680487,23.005095469696,23.1749128713433,23.5145476746379,24.193817281227,
24.8730868878161,24.8893151243692),.UNSPECIFIED.);
#488=B_SPLINE_CURVE_WITH_KNOTS('',3,(#3388,#3389,#3390,#3391,#3392,#3393,
#3394,#3395,#3396,#3397,#3398,#3399,#3400,#3401),.UNSPECIFIED.,.F.,.F.,
(4,1,1,1,1,1,1,1,1,1,1,4),(4.09861744787075,4.50292886152653,5.15822568671031,
5.81352251189408,6.46881933707786,7.12411616226163,7.56098071238415,7.99784526250666,
8.43470981262918,9.0171958794592,9.30843891287421,9.62532665652281),
 .UNSPECIFIED.);
#489=B_SPLINE_CURVE_WITH_KNOTS('',3,(#3402,#3403,#3404,#3405,#3406,#3407,
#3408,#3409,#3410,#3411,#3412,#3413,#3414,#3415,#3416),.UNSPECIFIED.,.F.,
 .F.,(4,1,1,1,1,1,1,1,1,1,1,1,4),(15.7049179267186,16.0425820021574,16.4954284065502,
16.7973260094787,17.4011212153357,17.6275444175321,17.8539676197284,18.3068140241212,
18.759660428514,19.4389300351031,20.1181996416922,20.7974692482813,21.2317224697986),
 .UNSPECIFIED.);
#490=B_SPLINE_CURVE_WITH_KNOTS('',3,(#3422,#3423,#3424,#3425,#3426,#3427,
#3428,#3429,#3430,#3431),.UNSPECIFIED.,.F.,.F.,(4,1,1,1,1,1,1,4),(6.53280750990959,
7.21207711649872,7.89134672308785,8.57061632967698,9.24988593626611,9.70273234065887,
10.1555787450516,10.1780855654587),.UNSPECIFIED.);
#491=B_SPLINE_CURVE_WITH_KNOTS('',3,(#3433,#3434,#3435,#3436),
 .UNSPECIFIED.,.F.,.F.,(4,4),(0.026477271710998,0.0347222896162476),
 .UNSPECIFIED.);
#492=B_SPLINE_CURVE_WITH_KNOTS('',3,(#3437,#3438,#3439,#3440,#3441,#3442,
#3443,#3444,#3445,#3446),.UNSPECIFIED.,.F.,.F.,(4,1,1,1,1,1,1,4),(15.1520991955065,
15.4245426145894,15.861407164712,16.2982717148345,16.9535685400182,17.608865365202,
18.2641621903858,18.8035652556571),.UNSPECIFIED.);
#493=B_SPLINE_CURVE_WITH_KNOTS('',3,(#3452,#3453,#3454,#3455),
 .UNSPECIFIED.,.F.,.F.,(4,4),(30.9853434257138,31.3828404392643),
 .UNSPECIFIED.);
#494=B_SPLINE_CURVE_WITH_KNOTS('',3,(#3458,#3459,#3460,#3461,#3462,#3463,
#3464,#3465,#3466,#3467,#3468,#3469,#3470),.UNSPECIFIED.,.F.,.F.,(4,3,3,
3,4),(3.22265329582754,3.53666130003043,3.95820902087178,4.37975674171313,
4.74505975368548),.UNSPECIFIED.);
#495=B_SPLINE_CURVE_WITH_KNOTS('',3,(#3475,#3476,#3477,#3478,#3479,#3480,
#3481,#3482,#3483,#3484,#3485,#3486,#3487,#3488,#3489,#3490,#3491,#3492,
#3493,#3494,#3495,#3496,#3497,#3498,#3499,#3500,#3501,#3502,#3503,#3504,
#3505,#3506,#3507,#3508,#3509,#3510,#3511,#3512,#3513,#3514,#3515,#3516,
#3517,#3518,#3519,#3520),.UNSPECIFIED.,.F.,.F.,(4,3,3,3,3,3,3,3,3,3,3,3,
3,3,3,4),(24.585374127146,24.9852786742579,25.4118005941417,25.8383225140255,
26.2648444339092,26.8335403270876,27.402236220266,27.9709321134443,28.3974540333281,
28.8239759532119,29.2504978730957,29.6770197929794,30.1035417128632,30.530063632747,
30.9565855526308,30.9853434257138),.UNSPECIFIED.);
#496=B_SPLINE_CURVE_WITH_KNOTS('',3,(#3521,#3522,#3523,#3524,#3525,#3526,
#3527,#3528,#3529,#3530,#3531,#3532,#3533,#3534,#3535,#3536,#3537,#3538,
#3539,#3540,#3541,#3542,#3543,#3544,#3545,#3546,#3547,#3548,#3549,#3550,
#3551,#3552,#3553,#3554,#3555,#3556,#3557,#3558,#3559,#3560,#3561,#3562,
#3563),.UNSPECIFIED.,.F.,.F.,(4,3,3,3,3,3,3,3,3,3,3,3,3,3,4),(4.74505975368548,
4.80129784264037,5.36329531642043,6.20629152709053,6.48729026398057,6.90878836931563,
7.33028647465068,7.75178457998572,8.17328268532079,8.73528015910086,9.29727763288093,
10.046607597921,10.4212725804411,10.9832700542211,11.1450312834865),
 .UNSPECIFIED.);
#497=B_SPLINE_CURVE_WITH_KNOTS('',3,(#3568,#3569,#3570,#3571,#3572,#3573,
#3574,#3575,#3576,#3577,#3578,#3579,#3580,#3581,#3582,#3583,#3584,#3585,
#3586,#3587,#3588,#3589,#3590,#3591,#3592,#3593,#3594,#3595,#3596,#3597,
#3598,#3599,#3600,#3601,#3602,#3603,#3604,#3605,#3606,#3607,#3608,#3609,
#3610),.UNSPECIFIED.,.F.,.F.,(4,3,3,3,3,3,3,3,3,3,3,3,3,3,4),(18.1853290605982,
18.3030275553624,18.8717301811711,19.4404328069799,20.0091354327886,20.3882705166611,
21.1465406844061,21.7152433102149,22.2839459360236,22.8526485618323,23.2791755311889,
23.7057025005455,24.132229469902,24.5587564392586,24.585374127146),
 .UNSPECIFIED.);
#498=B_SPLINE_CURVE_WITH_KNOTS('',3,(#3611,#3612,#3613,#3614,#3615,#3616,
#3617,#3618,#3619,#3620,#3621,#3622,#3623,#3624,#3625,#3626,#3627,#3628,
#3629,#3630,#3631,#3632,#3633,#3634,#3635,#3636,#3637,#3638,#3639,#3640,
#3641,#3642,#3643,#3644,#3645,#3646,#3647,#3648,#3649,#3650),
 .UNSPECIFIED.,.F.,.F.,(4,3,3,3,3,3,3,3,3,3,3,3,3,4),(11.1450312834865,
11.5452724651347,12.1072768714616,12.6692812777886,13.2312856841155,13.7932900904425,
14.5426292988784,14.9172989030964,15.4793033094233,16.0413077157503,16.6033121220773,
17.0248154268225,17.4463187315677,17.5450817609056),.UNSPECIFIED.);
#499=B_SPLINE_CURVE_WITH_KNOTS('',3,(#3656,#3657,#3658,#3659,#3660,#3661,
#3662,#3663,#3664,#3665),.UNSPECIFIED.,.F.,.F.,(4,3,3,4),(23.9451997017092,
24.1904484293055,24.6119678173708,25.0334872054276),.UNSPECIFIED.);
#500=B_SPLINE_CURVE_WITH_KNOTS('',3,(#3667,#3668,#3669,#3670),
 .UNSPECIFIED.,.F.,.F.,(4,4),(-0.0051039255477557,0.),.UNSPECIFIED.);
#501=B_SPLINE_CURVE_WITH_KNOTS('',3,(#3673,#3674,#3675,#3676,#3677,#3678,
#3679,#3680,#3681,#3682),.UNSPECIFIED.,.F.,.F.,(4,3,3,4),(10.6933795630958,
10.9097882618771,11.4785141879698,11.785214702418),.UNSPECIFIED.);
#502=B_SPLINE_CURVE_WITH_KNOTS('',3,(#3688,#3689,#3690,#3691,#3692,#3693,
#3694),.UNSPECIFIED.,.F.,.F.,(4,3,4),(-0.116904534554294,-0.0639470904783187,
-0.052463117303267),.UNSPECIFIED.);
#503=B_SPLINE_CURVE_WITH_KNOTS('',3,(#3697,#3698,#3699,#3700,#3701,#3702),
 .UNSPECIFIED.,.F.,.F.,(4,2,4),(0.,0.0326810355772851,0.0646060765960766),
 .UNSPECIFIED.);
#504=B_SPLINE_CURVE_WITH_KNOTS('',3,(#3720,#3721,#3722,#3723),
 .UNSPECIFIED.,.F.,.F.,(4,4),(-0.16481076011325,-0.0303984357442924),
 .UNSPECIFIED.);
#505=B_SPLINE_CURVE_WITH_KNOTS('',3,(#3725,#3726,#3727,#3728),
 .UNSPECIFIED.,.F.,.F.,(4,4),(0.,0.0686893387833445),.UNSPECIFIED.);
#506=B_SPLINE_CURVE_WITH_KNOTS('',3,(#3730,#3731,#3732,#3733,#3734,#3735),
 .UNSPECIFIED.,.F.,.F.,(4,2,4),(-0.0148242730266879,-0.0116353128762974,
0.),.UNSPECIFIED.);
#507=B_SPLINE_CURVE_WITH_KNOTS('',3,(#3737,#3738,#3739,#3740),
 .UNSPECIFIED.,.F.,.F.,(4,4),(-0.00758508592065877,0.135032647414304),
 .UNSPECIFIED.);
#508=B_SPLINE_CURVE_WITH_KNOTS('',3,(#3741,#3742,#3743,#3744),
 .UNSPECIFIED.,.F.,.F.,(4,4),(-0.0602516045123026,-0.0594814706907884),
 .UNSPECIFIED.);
#509=B_SPLINE_CURVE_WITH_KNOTS('',3,(#3747,#3748,#3749,#3750,#3751,#3752,
#3753,#3754,#3755,#3756,#3757,#3758,#3759),.UNSPECIFIED.,.F.,.F.,(4,3,3,
3,4),(25.7372621324021,26.4504721511104,26.8070771604652,27.5202871791749,
28.2334971978845),.UNSPECIFIED.);
#510=B_SPLINE_CURVE_WITH_KNOTS('',3,(#3761,#3762,#3763,#3764),
 .UNSPECIFIED.,.F.,.F.,(4,4),(-0.00510392554780852,0.),.UNSPECIFIED.);
#511=B_SPLINE_CURVE_WITH_KNOTS('',3,(#3768,#3769,#3770,#3771),
 .UNSPECIFIED.,.F.,.F.,(4,4),(-0.0620908978621067,-0.0562692626726686),
 .UNSPECIFIED.);
#512=B_SPLINE_CURVE_WITH_KNOTS('',3,(#3772,#3773,#3774,#3775,#3776,#3777,
#3778,#3779,#3780,#3781,#3782,#3783,#3784,#3785,#3786,#3787,#3788,#3789,
#3790),.UNSPECIFIED.,.F.,.F.,(4,3,3,3,3,3,4),(7.49757098245425,7.92406488387584,
8.35055878532505,8.77705268677427,9.20354658822348,9.63004048967269,9.99367176539988),
 .UNSPECIFIED.);
#513=B_SPLINE_CURVE_WITH_KNOTS('',3,(#3820,#3821,#3822,#3823),
 .UNSPECIFIED.,.F.,.F.,(4,4),(-22.8691037570261,-22.2479164973585),
 .UNSPECIFIED.);
#514=B_SPLINE_CURVE_WITH_KNOTS('',3,(#3825,#3826,#3827,#3828,#3829,#3830,
#3831,#3832,#3833,#3834,#3835,#3836,#3837,#3838,#3839,#3840,#3841,#3842,
#3843,#3844,#3845,#3846,#3847,#3848,#3849,#3850,#3851,#3852,#3853,#3854,
#3855,#3856,#3857,#3858,#3859,#3860,#3861,#3862,#3863,#3864,#3865,#3866,
#3867,#3868,#3869,#3870,#3871,#3872,#3873,#3874,#3875,#3876,#3877,#3878,
#3879,#3880,#3881,#3882,#3883,#3884,#3885,#3886,#3887,#3888,#3889,#3890,
#3891,#3892,#3893,#3894,#3895,#3896,#3897,#3898,#3899,#3900,#3901,#3902,
#3903,#3904,#3905,#3906,#3907,#3908,#3909,#3910,#3911,#3912),
 .UNSPECIFIED.,.F.,.F.,(4,3,3,3,3,3,3,3,3,3,3,3,3,3,3,3,3,3,3,3,3,3,3,3,
3,3,3,3,3,4),(-4.6129606230514,-4.54431346525187,-4.48748227429885,-4.4187237026698,
-4.34940423356881,-4.3257138766616,-4.25655266253182,-4.18504172293227,
-4.15375568685748,-4.1349520975244,-4.126737686592,-4.05709678444308,-3.98677790065853,
-3.91630253469448,-3.84661373910351,-3.8060765907615,-3.78479180086328,
-3.77651516201037,-3.7056072817443,-3.68446514573549,-3.61520042296964,
-3.54455309067802,-3.4736651856915,-3.42381060156628,-3.41555635436862,
-3.34495394104604,-3.27345689137741,-3.20203571358958,-3.13159153624231,
-3.07482851268967),.UNSPECIFIED.);
#515=B_SPLINE_CURVE_WITH_KNOTS('',3,(#3913,#3914,#3915,#3916),
 .UNSPECIFIED.,.F.,.F.,(4,4),(-0.167572282705974,-0.0662962139443769),
 .UNSPECIFIED.);
#516=B_SPLINE_CURVE_WITH_KNOTS('',3,(#3934,#3935,#3936,#3937),
 .UNSPECIFIED.,.F.,.F.,(4,4),(-0.0316064412463662,-0.0213601981804087),
 .UNSPECIFIED.);
#517=B_SPLINE_CURVE_WITH_KNOTS('',3,(#3938,#3939,#3940,#3941,#3942,#3943,
#3944,#3945,#3946,#3947,#3948,#3949,#3950,#3951,#3952,#3953,#3954,#3955,
#3956,#3957,#3958,#3959,#3960,#3961,#3962,#3963,#3964,#3965),
 .UNSPECIFIED.,.F.,.F.,(4,3,3,3,3,3,3,3,3,4),(-0.625936467720433,-0.577739666223503,
-0.529119400904661,-0.519798500471392,-0.347081729865454,-0.294074051969132,
-0.24098400268084,-0.188147619378148,-0.173815318861257,0.),
 .UNSPECIFIED.);
#518=B_SPLINE_CURVE_WITH_KNOTS('',3,(#3999,#4000,#4001,#4002,#4003,#4004),
 .UNSPECIFIED.,.F.,.F.,(4,2,4),(0.0531836493184522,0.143482117629228,0.182666280951832),
 .UNSPECIFIED.);
#519=B_SPLINE_CURVE_WITH_KNOTS('',3,(#4006,#4007,#4008,#4009,#4010,#4011),
 .UNSPECIFIED.,.F.,.F.,(4,2,4),(0.,0.0304378489214851,0.0597720322271791),
 .UNSPECIFIED.);
#520=B_SPLINE_CURVE_WITH_KNOTS('',3,(#4013,#4014,#4015,#4016),
 .UNSPECIFIED.,.F.,.F.,(4,4),(0.00124582749278967,0.0184261465209289),
 .UNSPECIFIED.);
#521=B_SPLINE_CURVE_WITH_KNOTS('',3,(#4018,#4019,#4020,#4021),
 .UNSPECIFIED.,.F.,.F.,(4,4),(-0.0421479413338416,0.),.UNSPECIFIED.);
#522=B_SPLINE_CURVE_WITH_KNOTS('',3,(#4022,#4023,#4024,#4025,#4026,#4027,
#4028,#4029),.UNSPECIFIED.,.F.,.F.,(4,2,2,4),(-0.147426446283977,-0.143482117629228,
-0.00980468057064639,-0.00489866943538883),.UNSPECIFIED.);
#523=B_SPLINE_CURVE_WITH_KNOTS('',3,(#4032,#4033,#4034,#4035,#4036,#4037,
#4038,#4039,#4040,#4041,#4042,#4043,#4044,#4045,#4046,#4047,#4048,#4049,
#4050),.UNSPECIFIED.,.F.,.F.,(4,3,3,3,3,3,4),(-1.40806550647856,-1.33404263216133,
-1.25967630976121,-1.18566019234889,-1.11282615917716,-1.05638344698699,
-1.04833121641794),.UNSPECIFIED.);
#524=B_SPLINE_CURVE_WITH_KNOTS('',3,(#4058,#4059,#4060,#4061),
 .UNSPECIFIED.,.F.,.F.,(4,4),(12.427821822115,12.6276656429861),
 .UNSPECIFIED.);
#525=B_SPLINE_CURVE_WITH_KNOTS('',3,(#4063,#4064,#4065,#4066),
 .UNSPECIFIED.,.F.,.F.,(4,4),(12.3915798347331,12.427821822115),
 .UNSPECIFIED.);
#526=B_SPLINE_CURVE_WITH_KNOTS('',3,(#4067,#4068,#4069,#4070),
 .UNSPECIFIED.,.F.,.F.,(4,4),(0.,0.0019162660917156),.UNSPECIFIED.);
#527=B_SPLINE_CURVE_WITH_KNOTS('',3,(#4087,#4088,#4089,#4090),
 .UNSPECIFIED.,.F.,.F.,(4,4),(3.22265329582747,3.60420825343828),
 .UNSPECIFIED.);
#528=B_SPLINE_CURVE_WITH_KNOTS('',3,(#4108,#4109,#4110,#4111),
 .UNSPECIFIED.,.F.,.F.,(4,4),(-0.167587336126605,-0.0114962886139366),
 .UNSPECIFIED.);
#529=B_SPLINE_CURVE_WITH_KNOTS('',3,(#4113,#4114,#4115,#4116,#4117,#4118,
#4119),.UNSPECIFIED.,.F.,.F.,(4,3,4),(-0.0363344118030926,-0.0181623939881224,
0.),.UNSPECIFIED.);
#530=B_SPLINE_CURVE_WITH_KNOTS('',3,(#4121,#4122,#4123,#4124),
 .UNSPECIFIED.,.F.,.F.,(4,4),(0.0295246332903053,0.0332246858626389),
 .UNSPECIFIED.);
#531=B_SPLINE_CURVE_WITH_KNOTS('',3,(#4126,#4127,#4128,#4129),
 .UNSPECIFIED.,.F.,.F.,(4,4),(0.00019739493632192,0.0582993837321296),
 .UNSPECIFIED.);
#532=B_SPLINE_CURVE_WITH_KNOTS('',3,(#4131,#4132,#4133,#4134),
 .UNSPECIFIED.,.F.,.F.,(4,4),(0.0388313828974032,0.209376192208482),
 .UNSPECIFIED.);
#533=B_SPLINE_CURVE_WITH_KNOTS('',3,(#4135,#4136,#4137,#4138),
 .UNSPECIFIED.,.F.,.F.,(4,4),(-0.0720407773350078,0.),.UNSPECIFIED.);
#534=B_SPLINE_CURVE_WITH_KNOTS('',3,(#4142,#4143,#4144,#4145,#4146,#4147,
#4148),.UNSPECIFIED.,.F.,.F.,(4,3,4),(-0.124920070717911,-0.0761354098631286,
-0.0530148950880725),.UNSPECIFIED.);
#535=B_SPLINE_CURVE_WITH_KNOTS('',3,(#4178,#4179,#4180,#4181,#4182,#4183,
#4184),.UNSPECIFIED.,.F.,.F.,(4,1,1,1,4),(-21.5508661357887,-21.2632030517296,
-20.6660583847509,-20.0689137177721,-19.4845245285266),.UNSPECIFIED.);
#536=B_SPLINE_CURVE_WITH_KNOTS('',3,(#4186,#4187,#4188,#4189,#4190,#4191,
#4192),.UNSPECIFIED.,.F.,.F.,(4,3,4),(-0.036947293024326,-0.0184724126738772,
0.),.UNSPECIFIED.);
#537=B_SPLINE_CURVE_WITH_KNOTS('',3,(#4193,#4194,#4195,#4196,#4197,#4198,
#4199),.UNSPECIFIED.,.F.,.F.,(4,1,1,1,4),(19.4717690507933,20.0689137177721,
20.6660583847509,21.2632030517296,21.561775385219),.UNSPECIFIED.);
#538=B_SPLINE_CURVE_WITH_KNOTS('',3,(#4396,#4397,#4398,#4399,#4400,#4401,
#4402,#4403,#4404,#4405,#4406,#4407,#4408,#4409,#4410,#4411,#4412,#4413,
#4414,#4415,#4416,#4417,#4418,#4419,#4420,#4421,#4422,#4423,#4424,#4425,
#4426,#4427,#4428,#4429,#4430,#4431,#4432),.UNSPECIFIED.,.F.,.F.,(4,3,3,
3,3,3,3,3,3,3,3,3,4),(17.5450817609056,18.2893331862777,19.1323486820685,
19.9753641778592,20.5373745083864,21.0993848389136,21.6613951694408,22.0829029173362,
22.5044106652315,22.9259184131269,23.3474261610223,23.7689339089177,23.9451997017092),
 .UNSPECIFIED.);
#539=B_SPLINE_CURVE_WITH_KNOTS('',3,(#4434,#4435,#4436,#4437,#4438,#4439,
#4440,#4441,#4442,#4443,#4444,#4445,#4446,#4447,#4448,#4449,#4450,#4451,
#4452,#4453,#4454,#4455,#4456,#4457,#4458,#4459,#4460,#4461,#4462,#4463,
#4464,#4465,#4466,#4467,#4468,#4469,#4470,#4471,#4472,#4473,#4474,#4475,
#4476,#4477,#4478,#4479,#4480,#4481,#4482,#4483,#4484,#4485,#4486,#4487,
#4488,#4489,#4490,#4491,#4492,#4493,#4494,#4495,#4496,#4497,#4498,#4499,
#4500,#4501,#4502,#4503,#4504,#4505,#4506,#4507,#4508,#4509,#4510,#4511,
#4512,#4513,#4514,#4515,#4516,#4517,#4518,#4519,#4520,#4521,#4522,#4523,
#4524),.UNSPECIFIED.,.F.,.F.,(4,3,3,3,3,3,3,3,3,3,3,3,3,3,3,3,3,3,3,3,3,
3,3,3,3,3,3,3,3,3,4),(0.319194369681812,0.343273794935463,0.410727548033549,
0.482203393603946,0.551500420198893,0.624065675257016,0.692676741606157,
0.696630930315138,0.696771996403507,0.765475889148625,0.835247021796703,
0.90597299138755,0.976784447567796,1.04704200804585,1.0604898623363,1.08559906055709,
1.15603411523958,1.22790513420354,1.30016454232202,1.37222970152179,1.43442269229492,
1.48612243042468,1.55827804794356,1.63172949103518,1.70548915811311,1.77895982026695,
1.81856583326753,1.89129504697634,1.89819981335639,1.97026914495157,2.00528280568011),
 .UNSPECIFIED.);
#540=B_SPLINE_CURVE_WITH_KNOTS('',3,(#4526,#4527,#4528,#4529,#4530,#4531,
#4532,#4533,#4534,#4535,#4536,#4537,#4538,#4539,#4540,#4541,#4542,#4543,
#4544,#4545,#4546,#4547,#4548,#4549,#4550,#4551,#4552,#4553,#4554,#4555,
#4556,#4557,#4558,#4559,#4560,#4561,#4562,#4563,#4564,#4565,#4566,#4567,
#4568,#4569,#4570,#4571,#4572,#4573,#4574,#4575,#4576,#4577,#4578,#4579,
#4580,#4581,#4582,#4583,#4584,#4585,#4586,#4587,#4588,#4589,#4590,#4591,
#4592,#4593,#4594,#4595,#4596,#4597,#4598,#4599,#4600,#4601,#4602,#4603,
#4604,#4605,#4606,#4607,#4608,#4609,#4610,#4611,#4612,#4613,#4614,#4615,
#4616,#4617,#4618,#4619,#4620,#4621,#4622,#4623,#4624,#4625,#4626,#4627,
#4628,#4629,#4630,#4631,#4632,#4633,#4634,#4635,#4636,#4637,#4638,#4639,
#4640,#4641,#4642,#4643),.UNSPECIFIED.,.F.,.F.,(4,3,3,3,3,3,3,3,3,3,3,3,
3,3,3,3,3,3,3,3,3,3,3,3,3,3,3,3,3,3,3,3,3,3,3,3,3,3,3,4),(0.0964664985021827,
0.314856716115585,0.809755228084431,1.30465374005328,1.79955225202213,2.54190001997539,
3.28424778792867,4.02659555588193,4.39776943985857,4.7689433238352,5.26384183580405,
5.7587403477729,6.25363885974174,6.58357120105431,7.24343588367944,7.73833439564829,
8.23323290761713,8.72813141958598,9.22302993155482,9.71792844352367,10.2128269554925,
10.5427592968051,11.2026239794302,11.6975224913991,12.1924210033679,12.5635948873445,
12.9347687713212,13.3059426552978,13.6771165392744,13.9245657952589,14.6669135632121,
15.161812075181,15.5329859591576,15.9041598431343,16.2753337271109,16.6465076110875,
17.0176814950642,17.3888553790408,17.7600292630174,18.1312031469941),
 .UNSPECIFIED.);
#541=B_SPLINE_CURVE_WITH_KNOTS('',3,(#4645,#4646,#4647,#4648,#4649,#4650,
#4651,#4652,#4653,#4654,#4655,#4656,#4657,#4658,#4659,#4660,#4661,#4662,
#4663,#4664,#4665,#4666,#4667,#4668,#4669,#4670,#4671,#4672,#4673,#4674,
#4675,#4676,#4677,#4678,#4679,#4680,#4681),.UNSPECIFIED.,.F.,.F.,(4,3,3,
3,3,3,3,3,3,3,3,3,4),(-0.591713661063378,-0.522228874412907,-0.452575984030985,
-0.437234157016165,-0.367658128962495,-0.352967310878704,-0.282930921371887,
-0.212487620393248,-0.204077371479405,-0.134124704054555,-0.0639799610606133,
-0.0551004893431263,-0.0503679355921903),.UNSPECIFIED.);
#542=B_SPLINE_CURVE_WITH_KNOTS('',3,(#4683,#4684,#4685,#4686),
 .UNSPECIFIED.,.F.,.F.,(4,4),(-0.57749816251063,-0.537167472446564),
 .UNSPECIFIED.);
#543=B_SPLINE_CURVE_WITH_KNOTS('',3,(#4687,#4688,#4689,#4690),
 .UNSPECIFIED.,.F.,.F.,(4,4),(-0.00761172716291433,0.0436635134571821),
 .UNSPECIFIED.);
#544=B_SPLINE_CURVE_WITH_KNOTS('',3,(#4692,#4693,#4694,#4695,#4696,#4697,
#4698,#4699,#4700,#4701,#4702,#4703,#4704,#4705,#4706,#4707,#4708,#4709,
#4710,#4711,#4712,#4713,#4714,#4715,#4716,#4717,#4718,#4719,#4720,#4721,
#4722,#4723,#4724,#4725,#4726,#4727,#4728),.UNSPECIFIED.,.F.,.F.,(4,3,3,
3,3,3,3,3,3,3,3,3,4),(11.785214702418,12.0472322158698,12.9002953904786,
13.1846497820148,13.5637889707298,14.3220673481599,14.7012065368749,15.4594849143049,
16.0281936973774,16.59690248045,17.1656112635225,17.734320046595,18.1853290605982),
 .UNSPECIFIED.);
#545=B_SPLINE_CURVE_WITH_KNOTS('',3,(#4746,#4747,#4748,#4749,#4750,#4751),
 .UNSPECIFIED.,.F.,.F.,(4,2,4),(0.,0.046442177387963,0.0933840753601037),
 .UNSPECIFIED.);
#546=B_SPLINE_CURVE_WITH_KNOTS('',3,(#4753,#4754,#4755,#4756),
 .UNSPECIFIED.,.F.,.F.,(4,4),(-0.116467557576138,-0.00339848884808918),
 .UNSPECIFIED.);
#547=B_SPLINE_CURVE_WITH_KNOTS('',3,(#4758,#4759,#4760,#4761),
 .UNSPECIFIED.,.F.,.F.,(4,4),(0.,0.0484110566426032),.UNSPECIFIED.);
#548=B_SPLINE_CURVE_WITH_KNOTS('',3,(#4762,#4763,#4764,#4765),
 .UNSPECIFIED.,.F.,.F.,(4,4),(0.00576375461016739,0.00983717736176173),
 .UNSPECIFIED.);
#549=B_SPLINE_CURVE_WITH_KNOTS('',3,(#4768,#4769,#4770,#4771),
 .UNSPECIFIED.,.F.,.F.,(4,4),(0.0274139407700634,0.031201228791582),
 .UNSPECIFIED.);
#550=B_SPLINE_CURVE_WITH_KNOTS('',3,(#4773,#4774,#4775,#4776,#4777,#4778,
#4779),.UNSPECIFIED.,.F.,.F.,(4,1,1,1,4),(3.76945553565026,4.36642342931025,
4.96339132297024,5.56035921663023,5.85884316346022),.UNSPECIFIED.);
#551=B_SPLINE_CURVE_WITH_KNOTS('',3,(#4780,#4781,#4782,#4783),
 .UNSPECIFIED.,.F.,.F.,(4,4),(0.0300072202499747,0.0347222896162523),
 .UNSPECIFIED.);
#552=B_SPLINE_CURVE_WITH_KNOTS('',3,(#4801,#4802,#4803,#4804),
 .UNSPECIFIED.,.F.,.F.,(4,4),(-0.137083816274879,0.0233230359105917),
 .UNSPECIFIED.);
#553=B_SPLINE_CURVE_WITH_KNOTS('',3,(#4806,#4807,#4808,#4809,#4810,#4811),
 .UNSPECIFIED.,.F.,.F.,(4,2,4),(-0.0658715712251579,-0.0331515089898948,
0.),.UNSPECIFIED.);
#554=B_SPLINE_CURVE_WITH_KNOTS('',3,(#4813,#4814,#4815,#4816),
 .UNSPECIFIED.,.F.,.F.,(4,4),(-0.000448272754558105,0.),.UNSPECIFIED.);
#555=B_SPLINE_CURVE_WITH_KNOTS('',3,(#4818,#4819,#4820,#4821),
 .UNSPECIFIED.,.F.,.F.,(4,4),(0.00508964773901253,0.146719070104635),
 .UNSPECIFIED.);
#556=B_SPLINE_CURVE_WITH_KNOTS('',3,(#4822,#4823,#4824,#4825,#4826,#4827,
#4828),.UNSPECIFIED.,.F.,.F.,(4,3,4),(-0.0379773903739551,-0.0189900251657117,
0.),.UNSPECIFIED.);
#557=B_SPLINE_CURVE_WITH_KNOTS('',3,(#4833,#4834,#4835,#4836,#4837,#4838,
#4839),.UNSPECIFIED.,.F.,.F.,(4,3,4),(-0.119624930011772,-0.0689240434753731,
-0.0540607190096053),.UNSPECIFIED.);
#558=B_SPLINE_CURVE_WITH_KNOTS('',3,(#4870,#4871,#4872,#4873,#4874,#4875,
#4876,#4877,#4878,#4879,#4880,#4881,#4882),.UNSPECIFIED.,.F.,.F.,(4,3,3,
3,4),(4.29754296970112,4.6540868721717,5.36717467711327,6.08026248205485,
6.79335028699461),.UNSPECIFIED.);
#559=B_SPLINE_CURVE_WITH_KNOTS('',3,(#4884,#4885,#4886,#4887),
 .UNSPECIFIED.,.F.,.F.,(4,4),(-0.209353330194354,-0.0719856713985765),
 .UNSPECIFIED.);
#560=B_SPLINE_CURVE_WITH_KNOTS('',3,(#4889,#4890,#4891,#4892,#4893,#4894,
#4895,#4896,#4897,#4898),.UNSPECIFIED.,.F.,.F.,(4,3,3,4),(-0.319751025279804,
-0.248593635529819,-0.178016455960004,-0.165117788686585),.UNSPECIFIED.);
#561=B_SPLINE_CURVE_WITH_KNOTS('',3,(#4899,#4900,#4901,#4902,#4903,#4904,
#4905),.UNSPECIFIED.,.F.,.F.,(4,1,1,1,4),(-5.84337813708034,-5.56035921663023,
-4.96339132297024,-4.36642342931025,-3.9161982535432),.UNSPECIFIED.);
#562=B_SPLINE_CURVE_WITH_KNOTS('',3,(#4908,#4909,#4910,#4911,#4912,#4913,
#4914,#4915,#4916,#4917,#4918,#4919,#4920),.UNSPECIFIED.,.F.,.F.,(4,3,3,
3,4),(28.9367638293352,29.6028637703585,30.3148544379209,30.670849771702,
31.3828404392643),.UNSPECIFIED.);
#563=B_SPLINE_CURVE_WITH_KNOTS('',3,(#4927,#4928,#4929,#4930),
 .UNSPECIFIED.,.F.,.F.,(4,4),(-0.0620908978618692,-0.0562692626727435),
 .UNSPECIFIED.);
#564=B_SPLINE_CURVE_WITH_KNOTS('',3,(#4948,#4949,#4950,#4951),
 .UNSPECIFIED.,.F.,.F.,(4,4),(-0.217256667290514,0.),.UNSPECIFIED.);
#565=B_SPLINE_CURVE_WITH_KNOTS('',3,(#4952,#4953,#4954,#4955),
 .UNSPECIFIED.,.F.,.F.,(4,4),(0.0787539508819735,0.100980967798134),
 .UNSPECIFIED.);
#566=B_SPLINE_CURVE_WITH_KNOTS('',3,(#5005,#5006,#5007,#5008,#5009,#5010),
 .UNSPECIFIED.,.F.,.F.,(4,2,4),(-0.192562989988554,-0.113733344923758,-0.110172373076662),
 .UNSPECIFIED.);
#567=B_SPLINE_CURVE_WITH_KNOTS('',3,(#5012,#5013,#5014,#5015,#5016,#5017,
#5018),.UNSPECIFIED.,.F.,.F.,(4,3,4),(-0.06176715040577,-0.00502753413845611,
0.),.UNSPECIFIED.);
#568=B_SPLINE_CURVE_WITH_KNOTS('',3,(#5020,#5021,#5022,#5023),
 .UNSPECIFIED.,.F.,.F.,(4,4),(0.124582711798718,0.182048915557339),
 .UNSPECIFIED.);
#569=B_SPLINE_CURVE_WITH_KNOTS('',3,(#5024,#5025,#5026,#5027,#5028,#5029),
 .UNSPECIFIED.,.F.,.F.,(4,2,4),(0.,0.0304346368196017,0.0608717530506764),
 .UNSPECIFIED.);
#570=B_SPLINE_CURVE_WITH_KNOTS('',3,(#5043,#5044,#5045,#5046,#5047,#5048,
#5049),.UNSPECIFIED.,.F.,.F.,(4,3,4),(-0.06527517715217,-0.0326414253560929,
0.),.UNSPECIFIED.);
#571=B_SPLINE_CURVE_WITH_KNOTS('',3,(#5079,#5080,#5081,#5082),
 .UNSPECIFIED.,.F.,.F.,(4,4),(-0.0569340218215311,0.),.UNSPECIFIED.);
#572=B_SPLINE_CURVE_WITH_KNOTS('',3,(#5088,#5089,#5090,#5091),
 .UNSPECIFIED.,.F.,.F.,(4,4),(-0.0655369422658015,0.),.UNSPECIFIED.);
#573=B_SPLINE_CURVE_WITH_KNOTS('',3,(#5108,#5109,#5110,#5111),
 .UNSPECIFIED.,.F.,.F.,(4,4),(-0.0569340218214862,0.),.UNSPECIFIED.);
#574=B_SPLINE_CURVE_WITH_KNOTS('',3,(#5129,#5130,#5131,#5132),
 .UNSPECIFIED.,.F.,.F.,(4,4),(-12.6329471215598,-12.5507164752038),
 .UNSPECIFIED.);
#575=B_SPLINE_CURVE_WITH_KNOTS('',3,(#5133,#5134,#5135,#5136,#5137,#5138),
 .UNSPECIFIED.,.F.,.F.,(4,2,4),(0.,0.0498525078837323,0.0787539508819735),
 .UNSPECIFIED.);
#576=B_SPLINE_CURVE_WITH_KNOTS('',3,(#5149,#5150,#5151,#5152),
 .UNSPECIFIED.,.F.,.F.,(4,4),(-0.0655369422658166,0.),.UNSPECIFIED.);
#577=B_SPLINE_CURVE_WITH_KNOTS('',3,(#5156,#5157,#5158,#5159),
 .UNSPECIFIED.,.F.,.F.,(4,4),(0.,0.0707391618519868),.UNSPECIFIED.);
#578=B_SPLINE_CURVE_WITH_KNOTS('',3,(#5188,#5189,#5190,#5191),
 .UNSPECIFIED.,.F.,.F.,(4,4),(0.146533515526048,0.209378548386976),
 .UNSPECIFIED.);
#579=B_SPLINE_CURVE_WITH_KNOTS('',3,(#5192,#5193,#5194,#5195),
 .UNSPECIFIED.,.F.,.F.,(4,4),(-0.0720407773352481,0.),.UNSPECIFIED.);
#580=B_SPLINE_CURVE_WITH_KNOTS('',3,(#5213,#5214,#5215,#5216),
 .UNSPECIFIED.,.F.,.F.,(4,4),(-0.0356078291954146,-0.0182363989863427),
 .UNSPECIFIED.);
#581=B_SPLINE_CURVE_WITH_KNOTS('',3,(#5217,#5218,#5219,#5220),
 .UNSPECIFIED.,.F.,.F.,(4,4),(0.120234019681629,0.155672216324043),
 .UNSPECIFIED.);
#582=B_SPLINE_CURVE_WITH_KNOTS('',3,(#5221,#5222,#5223,#5224),
 .UNSPECIFIED.,.F.,.F.,(4,4),(0.0293493204114188,0.202730321611362),
 .UNSPECIFIED.);
#583=B_SPLINE_CURVE_WITH_KNOTS('',3,(#5228,#5229,#5230,#5231),
 .UNSPECIFIED.,.F.,.F.,(4,4),(0.,0.0707391618468623),.UNSPECIFIED.);
#584=B_SPLINE_CURVE_WITH_KNOTS('',3,(#5249,#5250,#5251,#5252),
 .UNSPECIFIED.,.F.,.F.,(4,4),(0.029350832989121,0.240725515265624),
 .UNSPECIFIED.);
#585=B_SPLINE_CURVE_WITH_KNOTS('',3,(#5253,#5254,#5255,#5256),
 .UNSPECIFIED.,.F.,.F.,(4,4),(-0.0288188955585838,0.),.UNSPECIFIED.);
#586=B_SPLINE_CURVE_WITH_KNOTS('',3,(#5258,#5259,#5260,#5261,#5262,#5263,
#5264),.UNSPECIFIED.,.F.,.F.,(4,3,4),(-0.0356078291982924,-0.0178089172824652,
0.),.UNSPECIFIED.);
#587=B_SPLINE_CURVE_WITH_KNOTS('',3,(#5265,#5266,#5267,#5268),
 .UNSPECIFIED.,.F.,.F.,(4,4),(-0.23052951893075,-0.0719699905074836),
 .UNSPECIFIED.);
#588=B_SPLINE_CURVE_WITH_KNOTS('',3,(#5270,#5271,#5272,#5273,#5274,#5275,
#5276,#5277,#5278,#5279,#5280,#5281,#5282,#5283,#5284,#5285,#5286),
 .UNSPECIFIED.,.F.,.F.,(4,1,1,1,1,1,1,1,1,1,1,1,1,1,4),(9.62532665652281,
9.74530346299673,10.1821680131192,10.6190325632418,11.0558971133643,11.4927616634868,
11.9296262136093,12.3664907637318,12.8033553138543,13.2402198639769,13.6770844140994,
14.1139489642219,14.5508135143444,14.9876780644669,15.1520991955065),
 .UNSPECIFIED.);
#589=B_SPLINE_CURVE_WITH_KNOTS('',3,(#5287,#5288,#5289,#5290,#5291,#5292,
#5293,#5294,#5295,#5296,#5297,#5298,#5299,#5300,#5301,#5302),
 .UNSPECIFIED.,.F.,.F.,(4,1,1,1,1,1,1,1,1,1,1,1,1,4),(10.1780855654587,
10.6084251494444,11.0612715538371,11.5141179582299,11.9669643626226,12.4198107670154,
12.8726571714081,13.3255035758009,13.7783499801937,14.2311963845864,14.6840427889792,
15.1368891933719,15.5897355977647,15.7049179267186),.UNSPECIFIED.);
#590=B_SPLINE_CURVE_WITH_KNOTS('',3,(#5460,#5461,#5462,#5463,#5464,#5465),
 .UNSPECIFIED.,.F.,.F.,(4,2,4),(-0.0186534019447142,-0.0178727108390723,
-0.00481046449995963),.UNSPECIFIED.);
#591=B_SPLINE_CURVE_WITH_KNOTS('',3,(#5466,#5467,#5468,#5469,#5470,#5471,
#5472),.UNSPECIFIED.,.F.,.F.,(4,3,4),(0.577692847250748,0.626358644037476,
0.668374675218525),.UNSPECIFIED.);
#592=B_SPLINE_CURVE_WITH_KNOTS('',3,(#5473,#5474,#5475,#5476,#5477,#5478,
#5479,#5480,#5481,#5482,#5483,#5484,#5485,#5486,#5487,#5488,#5489,#5490,
#5491,#5492,#5493,#5494,#5495,#5496,#5497,#5498,#5499,#5500,#5501,#5502,
#5503,#5504,#5505,#5506,#5507,#5508,#5509),.UNSPECIFIED.,.F.,.F.,(4,3,3,
3,3,3,3,3,3,3,3,3,4),(0.,0.050965567478297,0.102438894748182,0.154349188103321,
0.165773294235524,0.282492460799515,0.401273183733983,0.416298285970308,
0.46544772116184,0.514256525916239,0.542084172826917,0.660845452168497,
0.668326444286938),.UNSPECIFIED.);
#593=B_SPLINE_CURVE_WITH_KNOTS('',3,(#5516,#5517,#5518,#5519),
 .UNSPECIFIED.,.F.,.F.,(4,4),(-0.141704185716466,-0.111568060272221),
 .UNSPECIFIED.);
#594=B_SPLINE_CURVE_WITH_KNOTS('',3,(#5520,#5521,#5522,#5523),
 .UNSPECIFIED.,.F.,.F.,(4,4),(0.106932308166871,0.152934774686814),
 .UNSPECIFIED.);
#595=B_SPLINE_CURVE_WITH_KNOTS('',3,(#5552,#5553,#5554,#5555,#5556,#5557,
#5558,#5559,#5560,#5561,#5562,#5563,#5564,#5565,#5566,#5567,#5568,#5569,
#5570,#5571,#5572,#5573,#5574,#5575,#5576,#5577,#5578,#5579,#5580,#5581,
#5582,#5583,#5584,#5585,#5586,#5587,#5588,#5589,#5590,#5591,#5592,#5593,
#5594,#5595,#5596,#5597,#5598,#5599,#5600,#5601,#5602,#5603,#5604,#5605,
#5606,#5607,#5608,#5609,#5610,#5611,#5612,#5613,#5614,#5615,#5616,#5617,
#5618,#5619,#5620,#5621,#5622,#5623,#5624,#5625,#5626,#5627,#5628,#5629,
#5630,#5631,#5632,#5633,#5634,#5635,#5636,#5637,#5638,#5639,#5640,#5641,
#5642,#5643,#5644,#5645,#5646,#5647,#5648,#5649,#5650,#5651,#5652,#5653,
#5654,#5655,#5656,#5657,#5658,#5659,#5660,#5661,#5662,#5663,#5664,#5665,
#5666,#5667,#5668,#5669,#5670,#5671,#5672,#5673,#5674,#5675,#5676,#5677,
#5678,#5679,#5680,#5681,#5682,#5683,#5684),.UNSPECIFIED.,.F.,.F.,(4,3,3,
3,3,3,3,3,3,3,3,3,3,3,3,3,3,3,3,3,3,3,3,3,3,3,3,3,3,3,3,3,3,3,3,3,3,3,3,
3,3,3,3,3,4),(-2.36290502646374,-2.31137805218145,-2.2396904432835,-2.1670486905621,
-2.09391674088685,-2.02086772760094,-1.95122087633763,-1.93704211975374,
-1.92983682606506,-1.85625672550061,-1.78280403489643,-1.7422803225477,
-1.66935812072098,-1.59250704422992,-1.57288758750601,-1.55692481616503,
-1.54818518981943,-1.47502806600474,-1.40104068431353,-1.32671722380958,
-1.25297981445105,-1.20337223803641,-1.18476939688092,-1.17533380149252,
-1.16718357147246,-1.09242045127877,-1.05454950879248,-0.980911966733735,
-0.906689879348634,-0.832733712810994,-0.801077611766446,-0.788497760338003,
-0.780097676545698,-0.706109308632802,-0.632344992589987,-0.557311975150876,
-0.481963144953238,-0.406835470360878,-0.394616722892927,-0.319243959228,
-0.239432969421,-0.163797418905959,-0.0888308119585949,-0.0152748044374737,
0.),.UNSPECIFIED.);
#596=B_SPLINE_CURVE_WITH_KNOTS('',3,(#5689,#5690,#5691,#5692,#5693,#5694,
#5695),.UNSPECIFIED.,.F.,.F.,(4,3,4),(-0.283528375250934,-0.141072544741345,
-0.137688536471406),.UNSPECIFIED.);
#597=B_SPLINE_CURVE_WITH_KNOTS('',3,(#5778,#5779,#5780,#5781),
 .UNSPECIFIED.,.F.,.F.,(4,4),(-0.0421479388030287,0.),.UNSPECIFIED.);
#598=B_SPLINE_CURVE_WITH_KNOTS('',3,(#5783,#5784,#5785,#5786,#5787,#5788,
#5789,#5790),.UNSPECIFIED.,.F.,.F.,(4,2,2,4),(-0.147418640807435,-0.14347421838267,
-0.0416924497124729,-0.00538500040966857),.UNSPECIFIED.);
#599=B_SPLINE_CURVE_WITH_KNOTS('',3,(#5792,#5793,#5794,#5795),
 .UNSPECIFIED.,.F.,.F.,(4,4),(-0.0316030362837541,-0.021357378628792),
 .UNSPECIFIED.);
#600=B_SPLINE_CURVE_WITH_KNOTS('',3,(#5797,#5798,#5799,#5800),
 .UNSPECIFIED.,.F.,.F.,(4,4),(0.00750882058096327,0.075669220508737),
 .UNSPECIFIED.);
#601=B_SPLINE_CURVE_WITH_KNOTS('',3,(#5802,#5803,#5804,#5805,#5806,#5807),
 .UNSPECIFIED.,.F.,.F.,(4,2,4),(0.0531747208330687,0.14347421838267,0.182657849326872),
 .UNSPECIFIED.);
#602=B_SPLINE_CURVE_WITH_KNOTS('',3,(#5809,#5810,#5811,#5812,#5813,#5814),
 .UNSPECIFIED.,.F.,.F.,(4,2,4),(0.,0.0304374705142447,0.0597720356324736),
 .UNSPECIFIED.);
#603=B_SPLINE_CURVE_WITH_KNOTS('',3,(#5815,#5816,#5817,#5818),
 .UNSPECIFIED.,.F.,.F.,(4,4),(0.00124582366485254,0.0184261454121729),
 .UNSPECIFIED.);
#604=B_SPLINE_CURVE_WITH_KNOTS('',3,(#5824,#5825,#5826,#5827),
 .UNSPECIFIED.,.F.,.F.,(4,4),(3.22265329582745,3.60420825278706),
 .UNSPECIFIED.);
#605=B_SPLINE_CURVE_WITH_KNOTS('',3,(#5836,#5837,#5838,#5839),
 .UNSPECIFIED.,.F.,.F.,(4,4),(-0.164809534990448,-0.0304099630568126),
 .UNSPECIFIED.);
#606=B_SPLINE_CURVE_WITH_KNOTS('',3,(#5843,#5844,#5845,#5846),
 .UNSPECIFIED.,.F.,.F.,(4,4),(0.00180874239453517,0.0233194401294305),
 .UNSPECIFIED.);
#607=B_SPLINE_CURVE_WITH_KNOTS('',3,(#5871,#5872,#5873,#5874,#5875,#5876),
 .UNSPECIFIED.,.F.,.F.,(4,2,4),(-0.0148239859480851,-0.0116353125352478,
0.),.UNSPECIFIED.);
#608=B_SPLINE_CURVE_WITH_KNOTS('',3,(#5878,#5879,#5880,#5881),
 .UNSPECIFIED.,.F.,.F.,(4,4),(-0.00761188810085674,0.135037922507239),
 .UNSPECIFIED.);
#609=B_SPLINE_CURVE_WITH_KNOTS('',3,(#5883,#5884,#5885,#5886),
 .UNSPECIFIED.,.F.,.F.,(4,4),(-0.0602516045119439,-0.0594814706904355),
 .UNSPECIFIED.);
#610=B_SPLINE_CURVE_WITH_KNOTS('',3,(#5887,#5888,#5889,#5890,#5891,#5892),
 .UNSPECIFIED.,.F.,.F.,(4,2,4),(0.,0.0326811525843849,0.0646060780914872),
 .UNSPECIFIED.);
#611=B_SPLINE_CURVE_WITH_KNOTS('',3,(#5911,#5912,#5913,#5914),
 .UNSPECIFIED.,.F.,.F.,(4,4),(0.0050689566858636,0.0778488741539133),
 .UNSPECIFIED.);
#612=B_SPLINE_CURVE_WITH_KNOTS('',3,(#5915,#5916,#5917,#5918,#5919,#5920),
 .UNSPECIFIED.,.F.,.F.,(4,2,4),(0.,0.0495748270478097,0.0997572910809542),
 .UNSPECIFIED.);
#613=B_SPLINE_CURVE_WITH_KNOTS('',3,(#5922,#5923,#5924,#5925,#5926,#5927),
 .UNSPECIFIED.,.F.,.F.,(4,2,4),(-0.0658715595817301,-0.0331735244591986,
0.),.UNSPECIFIED.);
#614=B_SPLINE_CURVE_WITH_KNOTS('',3,(#5928,#5929,#5930,#5931),
 .UNSPECIFIED.,.F.,.F.,(4,4),(-0.000448272754472748,0.),.UNSPECIFIED.);
#615=B_SPLINE_CURVE_WITH_KNOTS('',3,(#5951,#5952,#5953,#5954,#5955,#5956,
#5957,#5958,#5959,#5960,#5961,#5962,#5963,#5964,#5965,#5966,#5967,#5968,
#5969,#5970,#5971,#5972,#5973,#5974,#5975,#5976,#5977,#5978),
 .UNSPECIFIED.,.F.,.F.,(4,3,3,3,3,3,3,3,3,4),(-0.625937379545975,-0.57773039481785,
-0.529099907213666,-0.519798499502196,-0.347081729261586,-0.294074050803387,
-0.240984000832269,-0.18814761665052,-0.173815318584408,0.),
 .UNSPECIFIED.);
#616=B_SPLINE_CURVE_WITH_KNOTS('',3,(#5979,#5980,#5981,#5982),
 .UNSPECIFIED.,.F.,.F.,(4,4),(-22.8691037451274,-22.2479164973299),
 .UNSPECIFIED.);
#617=B_SPLINE_CURVE_WITH_KNOTS('',3,(#5984,#5985,#5986,#5987,#5988,#5989,
#5990,#5991,#5992,#5993,#5994,#5995,#5996,#5997,#5998,#5999,#6000,#6001,
#6002),.UNSPECIFIED.,.F.,.F.,(4,3,3,3,3,3,4),(-1.40806551243011,-1.33404263804364,
-1.25967631555187,-1.18566019804343,-1.11282616480435,-1.05638344479895,
-1.04833123117122),.UNSPECIFIED.);
#618=B_SPLINE_CURVE_WITH_KNOTS('',3,(#6010,#6011,#6012,#6013),
 .UNSPECIFIED.,.F.,.F.,(4,4),(12.4278218222911,12.627665642251),
 .UNSPECIFIED.);
#619=B_SPLINE_CURVE_WITH_KNOTS('',3,(#6015,#6016,#6017,#6018),
 .UNSPECIFIED.,.F.,.F.,(4,4),(12.3915798349092,12.4278218222911),
 .UNSPECIFIED.);
#620=B_SPLINE_CURVE_WITH_KNOTS('',3,(#6020,#6021,#6022,#6023),
 .UNSPECIFIED.,.F.,.F.,(4,4),(0.,0.00191626608541175),.UNSPECIFIED.);
#621=B_SPLINE_CURVE_WITH_KNOTS('',3,(#6024,#6025,#6026,#6027,#6028,#6029,
#6030,#6031,#6032,#6033,#6034,#6035,#6036,#6037,#6038,#6039,#6040,#6041,
#6042,#6043,#6044,#6045,#6046,#6047,#6048,#6049,#6050,#6051,#6052,#6053,
#6054,#6055,#6056,#6057,#6058,#6059,#6060,#6061,#6062,#6063,#6064,#6065,
#6066,#6067,#6068,#6069,#6070,#6071,#6072,#6073,#6074,#6075,#6076,#6077,
#6078,#6079,#6080,#6081,#6082,#6083,#6084,#6085,#6086,#6087,#6088,#6089,
#6090,#6091,#6092,#6093,#6094,#6095,#6096,#6097,#6098,#6099,#6100,#6101,
#6102,#6103,#6104,#6105,#6106,#6107,#6108),.UNSPECIFIED.,.F.,.F.,(4,3,3,
3,3,3,3,3,3,3,3,3,3,3,3,3,3,3,3,3,3,3,3,3,3,3,3,3,4),(-4.61296051462673,
-4.54385155790446,-4.48748217961549,-4.41881946308766,-4.34930407468608,
-4.27942831093082,-4.21014850810875,-4.15926614983729,-4.13749629410198,
-4.12907329933985,-4.05873993015137,-4.00661907502291,-3.93744939343721,
-3.86517294018365,-3.80193104358678,-3.78296974856362,-3.77170292614434,
-3.70162229619527,-3.63082778243179,-3.55999034085544,-3.48970273463279,
-3.42447025102075,-3.41669829409612,-3.40873175888827,-3.35923776740871,
-3.28813543394021,-3.21724828214285,-3.14593260864121,-3.07482843353471),
 .UNSPECIFIED.);
#622=B_SPLINE_CURVE_WITH_KNOTS('',3,(#6126,#6127,#6128,#6129),
 .UNSPECIFIED.,.F.,.F.,(4,4),(-0.187292013859549,-0.0312757272724453),
 .UNSPECIFIED.);
#623=B_SPLINE_CURVE_WITH_KNOTS('',3,(#6131,#6132,#6133,#6134,#6135,#6136,
#6137),.UNSPECIFIED.,.F.,.F.,(4,3,4),(-0.0363344117993021,-0.0181623939846297,
0.),.UNSPECIFIED.);
#624=B_SPLINE_CURVE_WITH_KNOTS('',3,(#6139,#6140,#6141,#6142),
 .UNSPECIFIED.,.F.,.F.,(4,4),(0.0295246332902589,0.0332246858625675),
 .UNSPECIFIED.);
#625=B_SPLINE_CURVE_WITH_KNOTS('',3,(#6144,#6145,#6146,#6147),
 .UNSPECIFIED.,.F.,.F.,(4,4),(0.000197394936321656,0.0582993837321311),
 .UNSPECIFIED.);
#626=B_SPLINE_CURVE_WITH_KNOTS('',3,(#6149,#6150,#6151,#6152),
 .UNSPECIFIED.,.F.,.F.,(4,4),(0.0585834857994828,0.2290709471409),
 .UNSPECIFIED.);
#627=B_SPLINE_CURVE_WITH_KNOTS('',3,(#6153,#6154,#6155,#6156),
 .UNSPECIFIED.,.F.,.F.,(4,4),(-0.0720407773345861,0.),.UNSPECIFIED.);
#628=B_SPLINE_CURVE_WITH_KNOTS('',3,(#6160,#6161,#6162,#6163,#6164,#6165,
#6166),.UNSPECIFIED.,.F.,.F.,(4,3,4),(-0.124920070717854,-0.0762638351769685,
-0.0530148950880579),.UNSPECIFIED.);
#629=B_SPLINE_CURVE_WITH_KNOTS('',3,(#6339,#6340,#6341,#6342,#6343,#6344,
#6345,#6346,#6347,#6348,#6349,#6350,#6351,#6352,#6353,#6354,#6355,#6356,
#6357,#6358,#6359,#6360,#6361,#6362,#6363,#6364,#6365,#6366),
 .UNSPECIFIED.,.F.,.F.,(4,3,3,3,3,3,3,3,3,4),(17.5450817609055,18.2893331862776,
19.1323486820684,19.9753641778591,20.5373745083863,21.0993848389135,21.6613951694407,
22.5044106652314,23.3474261610222,23.9451997017091),.UNSPECIFIED.);
#630=B_SPLINE_CURVE_WITH_KNOTS('',3,(#6368,#6369,#6370,#6371,#6372,#6373,
#6374,#6375,#6376,#6377,#6378,#6379,#6380,#6381,#6382,#6383,#6384,#6385,
#6386,#6387,#6388,#6389,#6390,#6391,#6392,#6393,#6394,#6395,#6396,#6397,
#6398,#6399,#6400,#6401,#6402,#6403,#6404,#6405,#6406,#6407,#6408,#6409,
#6410,#6411,#6412,#6413,#6414,#6415,#6416,#6417,#6418,#6419,#6420,#6421,
#6422,#6423,#6424,#6425,#6426,#6427,#6428,#6429,#6430,#6431,#6432,#6433,
#6434,#6435,#6436,#6437,#6438,#6439,#6440,#6441,#6442,#6443,#6444,#6445,
#6446,#6447,#6448,#6449,#6450,#6451,#6452,#6453,#6454,#6455),
 .UNSPECIFIED.,.F.,.F.,(4,3,3,3,3,3,3,3,3,3,3,3,3,3,3,3,3,3,3,3,3,3,3,3,
3,3,3,3,3,4),(0.639591457477425,0.710327333829295,0.747080495320981,0.803683637652613,
0.876618475570372,0.950633810046224,1.02530938323354,1.09977890209352,1.17328876546371,
1.19015907341895,1.26321227723023,1.33817504360777,1.41007772841338,1.48102297129904,
1.55042607823017,1.56306334274041,1.56638440257111,1.63636915695242,1.71036566766402,
1.78153403234626,1.85226850503208,1.92184005158668,1.93235519979882,1.95367205805795,
2.02316291461672,2.09286852792501,2.16220556993752,2.23037692710892,2.28806701918239,
2.3326992208676),.UNSPECIFIED.);
#631=B_SPLINE_CURVE_WITH_KNOTS('',3,(#6457,#6458,#6459,#6460,#6461,#6462,
#6463,#6464,#6465,#6466,#6467,#6468,#6469,#6470,#6471,#6472,#6473,#6474,
#6475,#6476,#6477,#6478,#6479,#6480,#6481,#6482,#6483,#6484,#6485,#6486,
#6487,#6488,#6489,#6490,#6491,#6492,#6493,#6494,#6495,#6496,#6497,#6498,
#6499,#6500,#6501,#6502,#6503,#6504,#6505,#6506,#6507,#6508,#6509,#6510,
#6511,#6512,#6513,#6514,#6515,#6516,#6517,#6518,#6519,#6520,#6521,#6522,
#6523,#6524,#6525,#6526,#6527,#6528,#6529,#6530,#6531,#6532,#6533,#6534,
#6535,#6536,#6537,#6538,#6539,#6540,#6541,#6542,#6543,#6544,#6545,#6546,
#6547,#6548,#6549,#6550,#6551,#6552,#6553,#6554,#6555,#6556,#6557,#6558,
#6559,#6560,#6561,#6562,#6563,#6564,#6565),.UNSPECIFIED.,.F.,.F.,(4,3,3,
3,3,3,3,3,3,3,3,3,3,3,3,3,3,3,3,3,3,3,3,3,3,3,3,3,3,3,3,3,3,3,3,3,4),(0.0964664985021504,
0.314856716115572,0.80975522808442,1.30465374005327,1.79955225202211,2.54190001997538,
3.28424778792865,4.02659555588192,4.39776943985855,4.76894332383519,5.26384183580403,
5.75874034777288,6.25363885974172,6.58357120105429,7.24343588367942,7.73833439564827,
8.23323290761711,8.72813141958596,9.2230299315548,9.71792844352365,10.2128269554925,
10.7077254674613,11.2026239794302,11.697522491399,12.1924210033679,12.5635948873445,
12.9347687713211,13.3059426552978,13.6771165392744,14.1720150512433,14.6669135632121,
15.161812075181,15.9041598431342,16.6465076110875,17.3888553790408,17.7600292630174,
18.131203146994),.UNSPECIFIED.);
#632=B_SPLINE_CURVE_WITH_KNOTS('',3,(#6567,#6568,#6569,#6570,#6571,#6572,
#6573,#6574,#6575,#6576,#6577,#6578,#6579,#6580,#6581,#6582,#6583,#6584,
#6585,#6586,#6587,#6588,#6589,#6590,#6591,#6592,#6593,#6594,#6595,#6596,
#6597,#6598,#6599,#6600),.UNSPECIFIED.,.F.,.F.,(4,3,3,3,3,3,3,3,3,3,3,4),
(-0.591713661063419,-0.522128765552337,-0.452087738892841,-0.382123967867305,
-0.352967310878713,-0.27852234117906,-0.207958055844664,-0.204077371479407,
-0.133546190963808,-0.0635706731874107,-0.0551004893431146,-0.0503679355921888),
 .UNSPECIFIED.);
#633=B_SPLINE_CURVE_WITH_KNOTS('',3,(#6602,#6603,#6604,#6605),
 .UNSPECIFIED.,.F.,.F.,(4,4),(-0.0474527960855595,0.),.UNSPECIFIED.);
#634=B_SPLINE_CURVE_WITH_KNOTS('',3,(#6606,#6607,#6608,#6609,#6610,#6611,
#6612,#6613,#6614,#6615,#6616,#6617,#6618),.UNSPECIFIED.,.F.,.F.,(4,3,3,
3,4),(-21.5508661357887,-21.2534380142756,-20.889444813838,-20.1614584129628,
-19.4444562920719),.UNSPECIFIED.);
#635=B_SPLINE_CURVE_WITH_KNOTS('',3,(#6620,#6621,#6622,#6623,#6624,#6625,
#6626,#6627,#6628,#6629,#6630,#6631,#6632,#6633,#6634,#6635,#6636,#6637,
#6638,#6639,#6640,#6641,#6642,#6643,#6644,#6645,#6646,#6647,#6648,#6649,
#6650,#6651,#6652,#6653,#6654,#6655,#6656),.UNSPECIFIED.,.F.,.F.,(4,3,3,
3,3,3,3,3,3,3,3,3,4),(11.7852147024181,12.0472322158698,12.6159409989424,
13.1846497820149,13.5637889707299,14.3220673481599,14.701206536875,15.459484914305,
16.0281936973775,16.59690248045,17.1656112635225,17.7343200465951,18.1853290605982),
 .UNSPECIFIED.);
#636=B_SPLINE_CURVE_WITH_KNOTS('',3,(#6674,#6675,#6676,#6677),
 .UNSPECIFIED.,.F.,.F.,(4,4),(-0.21725666738062,0.),.UNSPECIFIED.);
#637=B_SPLINE_CURVE_WITH_KNOTS('',3,(#6678,#6679,#6680,#6681),
 .UNSPECIFIED.,.F.,.F.,(4,4),(-0.100980967807652,-0.0787539508797341),
 .UNSPECIFIED.);
#638=B_SPLINE_CURVE_WITH_KNOTS('',3,(#6699,#6700,#6701,#6702),
 .UNSPECIFIED.,.F.,.F.,(4,4),(-0.167572282706143,-0.0662962133146103),
 .UNSPECIFIED.);
#639=B_SPLINE_CURVE_WITH_KNOTS('',3,(#6704,#6705,#6706,#6707,#6708,#6709,
#6710,#6711,#6712,#6713),.UNSPECIFIED.,.F.,.F.,(4,3,3,4),(-0.0787539508797341,
-0.0546386762039623,-0.0498525078875262,0.),.UNSPECIFIED.);
#640=B_SPLINE_CURVE_WITH_KNOTS('',3,(#6715,#6716,#6717,#6718),
 .UNSPECIFIED.,.F.,.F.,(4,4),(0.146533514893978,0.209378548387272),
 .UNSPECIFIED.);
#641=B_SPLINE_CURVE_WITH_KNOTS('',3,(#6720,#6721,#6722,#6723),
 .UNSPECIFIED.,.F.,.F.,(4,4),(-0.0720407773350838,0.),.UNSPECIFIED.);
#642=B_SPLINE_CURVE_WITH_KNOTS('',3,(#6724,#6725,#6726,#6727),
 .UNSPECIFIED.,.F.,.F.,(4,4),(-0.00510392554780774,0.),.UNSPECIFIED.);
#643=B_SPLINE_CURVE_WITH_KNOTS('',3,(#6745,#6746,#6747,#6748,#6749,#6750,
#6751),.UNSPECIFIED.,.F.,.F.,(4,3,4),(-0.0652751771583696,-0.0326414253597014,
0.),.UNSPECIFIED.);
#644=B_SPLINE_CURVE_WITH_KNOTS('',3,(#6755,#6756,#6757,#6758),
 .UNSPECIFIED.,.F.,.F.,(4,4),(-0.0655369422661205,0.),.UNSPECIFIED.);
#645=B_SPLINE_CURVE_WITH_KNOTS('',3,(#6777,#6778,#6779,#6780),
 .UNSPECIFIED.,.F.,.F.,(4,4),(-0.164811575027713,-0.12256437445544),
 .UNSPECIFIED.);
#646=B_SPLINE_CURVE_WITH_KNOTS('',3,(#6782,#6783,#6784,#6785,#6786,#6787,
#6788),.UNSPECIFIED.,.F.,.F.,(4,3,4),(0.,0.0410200288793471,0.0820590576941257),
 .UNSPECIFIED.);
#647=B_SPLINE_CURVE_WITH_KNOTS('',3,(#6790,#6791,#6792,#6793),
 .UNSPECIFIED.,.F.,.F.,(4,4),(0.0600665326742699,0.0604640625649797),
 .UNSPECIFIED.);
#648=B_SPLINE_CURVE_WITH_KNOTS('',3,(#6795,#6796,#6797,#6798),
 .UNSPECIFIED.,.F.,.F.,(4,4),(0.0642635998690256,0.135046235106075),
 .UNSPECIFIED.);
#649=B_SPLINE_CURVE_WITH_KNOTS('',3,(#6800,#6801,#6802,#6803),
 .UNSPECIFIED.,.F.,.F.,(4,4),(-0.0602516045143939,-0.0594814706928481),
 .UNSPECIFIED.);
#650=B_SPLINE_CURVE_WITH_KNOTS('',3,(#6804,#6805,#6806,#6807,#6808,#6809),
 .UNSPECIFIED.,.F.,.F.,(4,2,4),(-0.0646060783431277,-0.0326838782714408,
0.),.UNSPECIFIED.);
#651=B_SPLINE_CURVE_WITH_KNOTS('',3,(#6813,#6814,#6815,#6816),
 .UNSPECIFIED.,.F.,.F.,(4,4),(-0.0569340218212367,0.),.UNSPECIFIED.);
#652=B_SPLINE_CURVE_WITH_KNOTS('',3,(#6842,#6843,#6844,#6845),
 .UNSPECIFIED.,.F.,.F.,(4,4),(0.16468767164777,0.182048916760762),
 .UNSPECIFIED.);
#653=B_SPLINE_CURVE_WITH_KNOTS('',3,(#6847,#6848,#6849,#6850,#6851,#6852),
 .UNSPECIFIED.,.F.,.F.,(4,2,4),(0.,0.0304346368125056,0.0608717530250038),
 .UNSPECIFIED.);
#654=B_SPLINE_CURVE_WITH_KNOTS('',3,(#6853,#6854,#6855,#6856,#6857,#6858),
 .UNSPECIFIED.,.F.,.F.,(4,2,4),(-0.192562991147757,-0.113733346577779,-0.110438910055419),
 .UNSPECIFIED.);
#655=B_SPLINE_CURVE_WITH_KNOTS('',3,(#6895,#6896,#6897,#6898),
 .UNSPECIFIED.,.F.,.F.,(4,4),(-0.0655369422661216,0.),.UNSPECIFIED.);
#656=B_SPLINE_CURVE_WITH_KNOTS('',3,(#6902,#6903,#6904,#6905),
 .UNSPECIFIED.,.F.,.F.,(4,4),(-0.0569340218213566,0.),.UNSPECIFIED.);
#657=B_SPLINE_CURVE_WITH_KNOTS('',3,(#6927,#6928,#6929,#6930),
 .UNSPECIFIED.,.F.,.F.,(4,4),(0.,0.0707391618531317),.UNSPECIFIED.);
#658=B_SPLINE_CURVE_WITH_KNOTS('',3,(#6948,#6949,#6950,#6951),
 .UNSPECIFIED.,.F.,.F.,(4,4),(0.0300072202499479,0.03472228961622),
 .UNSPECIFIED.);
#659=B_SPLINE_CURVE_WITH_KNOTS('',3,(#6953,#6954,#6955,#6956),
 .UNSPECIFIED.,.F.,.F.,(4,4),(-0.035607829197082,-0.0182364011506636),
 .UNSPECIFIED.);
#660=B_SPLINE_CURVE_WITH_KNOTS('',3,(#6958,#6959,#6960,#6961),
 .UNSPECIFIED.,.F.,.F.,(4,4),(0.120234015472271,0.155672216322679),
 .UNSPECIFIED.);
#661=B_SPLINE_CURVE_WITH_KNOTS('',3,(#6963,#6964,#6965,#6966),
 .UNSPECIFIED.,.F.,.F.,(4,4),(-0.209353327682152,-0.0719856713998673),
 .UNSPECIFIED.);
#662=B_SPLINE_CURVE_WITH_KNOTS('',3,(#6967,#6968,#6969,#6970),
 .UNSPECIFIED.,.F.,.F.,(4,4),(-0.0620908978619244,-0.0562692626728077),
 .UNSPECIFIED.);
#663=B_SPLINE_CURVE_WITH_KNOTS('',3,(#6971,#6972,#6973,#6974),
 .UNSPECIFIED.,.F.,.F.,(4,4),(0.0293493204112832,0.202730321608416),
 .UNSPECIFIED.);
#664=B_SPLINE_CURVE_WITH_KNOTS('',3,(#6980,#6981,#6982,#6983,#6984,#6985),
 .UNSPECIFIED.,.F.,.F.,(4,2,4),(0.,0.0331554145095961,0.0658715712288723),
 .UNSPECIFIED.);
#665=B_SPLINE_CURVE_WITH_KNOTS('',3,(#7002,#7003,#7004,#7005),
 .UNSPECIFIED.,.F.,.F.,(4,4),(-12.6329471208244,-12.5507164753133),
 .UNSPECIFIED.);
#666=B_SPLINE_CURVE_WITH_KNOTS('',3,(#7024,#7025,#7026,#7027),
 .UNSPECIFIED.,.F.,.F.,(4,4),(0.00508992069312948,0.146720720999136),
 .UNSPECIFIED.);
#667=B_SPLINE_CURVE_WITH_KNOTS('',3,(#7029,#7030,#7031,#7032,#7033,#7034,
#7035),.UNSPECIFIED.,.F.,.F.,(4,3,4),(-0.0379773903787361,-0.0189900251668953,
0.),.UNSPECIFIED.);
#668=B_SPLINE_CURVE_WITH_KNOTS('',3,(#7037,#7038,#7039,#7040),
 .UNSPECIFIED.,.F.,.F.,(4,4),(0.0274139407700236,0.0354565265953041),
 .UNSPECIFIED.);
#669=B_SPLINE_CURVE_WITH_KNOTS('',3,(#7042,#7043,#7044,#7045),
 .UNSPECIFIED.,.F.,.F.,(4,4),(-0.0261525455534284,0.),.UNSPECIFIED.);
#670=B_SPLINE_CURVE_WITH_KNOTS('',3,(#7046,#7047,#7048,#7049),
 .UNSPECIFIED.,.F.,.F.,(4,4),(-0.173428670129177,0.0233230359106381),
 .UNSPECIFIED.);
#671=B_SPLINE_CURVE_WITH_KNOTS('',3,(#7050,#7051,#7052,#7053),
 .UNSPECIFIED.,.F.,.F.,(4,4),(-0.000448272754542497,0.),.UNSPECIFIED.);
#672=B_SPLINE_CURVE_WITH_KNOTS('',3,(#7059,#7060,#7061,#7062),
 .UNSPECIFIED.,.F.,.F.,(4,4),(0.,0.0707391618470747),.UNSPECIFIED.);
#673=B_SPLINE_CURVE_WITH_KNOTS('',3,(#7080,#7081,#7082,#7083),
 .UNSPECIFIED.,.F.,.F.,(4,4),(0.0293508329890964,0.240725515264923),
 .UNSPECIFIED.);
#674=B_SPLINE_CURVE_WITH_KNOTS('',3,(#7084,#7085,#7086,#7087),
 .UNSPECIFIED.,.F.,.F.,(4,4),(-0.0288188955586196,0.),.UNSPECIFIED.);
#675=B_SPLINE_CURVE_WITH_KNOTS('',3,(#7089,#7090,#7091,#7092,#7093,#7094,
#7095),.UNSPECIFIED.,.F.,.F.,(4,3,4),(-0.0356078291981221,-0.0178089172822558,
0.),.UNSPECIFIED.);
#676=B_SPLINE_CURVE_WITH_KNOTS('',3,(#7097,#7098,#7099,#7100),
 .UNSPECIFIED.,.F.,.F.,(4,4),(-0.2305295189301,-0.0719699905073898),
 .UNSPECIFIED.);
#677=B_SPLINE_CURVE_WITH_KNOTS('',3,(#7101,#7102,#7103,#7104),
 .UNSPECIFIED.,.F.,.F.,(4,4),(-0.0620908978621779,-0.0562692626727321),
 .UNSPECIFIED.);
#678=B_SPLINE_CURVE_WITH_KNOTS('',3,(#7107,#7108,#7109,#7110,#7111,#7112,
#7113),.UNSPECIFIED.,.F.,.F.,(4,3,4),(-0.283528371839176,-0.141072543253378,
-0.137688517792451),.UNSPECIFIED.);
#679=B_SPLINE_CURVE_WITH_KNOTS('',3,(#7114,#7115,#7116,#7117,#7118,#7119,
#7120,#7121,#7122,#7123),.UNSPECIFIED.,.F.,.F.,(4,3,3,4),(-0.319751040142311,
-0.248587907441626,-0.178014868724532,-0.165117787067057),.UNSPECIFIED.);
#680=B_SPLINE_CURVE_WITH_KNOTS('',3,(#7128,#7129,#7130,#7131),
 .UNSPECIFIED.,.F.,.F.,(4,4),(-0.0737928376251585,-0.0531737896192779),
 .UNSPECIFIED.);
#681=B_SPLINE_CURVE_WITH_KNOTS('',3,(#7132,#7133,#7134,#7135),
 .UNSPECIFIED.,.F.,.F.,(4,4),(0.13282259024944,0.176859199194186),
 .UNSPECIFIED.);
#682=B_SPLINE_CURVE_WITH_KNOTS('',3,(#7164,#7165,#7166,#7167,#7168,#7169,
#7170),.UNSPECIFIED.,.F.,.F.,(4,1,1,1,4),(-5.84337805440161,-5.56035921663027,
-4.96339132297028,-4.36642342931029,-3.91618661188304),.UNSPECIFIED.);
#683=B_SPLINE_CURVE_WITH_KNOTS('',3,(#7171,#7172,#7173,#7174,#7175,#7176,
#7177,#7178,#7179,#7180,#7181,#7182,#7183),.UNSPECIFIED.,.F.,.F.,(4,3,3,
3,4),(4.29754296970116,4.65408687215081,5.3671746770505,6.08026248195021,
6.79335028684975),.UNSPECIFIED.);
#684=B_SPLINE_CURVE_WITH_KNOTS('',3,(#7186,#7187,#7188,#7189),
 .UNSPECIFIED.,.F.,.F.,(4,4),(-0.600702982528586,-0.559494766406971),
 .UNSPECIFIED.);
#685=B_SPLINE_CURVE_WITH_KNOTS('',3,(#7190,#7191,#7192,#7193,#7194,#7195,
#7196,#7197,#7198,#7199,#7200,#7201,#7202,#7203,#7204,#7205,#7206,#7207,
#7208,#7209,#7210,#7211,#7212,#7213,#7214,#7215,#7216,#7217,#7218,#7219,
#7220,#7221,#7222,#7223),.UNSPECIFIED.,.F.,.F.,(4,3,3,3,3,3,3,3,3,3,3,4),
(-0.665651230568612,-0.591737778992186,-0.518411041762726,-0.490707304391346,
-0.4171430326205,-0.354038485625591,-0.28146980485563,-0.209541319024431,
-0.200694772095057,-0.128248292547311,-0.0820263584798416,-0.0517330169520563),
 .UNSPECIFIED.);
#686=B_SPLINE_CURVE_WITH_KNOTS('',3,(#7252,#7253,#7254,#7255,#7256,#7257,
#7258),.UNSPECIFIED.,.F.,.F.,(4,1,1,1,4),(3.7694555356503,4.36642342931029,
4.96339132297028,5.56035921663027,5.85884316346027),.UNSPECIFIED.);
#687=B_SPLINE_CURVE_WITH_KNOTS('',3,(#7260,#7261,#7262,#7263,#7264,#7265,
#7266),.UNSPECIFIED.,.F.,.F.,(4,1,1,1,4),(19.4662401459589,20.0494046043996,
20.6543529167274,20.9568270728912,21.561775385219),.UNSPECIFIED.);
#688=B_SPLINE_CURVE_WITH_KNOTS('',3,(#7295,#7296,#7297,#7298,#7299,#7300),
 .UNSPECIFIED.,.F.,.F.,(4,2,4),(-0.034906225235099,-0.0174544443315488,
-0.0173930319879836),.UNSPECIFIED.);
#689=B_SPLINE_CURVE_WITH_KNOTS('',3,(#7346,#7347,#7348,#7349,#7350,#7351,
#7352,#7353,#7354,#7355,#7356,#7357,#7358),.UNSPECIFIED.,.F.,.F.,(4,3,3,
3,4),(25.737262132402,26.4504721511148,27.1636821698329,27.876892188551,
28.2334971978844),.UNSPECIFIED.);
#690=B_SPLINE_CURVE_WITH_KNOTS('',3,(#7360,#7361,#7362,#7363,#7364,#7365,
#7366,#7367,#7368,#7369,#7370,#7371,#7372,#7373,#7374,#7375,#7376,#7377,
#7378),.UNSPECIFIED.,.F.,.F.,(4,3,3,3,3,3,4),(7.49757098245429,7.92406490043892,
8.3505588184236,8.77705273640827,9.20354665439294,9.63004057237761,9.99337832796228),
 .UNSPECIFIED.);
#691=B_SPLINE_CURVE_WITH_KNOTS('',3,(#7584,#7585,#7586,#7587,#7588,#7589,
#7590,#7591,#7592,#7593,#7594,#7595,#7596,#7597,#7598,#7599,#7600,#7601,
#7602,#7603,#7604,#7605,#7606,#7607,#7608,#7609,#7610,#7611,#7612,#7613,
#7614,#7615,#7616,#7617,#7618,#7619,#7620,#7621,#7622,#7623,#7624,#7625,
#7626),.UNSPECIFIED.,.F.,.F.,(4,1,1,1,1,1,1,1,1,1,1,1,1,1,1,1,1,1,1,1,1,
1,1,1,1,1,1,1,1,1,1,1,1,1,1,1,1,1,1,1,4),(-25.5523564944053,-24.8730868878162,
-24.193817281227,-23.5145476746379,-23.1749128713433,-23.0050954696961,
-22.8352780680488,-22.382431663656,-21.9295852592633,-21.4767388548705,
-20.7974692482814,-20.1181996416923,-19.4389300351031,-18.759660428514,
-18.3068140241212,-17.8539676197285,-17.4011212153357,-17.0992236124072,
-16.4954284065502,-16.0425820021575,-15.5897355977647,-15.136889193372,
-14.6840427889792,-14.2311963845864,-13.7783499801937,-13.3255035758009,
-12.8726571714082,-12.4198107670154,-11.9669643626227,-11.6273295593281,
-11.2876947560335,-10.6084251494444,-10.1555787450517,-9.7027323406589,
-9.24988593626615,-9.08006853461887,-8.91025113297158,-8.57061632967702,
-7.89134672308789,-7.21207711649876,-6.54097536361383),.UNSPECIFIED.);
#692=B_SPLINE_CURVE_WITH_KNOTS('',3,(#7627,#7628,#7629,#7630,#7631,#7632,
#7633,#7634,#7635,#7636,#7637,#7638,#7639,#7640,#7641,#7642,#7643,#7644,
#7645,#7646,#7647,#7648,#7649,#7650,#7651,#7652,#7653,#7654,#7655,#7656,
#7657,#7658,#7659,#7660,#7661,#7662,#7663,#7664,#7665,#7666,#7667,#7668,
#7669,#7670,#7671,#7672,#7673,#7674,#7675,#7676,#7677,#7678,#7679,#7680,
#7681,#7682,#7683,#7684,#7685,#7686,#7687,#7688,#7689,#7690,#7691,#7692,
#7693,#7694,#7695,#7696,#7697,#7698,#7699,#7700,#7701,#7702,#7703,#7704,
#7705,#7706,#7707,#7708),.UNSPECIFIED.,.F.,.F.,(4,3,3,3,3,3,3,3,3,3,3,3,
3,3,3,3,3,3,3,3,3,3,3,3,3,3,3,4),(0.37699770374091,0.445802509910162,0.454335128943861,
0.52274191545261,0.591629670879024,0.660568976318942,0.693177435760296,
0.765994528727323,0.838811621694351,0.908842150361795,0.981969826684816,
1.05509750300784,1.12628786542565,1.19827332824161,1.2351111013954,1.30673637635836,
1.37870619140195,1.42723217965403,1.49986329347769,1.5733533917187,1.64321895356239,
1.71640346008032,1.78982455750813,1.80957680471159,1.88386935484484,1.95858986754626,
2.0332203590801,2.06267242196577),.UNSPECIFIED.);
#693=B_SPLINE_CURVE_WITH_KNOTS('',3,(#7881,#7882,#7883,#7884,#7885,#7886,
#7887,#7888,#7889,#7890,#7891,#7892,#7893,#7894,#7895,#7896),
 .UNSPECIFIED.,.F.,.F.,(4,1,1,1,1,1,1,1,1,1,1,1,1,4),(10.1781789628794,
10.6084251494444,11.2876947560335,11.6273295593281,11.9669643626227,12.4198107670154,
12.8726571714082,13.3255035758009,13.7783499801937,14.2311963845864,14.6840427889792,
15.136889193372,15.5897355977647,15.7048653839263),.UNSPECIFIED.);
#694=B_SPLINE_CURVE_WITH_KNOTS('',3,(#7897,#7898,#7899,#7900,#7901,#7902,
#7903,#7904,#7905,#7906,#7907,#7908,#7909,#7910,#7911,#7912,#7913,#7914,
#7915,#7916,#7917,#7918,#7919,#7920,#7921,#7922,#7923,#7924,#7925,#7926,
#7927),.UNSPECIFIED.,.F.,.F.,(4,3,3,3,3,3,3,3,3,3,4),(0.,0.168218653138913,
0.218206784410126,0.268445756617159,0.293870322140683,0.466221068908307,
0.481591951891349,0.538881628004555,0.595714198625185,0.651572845289588,
0.668289638427028),.UNSPECIFIED.);
#695=B_SPLINE_CURVE_WITH_KNOTS('',3,(#7929,#7930,#7931,#7932,#7933,#7934,
#7935,#7936,#7937,#7938,#7939,#7940,#7941,#7942,#7943,#7944,#7945),
 .UNSPECIFIED.,.F.,.F.,(4,1,1,1,1,1,1,1,1,1,1,1,1,1,4),(9.62532665652272,
9.74530346299666,10.1821680131192,10.6190325632417,11.0558971133642,11.4927616634867,
11.9296262136092,12.3664907637318,12.8033553138543,13.2402198639768,13.6770844140993,
14.1139489642218,14.5508135143444,14.9876780644669,15.1520991955065),
 .UNSPECIFIED.);
#696=B_SPLINE_CURVE_WITH_KNOTS('',3,(#7959,#7960,#7961,#7962,#7963,#7964,
#7965,#7966,#7967,#7968,#7969,#7970,#7971,#7972,#7973,#7974,#7975,#7976,
#7977,#7978,#7979,#7980,#7981,#7982,#7983,#7984,#7985,#7986,#7987,#7988,
#7989,#7990,#7991,#7992,#7993,#7994,#7995,#7996,#7997,#7998,#7999,#8000,
#8001,#8002,#8003,#8004,#8005,#8006,#8007,#8008,#8009,#8010,#8011,#8012,
#8013,#8014,#8015,#8016,#8017,#8018,#8019,#8020,#8021,#8022,#8023,#8024,
#8025,#8026,#8027,#8028,#8029,#8030,#8031,#8032,#8033,#8034,#8035,#8036,
#8037,#8038,#8039,#8040,#8041,#8042,#8043,#8044,#8045,#8046,#8047,#8048,
#8049),.UNSPECIFIED.,.F.,.F.,(4,3,3,3,3,3,3,3,3,3,3,3,3,3,3,3,3,3,3,3,3,
3,3,3,3,3,3,3,3,3,4),(0.298993183855128,0.374386721064844,0.398228927511463,
0.472228885170773,0.54659036760361,0.620629133278373,0.693624373173752,
0.720481894611531,0.786217547824784,0.858670765812603,0.93156976844657,
1.00416600528266,1.07561601314405,1.13008628296553,1.16396147120671,1.23488244345655,
1.30811346532877,1.37922964200655,1.44970674932221,1.51891733628737,1.52780653094542,
1.53145627854967,1.60078000348445,1.67275938480356,1.74244904884791,1.811543057906,
1.87940684357884,1.8886975287609,1.91366066473875,1.98218335860793,1.99118590431146),
 .UNSPECIFIED.);
#697=B_SPLINE_CURVE_WITH_KNOTS('',3,(#8050,#8051,#8052,#8053,#8054,#8055,
#8056,#8057,#8058,#8059,#8060,#8061,#8062,#8063,#8064,#8065,#8066,#8067,
#8068,#8069,#8070,#8071,#8072,#8073,#8074,#8075,#8076,#8077,#8078,#8079,
#8080),.UNSPECIFIED.,.F.,.F.,(4,3,3,3,3,3,3,3,3,3,4),(0.,0.168218653138927,
0.218210188930221,0.268450305604136,0.293870322140702,0.466203009584846,
0.481591951891361,0.538879950452894,0.595710031379789,0.651565824226568,
0.668289638427046),.UNSPECIFIED.);
#698=B_SPLINE_CURVE_WITH_KNOTS('',3,(#8292,#8293,#8294,#8295,#8296,#8297,
#8298,#8299,#8300,#8301,#8302,#8303,#8304,#8305,#8306,#8307,#8308,#8309,
#8310,#8311,#8312,#8313,#8314,#8315,#8316,#8317,#8318,#8319,#8320,#8321,
#8322,#8323,#8324,#8325,#8326,#8327,#8328,#8329,#8330,#8331,#8332,#8333),
 .UNSPECIFIED.,.F.,.F.,(4,1,1,1,1,1,1,1,1,1,1,1,1,1,1,1,1,1,1,1,1,1,1,1,
1,1,1,1,1,1,1,1,1,1,1,1,1,1,1,4),(-25.5523564944053,-24.8730868878161,-24.193817281227,
-23.5145476746379,-23.1749128713433,-23.005095469696,-22.8352780680487,
-22.382431663656,-21.9295852592632,-21.4767388548705,-20.7974692482813,
-20.1181996416922,-19.4389300351031,-18.759660428514,-18.3068140241212,
-17.8539676197284,-17.6275444175321,-17.4011212153357,-16.7973260094787,
-16.4954284065502,-16.0425820021574,-15.5897355977647,-15.1368891933719,
-14.6840427889792,-14.2311963845864,-13.7783499801937,-13.3255035758009,
-12.8726571714081,-12.4198107670154,-11.9669643626226,-11.5141179582299,
-11.0612715538371,-10.6084251494444,-10.1555787450516,-9.70273234065887,
-9.24988593626611,-8.57061632967698,-7.89134672308785,-7.21207711649872,
-6.54097535340299),.UNSPECIFIED.);
#699=B_SPLINE_CURVE_WITH_KNOTS('',3,(#8335,#8336,#8337,#8338),
 .UNSPECIFIED.,.F.,.F.,(4,4),(0.132822590249453,0.176859199194211),
 .UNSPECIFIED.);
#700=B_SPLINE_CURVE_WITH_KNOTS('',3,(#8340,#8341,#8342,#8343),
 .UNSPECIFIED.,.F.,.F.,(4,4),(-0.0737928376252377,-0.0531737896193195),
 .UNSPECIFIED.);
#701=B_SPLINE_CURVE_WITH_KNOTS('',3,(#8345,#8346,#8347,#8348,#8349,#8350,
#8351,#8352,#8353,#8354,#8355,#8356,#8357,#8358,#8359,#8360,#8361,#8362,
#8363,#8364,#8365,#8366,#8367,#8368,#8369,#8370,#8371,#8372,#8373,#8374,
#8375,#8376,#8377,#8378),.UNSPECIFIED.,.F.,.F.,(4,3,3,3,3,3,3,3,3,3,3,4),
(-0.6656512305685,-0.591748243656251,-0.518506276404295,-0.490707304391277,
-0.417112001356873,-0.35403848562555,-0.281467276845076,-0.209485964907513,
-0.200694772095045,-0.128208929542044,-0.0820263584798396,-0.0517330169520545),
 .UNSPECIFIED.);
#702=B_SPLINE_CURVE_WITH_KNOTS('',3,(#8380,#8381,#8382,#8383),
 .UNSPECIFIED.,.F.,.F.,(4,4),(-0.068976915643462,0.),.UNSPECIFIED.);
#703=B_SPLINE_CURVE_WITH_KNOTS('',3,(#8384,#8385,#8386,#8387),
 .UNSPECIFIED.,.F.,.F.,(4,4),(0.168101019635775,0.212714864650786),
 .UNSPECIFIED.);
#704=B_SPLINE_CURVE_WITH_KNOTS('',3,(#8713,#8714,#8715,#8716,#8717,#8718),
 .UNSPECIFIED.,.F.,.F.,(4,2,4),(-0.0186534019368691,-0.0178727108316873,
-0.00481046449922464),.UNSPECIFIED.);
#705=B_SPLINE_CURVE_WITH_KNOTS('',3,(#8719,#8720,#8721,#8722,#8723,#8724,
#8725),.UNSPECIFIED.,.F.,.F.,(4,3,4),(0.577692847250636,0.626353894091511,
0.668374675218439),.UNSPECIFIED.);
#706=B_SPLINE_CURVE_WITH_KNOTS('',3,(#8726,#8727,#8728,#8729,#8730,#8731,
#8732,#8733,#8734,#8735),.UNSPECIFIED.,.F.,.F.,(4,2,2,2,4),(0.,0.165773294235508,
0.416298285970293,0.542084172826887,0.668326444286896),.UNSPECIFIED.);
#707=B_SPLINE_CURVE_WITH_KNOTS('',3,(#8776,#8777,#8778,#8779,#8780,#8781,
#8782,#8783,#8784,#8785,#8786,#8787,#8788,#8789,#8790,#8791,#8792,#8793,
#8794,#8795,#8796,#8797,#8798,#8799,#8800,#8801,#8802,#8803,#8804,#8805,
#8806,#8807,#8808,#8809,#8810,#8811,#8812,#8813,#8814,#8815,#8816,#8817,
#8818,#8819,#8820,#8821,#8822,#8823,#8824,#8825,#8826,#8827,#8828,#8829,
#8830,#8831,#8832,#8833,#8834,#8835,#8836,#8837,#8838,#8839,#8840,#8841,
#8842,#8843,#8844,#8845,#8846,#8847,#8848,#8849,#8850,#8851,#8852,#8853,
#8854,#8855,#8856,#8857,#8858,#8859,#8860,#8861,#8862,#8863,#8864,#8865,
#8866,#8867,#8868,#8869,#8870,#8871,#8872,#8873,#8874,#8875,#8876,#8877,
#8878,#8879,#8880,#8881,#8882,#8883,#8884,#8885,#8886,#8887,#8888,#8889,
#8890,#8891,#8892,#8893,#8894,#8895,#8896,#8897,#8898,#8899),
 .UNSPECIFIED.,.F.,.F.,(4,3,3,3,3,3,3,3,3,3,3,3,3,3,3,3,3,3,3,3,3,3,3,3,
3,3,3,3,3,3,3,3,3,3,3,3,3,3,3,3,3,4),(-2.36263830248071,-2.31137801180264,
-2.24060042805784,-2.16810663981741,-2.09504773703003,-2.02196580272413,
-1.94942537804251,-1.93629228350978,-1.92785334716196,-1.85429909091025,
-1.78085720896641,-1.7104714447939,-1.63729906154165,-1.56202899252691,
-1.5502845857574,-1.4772408581743,-1.40333637372738,-1.32907819627878,-1.25545212703372,
-1.20037372263123,-1.17780447152224,-1.16699189434247,-1.09229451436855,
-1.03513850942375,-0.961673600572531,-0.88706809119165,-0.825511671443106,
-0.798580737803118,-0.787416451404096,-0.780246452418058,-0.705920198830428,
-0.628094332423646,-0.552839097395223,-0.478068296101025,-0.404534175333786,
-0.3946167332033,-0.34803156091132,-0.274353846815601,-0.199127361637376,
-0.123491964801297,-0.0480857704973888,0.),.UNSPECIFIED.);
#708=B_SPLINE_CURVE_WITH_KNOTS('',3,(#8900,#8901,#8902,#8903,#8904,#8905,
#8906,#8907,#8908,#8909,#8910,#8911,#8912),.UNSPECIFIED.,.F.,.F.,(4,3,3,
3,4),(28.9372873293802,29.6360167893468,30.3347462493161,31.0334757092855,
31.3828404392642),.UNSPECIFIED.);
#709=LINE('',#3033,#805);
#710=LINE('',#3063,#806);
#711=LINE('',#3095,#807);
#712=LINE('',#3127,#808);
#713=LINE('',#3145,#809);
#714=LINE('',#3238,#810);
#715=LINE('',#3325,#811);
#716=LINE('',#3343,#812);
#717=LINE('',#3357,#813);
#718=LINE('',#3387,#814);
#719=LINE('',#3420,#815);
#720=LINE('',#3450,#816);
#721=LINE('',#3474,#817);
#722=LINE('',#3567,#818);
#723=LINE('',#3654,#819);
#724=LINE('',#3672,#820);
#725=LINE('',#3686,#821);
#726=LINE('',#3696,#822);
#727=LINE('',#3766,#823);
#728=LINE('',#4141,#824);
#729=LINE('',#4831,#825);
#730=LINE('',#4840,#826);
#731=LINE('',#4926,#827);
#732=LINE('',#4959,#828);
#733=LINE('',#4964,#829);
#734=LINE('',#4968,#830);
#735=LINE('',#4970,#831);
#736=LINE('',#4975,#832);
#737=LINE('',#4977,#833);
#738=LINE('',#4978,#834);
#739=LINE('',#5033,#835);
#740=LINE('',#5035,#836);
#741=LINE('',#5040,#837);
#742=LINE('',#5042,#838);
#743=LINE('',#5056,#839);
#744=LINE('',#5061,#840);
#745=LINE('',#5068,#841);
#746=LINE('',#5070,#842);
#747=LINE('',#5076,#843);
#748=LINE('',#5078,#844);
#749=LINE('',#5085,#845);
#750=LINE('',#5087,#846);
#751=LINE('',#5105,#847);
#752=LINE('',#5107,#848);
#753=LINE('',#5140,#849);
#754=LINE('',#5142,#850);
#755=LINE('',#5146,#851);
#756=LINE('',#5148,#852);
#757=LINE('',#5155,#853);
#758=LINE('',#5227,#854);
#759=LINE('',#5511,#855);
#760=LINE('',#5513,#856);
#761=LINE('',#5729,#857);
#762=LINE('',#5733,#858);
#763=LINE('',#5737,#859);
#764=LINE('',#5741,#860);
#765=LINE('',#5743,#861);
#766=LINE('',#5830,#862);
#767=LINE('',#5832,#863);
#768=LINE('',#5833,#864);
#769=LINE('',#5841,#865);
#770=LINE('',#5848,#866);
#771=LINE('',#5853,#867);
#772=LINE('',#5933,#868);
#773=LINE('',#6159,#869);
#774=LINE('',#6729,#870);
#775=LINE('',#6735,#871);
#776=LINE('',#6737,#872);
#777=LINE('',#6742,#873);
#778=LINE('',#6744,#874);
#779=LINE('',#6812,#875);
#780=LINE('',#6861,#876);
#781=LINE('',#6863,#877);
#782=LINE('',#6869,#878);
#783=LINE('',#6871,#879);
#784=LINE('',#6873,#880);
#785=LINE('',#6877,#881);
#786=LINE('',#6882,#882);
#787=LINE('',#6886,#883);
#788=LINE('',#6888,#884);
#789=LINE('',#6894,#885);
#790=LINE('',#6901,#886);
#791=LINE('',#6924,#887);
#792=LINE('',#6926,#888);
#793=LINE('',#6977,#889);
#794=LINE('',#6979,#890);
#795=LINE('',#7056,#891);
#796=LINE('',#7058,#892);
#797=LINE('',#7126,#893);
#798=LINE('',#7950,#894);
#799=LINE('',#7954,#895);
#800=LINE('',#8083,#896);
#801=LINE('',#8738,#897);
#802=LINE('',#8740,#898);
#803=LINE('',#8742,#899);
#804=LINE('',#8746,#900);
#805=VECTOR('',#2663,9.4);
#806=VECTOR('',#2668,9.4);
#807=VECTOR('',#2671,9.4);
#808=VECTOR('',#2674,10.14625);
#809=VECTOR('',#2679,10.14625);
#810=VECTOR('',#2682,10.14625);
#811=VECTOR('',#2685,10.14625);
#812=VECTOR('',#2686,10.);
#813=VECTOR('',#2689,9.4);
#814=VECTOR('',#2694,9.4);
#815=VECTOR('',#2697,9.4);
#816=VECTOR('',#2700,10.14625);
#817=VECTOR('',#2705,10.14625);
#818=VECTOR('',#2708,10.14625);
#819=VECTOR('',#2711,10.14625);
#820=VECTOR('',#2712,10.);
#821=VECTOR('',#2715,10.);
#822=VECTOR('',#2716,10.);
#823=VECTOR('',#2719,10.);
#824=VECTOR('',#2726,10.);
#825=VECTOR('',#2733,10.);
#826=VECTOR('',#2734,10.);
#827=VECTOR('',#2741,10.);
#828=VECTOR('',#2744,10.);
#829=VECTOR('',#2745,10.);
#830=VECTOR('',#2748,10.);
#831=VECTOR('',#2749,10.);
#832=VECTOR('',#2752,10.);
#833=VECTOR('',#2753,10.);
#834=VECTOR('',#2754,10.);
#835=VECTOR('',#2757,10.);
#836=VECTOR('',#2758,10.);
#837=VECTOR('',#2761,10.);
#838=VECTOR('',#2762,10.);
#839=VECTOR('',#2771,10.);
#840=VECTOR('',#2772,10.);
#841=VECTOR('',#2783,10.);
#842=VECTOR('',#2784,10.);
#843=VECTOR('',#2787,10.);
#844=VECTOR('',#2788,10.);
#845=VECTOR('',#2791,10.);
#846=VECTOR('',#2792,10.);
#847=VECTOR('',#2801,10.);
#848=VECTOR('',#2802,10.);
#849=VECTOR('',#2805,10.);
#850=VECTOR('',#2806,10.);
#851=VECTOR('',#2811,10.);
#852=VECTOR('',#2812,10.);
#853=VECTOR('',#2815,10.);
#854=VECTOR('',#2824,10.);
#855=VECTOR('',#2829,10.);
#856=VECTOR('',#2832,10.);
#857=VECTOR('',#2847,10.);
#858=VECTOR('',#2850,10.);
#859=VECTOR('',#2853,10.);
#860=VECTOR('',#2856,10.);
#861=VECTOR('',#2859,11.5);
#862=VECTOR('',#2868,10.);
#863=VECTOR('',#2869,10.);
#864=VECTOR('',#2870,10.);
#865=VECTOR('',#2873,10.);
#866=VECTOR('',#2874,10.);
#867=VECTOR('',#2875,10.);
#868=VECTOR('',#2878,10.);
#869=VECTOR('',#2885,10.);
#870=VECTOR('',#2890,10.);
#871=VECTOR('',#2893,10.);
#872=VECTOR('',#2894,10.);
#873=VECTOR('',#2897,10.);
#874=VECTOR('',#2898,10.);
#875=VECTOR('',#2907,10.);
#876=VECTOR('',#2910,10.);
#877=VECTOR('',#2911,10.);
#878=VECTOR('',#2914,10.);
#879=VECTOR('',#2915,10.);
#880=VECTOR('',#2916,10.);
#881=VECTOR('',#2921,10.);
#882=VECTOR('',#2922,10.);
#883=VECTOR('',#2929,10.);
#884=VECTOR('',#2930,10.);
#885=VECTOR('',#2933,10.);
#886=VECTOR('',#2936,10.);
#887=VECTOR('',#2947,10.);
#888=VECTOR('',#2948,10.);
#889=VECTOR('',#2951,10.);
#890=VECTOR('',#2952,10.);
#891=VECTOR('',#2955,10.);
#892=VECTOR('',#2956,10.);
#893=VECTOR('',#2961,10.);
#894=VECTOR('',#2976,7.5);
#895=VECTOR('',#2981,8.45);
#896=VECTOR('',#2990,8.45);
#897=VECTOR('',#3003,10.);
#898=VECTOR('',#3006,10.);
#899=VECTOR('',#3009,10.);
#900=VECTOR('',#3016,10.);
#901=VERTEX_POINT('',#3031);
#902=VERTEX_POINT('',#3032);
#903=VERTEX_POINT('',#3034);
#904=VERTEX_POINT('',#3045);
#905=VERTEX_POINT('',#3061);
#906=VERTEX_POINT('',#3062);
#907=VERTEX_POINT('',#3093);
#908=VERTEX_POINT('',#3094);
#909=VERTEX_POINT('',#3096);
#910=VERTEX_POINT('',#3109);
#911=VERTEX_POINT('',#3125);
#912=VERTEX_POINT('',#3126);
#913=VERTEX_POINT('',#3128);
#914=VERTEX_POINT('',#3133);
#915=VERTEX_POINT('',#3143);
#916=VERTEX_POINT('',#3144);
#917=VERTEX_POINT('',#3236);
#918=VERTEX_POINT('',#3237);
#919=VERTEX_POINT('',#3323);
#920=VERTEX_POINT('',#3324);
#921=VERTEX_POINT('',#3326);
#922=VERTEX_POINT('',#3337);
#923=VERTEX_POINT('',#3342);
#924=VERTEX_POINT('',#3355);
#925=VERTEX_POINT('',#3356);
#926=VERTEX_POINT('',#3358);
#927=VERTEX_POINT('',#3369);
#928=VERTEX_POINT('',#3385);
#929=VERTEX_POINT('',#3386);
#930=VERTEX_POINT('',#3418);
#931=VERTEX_POINT('',#3419);
#932=VERTEX_POINT('',#3421);
#933=VERTEX_POINT('',#3432);
#934=VERTEX_POINT('',#3448);
#935=VERTEX_POINT('',#3449);
#936=VERTEX_POINT('',#3451);
#937=VERTEX_POINT('',#3456);
#938=VERTEX_POINT('',#3472);
#939=VERTEX_POINT('',#3473);
#940=VERTEX_POINT('',#3565);
#941=VERTEX_POINT('',#3566);
#942=VERTEX_POINT('',#3652);
#943=VERTEX_POINT('',#3653);
#944=VERTEX_POINT('',#3655);
#945=VERTEX_POINT('',#3666);
#946=VERTEX_POINT('',#3671);
#947=VERTEX_POINT('',#3684);
#948=VERTEX_POINT('',#3685);
#949=VERTEX_POINT('',#3687);
#950=VERTEX_POINT('',#3695);
#951=VERTEX_POINT('',#3719);
#952=VERTEX_POINT('',#3724);
#953=VERTEX_POINT('',#3729);
#954=VERTEX_POINT('',#3736);
#955=VERTEX_POINT('',#3746);
#956=VERTEX_POINT('',#3760);
#957=VERTEX_POINT('',#3765);
#958=VERTEX_POINT('',#3767);
#959=VERTEX_POINT('',#3819);
#960=VERTEX_POINT('',#3824);
#961=VERTEX_POINT('',#3933);
#962=VERTEX_POINT('',#3998);
#963=VERTEX_POINT('',#4005);
#964=VERTEX_POINT('',#4012);
#965=VERTEX_POINT('',#4017);
#966=VERTEX_POINT('',#4031);
#967=VERTEX_POINT('',#4051);
#968=VERTEX_POINT('',#4053);
#969=VERTEX_POINT('',#4057);
#970=VERTEX_POINT('',#4062);
#971=VERTEX_POINT('',#4107);
#972=VERTEX_POINT('',#4112);
#973=VERTEX_POINT('',#4120);
#974=VERTEX_POINT('',#4125);
#975=VERTEX_POINT('',#4130);
#976=VERTEX_POINT('',#4140);
#977=VERTEX_POINT('',#4177);
#978=VERTEX_POINT('',#4185);
#979=VERTEX_POINT('',#4433);
#980=VERTEX_POINT('',#4525);
#981=VERTEX_POINT('',#4644);
#982=VERTEX_POINT('',#4682);
#983=VERTEX_POINT('',#4745);
#984=VERTEX_POINT('',#4752);
#985=VERTEX_POINT('',#4757);
#986=VERTEX_POINT('',#4767);
#987=VERTEX_POINT('',#4772);
#988=VERTEX_POINT('',#4800);
#989=VERTEX_POINT('',#4805);
#990=VERTEX_POINT('',#4812);
#991=VERTEX_POINT('',#4817);
#992=VERTEX_POINT('',#4830);
#993=VERTEX_POINT('',#4832);
#994=VERTEX_POINT('',#4869);
#995=VERTEX_POINT('',#4883);
#996=VERTEX_POINT('',#4888);
#997=VERTEX_POINT('',#4907);
#998=VERTEX_POINT('',#4921);
#999=VERTEX_POINT('',#4923);
#1000=VERTEX_POINT('',#4925);
#1001=VERTEX_POINT('',#4947);
#1002=VERTEX_POINT('',#4957);
#1003=VERTEX_POINT('',#4958);
#1004=VERTEX_POINT('',#4960);
#1005=VERTEX_POINT('',#4966);
#1006=VERTEX_POINT('',#4967);
#1007=VERTEX_POINT('',#4969);
#1008=VERTEX_POINT('',#4976);
#1009=VERTEX_POINT('',#5003);
#1010=VERTEX_POINT('',#5004);
#1011=VERTEX_POINT('',#5011);
#1012=VERTEX_POINT('',#5019);
#1013=VERTEX_POINT('',#5031);
#1014=VERTEX_POINT('',#5032);
#1015=VERTEX_POINT('',#5034);
#1016=VERTEX_POINT('',#5041);
#1017=VERTEX_POINT('',#5054);
#1018=VERTEX_POINT('',#5055);
#1019=VERTEX_POINT('',#5057);
#1020=VERTEX_POINT('',#5064);
#1021=VERTEX_POINT('',#5069);
#1022=VERTEX_POINT('',#5075);
#1023=VERTEX_POINT('',#5077);
#1024=VERTEX_POINT('',#5084);
#1025=VERTEX_POINT('',#5086);
#1026=VERTEX_POINT('',#5094);
#1027=VERTEX_POINT('',#5098);
#1028=VERTEX_POINT('',#5104);
#1029=VERTEX_POINT('',#5106);
#1030=VERTEX_POINT('',#5128);
#1031=VERTEX_POINT('',#5141);
#1032=VERTEX_POINT('',#5145);
#1033=VERTEX_POINT('',#5147);
#1034=VERTEX_POINT('',#5154);
#1035=VERTEX_POINT('',#5162);
#1036=VERTEX_POINT('',#5166);
#1037=VERTEX_POINT('',#5187);
#1038=VERTEX_POINT('',#5212);
#1039=VERTEX_POINT('',#5226);
#1040=VERTEX_POINT('',#5248);
#1041=VERTEX_POINT('',#5257);
#1042=VERTEX_POINT('',#5459);
#1043=VERTEX_POINT('',#5515);
#1044=VERTEX_POINT('',#5725);
#1045=VERTEX_POINT('',#5726);
#1046=VERTEX_POINT('',#5728);
#1047=VERTEX_POINT('',#5730);
#1048=VERTEX_POINT('',#5732);
#1049=VERTEX_POINT('',#5734);
#1050=VERTEX_POINT('',#5736);
#1051=VERTEX_POINT('',#5738);
#1052=VERTEX_POINT('',#5740);
#1053=VERTEX_POINT('',#5776);
#1054=VERTEX_POINT('',#5777);
#1055=VERTEX_POINT('',#5782);
#1056=VERTEX_POINT('',#5791);
#1057=VERTEX_POINT('',#5796);
#1058=VERTEX_POINT('',#5801);
#1059=VERTEX_POINT('',#5808);
#1060=VERTEX_POINT('',#5820);
#1061=VERTEX_POINT('',#5822);
#1062=VERTEX_POINT('',#5829);
#1063=VERTEX_POINT('',#5831);
#1064=VERTEX_POINT('',#5835);
#1065=VERTEX_POINT('',#5840);
#1066=VERTEX_POINT('',#5842);
#1067=VERTEX_POINT('',#5847);
#1068=VERTEX_POINT('',#5849);
#1069=VERTEX_POINT('',#5870);
#1070=VERTEX_POINT('',#5877);
#1071=VERTEX_POINT('',#5882);
#1072=VERTEX_POINT('',#5909);
#1073=VERTEX_POINT('',#5910);
#1074=VERTEX_POINT('',#5921);
#1075=VERTEX_POINT('',#5950);
#1076=VERTEX_POINT('',#6003);
#1077=VERTEX_POINT('',#6005);
#1078=VERTEX_POINT('',#6009);
#1079=VERTEX_POINT('',#6014);
#1080=VERTEX_POINT('',#6019);
#1081=VERTEX_POINT('',#6125);
#1082=VERTEX_POINT('',#6130);
#1083=VERTEX_POINT('',#6138);
#1084=VERTEX_POINT('',#6143);
#1085=VERTEX_POINT('',#6148);
#1086=VERTEX_POINT('',#6158);
#1087=VERTEX_POINT('',#6367);
#1088=VERTEX_POINT('',#6456);
#1089=VERTEX_POINT('',#6566);
#1090=VERTEX_POINT('',#6601);
#1091=VERTEX_POINT('',#6673);
#1092=VERTEX_POINT('',#6698);
#1093=VERTEX_POINT('',#6703);
#1094=VERTEX_POINT('',#6714);
#1095=VERTEX_POINT('',#6719);
#1096=VERTEX_POINT('',#6734);
#1097=VERTEX_POINT('',#6736);
#1098=VERTEX_POINT('',#6743);
#1099=VERTEX_POINT('',#6775);
#1100=VERTEX_POINT('',#6776);
#1101=VERTEX_POINT('',#6781);
#1102=VERTEX_POINT('',#6789);
#1103=VERTEX_POINT('',#6794);
#1104=VERTEX_POINT('',#6799);
#1105=VERTEX_POINT('',#6811);
#1106=VERTEX_POINT('',#6841);
#1107=VERTEX_POINT('',#6846);
#1108=VERTEX_POINT('',#6860);
#1109=VERTEX_POINT('',#6862);
#1110=VERTEX_POINT('',#6868);
#1111=VERTEX_POINT('',#6870);
#1112=VERTEX_POINT('',#6872);
#1113=VERTEX_POINT('',#6876);
#1114=VERTEX_POINT('',#6878);
#1115=VERTEX_POINT('',#6887);
#1116=VERTEX_POINT('',#6893);
#1117=VERTEX_POINT('',#6900);
#1118=VERTEX_POINT('',#6907);
#1119=VERTEX_POINT('',#6911);
#1120=VERTEX_POINT('',#6917);
#1121=VERTEX_POINT('',#6923);
#1122=VERTEX_POINT('',#6925);
#1123=VERTEX_POINT('',#6947);
#1124=VERTEX_POINT('',#6952);
#1125=VERTEX_POINT('',#6957);
#1126=VERTEX_POINT('',#6962);
#1127=VERTEX_POINT('',#6976);
#1128=VERTEX_POINT('',#6978);
#1129=VERTEX_POINT('',#7022);
#1130=VERTEX_POINT('',#7023);
#1131=VERTEX_POINT('',#7028);
#1132=VERTEX_POINT('',#7036);
#1133=VERTEX_POINT('',#7041);
#1134=VERTEX_POINT('',#7055);
#1135=VERTEX_POINT('',#7057);
#1136=VERTEX_POINT('',#7079);
#1137=VERTEX_POINT('',#7088);
#1138=VERTEX_POINT('',#7096);
#1139=VERTEX_POINT('',#7106);
#1140=VERTEX_POINT('',#7125);
#1141=VERTEX_POINT('',#7127);
#1142=VERTEX_POINT('',#7185);
#1143=VERTEX_POINT('',#7583);
#1144=VERTEX_POINT('',#7947);
#1145=VERTEX_POINT('',#7949);
#1146=VERTEX_POINT('',#7953);
#1147=VERTEX_POINT('',#7958);
#1148=VERTEX_POINT('',#8082);
#1149=VERTEX_POINT('',#8334);
#1150=VERTEX_POINT('',#8339);
#1151=VERTEX_POINT('',#8344);
#1152=VERTEX_POINT('',#8379);
#1153=VERTEX_POINT('',#8712);
#1154=VERTEX_POINT('',#8775);
#1155=EDGE_CURVE('',#901,#902,#709,.T.);
#1156=EDGE_CURVE('',#903,#902,#470,.T.);
#1157=EDGE_CURVE('',#903,#904,#434,.F.);
#1158=EDGE_CURVE('',#901,#904,#471,.T.);
#1159=EDGE_CURVE('',#905,#906,#710,.T.);
#1160=EDGE_CURVE('',#902,#906,#472,.T.);
#1161=EDGE_CURVE('',#905,#901,#473,.T.);
#1162=EDGE_CURVE('',#907,#908,#711,.T.);
#1163=EDGE_CURVE('',#909,#907,#474,.T.);
#1164=EDGE_CURVE('',#910,#909,#475,.T.);
#1165=EDGE_CURVE('',#908,#910,#476,.T.);
#1166=EDGE_CURVE('',#911,#912,#712,.T.);
#1167=EDGE_CURVE('',#912,#913,#477,.T.);
#1168=EDGE_CURVE('',#914,#913,#435,.T.);
#1169=EDGE_CURVE('',#911,#914,#478,.F.);
#1170=EDGE_CURVE('',#915,#916,#713,.T.);
#1171=EDGE_CURVE('',#916,#912,#479,.T.);
#1172=EDGE_CURVE('',#915,#911,#480,.F.);
#1173=EDGE_CURVE('',#917,#918,#714,.T.);
#1174=EDGE_CURVE('',#918,#916,#481,.T.);
#1175=EDGE_CURVE('',#917,#915,#482,.F.);
#1176=EDGE_CURVE('',#919,#920,#715,.T.);
#1177=EDGE_CURVE('',#921,#919,#483,.F.);
#1178=EDGE_CURVE('',#922,#921,#484,.T.);
#1179=EDGE_CURVE('',#923,#922,#716,.T.);
#1180=EDGE_CURVE('',#923,#920,#485,.T.);
#1181=EDGE_CURVE('',#924,#925,#717,.T.);
#1182=EDGE_CURVE('',#926,#925,#486,.T.);
#1183=EDGE_CURVE('',#926,#927,#436,.F.);
#1184=EDGE_CURVE('',#924,#927,#487,.T.);
#1185=EDGE_CURVE('',#928,#929,#718,.T.);
#1186=EDGE_CURVE('',#925,#929,#488,.T.);
#1187=EDGE_CURVE('',#928,#924,#489,.T.);
#1188=EDGE_CURVE('',#930,#931,#719,.T.);
#1189=EDGE_CURVE('',#932,#930,#490,.T.);
#1190=EDGE_CURVE('',#933,#932,#491,.T.);
#1191=EDGE_CURVE('',#931,#933,#492,.T.);
#1192=EDGE_CURVE('',#934,#935,#720,.T.);
#1193=EDGE_CURVE('',#935,#936,#493,.T.);
#1194=EDGE_CURVE('',#937,#936,#437,.T.);
#1195=EDGE_CURVE('',#934,#937,#494,.F.);
#1196=EDGE_CURVE('',#938,#939,#721,.T.);
#1197=EDGE_CURVE('',#939,#935,#495,.T.);
#1198=EDGE_CURVE('',#938,#934,#496,.F.);
#1199=EDGE_CURVE('',#940,#941,#722,.T.);
#1200=EDGE_CURVE('',#941,#939,#497,.T.);
#1201=EDGE_CURVE('',#940,#938,#498,.F.);
#1202=EDGE_CURVE('',#942,#943,#723,.T.);
#1203=EDGE_CURVE('',#944,#942,#499,.F.);
#1204=EDGE_CURVE('',#945,#944,#500,.T.);
#1205=EDGE_CURVE('',#946,#945,#724,.T.);
#1206=EDGE_CURVE('',#946,#943,#501,.T.);
#1207=EDGE_CURVE('',#947,#948,#725,.T.);
#1208=EDGE_CURVE('',#948,#949,#502,.F.);
#1209=EDGE_CURVE('',#949,#950,#726,.T.);
#1210=EDGE_CURVE('',#950,#947,#503,.T.);
#1211=EDGE_CURVE('',#950,#951,#504,.T.);
#1212=EDGE_CURVE('',#951,#952,#505,.T.);
#1213=EDGE_CURVE('',#952,#953,#506,.T.);
#1214=EDGE_CURVE('',#953,#954,#507,.T.);
#1215=EDGE_CURVE('',#954,#947,#508,.T.);
#1216=EDGE_CURVE('',#955,#954,#509,.F.);
#1217=EDGE_CURVE('',#956,#955,#510,.T.);
#1218=EDGE_CURVE('',#957,#956,#727,.T.);
#1219=EDGE_CURVE('',#958,#957,#511,.T.);
#1220=EDGE_CURVE('',#958,#948,#512,.T.);
#1221=EDGE_CURVE('',#959,#953,#513,.T.);
#1222=EDGE_CURVE('',#959,#960,#514,.T.);
#1223=EDGE_CURVE('',#955,#960,#515,.T.);
#1224=EDGE_CURVE('',#961,#952,#516,.T.);
#1225=EDGE_CURVE('',#961,#959,#517,.T.);
#1226=EDGE_CURVE('',#951,#962,#518,.T.);
#1227=EDGE_CURVE('',#962,#963,#519,.T.);
#1228=EDGE_CURVE('',#963,#964,#520,.T.);
#1229=EDGE_CURVE('',#964,#965,#521,.T.);
#1230=EDGE_CURVE('',#965,#961,#522,.T.);
#1231=EDGE_CURVE('',#966,#965,#523,.T.);
#1232=EDGE_CURVE('',#967,#966,#438,.T.);
#1233=EDGE_CURVE('',#968,#967,#19,.T.);
#1234=EDGE_CURVE('',#969,#968,#524,.T.);
#1235=EDGE_CURVE('',#970,#969,#525,.T.);
#1236=EDGE_CURVE('',#960,#970,#526,.T.);
#1237=EDGE_CURVE('',#966,#964,#527,.T.);
#1238=EDGE_CURVE('',#944,#971,#528,.T.);
#1239=EDGE_CURVE('',#971,#972,#529,.T.);
#1240=EDGE_CURVE('',#972,#973,#530,.T.);
#1241=EDGE_CURVE('',#973,#974,#531,.T.);
#1242=EDGE_CURVE('',#974,#975,#532,.T.);
#1243=EDGE_CURVE('',#975,#945,#533,.T.);
#1244=EDGE_CURVE('',#975,#976,#728,.T.);
#1245=EDGE_CURVE('',#976,#946,#534,.F.);
#1246=EDGE_CURVE('',#971,#977,#535,.T.);
#1247=EDGE_CURVE('',#978,#977,#536,.T.);
#1248=EDGE_CURVE('',#978,#972,#537,.T.);
#1249=EDGE_CURVE('',#942,#940,#538,.F.);
#1250=EDGE_CURVE('',#979,#937,#539,.T.);
#1251=EDGE_CURVE('',#980,#979,#540,.T.);
#1252=EDGE_CURVE('',#980,#981,#541,.T.);
#1253=EDGE_CURVE('',#982,#981,#542,.T.);
#1254=EDGE_CURVE('',#977,#982,#543,.T.);
#1255=EDGE_CURVE('',#943,#941,#544,.T.);
#1256=EDGE_CURVE('',#982,#983,#545,.F.);
#1257=EDGE_CURVE('',#983,#984,#546,.T.);
#1258=EDGE_CURVE('',#984,#985,#547,.T.);
#1259=EDGE_CURVE('',#985,#978,#548,.T.);
#1260=EDGE_CURVE('',#986,#985,#549,.T.);
#1261=EDGE_CURVE('',#987,#986,#550,.T.);
#1262=EDGE_CURVE('',#973,#987,#551,.T.);
#1263=EDGE_CURVE('',#984,#988,#552,.T.);
#1264=EDGE_CURVE('',#988,#989,#553,.T.);
#1265=EDGE_CURVE('',#989,#990,#554,.T.);
#1266=EDGE_CURVE('',#990,#991,#555,.T.);
#1267=EDGE_CURVE('',#991,#986,#556,.T.);
#1268=EDGE_CURVE('',#988,#992,#729,.T.);
#1269=EDGE_CURVE('',#992,#993,#557,.F.);
#1270=EDGE_CURVE('',#993,#989,#730,.T.);
#1271=EDGE_CURVE('',#994,#990,#558,.T.);
#1272=EDGE_CURVE('',#995,#994,#559,.T.);
#1273=EDGE_CURVE('',#995,#996,#560,.T.);
#1274=EDGE_CURVE('',#991,#996,#561,.T.);
#1275=EDGE_CURVE('',#997,#993,#562,.F.);
#1276=EDGE_CURVE('',#998,#997,#439,.T.);
#1277=EDGE_CURVE('',#999,#998,#15,.T.);
#1278=EDGE_CURVE('',#1000,#999,#731,.T.);
#1279=EDGE_CURVE('',#994,#1000,#563,.T.);
#1280=EDGE_CURVE('',#1001,#969,#564,.T.);
#1281=EDGE_CURVE('',#1001,#970,#565,.T.);
#1282=EDGE_CURVE('',#1002,#1003,#732,.T.);
#1283=EDGE_CURVE('',#1004,#1002,#20,.F.);
#1284=EDGE_CURVE('',#1003,#1004,#733,.T.);
#1285=EDGE_CURVE('',#1005,#1006,#734,.T.);
#1286=EDGE_CURVE('',#1007,#1005,#735,.T.);
#1287=EDGE_CURVE('',#1006,#1007,#21,.F.);
#1288=EDGE_CURVE('',#998,#1007,#736,.T.);
#1289=EDGE_CURVE('',#1005,#1008,#737,.T.);
#1290=EDGE_CURVE('',#1008,#999,#738,.T.);
#1291=EDGE_CURVE('',#1009,#1010,#566,.T.);
#1292=EDGE_CURVE('',#1010,#1011,#567,.T.);
#1293=EDGE_CURVE('',#1011,#1012,#568,.T.);
#1294=EDGE_CURVE('',#1012,#1009,#569,.T.);
#1295=EDGE_CURVE('',#1013,#1014,#739,.T.);
#1296=EDGE_CURVE('',#1015,#1013,#740,.T.);
#1297=EDGE_CURVE('',#1014,#1015,#22,.F.);
#1298=EDGE_CURVE('',#967,#1015,#741,.T.);
#1299=EDGE_CURVE('',#1013,#1016,#742,.T.);
#1300=EDGE_CURVE('',#1016,#968,#570,.T.);
#1301=EDGE_CURVE('',#1015,#1004,#440,.T.);
#1302=EDGE_CURVE('',#1002,#1014,#441,.T.);
#1303=EDGE_CURVE('',#1017,#1018,#743,.T.);
#1304=EDGE_CURVE('',#1019,#1017,#23,.F.);
#1305=EDGE_CURVE('',#1018,#1019,#744,.T.);
#1306=EDGE_CURVE('',#1007,#1019,#442,.T.);
#1307=EDGE_CURVE('',#1017,#1020,#443,.T.);
#1308=EDGE_CURVE('',#1020,#1006,#444,.T.);
#1309=EDGE_CURVE('',#1012,#1018,#745,.T.);
#1310=EDGE_CURVE('',#1019,#1021,#746,.T.);
#1311=EDGE_CURVE('',#1021,#1009,#24,.T.);
#1312=EDGE_CURVE('',#1022,#1013,#747,.T.);
#1313=EDGE_CURVE('',#1014,#1023,#748,.T.);
#1314=EDGE_CURVE('',#1023,#1022,#571,.T.);
#1315=EDGE_CURVE('',#1024,#1017,#749,.T.);
#1316=EDGE_CURVE('',#1018,#1025,#750,.T.);
#1317=EDGE_CURVE('',#1025,#1024,#572,.T.);
#1318=EDGE_CURVE('',#1023,#1024,#445,.T.);
#1319=EDGE_CURVE('',#1025,#1026,#25,.T.);
#1320=EDGE_CURVE('',#1026,#1027,#446,.T.);
#1321=EDGE_CURVE('',#1027,#1022,#26,.T.);
#1322=EDGE_CURVE('',#1028,#1005,#751,.T.);
#1323=EDGE_CURVE('',#1006,#1029,#752,.T.);
#1324=EDGE_CURVE('',#1029,#1028,#573,.T.);
#1325=EDGE_CURVE('',#1016,#1030,#574,.T.);
#1326=EDGE_CURVE('',#1030,#1001,#575,.T.);
#1327=EDGE_CURVE('',#962,#1003,#753,.T.);
#1328=EDGE_CURVE('',#1004,#1031,#754,.T.);
#1329=EDGE_CURVE('',#1031,#963,#16,.T.);
#1330=EDGE_CURVE('',#1032,#1002,#755,.T.);
#1331=EDGE_CURVE('',#1003,#1033,#756,.T.);
#1332=EDGE_CURVE('',#1033,#1032,#576,.T.);
#1333=EDGE_CURVE('',#1008,#1034,#757,.T.);
#1334=EDGE_CURVE('',#1034,#1000,#577,.T.);
#1335=EDGE_CURVE('',#1029,#1032,#447,.T.);
#1336=EDGE_CURVE('',#1033,#1035,#27,.T.);
#1337=EDGE_CURVE('',#1035,#1036,#448,.T.);
#1338=EDGE_CURVE('',#1036,#1028,#28,.T.);
#1339=EDGE_CURVE('',#1030,#1037,#578,.T.);
#1340=EDGE_CURVE('',#1037,#956,#579,.T.);
#1341=EDGE_CURVE('',#987,#1038,#580,.T.);
#1342=EDGE_CURVE('',#1038,#995,#581,.T.);
#1343=EDGE_CURVE('',#1034,#974,#582,.T.);
#1344=EDGE_CURVE('',#1037,#1039,#758,.T.);
#1345=EDGE_CURVE('',#1039,#957,#583,.T.);
#1346=EDGE_CURVE('',#1039,#1040,#584,.T.);
#1347=EDGE_CURVE('',#1040,#933,#585,.T.);
#1348=EDGE_CURVE('',#932,#1041,#586,.T.);
#1349=EDGE_CURVE('',#1041,#958,#587,.T.);
#1350=EDGE_CURVE('',#929,#931,#588,.T.);
#1351=EDGE_CURVE('',#930,#928,#589,.T.);
#1352=EDGE_CURVE('',#1040,#1042,#590,.T.);
#1353=EDGE_CURVE('',#1042,#980,#591,.T.);
#1354=EDGE_CURVE('',#926,#979,#592,.T.);
#1355=EDGE_CURVE('',#1027,#1042,#759,.T.);
#1356=EDGE_CURVE('',#983,#1026,#760,.T.);
#1357=EDGE_CURVE('',#1043,#1011,#593,.T.);
#1358=EDGE_CURVE('',#992,#1043,#594,.T.);
#1359=EDGE_CURVE('',#1010,#997,#595,.T.);
#1360=EDGE_CURVE('',#997,#1021,#449,.T.);
#1361=EDGE_CURVE('',#996,#1038,#596,.T.);
#1362=EDGE_CURVE('',#1044,#1045,#450,.T.);
#1363=EDGE_CURVE('',#1046,#1044,#761,.T.);
#1364=EDGE_CURVE('',#1047,#1046,#451,.T.);
#1365=EDGE_CURVE('',#1048,#1047,#762,.T.);
#1366=EDGE_CURVE('',#1049,#1048,#452,.T.);
#1367=EDGE_CURVE('',#1050,#1049,#763,.T.);
#1368=EDGE_CURVE('',#1051,#1050,#453,.T.);
#1369=EDGE_CURVE('',#1052,#1051,#764,.T.);
#1370=EDGE_CURVE('',#1045,#1052,#454,.T.);
#1371=EDGE_CURVE('',#1045,#1020,#765,.T.);
#1372=EDGE_CURVE('',#1053,#1054,#597,.T.);
#1373=EDGE_CURVE('',#1054,#1055,#598,.T.);
#1374=EDGE_CURVE('',#1055,#1056,#599,.T.);
#1375=EDGE_CURVE('',#1056,#1057,#600,.T.);
#1376=EDGE_CURVE('',#1057,#1058,#601,.T.);
#1377=EDGE_CURVE('',#1058,#1059,#602,.T.);
#1378=EDGE_CURVE('',#1059,#1053,#603,.T.);
#1379=EDGE_CURVE('',#1060,#1059,#17,.T.);
#1380=EDGE_CURVE('',#1061,#1060,#455,.T.);
#1381=EDGE_CURVE('',#1061,#1053,#604,.T.);
#1382=EDGE_CURVE('',#1058,#1062,#766,.T.);
#1383=EDGE_CURVE('',#1062,#1063,#767,.T.);
#1384=EDGE_CURVE('',#1063,#1060,#768,.T.);
#1385=EDGE_CURVE('',#1064,#1057,#605,.T.);
#1386=EDGE_CURVE('',#1065,#1064,#769,.T.);
#1387=EDGE_CURVE('',#1066,#1065,#606,.T.);
#1388=EDGE_CURVE('',#1066,#1067,#770,.T.);
#1389=EDGE_CURVE('',#1068,#1067,#29,.T.);
#1390=EDGE_CURVE('',#1062,#1068,#771,.T.);
#1391=EDGE_CURVE('',#1056,#1069,#607,.T.);
#1392=EDGE_CURVE('',#1069,#1070,#608,.T.);
#1393=EDGE_CURVE('',#1070,#1071,#609,.T.);
#1394=EDGE_CURVE('',#1064,#1071,#610,.T.);
#1395=EDGE_CURVE('',#1072,#1073,#611,.T.);
#1396=EDGE_CURVE('',#1073,#1066,#612,.F.);
#1397=EDGE_CURVE('',#1065,#1074,#613,.T.);
#1398=EDGE_CURVE('',#1074,#1072,#614,.T.);
#1399=EDGE_CURVE('',#1071,#1074,#772,.T.);
#1400=EDGE_CURVE('',#1055,#1075,#615,.T.);
#1401=EDGE_CURVE('',#1075,#1069,#616,.T.);
#1402=EDGE_CURVE('',#1061,#1054,#617,.T.);
#1403=EDGE_CURVE('',#1076,#1061,#456,.T.);
#1404=EDGE_CURVE('',#1077,#1076,#30,.T.);
#1405=EDGE_CURVE('',#1078,#1077,#618,.T.);
#1406=EDGE_CURVE('',#1079,#1078,#619,.T.);
#1407=EDGE_CURVE('',#1080,#1079,#620,.T.);
#1408=EDGE_CURVE('',#1075,#1080,#621,.T.);
#1409=EDGE_CURVE('',#921,#1081,#622,.T.);
#1410=EDGE_CURVE('',#1081,#1082,#623,.T.);
#1411=EDGE_CURVE('',#1082,#1083,#624,.T.);
#1412=EDGE_CURVE('',#1083,#1084,#625,.T.);
#1413=EDGE_CURVE('',#1084,#1085,#626,.T.);
#1414=EDGE_CURVE('',#1085,#922,#627,.T.);
#1415=EDGE_CURVE('',#1085,#1086,#773,.T.);
#1416=EDGE_CURVE('',#1086,#923,#628,.F.);
#1417=EDGE_CURVE('',#919,#917,#629,.F.);
#1418=EDGE_CURVE('',#1087,#914,#630,.F.);
#1419=EDGE_CURVE('',#1088,#1087,#631,.T.);
#1420=EDGE_CURVE('',#1088,#1089,#632,.T.);
#1421=EDGE_CURVE('',#1089,#1090,#633,.T.);
#1422=EDGE_CURVE('',#1081,#1090,#634,.T.);
#1423=EDGE_CURVE('',#920,#918,#635,.T.);
#1424=EDGE_CURVE('',#1091,#1078,#636,.T.);
#1425=EDGE_CURVE('',#1079,#1091,#637,.T.);
#1426=EDGE_CURVE('',#1092,#1080,#638,.T.);
#1427=EDGE_CURVE('',#1091,#1093,#639,.T.);
#1428=EDGE_CURVE('',#1093,#1094,#640,.T.);
#1429=EDGE_CURVE('',#1094,#1095,#641,.T.);
#1430=EDGE_CURVE('',#1095,#1092,#642,.T.);
#1431=EDGE_CURVE('',#1049,#1062,#774,.T.);
#1432=EDGE_CURVE('',#1063,#1049,#31,.F.);
#1433=EDGE_CURVE('',#1096,#1048,#775,.T.);
#1434=EDGE_CURVE('',#1097,#1096,#776,.T.);
#1435=EDGE_CURVE('',#1048,#1097,#32,.F.);
#1436=EDGE_CURVE('',#1076,#1097,#777,.T.);
#1437=EDGE_CURVE('',#1096,#1098,#778,.T.);
#1438=EDGE_CURVE('',#1098,#1077,#643,.T.);
#1439=EDGE_CURVE('',#1097,#1063,#457,.T.);
#1440=EDGE_CURVE('',#1068,#1050,#644,.T.);
#1441=EDGE_CURVE('',#1099,#1100,#645,.T.);
#1442=EDGE_CURVE('',#1100,#1101,#646,.T.);
#1443=EDGE_CURVE('',#1101,#1102,#647,.T.);
#1444=EDGE_CURVE('',#1102,#1103,#648,.T.);
#1445=EDGE_CURVE('',#1103,#1104,#649,.T.);
#1446=EDGE_CURVE('',#1104,#1099,#650,.T.);
#1447=EDGE_CURVE('',#1105,#1096,#779,.T.);
#1448=EDGE_CURVE('',#1047,#1105,#651,.T.);
#1449=EDGE_CURVE('',#1100,#1106,#652,.T.);
#1450=EDGE_CURVE('',#1106,#1107,#653,.T.);
#1451=EDGE_CURVE('',#1107,#1101,#654,.T.);
#1452=EDGE_CURVE('',#1108,#1052,#780,.T.);
#1453=EDGE_CURVE('',#1109,#1108,#781,.T.);
#1454=EDGE_CURVE('',#1052,#1109,#33,.F.);
#1455=EDGE_CURVE('',#1110,#1109,#782,.T.);
#1456=EDGE_CURVE('',#1108,#1111,#783,.T.);
#1457=EDGE_CURVE('',#1111,#1112,#784,.T.);
#1458=EDGE_CURVE('',#1112,#1110,#18,.T.);
#1459=EDGE_CURVE('',#1044,#1113,#785,.T.);
#1460=EDGE_CURVE('',#1114,#1044,#34,.F.);
#1461=EDGE_CURVE('',#1113,#1114,#786,.T.);
#1462=EDGE_CURVE('',#1109,#1114,#458,.T.);
#1463=EDGE_CURVE('',#1106,#1113,#787,.T.);
#1464=EDGE_CURVE('',#1114,#1115,#788,.T.);
#1465=EDGE_CURVE('',#1115,#1107,#35,.T.);
#1466=EDGE_CURVE('',#1113,#1116,#789,.T.);
#1467=EDGE_CURVE('',#1116,#1046,#655,.T.);
#1468=EDGE_CURVE('',#1117,#1108,#790,.T.);
#1469=EDGE_CURVE('',#1051,#1117,#656,.T.);
#1470=EDGE_CURVE('',#1116,#1118,#36,.T.);
#1471=EDGE_CURVE('',#1118,#1119,#459,.T.);
#1472=EDGE_CURVE('',#1119,#1105,#37,.T.);
#1473=EDGE_CURVE('',#1067,#1120,#460,.T.);
#1474=EDGE_CURVE('',#1120,#1117,#38,.T.);
#1475=EDGE_CURVE('',#1121,#1112,#791,.T.);
#1476=EDGE_CURVE('',#1111,#1122,#792,.T.);
#1477=EDGE_CURVE('',#1122,#1121,#657,.T.);
#1478=EDGE_CURVE('',#1083,#1123,#658,.T.);
#1479=EDGE_CURVE('',#1123,#1124,#659,.T.);
#1480=EDGE_CURVE('',#1124,#1125,#660,.T.);
#1481=EDGE_CURVE('',#1125,#1126,#661,.T.);
#1482=EDGE_CURVE('',#1126,#1121,#662,.T.);
#1483=EDGE_CURVE('',#1122,#1084,#663,.T.);
#1484=EDGE_CURVE('',#1127,#1099,#793,.T.);
#1485=EDGE_CURVE('',#1104,#1128,#794,.T.);
#1486=EDGE_CURVE('',#1128,#1127,#664,.T.);
#1487=EDGE_CURVE('',#1098,#1093,#665,.T.);
#1488=EDGE_CURVE('',#1129,#1130,#666,.T.);
#1489=EDGE_CURVE('',#1130,#1131,#667,.T.);
#1490=EDGE_CURVE('',#1131,#1132,#668,.T.);
#1491=EDGE_CURVE('',#1132,#1133,#669,.T.);
#1492=EDGE_CURVE('',#1133,#1127,#670,.T.);
#1493=EDGE_CURVE('',#1128,#1129,#671,.T.);
#1494=EDGE_CURVE('',#1134,#1095,#795,.T.);
#1495=EDGE_CURVE('',#1094,#1135,#796,.T.);
#1496=EDGE_CURVE('',#1135,#1134,#672,.T.);
#1497=EDGE_CURVE('',#1135,#1136,#673,.T.);
#1498=EDGE_CURVE('',#1136,#910,#674,.T.);
#1499=EDGE_CURVE('',#909,#1137,#675,.T.);
#1500=EDGE_CURVE('',#1137,#1138,#676,.T.);
#1501=EDGE_CURVE('',#1138,#1134,#677,.T.);
#1502=EDGE_CURVE('',#1139,#1124,#678,.T.);
#1503=EDGE_CURVE('',#1125,#1139,#679,.T.);
#1504=EDGE_CURVE('',#1120,#1140,#797,.T.);
#1505=EDGE_CURVE('',#1141,#1140,#680,.F.);
#1506=EDGE_CURVE('',#1086,#1141,#681,.T.);
#1507=EDGE_CURVE('',#1130,#1139,#682,.T.);
#1508=EDGE_CURVE('',#1126,#1129,#683,.T.);
#1509=EDGE_CURVE('',#1073,#1142,#684,.T.);
#1510=EDGE_CURVE('',#1140,#1142,#685,.T.);
#1511=EDGE_CURVE('',#1123,#1131,#686,.T.);
#1512=EDGE_CURVE('',#1132,#1082,#687,.T.);
#1513=EDGE_CURVE('',#1090,#1133,#688,.T.);
#1514=EDGE_CURVE('',#1092,#1070,#689,.F.);
#1515=EDGE_CURVE('',#1138,#1072,#690,.T.);
#1516=EDGE_CURVE('',#1143,#1137,#691,.T.);
#1517=EDGE_CURVE('',#913,#1143,#692,.F.);
#1518=EDGE_CURVE('',#907,#905,#693,.T.);
#1519=EDGE_CURVE('',#1143,#904,#694,.T.);
#1520=EDGE_CURVE('',#906,#908,#695,.T.);
#1521=EDGE_CURVE('',#1144,#1144,#461,.F.);
#1522=EDGE_CURVE('',#1144,#1145,#798,.T.);
#1523=EDGE_CURVE('',#1145,#1145,#462,.F.);
#1524=EDGE_CURVE('',#1144,#1146,#799,.T.);
#1525=EDGE_CURVE('',#927,#1146,#463,.F.);
#1526=EDGE_CURVE('',#1146,#926,#464,.F.);
#1527=EDGE_CURVE('',#936,#1147,#696,.T.);
#1528=EDGE_CURVE('',#1147,#927,#697,.T.);
#1529=EDGE_CURVE('',#1145,#1148,#800,.T.);
#1530=EDGE_CURVE('',#904,#1148,#465,.F.);
#1531=EDGE_CURVE('',#1148,#903,#466,.F.);
#1532=EDGE_CURVE('',#966,#1031,#467,.T.);
#1533=EDGE_CURVE('',#1147,#1041,#698,.T.);
#1534=EDGE_CURVE('',#976,#1149,#699,.T.);
#1535=EDGE_CURVE('',#1149,#1150,#700,.F.);
#1536=EDGE_CURVE('',#1150,#1151,#701,.T.);
#1537=EDGE_CURVE('',#1151,#1152,#702,.T.);
#1538=EDGE_CURVE('',#1152,#949,#703,.T.);
#1539=EDGE_CURVE('',#1136,#1153,#704,.T.);
#1540=EDGE_CURVE('',#1153,#1088,#705,.T.);
#1541=EDGE_CURVE('',#903,#1087,#706,.T.);
#1542=EDGE_CURVE('',#1119,#1153,#801,.T.);
#1543=EDGE_CURVE('',#1036,#1150,#802,.T.);
#1544=EDGE_CURVE('',#1151,#1035,#803,.T.);
#1545=EDGE_CURVE('',#1089,#1118,#804,.T.);
#1546=EDGE_CURVE('',#1102,#1154,#707,.T.);
#1547=EDGE_CURVE('',#1154,#1103,#708,.F.);
#1548=EDGE_CURVE('',#1154,#1115,#468,.T.);
#1549=EDGE_CURVE('',#1110,#1154,#469,.T.);
#1550=ORIENTED_EDGE('',*,*,#1155,.T.);
#1551=ORIENTED_EDGE('',*,*,#1156,.F.);
#1552=ORIENTED_EDGE('',*,*,#1157,.T.);
#1553=ORIENTED_EDGE('',*,*,#1158,.F.);
#1554=ORIENTED_EDGE('',*,*,#1159,.T.);
#1555=ORIENTED_EDGE('',*,*,#1160,.F.);
#1556=ORIENTED_EDGE('',*,*,#1155,.F.);
#1557=ORIENTED_EDGE('',*,*,#1161,.F.);
#1558=ORIENTED_EDGE('',*,*,#1162,.F.);
#1559=ORIENTED_EDGE('',*,*,#1163,.F.);
#1560=ORIENTED_EDGE('',*,*,#1164,.F.);
#1561=ORIENTED_EDGE('',*,*,#1165,.F.);
#1562=ORIENTED_EDGE('',*,*,#1166,.T.);
#1563=ORIENTED_EDGE('',*,*,#1167,.T.);
#1564=ORIENTED_EDGE('',*,*,#1168,.F.);
#1565=ORIENTED_EDGE('',*,*,#1169,.F.);
#1566=ORIENTED_EDGE('',*,*,#1170,.T.);
#1567=ORIENTED_EDGE('',*,*,#1171,.T.);
#1568=ORIENTED_EDGE('',*,*,#1166,.F.);
#1569=ORIENTED_EDGE('',*,*,#1172,.F.);
#1570=ORIENTED_EDGE('',*,*,#1173,.T.);
#1571=ORIENTED_EDGE('',*,*,#1174,.T.);
#1572=ORIENTED_EDGE('',*,*,#1170,.F.);
#1573=ORIENTED_EDGE('',*,*,#1175,.F.);
#1574=ORIENTED_EDGE('',*,*,#1176,.F.);
#1575=ORIENTED_EDGE('',*,*,#1177,.F.);
#1576=ORIENTED_EDGE('',*,*,#1178,.F.);
#1577=ORIENTED_EDGE('',*,*,#1179,.F.);
#1578=ORIENTED_EDGE('',*,*,#1180,.T.);
#1579=ORIENTED_EDGE('',*,*,#1181,.T.);
#1580=ORIENTED_EDGE('',*,*,#1182,.F.);
#1581=ORIENTED_EDGE('',*,*,#1183,.T.);
#1582=ORIENTED_EDGE('',*,*,#1184,.F.);
#1583=ORIENTED_EDGE('',*,*,#1185,.T.);
#1584=ORIENTED_EDGE('',*,*,#1186,.F.);
#1585=ORIENTED_EDGE('',*,*,#1181,.F.);
#1586=ORIENTED_EDGE('',*,*,#1187,.F.);
#1587=ORIENTED_EDGE('',*,*,#1188,.F.);
#1588=ORIENTED_EDGE('',*,*,#1189,.F.);
#1589=ORIENTED_EDGE('',*,*,#1190,.F.);
#1590=ORIENTED_EDGE('',*,*,#1191,.F.);
#1591=ORIENTED_EDGE('',*,*,#1192,.T.);
#1592=ORIENTED_EDGE('',*,*,#1193,.T.);
#1593=ORIENTED_EDGE('',*,*,#1194,.F.);
#1594=ORIENTED_EDGE('',*,*,#1195,.F.);
#1595=ORIENTED_EDGE('',*,*,#1196,.T.);
#1596=ORIENTED_EDGE('',*,*,#1197,.T.);
#1597=ORIENTED_EDGE('',*,*,#1192,.F.);
#1598=ORIENTED_EDGE('',*,*,#1198,.F.);
#1599=ORIENTED_EDGE('',*,*,#1199,.T.);
#1600=ORIENTED_EDGE('',*,*,#1200,.T.);
#1601=ORIENTED_EDGE('',*,*,#1196,.F.);
#1602=ORIENTED_EDGE('',*,*,#1201,.F.);
#1603=ORIENTED_EDGE('',*,*,#1202,.F.);
#1604=ORIENTED_EDGE('',*,*,#1203,.F.);
#1605=ORIENTED_EDGE('',*,*,#1204,.F.);
#1606=ORIENTED_EDGE('',*,*,#1205,.F.);
#1607=ORIENTED_EDGE('',*,*,#1206,.T.);
#1608=ORIENTED_EDGE('',*,*,#1207,.T.);
#1609=ORIENTED_EDGE('',*,*,#1208,.T.);
#1610=ORIENTED_EDGE('',*,*,#1209,.T.);
#1611=ORIENTED_EDGE('',*,*,#1210,.T.);
#1612=ORIENTED_EDGE('',*,*,#1211,.T.);
#1613=ORIENTED_EDGE('',*,*,#1212,.T.);
#1614=ORIENTED_EDGE('',*,*,#1213,.T.);
#1615=ORIENTED_EDGE('',*,*,#1214,.T.);
#1616=ORIENTED_EDGE('',*,*,#1215,.T.);
#1617=ORIENTED_EDGE('',*,*,#1210,.F.);
#1618=ORIENTED_EDGE('',*,*,#1207,.F.);
#1619=ORIENTED_EDGE('',*,*,#1215,.F.);
#1620=ORIENTED_EDGE('',*,*,#1216,.F.);
#1621=ORIENTED_EDGE('',*,*,#1217,.F.);
#1622=ORIENTED_EDGE('',*,*,#1218,.F.);
#1623=ORIENTED_EDGE('',*,*,#1219,.F.);
#1624=ORIENTED_EDGE('',*,*,#1220,.T.);
#1625=ORIENTED_EDGE('',*,*,#1214,.F.);
#1626=ORIENTED_EDGE('',*,*,#1221,.F.);
#1627=ORIENTED_EDGE('',*,*,#1222,.T.);
#1628=ORIENTED_EDGE('',*,*,#1223,.F.);
#1629=ORIENTED_EDGE('',*,*,#1216,.T.);
#1630=ORIENTED_EDGE('',*,*,#1213,.F.);
#1631=ORIENTED_EDGE('',*,*,#1224,.F.);
#1632=ORIENTED_EDGE('',*,*,#1225,.T.);
#1633=ORIENTED_EDGE('',*,*,#1221,.T.);
#1634=ORIENTED_EDGE('',*,*,#1212,.F.);
#1635=ORIENTED_EDGE('',*,*,#1226,.T.);
#1636=ORIENTED_EDGE('',*,*,#1227,.T.);
#1637=ORIENTED_EDGE('',*,*,#1228,.T.);
#1638=ORIENTED_EDGE('',*,*,#1229,.T.);
#1639=ORIENTED_EDGE('',*,*,#1230,.T.);
#1640=ORIENTED_EDGE('',*,*,#1224,.T.);
#1641=ORIENTED_EDGE('',*,*,#1230,.F.);
#1642=ORIENTED_EDGE('',*,*,#1231,.F.);
#1643=ORIENTED_EDGE('',*,*,#1232,.F.);
#1644=ORIENTED_EDGE('',*,*,#1233,.F.);
#1645=ORIENTED_EDGE('',*,*,#1234,.F.);
#1646=ORIENTED_EDGE('',*,*,#1235,.F.);
#1647=ORIENTED_EDGE('',*,*,#1236,.F.);
#1648=ORIENTED_EDGE('',*,*,#1222,.F.);
#1649=ORIENTED_EDGE('',*,*,#1225,.F.);
#1650=ORIENTED_EDGE('',*,*,#1229,.F.);
#1651=ORIENTED_EDGE('',*,*,#1237,.F.);
#1652=ORIENTED_EDGE('',*,*,#1231,.T.);
#1653=ORIENTED_EDGE('',*,*,#1238,.T.);
#1654=ORIENTED_EDGE('',*,*,#1239,.T.);
#1655=ORIENTED_EDGE('',*,*,#1240,.T.);
#1656=ORIENTED_EDGE('',*,*,#1241,.T.);
#1657=ORIENTED_EDGE('',*,*,#1242,.T.);
#1658=ORIENTED_EDGE('',*,*,#1243,.T.);
#1659=ORIENTED_EDGE('',*,*,#1204,.T.);
#1660=ORIENTED_EDGE('',*,*,#1244,.T.);
#1661=ORIENTED_EDGE('',*,*,#1245,.T.);
#1662=ORIENTED_EDGE('',*,*,#1205,.T.);
#1663=ORIENTED_EDGE('',*,*,#1243,.F.);
#1664=ORIENTED_EDGE('',*,*,#1239,.F.);
#1665=ORIENTED_EDGE('',*,*,#1246,.T.);
#1666=ORIENTED_EDGE('',*,*,#1247,.F.);
#1667=ORIENTED_EDGE('',*,*,#1248,.T.);
#1668=ORIENTED_EDGE('',*,*,#1238,.F.);
#1669=ORIENTED_EDGE('',*,*,#1203,.T.);
#1670=ORIENTED_EDGE('',*,*,#1249,.T.);
#1671=ORIENTED_EDGE('',*,*,#1201,.T.);
#1672=ORIENTED_EDGE('',*,*,#1198,.T.);
#1673=ORIENTED_EDGE('',*,*,#1195,.T.);
#1674=ORIENTED_EDGE('',*,*,#1250,.F.);
#1675=ORIENTED_EDGE('',*,*,#1251,.F.);
#1676=ORIENTED_EDGE('',*,*,#1252,.T.);
#1677=ORIENTED_EDGE('',*,*,#1253,.F.);
#1678=ORIENTED_EDGE('',*,*,#1254,.F.);
#1679=ORIENTED_EDGE('',*,*,#1246,.F.);
#1680=ORIENTED_EDGE('',*,*,#1202,.T.);
#1681=ORIENTED_EDGE('',*,*,#1255,.T.);
#1682=ORIENTED_EDGE('',*,*,#1199,.F.);
#1683=ORIENTED_EDGE('',*,*,#1249,.F.);
#1684=ORIENTED_EDGE('',*,*,#1247,.T.);
#1685=ORIENTED_EDGE('',*,*,#1254,.T.);
#1686=ORIENTED_EDGE('',*,*,#1256,.T.);
#1687=ORIENTED_EDGE('',*,*,#1257,.T.);
#1688=ORIENTED_EDGE('',*,*,#1258,.T.);
#1689=ORIENTED_EDGE('',*,*,#1259,.T.);
#1690=ORIENTED_EDGE('',*,*,#1240,.F.);
#1691=ORIENTED_EDGE('',*,*,#1248,.F.);
#1692=ORIENTED_EDGE('',*,*,#1259,.F.);
#1693=ORIENTED_EDGE('',*,*,#1260,.F.);
#1694=ORIENTED_EDGE('',*,*,#1261,.F.);
#1695=ORIENTED_EDGE('',*,*,#1262,.F.);
#1696=ORIENTED_EDGE('',*,*,#1258,.F.);
#1697=ORIENTED_EDGE('',*,*,#1263,.T.);
#1698=ORIENTED_EDGE('',*,*,#1264,.T.);
#1699=ORIENTED_EDGE('',*,*,#1265,.T.);
#1700=ORIENTED_EDGE('',*,*,#1266,.T.);
#1701=ORIENTED_EDGE('',*,*,#1267,.T.);
#1702=ORIENTED_EDGE('',*,*,#1260,.T.);
#1703=ORIENTED_EDGE('',*,*,#1268,.T.);
#1704=ORIENTED_EDGE('',*,*,#1269,.T.);
#1705=ORIENTED_EDGE('',*,*,#1270,.T.);
#1706=ORIENTED_EDGE('',*,*,#1264,.F.);
#1707=ORIENTED_EDGE('',*,*,#1266,.F.);
#1708=ORIENTED_EDGE('',*,*,#1271,.F.);
#1709=ORIENTED_EDGE('',*,*,#1272,.F.);
#1710=ORIENTED_EDGE('',*,*,#1273,.T.);
#1711=ORIENTED_EDGE('',*,*,#1274,.F.);
#1712=ORIENTED_EDGE('',*,*,#1270,.F.);
#1713=ORIENTED_EDGE('',*,*,#1275,.F.);
#1714=ORIENTED_EDGE('',*,*,#1276,.F.);
#1715=ORIENTED_EDGE('',*,*,#1277,.F.);
#1716=ORIENTED_EDGE('',*,*,#1278,.F.);
#1717=ORIENTED_EDGE('',*,*,#1279,.F.);
#1718=ORIENTED_EDGE('',*,*,#1271,.T.);
#1719=ORIENTED_EDGE('',*,*,#1265,.F.);
#1720=ORIENTED_EDGE('',*,*,#1280,.F.);
#1721=ORIENTED_EDGE('',*,*,#1281,.T.);
#1722=ORIENTED_EDGE('',*,*,#1235,.T.);
#1723=ORIENTED_EDGE('',*,*,#1282,.F.);
#1724=ORIENTED_EDGE('',*,*,#1283,.F.);
#1725=ORIENTED_EDGE('',*,*,#1284,.F.);
#1726=ORIENTED_EDGE('',*,*,#1285,.F.);
#1727=ORIENTED_EDGE('',*,*,#1286,.F.);
#1728=ORIENTED_EDGE('',*,*,#1287,.F.);
#1729=ORIENTED_EDGE('',*,*,#1288,.T.);
#1730=ORIENTED_EDGE('',*,*,#1286,.T.);
#1731=ORIENTED_EDGE('',*,*,#1289,.T.);
#1732=ORIENTED_EDGE('',*,*,#1290,.T.);
#1733=ORIENTED_EDGE('',*,*,#1277,.T.);
#1734=ORIENTED_EDGE('',*,*,#1291,.T.);
#1735=ORIENTED_EDGE('',*,*,#1292,.T.);
#1736=ORIENTED_EDGE('',*,*,#1293,.T.);
#1737=ORIENTED_EDGE('',*,*,#1294,.T.);
#1738=ORIENTED_EDGE('',*,*,#1295,.F.);
#1739=ORIENTED_EDGE('',*,*,#1296,.F.);
#1740=ORIENTED_EDGE('',*,*,#1297,.F.);
#1741=ORIENTED_EDGE('',*,*,#1298,.T.);
#1742=ORIENTED_EDGE('',*,*,#1296,.T.);
#1743=ORIENTED_EDGE('',*,*,#1299,.T.);
#1744=ORIENTED_EDGE('',*,*,#1300,.T.);
#1745=ORIENTED_EDGE('',*,*,#1233,.T.);
#1746=ORIENTED_EDGE('',*,*,#1297,.T.);
#1747=ORIENTED_EDGE('',*,*,#1301,.T.);
#1748=ORIENTED_EDGE('',*,*,#1283,.T.);
#1749=ORIENTED_EDGE('',*,*,#1302,.T.);
#1750=ORIENTED_EDGE('',*,*,#1303,.F.);
#1751=ORIENTED_EDGE('',*,*,#1304,.F.);
#1752=ORIENTED_EDGE('',*,*,#1305,.F.);
#1753=ORIENTED_EDGE('',*,*,#1287,.T.);
#1754=ORIENTED_EDGE('',*,*,#1306,.T.);
#1755=ORIENTED_EDGE('',*,*,#1304,.T.);
#1756=ORIENTED_EDGE('',*,*,#1307,.T.);
#1757=ORIENTED_EDGE('',*,*,#1308,.T.);
#1758=ORIENTED_EDGE('',*,*,#1309,.T.);
#1759=ORIENTED_EDGE('',*,*,#1305,.T.);
#1760=ORIENTED_EDGE('',*,*,#1310,.T.);
#1761=ORIENTED_EDGE('',*,*,#1311,.T.);
#1762=ORIENTED_EDGE('',*,*,#1294,.F.);
#1763=ORIENTED_EDGE('',*,*,#1312,.T.);
#1764=ORIENTED_EDGE('',*,*,#1295,.T.);
#1765=ORIENTED_EDGE('',*,*,#1313,.T.);
#1766=ORIENTED_EDGE('',*,*,#1314,.T.);
#1767=ORIENTED_EDGE('',*,*,#1315,.T.);
#1768=ORIENTED_EDGE('',*,*,#1303,.T.);
#1769=ORIENTED_EDGE('',*,*,#1316,.T.);
#1770=ORIENTED_EDGE('',*,*,#1317,.T.);
#1771=ORIENTED_EDGE('',*,*,#1318,.T.);
#1772=ORIENTED_EDGE('',*,*,#1317,.F.);
#1773=ORIENTED_EDGE('',*,*,#1319,.T.);
#1774=ORIENTED_EDGE('',*,*,#1320,.T.);
#1775=ORIENTED_EDGE('',*,*,#1321,.T.);
#1776=ORIENTED_EDGE('',*,*,#1314,.F.);
#1777=ORIENTED_EDGE('',*,*,#1322,.T.);
#1778=ORIENTED_EDGE('',*,*,#1285,.T.);
#1779=ORIENTED_EDGE('',*,*,#1323,.T.);
#1780=ORIENTED_EDGE('',*,*,#1324,.T.);
#1781=ORIENTED_EDGE('',*,*,#1280,.T.);
#1782=ORIENTED_EDGE('',*,*,#1234,.T.);
#1783=ORIENTED_EDGE('',*,*,#1300,.F.);
#1784=ORIENTED_EDGE('',*,*,#1325,.T.);
#1785=ORIENTED_EDGE('',*,*,#1326,.T.);
#1786=ORIENTED_EDGE('',*,*,#1227,.F.);
#1787=ORIENTED_EDGE('',*,*,#1327,.T.);
#1788=ORIENTED_EDGE('',*,*,#1284,.T.);
#1789=ORIENTED_EDGE('',*,*,#1328,.T.);
#1790=ORIENTED_EDGE('',*,*,#1329,.T.);
#1791=ORIENTED_EDGE('',*,*,#1330,.T.);
#1792=ORIENTED_EDGE('',*,*,#1282,.T.);
#1793=ORIENTED_EDGE('',*,*,#1331,.T.);
#1794=ORIENTED_EDGE('',*,*,#1332,.T.);
#1795=ORIENTED_EDGE('',*,*,#1278,.T.);
#1796=ORIENTED_EDGE('',*,*,#1290,.F.);
#1797=ORIENTED_EDGE('',*,*,#1333,.T.);
#1798=ORIENTED_EDGE('',*,*,#1334,.T.);
#1799=ORIENTED_EDGE('',*,*,#1335,.T.);
#1800=ORIENTED_EDGE('',*,*,#1332,.F.);
#1801=ORIENTED_EDGE('',*,*,#1336,.T.);
#1802=ORIENTED_EDGE('',*,*,#1337,.T.);
#1803=ORIENTED_EDGE('',*,*,#1338,.T.);
#1804=ORIENTED_EDGE('',*,*,#1324,.F.);
#1805=ORIENTED_EDGE('',*,*,#1223,.T.);
#1806=ORIENTED_EDGE('',*,*,#1236,.T.);
#1807=ORIENTED_EDGE('',*,*,#1281,.F.);
#1808=ORIENTED_EDGE('',*,*,#1326,.F.);
#1809=ORIENTED_EDGE('',*,*,#1339,.T.);
#1810=ORIENTED_EDGE('',*,*,#1340,.T.);
#1811=ORIENTED_EDGE('',*,*,#1217,.T.);
#1812=ORIENTED_EDGE('',*,*,#1241,.F.);
#1813=ORIENTED_EDGE('',*,*,#1262,.T.);
#1814=ORIENTED_EDGE('',*,*,#1341,.T.);
#1815=ORIENTED_EDGE('',*,*,#1342,.T.);
#1816=ORIENTED_EDGE('',*,*,#1272,.T.);
#1817=ORIENTED_EDGE('',*,*,#1279,.T.);
#1818=ORIENTED_EDGE('',*,*,#1334,.F.);
#1819=ORIENTED_EDGE('',*,*,#1343,.T.);
#1820=ORIENTED_EDGE('',*,*,#1218,.T.);
#1821=ORIENTED_EDGE('',*,*,#1340,.F.);
#1822=ORIENTED_EDGE('',*,*,#1344,.T.);
#1823=ORIENTED_EDGE('',*,*,#1345,.T.);
#1824=ORIENTED_EDGE('',*,*,#1346,.T.);
#1825=ORIENTED_EDGE('',*,*,#1347,.T.);
#1826=ORIENTED_EDGE('',*,*,#1190,.T.);
#1827=ORIENTED_EDGE('',*,*,#1348,.T.);
#1828=ORIENTED_EDGE('',*,*,#1349,.T.);
#1829=ORIENTED_EDGE('',*,*,#1219,.T.);
#1830=ORIENTED_EDGE('',*,*,#1345,.F.);
#1831=ORIENTED_EDGE('',*,*,#1188,.T.);
#1832=ORIENTED_EDGE('',*,*,#1350,.F.);
#1833=ORIENTED_EDGE('',*,*,#1185,.F.);
#1834=ORIENTED_EDGE('',*,*,#1351,.F.);
#1835=ORIENTED_EDGE('',*,*,#1347,.F.);
#1836=ORIENTED_EDGE('',*,*,#1352,.T.);
#1837=ORIENTED_EDGE('',*,*,#1353,.T.);
#1838=ORIENTED_EDGE('',*,*,#1251,.T.);
#1839=ORIENTED_EDGE('',*,*,#1354,.F.);
#1840=ORIENTED_EDGE('',*,*,#1182,.T.);
#1841=ORIENTED_EDGE('',*,*,#1186,.T.);
#1842=ORIENTED_EDGE('',*,*,#1350,.T.);
#1843=ORIENTED_EDGE('',*,*,#1191,.T.);
#1844=ORIENTED_EDGE('',*,*,#1346,.F.);
#1845=ORIENTED_EDGE('',*,*,#1344,.F.);
#1846=ORIENTED_EDGE('',*,*,#1339,.F.);
#1847=ORIENTED_EDGE('',*,*,#1325,.F.);
#1848=ORIENTED_EDGE('',*,*,#1299,.F.);
#1849=ORIENTED_EDGE('',*,*,#1312,.F.);
#1850=ORIENTED_EDGE('',*,*,#1321,.F.);
#1851=ORIENTED_EDGE('',*,*,#1355,.T.);
#1852=ORIENTED_EDGE('',*,*,#1352,.F.);
#1853=ORIENTED_EDGE('',*,*,#1320,.F.);
#1854=ORIENTED_EDGE('',*,*,#1356,.F.);
#1855=ORIENTED_EDGE('',*,*,#1256,.F.);
#1856=ORIENTED_EDGE('',*,*,#1253,.T.);
#1857=ORIENTED_EDGE('',*,*,#1252,.F.);
#1858=ORIENTED_EDGE('',*,*,#1353,.F.);
#1859=ORIENTED_EDGE('',*,*,#1355,.F.);
#1860=ORIENTED_EDGE('',*,*,#1257,.F.);
#1861=ORIENTED_EDGE('',*,*,#1356,.T.);
#1862=ORIENTED_EDGE('',*,*,#1319,.F.);
#1863=ORIENTED_EDGE('',*,*,#1316,.F.);
#1864=ORIENTED_EDGE('',*,*,#1309,.F.);
#1865=ORIENTED_EDGE('',*,*,#1293,.F.);
#1866=ORIENTED_EDGE('',*,*,#1357,.F.);
#1867=ORIENTED_EDGE('',*,*,#1358,.F.);
#1868=ORIENTED_EDGE('',*,*,#1268,.F.);
#1869=ORIENTED_EDGE('',*,*,#1263,.F.);
#1870=ORIENTED_EDGE('',*,*,#1292,.F.);
#1871=ORIENTED_EDGE('',*,*,#1359,.T.);
#1872=ORIENTED_EDGE('',*,*,#1275,.T.);
#1873=ORIENTED_EDGE('',*,*,#1269,.F.);
#1874=ORIENTED_EDGE('',*,*,#1358,.T.);
#1875=ORIENTED_EDGE('',*,*,#1357,.T.);
#1876=ORIENTED_EDGE('',*,*,#1291,.F.);
#1877=ORIENTED_EDGE('',*,*,#1311,.F.);
#1878=ORIENTED_EDGE('',*,*,#1360,.F.);
#1879=ORIENTED_EDGE('',*,*,#1359,.F.);
#1880=ORIENTED_EDGE('',*,*,#1310,.F.);
#1881=ORIENTED_EDGE('',*,*,#1306,.F.);
#1882=ORIENTED_EDGE('',*,*,#1288,.F.);
#1883=ORIENTED_EDGE('',*,*,#1276,.T.);
#1884=ORIENTED_EDGE('',*,*,#1360,.T.);
#1885=ORIENTED_EDGE('',*,*,#1342,.F.);
#1886=ORIENTED_EDGE('',*,*,#1361,.F.);
#1887=ORIENTED_EDGE('',*,*,#1273,.F.);
#1888=ORIENTED_EDGE('',*,*,#1267,.F.);
#1889=ORIENTED_EDGE('',*,*,#1274,.T.);
#1890=ORIENTED_EDGE('',*,*,#1361,.T.);
#1891=ORIENTED_EDGE('',*,*,#1341,.F.);
#1892=ORIENTED_EDGE('',*,*,#1261,.T.);
#1893=ORIENTED_EDGE('',*,*,#1362,.F.);
#1894=ORIENTED_EDGE('',*,*,#1363,.F.);
#1895=ORIENTED_EDGE('',*,*,#1364,.F.);
#1896=ORIENTED_EDGE('',*,*,#1365,.F.);
#1897=ORIENTED_EDGE('',*,*,#1366,.F.);
#1898=ORIENTED_EDGE('',*,*,#1367,.F.);
#1899=ORIENTED_EDGE('',*,*,#1368,.F.);
#1900=ORIENTED_EDGE('',*,*,#1369,.F.);
#1901=ORIENTED_EDGE('',*,*,#1370,.F.);
#1902=ORIENTED_EDGE('',*,*,#1371,.T.);
#1903=ORIENTED_EDGE('',*,*,#1307,.F.);
#1904=ORIENTED_EDGE('',*,*,#1315,.F.);
#1905=ORIENTED_EDGE('',*,*,#1318,.F.);
#1906=ORIENTED_EDGE('',*,*,#1313,.F.);
#1907=ORIENTED_EDGE('',*,*,#1302,.F.);
#1908=ORIENTED_EDGE('',*,*,#1330,.F.);
#1909=ORIENTED_EDGE('',*,*,#1335,.F.);
#1910=ORIENTED_EDGE('',*,*,#1323,.F.);
#1911=ORIENTED_EDGE('',*,*,#1308,.F.);
#1912=ORIENTED_EDGE('',*,*,#1371,.F.);
#1913=ORIENTED_EDGE('',*,*,#1372,.T.);
#1914=ORIENTED_EDGE('',*,*,#1373,.T.);
#1915=ORIENTED_EDGE('',*,*,#1374,.T.);
#1916=ORIENTED_EDGE('',*,*,#1375,.T.);
#1917=ORIENTED_EDGE('',*,*,#1376,.T.);
#1918=ORIENTED_EDGE('',*,*,#1377,.T.);
#1919=ORIENTED_EDGE('',*,*,#1378,.T.);
#1920=ORIENTED_EDGE('',*,*,#1378,.F.);
#1921=ORIENTED_EDGE('',*,*,#1379,.F.);
#1922=ORIENTED_EDGE('',*,*,#1380,.F.);
#1923=ORIENTED_EDGE('',*,*,#1381,.T.);
#1924=ORIENTED_EDGE('',*,*,#1377,.F.);
#1925=ORIENTED_EDGE('',*,*,#1382,.T.);
#1926=ORIENTED_EDGE('',*,*,#1383,.T.);
#1927=ORIENTED_EDGE('',*,*,#1384,.T.);
#1928=ORIENTED_EDGE('',*,*,#1379,.T.);
#1929=ORIENTED_EDGE('',*,*,#1376,.F.);
#1930=ORIENTED_EDGE('',*,*,#1385,.F.);
#1931=ORIENTED_EDGE('',*,*,#1386,.F.);
#1932=ORIENTED_EDGE('',*,*,#1387,.F.);
#1933=ORIENTED_EDGE('',*,*,#1388,.T.);
#1934=ORIENTED_EDGE('',*,*,#1389,.F.);
#1935=ORIENTED_EDGE('',*,*,#1390,.F.);
#1936=ORIENTED_EDGE('',*,*,#1382,.F.);
#1937=ORIENTED_EDGE('',*,*,#1375,.F.);
#1938=ORIENTED_EDGE('',*,*,#1391,.T.);
#1939=ORIENTED_EDGE('',*,*,#1392,.T.);
#1940=ORIENTED_EDGE('',*,*,#1393,.T.);
#1941=ORIENTED_EDGE('',*,*,#1394,.F.);
#1942=ORIENTED_EDGE('',*,*,#1385,.T.);
#1943=ORIENTED_EDGE('',*,*,#1395,.T.);
#1944=ORIENTED_EDGE('',*,*,#1396,.T.);
#1945=ORIENTED_EDGE('',*,*,#1387,.T.);
#1946=ORIENTED_EDGE('',*,*,#1397,.T.);
#1947=ORIENTED_EDGE('',*,*,#1398,.T.);
#1948=ORIENTED_EDGE('',*,*,#1399,.T.);
#1949=ORIENTED_EDGE('',*,*,#1397,.F.);
#1950=ORIENTED_EDGE('',*,*,#1386,.T.);
#1951=ORIENTED_EDGE('',*,*,#1394,.T.);
#1952=ORIENTED_EDGE('',*,*,#1374,.F.);
#1953=ORIENTED_EDGE('',*,*,#1400,.T.);
#1954=ORIENTED_EDGE('',*,*,#1401,.T.);
#1955=ORIENTED_EDGE('',*,*,#1391,.F.);
#1956=ORIENTED_EDGE('',*,*,#1373,.F.);
#1957=ORIENTED_EDGE('',*,*,#1402,.F.);
#1958=ORIENTED_EDGE('',*,*,#1403,.F.);
#1959=ORIENTED_EDGE('',*,*,#1404,.F.);
#1960=ORIENTED_EDGE('',*,*,#1405,.F.);
#1961=ORIENTED_EDGE('',*,*,#1406,.F.);
#1962=ORIENTED_EDGE('',*,*,#1407,.F.);
#1963=ORIENTED_EDGE('',*,*,#1408,.F.);
#1964=ORIENTED_EDGE('',*,*,#1400,.F.);
#1965=ORIENTED_EDGE('',*,*,#1409,.T.);
#1966=ORIENTED_EDGE('',*,*,#1410,.T.);
#1967=ORIENTED_EDGE('',*,*,#1411,.T.);
#1968=ORIENTED_EDGE('',*,*,#1412,.T.);
#1969=ORIENTED_EDGE('',*,*,#1413,.T.);
#1970=ORIENTED_EDGE('',*,*,#1414,.T.);
#1971=ORIENTED_EDGE('',*,*,#1178,.T.);
#1972=ORIENTED_EDGE('',*,*,#1415,.T.);
#1973=ORIENTED_EDGE('',*,*,#1416,.T.);
#1974=ORIENTED_EDGE('',*,*,#1179,.T.);
#1975=ORIENTED_EDGE('',*,*,#1414,.F.);
#1976=ORIENTED_EDGE('',*,*,#1409,.F.);
#1977=ORIENTED_EDGE('',*,*,#1177,.T.);
#1978=ORIENTED_EDGE('',*,*,#1417,.T.);
#1979=ORIENTED_EDGE('',*,*,#1175,.T.);
#1980=ORIENTED_EDGE('',*,*,#1172,.T.);
#1981=ORIENTED_EDGE('',*,*,#1169,.T.);
#1982=ORIENTED_EDGE('',*,*,#1418,.F.);
#1983=ORIENTED_EDGE('',*,*,#1419,.F.);
#1984=ORIENTED_EDGE('',*,*,#1420,.T.);
#1985=ORIENTED_EDGE('',*,*,#1421,.T.);
#1986=ORIENTED_EDGE('',*,*,#1422,.F.);
#1987=ORIENTED_EDGE('',*,*,#1176,.T.);
#1988=ORIENTED_EDGE('',*,*,#1423,.T.);
#1989=ORIENTED_EDGE('',*,*,#1173,.F.);
#1990=ORIENTED_EDGE('',*,*,#1417,.F.);
#1991=ORIENTED_EDGE('',*,*,#1424,.F.);
#1992=ORIENTED_EDGE('',*,*,#1425,.F.);
#1993=ORIENTED_EDGE('',*,*,#1406,.T.);
#1994=ORIENTED_EDGE('',*,*,#1426,.T.);
#1995=ORIENTED_EDGE('',*,*,#1407,.T.);
#1996=ORIENTED_EDGE('',*,*,#1425,.T.);
#1997=ORIENTED_EDGE('',*,*,#1427,.T.);
#1998=ORIENTED_EDGE('',*,*,#1428,.T.);
#1999=ORIENTED_EDGE('',*,*,#1429,.T.);
#2000=ORIENTED_EDGE('',*,*,#1430,.T.);
#2001=ORIENTED_EDGE('',*,*,#1431,.F.);
#2002=ORIENTED_EDGE('',*,*,#1432,.F.);
#2003=ORIENTED_EDGE('',*,*,#1383,.F.);
#2004=ORIENTED_EDGE('',*,*,#1433,.F.);
#2005=ORIENTED_EDGE('',*,*,#1434,.F.);
#2006=ORIENTED_EDGE('',*,*,#1435,.F.);
#2007=ORIENTED_EDGE('',*,*,#1436,.T.);
#2008=ORIENTED_EDGE('',*,*,#1434,.T.);
#2009=ORIENTED_EDGE('',*,*,#1437,.T.);
#2010=ORIENTED_EDGE('',*,*,#1438,.T.);
#2011=ORIENTED_EDGE('',*,*,#1404,.T.);
#2012=ORIENTED_EDGE('',*,*,#1435,.T.);
#2013=ORIENTED_EDGE('',*,*,#1439,.T.);
#2014=ORIENTED_EDGE('',*,*,#1432,.T.);
#2015=ORIENTED_EDGE('',*,*,#1366,.T.);
#2016=ORIENTED_EDGE('',*,*,#1367,.T.);
#2017=ORIENTED_EDGE('',*,*,#1431,.T.);
#2018=ORIENTED_EDGE('',*,*,#1390,.T.);
#2019=ORIENTED_EDGE('',*,*,#1440,.T.);
#2020=ORIENTED_EDGE('',*,*,#1441,.T.);
#2021=ORIENTED_EDGE('',*,*,#1442,.T.);
#2022=ORIENTED_EDGE('',*,*,#1443,.T.);
#2023=ORIENTED_EDGE('',*,*,#1444,.T.);
#2024=ORIENTED_EDGE('',*,*,#1445,.T.);
#2025=ORIENTED_EDGE('',*,*,#1446,.T.);
#2026=ORIENTED_EDGE('',*,*,#1447,.T.);
#2027=ORIENTED_EDGE('',*,*,#1433,.T.);
#2028=ORIENTED_EDGE('',*,*,#1365,.T.);
#2029=ORIENTED_EDGE('',*,*,#1448,.T.);
#2030=ORIENTED_EDGE('',*,*,#1449,.T.);
#2031=ORIENTED_EDGE('',*,*,#1450,.T.);
#2032=ORIENTED_EDGE('',*,*,#1451,.T.);
#2033=ORIENTED_EDGE('',*,*,#1442,.F.);
#2034=ORIENTED_EDGE('',*,*,#1452,.F.);
#2035=ORIENTED_EDGE('',*,*,#1453,.F.);
#2036=ORIENTED_EDGE('',*,*,#1454,.F.);
#2037=ORIENTED_EDGE('',*,*,#1455,.T.);
#2038=ORIENTED_EDGE('',*,*,#1453,.T.);
#2039=ORIENTED_EDGE('',*,*,#1456,.T.);
#2040=ORIENTED_EDGE('',*,*,#1457,.T.);
#2041=ORIENTED_EDGE('',*,*,#1458,.T.);
#2042=ORIENTED_EDGE('',*,*,#1459,.F.);
#2043=ORIENTED_EDGE('',*,*,#1460,.F.);
#2044=ORIENTED_EDGE('',*,*,#1461,.F.);
#2045=ORIENTED_EDGE('',*,*,#1454,.T.);
#2046=ORIENTED_EDGE('',*,*,#1462,.T.);
#2047=ORIENTED_EDGE('',*,*,#1460,.T.);
#2048=ORIENTED_EDGE('',*,*,#1362,.T.);
#2049=ORIENTED_EDGE('',*,*,#1370,.T.);
#2050=ORIENTED_EDGE('',*,*,#1463,.T.);
#2051=ORIENTED_EDGE('',*,*,#1461,.T.);
#2052=ORIENTED_EDGE('',*,*,#1464,.T.);
#2053=ORIENTED_EDGE('',*,*,#1465,.T.);
#2054=ORIENTED_EDGE('',*,*,#1450,.F.);
#2055=ORIENTED_EDGE('',*,*,#1363,.T.);
#2056=ORIENTED_EDGE('',*,*,#1459,.T.);
#2057=ORIENTED_EDGE('',*,*,#1466,.T.);
#2058=ORIENTED_EDGE('',*,*,#1467,.T.);
#2059=ORIENTED_EDGE('',*,*,#1468,.T.);
#2060=ORIENTED_EDGE('',*,*,#1452,.T.);
#2061=ORIENTED_EDGE('',*,*,#1369,.T.);
#2062=ORIENTED_EDGE('',*,*,#1469,.T.);
#2063=ORIENTED_EDGE('',*,*,#1364,.T.);
#2064=ORIENTED_EDGE('',*,*,#1467,.F.);
#2065=ORIENTED_EDGE('',*,*,#1470,.T.);
#2066=ORIENTED_EDGE('',*,*,#1471,.T.);
#2067=ORIENTED_EDGE('',*,*,#1472,.T.);
#2068=ORIENTED_EDGE('',*,*,#1448,.F.);
#2069=ORIENTED_EDGE('',*,*,#1473,.T.);
#2070=ORIENTED_EDGE('',*,*,#1474,.T.);
#2071=ORIENTED_EDGE('',*,*,#1469,.F.);
#2072=ORIENTED_EDGE('',*,*,#1368,.T.);
#2073=ORIENTED_EDGE('',*,*,#1440,.F.);
#2074=ORIENTED_EDGE('',*,*,#1389,.T.);
#2075=ORIENTED_EDGE('',*,*,#1475,.T.);
#2076=ORIENTED_EDGE('',*,*,#1457,.F.);
#2077=ORIENTED_EDGE('',*,*,#1476,.T.);
#2078=ORIENTED_EDGE('',*,*,#1477,.T.);
#2079=ORIENTED_EDGE('',*,*,#1412,.F.);
#2080=ORIENTED_EDGE('',*,*,#1478,.T.);
#2081=ORIENTED_EDGE('',*,*,#1479,.T.);
#2082=ORIENTED_EDGE('',*,*,#1480,.T.);
#2083=ORIENTED_EDGE('',*,*,#1481,.T.);
#2084=ORIENTED_EDGE('',*,*,#1482,.T.);
#2085=ORIENTED_EDGE('',*,*,#1477,.F.);
#2086=ORIENTED_EDGE('',*,*,#1483,.T.);
#2087=ORIENTED_EDGE('',*,*,#1484,.T.);
#2088=ORIENTED_EDGE('',*,*,#1446,.F.);
#2089=ORIENTED_EDGE('',*,*,#1485,.T.);
#2090=ORIENTED_EDGE('',*,*,#1486,.T.);
#2091=ORIENTED_EDGE('',*,*,#1424,.T.);
#2092=ORIENTED_EDGE('',*,*,#1405,.T.);
#2093=ORIENTED_EDGE('',*,*,#1438,.F.);
#2094=ORIENTED_EDGE('',*,*,#1487,.T.);
#2095=ORIENTED_EDGE('',*,*,#1427,.F.);
#2096=ORIENTED_EDGE('',*,*,#1488,.T.);
#2097=ORIENTED_EDGE('',*,*,#1489,.T.);
#2098=ORIENTED_EDGE('',*,*,#1490,.T.);
#2099=ORIENTED_EDGE('',*,*,#1491,.T.);
#2100=ORIENTED_EDGE('',*,*,#1492,.T.);
#2101=ORIENTED_EDGE('',*,*,#1486,.F.);
#2102=ORIENTED_EDGE('',*,*,#1493,.T.);
#2103=ORIENTED_EDGE('',*,*,#1494,.T.);
#2104=ORIENTED_EDGE('',*,*,#1429,.F.);
#2105=ORIENTED_EDGE('',*,*,#1495,.T.);
#2106=ORIENTED_EDGE('',*,*,#1496,.T.);
#2107=ORIENTED_EDGE('',*,*,#1497,.T.);
#2108=ORIENTED_EDGE('',*,*,#1498,.T.);
#2109=ORIENTED_EDGE('',*,*,#1164,.T.);
#2110=ORIENTED_EDGE('',*,*,#1499,.T.);
#2111=ORIENTED_EDGE('',*,*,#1500,.T.);
#2112=ORIENTED_EDGE('',*,*,#1501,.T.);
#2113=ORIENTED_EDGE('',*,*,#1496,.F.);
#2114=ORIENTED_EDGE('',*,*,#1480,.F.);
#2115=ORIENTED_EDGE('',*,*,#1502,.F.);
#2116=ORIENTED_EDGE('',*,*,#1503,.F.);
#2117=ORIENTED_EDGE('',*,*,#1413,.F.);
#2118=ORIENTED_EDGE('',*,*,#1483,.F.);
#2119=ORIENTED_EDGE('',*,*,#1476,.F.);
#2120=ORIENTED_EDGE('',*,*,#1456,.F.);
#2121=ORIENTED_EDGE('',*,*,#1468,.F.);
#2122=ORIENTED_EDGE('',*,*,#1474,.F.);
#2123=ORIENTED_EDGE('',*,*,#1504,.T.);
#2124=ORIENTED_EDGE('',*,*,#1505,.F.);
#2125=ORIENTED_EDGE('',*,*,#1506,.F.);
#2126=ORIENTED_EDGE('',*,*,#1415,.F.);
#2127=ORIENTED_EDGE('',*,*,#1481,.F.);
#2128=ORIENTED_EDGE('',*,*,#1503,.T.);
#2129=ORIENTED_EDGE('',*,*,#1507,.F.);
#2130=ORIENTED_EDGE('',*,*,#1488,.F.);
#2131=ORIENTED_EDGE('',*,*,#1508,.F.);
#2132=ORIENTED_EDGE('',*,*,#1473,.F.);
#2133=ORIENTED_EDGE('',*,*,#1388,.F.);
#2134=ORIENTED_EDGE('',*,*,#1396,.F.);
#2135=ORIENTED_EDGE('',*,*,#1509,.T.);
#2136=ORIENTED_EDGE('',*,*,#1510,.F.);
#2137=ORIENTED_EDGE('',*,*,#1504,.F.);
#2138=ORIENTED_EDGE('',*,*,#1479,.F.);
#2139=ORIENTED_EDGE('',*,*,#1511,.T.);
#2140=ORIENTED_EDGE('',*,*,#1489,.F.);
#2141=ORIENTED_EDGE('',*,*,#1507,.T.);
#2142=ORIENTED_EDGE('',*,*,#1502,.T.);
#2143=ORIENTED_EDGE('',*,*,#1411,.F.);
#2144=ORIENTED_EDGE('',*,*,#1512,.F.);
#2145=ORIENTED_EDGE('',*,*,#1490,.F.);
#2146=ORIENTED_EDGE('',*,*,#1511,.F.);
#2147=ORIENTED_EDGE('',*,*,#1478,.F.);
#2148=ORIENTED_EDGE('',*,*,#1410,.F.);
#2149=ORIENTED_EDGE('',*,*,#1422,.T.);
#2150=ORIENTED_EDGE('',*,*,#1513,.T.);
#2151=ORIENTED_EDGE('',*,*,#1491,.F.);
#2152=ORIENTED_EDGE('',*,*,#1512,.T.);
#2153=ORIENTED_EDGE('',*,*,#1372,.F.);
#2154=ORIENTED_EDGE('',*,*,#1381,.F.);
#2155=ORIENTED_EDGE('',*,*,#1402,.T.);
#2156=ORIENTED_EDGE('',*,*,#1384,.F.);
#2157=ORIENTED_EDGE('',*,*,#1439,.F.);
#2158=ORIENTED_EDGE('',*,*,#1436,.F.);
#2159=ORIENTED_EDGE('',*,*,#1403,.T.);
#2160=ORIENTED_EDGE('',*,*,#1380,.T.);
#2161=ORIENTED_EDGE('',*,*,#1392,.F.);
#2162=ORIENTED_EDGE('',*,*,#1401,.F.);
#2163=ORIENTED_EDGE('',*,*,#1408,.T.);
#2164=ORIENTED_EDGE('',*,*,#1426,.F.);
#2165=ORIENTED_EDGE('',*,*,#1514,.T.);
#2166=ORIENTED_EDGE('',*,*,#1399,.F.);
#2167=ORIENTED_EDGE('',*,*,#1393,.F.);
#2168=ORIENTED_EDGE('',*,*,#1514,.F.);
#2169=ORIENTED_EDGE('',*,*,#1430,.F.);
#2170=ORIENTED_EDGE('',*,*,#1494,.F.);
#2171=ORIENTED_EDGE('',*,*,#1501,.F.);
#2172=ORIENTED_EDGE('',*,*,#1515,.T.);
#2173=ORIENTED_EDGE('',*,*,#1398,.F.);
#2174=ORIENTED_EDGE('',*,*,#1395,.F.);
#2175=ORIENTED_EDGE('',*,*,#1515,.F.);
#2176=ORIENTED_EDGE('',*,*,#1500,.F.);
#2177=ORIENTED_EDGE('',*,*,#1516,.F.);
#2178=ORIENTED_EDGE('',*,*,#1517,.F.);
#2179=ORIENTED_EDGE('',*,*,#1167,.F.);
#2180=ORIENTED_EDGE('',*,*,#1171,.F.);
#2181=ORIENTED_EDGE('',*,*,#1174,.F.);
#2182=ORIENTED_EDGE('',*,*,#1423,.F.);
#2183=ORIENTED_EDGE('',*,*,#1180,.F.);
#2184=ORIENTED_EDGE('',*,*,#1416,.F.);
#2185=ORIENTED_EDGE('',*,*,#1506,.T.);
#2186=ORIENTED_EDGE('',*,*,#1505,.T.);
#2187=ORIENTED_EDGE('',*,*,#1510,.T.);
#2188=ORIENTED_EDGE('',*,*,#1509,.F.);
#2189=ORIENTED_EDGE('',*,*,#1499,.F.);
#2190=ORIENTED_EDGE('',*,*,#1163,.T.);
#2191=ORIENTED_EDGE('',*,*,#1518,.T.);
#2192=ORIENTED_EDGE('',*,*,#1161,.T.);
#2193=ORIENTED_EDGE('',*,*,#1158,.T.);
#2194=ORIENTED_EDGE('',*,*,#1519,.F.);
#2195=ORIENTED_EDGE('',*,*,#1516,.T.);
#2196=ORIENTED_EDGE('',*,*,#1162,.T.);
#2197=ORIENTED_EDGE('',*,*,#1520,.F.);
#2198=ORIENTED_EDGE('',*,*,#1159,.F.);
#2199=ORIENTED_EDGE('',*,*,#1518,.F.);
#2200=ORIENTED_EDGE('',*,*,#1521,.F.);
#2201=ORIENTED_EDGE('',*,*,#1522,.T.);
#2202=ORIENTED_EDGE('',*,*,#1523,.F.);
#2203=ORIENTED_EDGE('',*,*,#1522,.F.);
#2204=ORIENTED_EDGE('',*,*,#1521,.T.);
#2205=ORIENTED_EDGE('',*,*,#1524,.T.);
#2206=ORIENTED_EDGE('',*,*,#1525,.F.);
#2207=ORIENTED_EDGE('',*,*,#1183,.F.);
#2208=ORIENTED_EDGE('',*,*,#1526,.F.);
#2209=ORIENTED_EDGE('',*,*,#1524,.F.);
#2210=ORIENTED_EDGE('',*,*,#1525,.T.);
#2211=ORIENTED_EDGE('',*,*,#1526,.T.);
#2212=ORIENTED_EDGE('',*,*,#1354,.T.);
#2213=ORIENTED_EDGE('',*,*,#1250,.T.);
#2214=ORIENTED_EDGE('',*,*,#1194,.T.);
#2215=ORIENTED_EDGE('',*,*,#1527,.T.);
#2216=ORIENTED_EDGE('',*,*,#1528,.T.);
#2217=ORIENTED_EDGE('',*,*,#1523,.T.);
#2218=ORIENTED_EDGE('',*,*,#1529,.T.);
#2219=ORIENTED_EDGE('',*,*,#1530,.F.);
#2220=ORIENTED_EDGE('',*,*,#1157,.F.);
#2221=ORIENTED_EDGE('',*,*,#1531,.F.);
#2222=ORIENTED_EDGE('',*,*,#1529,.F.);
#2223=ORIENTED_EDGE('',*,*,#1228,.F.);
#2224=ORIENTED_EDGE('',*,*,#1329,.F.);
#2225=ORIENTED_EDGE('',*,*,#1532,.F.);
#2226=ORIENTED_EDGE('',*,*,#1237,.T.);
#2227=ORIENTED_EDGE('',*,*,#1349,.F.);
#2228=ORIENTED_EDGE('',*,*,#1533,.F.);
#2229=ORIENTED_EDGE('',*,*,#1527,.F.);
#2230=ORIENTED_EDGE('',*,*,#1193,.F.);
#2231=ORIENTED_EDGE('',*,*,#1197,.F.);
#2232=ORIENTED_EDGE('',*,*,#1200,.F.);
#2233=ORIENTED_EDGE('',*,*,#1255,.F.);
#2234=ORIENTED_EDGE('',*,*,#1206,.F.);
#2235=ORIENTED_EDGE('',*,*,#1245,.F.);
#2236=ORIENTED_EDGE('',*,*,#1534,.T.);
#2237=ORIENTED_EDGE('',*,*,#1535,.T.);
#2238=ORIENTED_EDGE('',*,*,#1536,.T.);
#2239=ORIENTED_EDGE('',*,*,#1537,.T.);
#2240=ORIENTED_EDGE('',*,*,#1538,.T.);
#2241=ORIENTED_EDGE('',*,*,#1208,.F.);
#2242=ORIENTED_EDGE('',*,*,#1220,.F.);
#2243=ORIENTED_EDGE('',*,*,#1348,.F.);
#2244=ORIENTED_EDGE('',*,*,#1189,.T.);
#2245=ORIENTED_EDGE('',*,*,#1351,.T.);
#2246=ORIENTED_EDGE('',*,*,#1187,.T.);
#2247=ORIENTED_EDGE('',*,*,#1184,.T.);
#2248=ORIENTED_EDGE('',*,*,#1528,.F.);
#2249=ORIENTED_EDGE('',*,*,#1533,.T.);
#2250=ORIENTED_EDGE('',*,*,#1498,.F.);
#2251=ORIENTED_EDGE('',*,*,#1539,.T.);
#2252=ORIENTED_EDGE('',*,*,#1540,.T.);
#2253=ORIENTED_EDGE('',*,*,#1419,.T.);
#2254=ORIENTED_EDGE('',*,*,#1541,.F.);
#2255=ORIENTED_EDGE('',*,*,#1156,.T.);
#2256=ORIENTED_EDGE('',*,*,#1160,.T.);
#2257=ORIENTED_EDGE('',*,*,#1520,.T.);
#2258=ORIENTED_EDGE('',*,*,#1165,.T.);
#2259=ORIENTED_EDGE('',*,*,#1530,.T.);
#2260=ORIENTED_EDGE('',*,*,#1531,.T.);
#2261=ORIENTED_EDGE('',*,*,#1541,.T.);
#2262=ORIENTED_EDGE('',*,*,#1418,.T.);
#2263=ORIENTED_EDGE('',*,*,#1168,.T.);
#2264=ORIENTED_EDGE('',*,*,#1517,.T.);
#2265=ORIENTED_EDGE('',*,*,#1519,.T.);
#2266=ORIENTED_EDGE('',*,*,#1447,.F.);
#2267=ORIENTED_EDGE('',*,*,#1472,.F.);
#2268=ORIENTED_EDGE('',*,*,#1542,.T.);
#2269=ORIENTED_EDGE('',*,*,#1539,.F.);
#2270=ORIENTED_EDGE('',*,*,#1497,.F.);
#2271=ORIENTED_EDGE('',*,*,#1495,.F.);
#2272=ORIENTED_EDGE('',*,*,#1428,.F.);
#2273=ORIENTED_EDGE('',*,*,#1487,.F.);
#2274=ORIENTED_EDGE('',*,*,#1437,.F.);
#2275=ORIENTED_EDGE('',*,*,#1242,.F.);
#2276=ORIENTED_EDGE('',*,*,#1343,.F.);
#2277=ORIENTED_EDGE('',*,*,#1333,.F.);
#2278=ORIENTED_EDGE('',*,*,#1289,.F.);
#2279=ORIENTED_EDGE('',*,*,#1322,.F.);
#2280=ORIENTED_EDGE('',*,*,#1338,.F.);
#2281=ORIENTED_EDGE('',*,*,#1543,.T.);
#2282=ORIENTED_EDGE('',*,*,#1535,.F.);
#2283=ORIENTED_EDGE('',*,*,#1534,.F.);
#2284=ORIENTED_EDGE('',*,*,#1244,.F.);
#2285=ORIENTED_EDGE('',*,*,#1337,.F.);
#2286=ORIENTED_EDGE('',*,*,#1544,.F.);
#2287=ORIENTED_EDGE('',*,*,#1536,.F.);
#2288=ORIENTED_EDGE('',*,*,#1543,.F.);
#2289=ORIENTED_EDGE('',*,*,#1538,.F.);
#2290=ORIENTED_EDGE('',*,*,#1537,.F.);
#2291=ORIENTED_EDGE('',*,*,#1544,.T.);
#2292=ORIENTED_EDGE('',*,*,#1336,.F.);
#2293=ORIENTED_EDGE('',*,*,#1331,.F.);
#2294=ORIENTED_EDGE('',*,*,#1327,.F.);
#2295=ORIENTED_EDGE('',*,*,#1226,.F.);
#2296=ORIENTED_EDGE('',*,*,#1211,.F.);
#2297=ORIENTED_EDGE('',*,*,#1209,.F.);
#2298=ORIENTED_EDGE('',*,*,#1298,.F.);
#2299=ORIENTED_EDGE('',*,*,#1232,.T.);
#2300=ORIENTED_EDGE('',*,*,#1532,.T.);
#2301=ORIENTED_EDGE('',*,*,#1328,.F.);
#2302=ORIENTED_EDGE('',*,*,#1301,.F.);
#2303=ORIENTED_EDGE('',*,*,#1471,.F.);
#2304=ORIENTED_EDGE('',*,*,#1545,.F.);
#2305=ORIENTED_EDGE('',*,*,#1420,.F.);
#2306=ORIENTED_EDGE('',*,*,#1540,.F.);
#2307=ORIENTED_EDGE('',*,*,#1542,.F.);
#2308=ORIENTED_EDGE('',*,*,#1444,.F.);
#2309=ORIENTED_EDGE('',*,*,#1546,.T.);
#2310=ORIENTED_EDGE('',*,*,#1547,.T.);
#2311=ORIENTED_EDGE('',*,*,#1465,.F.);
#2312=ORIENTED_EDGE('',*,*,#1548,.F.);
#2313=ORIENTED_EDGE('',*,*,#1546,.F.);
#2314=ORIENTED_EDGE('',*,*,#1443,.F.);
#2315=ORIENTED_EDGE('',*,*,#1451,.F.);
#2316=ORIENTED_EDGE('',*,*,#1455,.F.);
#2317=ORIENTED_EDGE('',*,*,#1549,.T.);
#2318=ORIENTED_EDGE('',*,*,#1548,.T.);
#2319=ORIENTED_EDGE('',*,*,#1464,.F.);
#2320=ORIENTED_EDGE('',*,*,#1462,.F.);
#2321=ORIENTED_EDGE('',*,*,#1475,.F.);
#2322=ORIENTED_EDGE('',*,*,#1482,.F.);
#2323=ORIENTED_EDGE('',*,*,#1508,.T.);
#2324=ORIENTED_EDGE('',*,*,#1493,.F.);
#2325=ORIENTED_EDGE('',*,*,#1485,.F.);
#2326=ORIENTED_EDGE('',*,*,#1445,.F.);
#2327=ORIENTED_EDGE('',*,*,#1547,.F.);
#2328=ORIENTED_EDGE('',*,*,#1549,.F.);
#2329=ORIENTED_EDGE('',*,*,#1458,.F.);
#2330=ORIENTED_EDGE('',*,*,#1492,.F.);
#2331=ORIENTED_EDGE('',*,*,#1513,.F.);
#2332=ORIENTED_EDGE('',*,*,#1421,.F.);
#2333=ORIENTED_EDGE('',*,*,#1545,.T.);
#2334=ORIENTED_EDGE('',*,*,#1470,.F.);
#2335=ORIENTED_EDGE('',*,*,#1466,.F.);
#2336=ORIENTED_EDGE('',*,*,#1463,.F.);
#2337=ORIENTED_EDGE('',*,*,#1449,.F.);
#2338=ORIENTED_EDGE('',*,*,#1441,.F.);
#2339=ORIENTED_EDGE('',*,*,#1484,.F.);
#2340=CYLINDRICAL_SURFACE('',#2523,8.7595);
#2341=CYLINDRICAL_SURFACE('',#2525,8.7595);
#2342=CYLINDRICAL_SURFACE('',#2526,8.7595);
#2343=CYLINDRICAL_SURFACE('',#2527,10.14625);
#2344=CYLINDRICAL_SURFACE('',#2529,10.14625);
#2345=CYLINDRICAL_SURFACE('',#2530,10.14625);
#2346=CYLINDRICAL_SURFACE('',#2531,10.14625);
#2347=CYLINDRICAL_SURFACE('',#2532,8.7595);
#2348=CYLINDRICAL_SURFACE('',#2534,8.7595);
#2349=CYLINDRICAL_SURFACE('',#2535,8.7595);
#2350=CYLINDRICAL_SURFACE('',#2536,10.14625);
#2351=CYLINDRICAL_SURFACE('',#2538,10.14625);
#2352=CYLINDRICAL_SURFACE('',#2539,10.14625);
#2353=CYLINDRICAL_SURFACE('',#2540,10.14625);
#2354=CYLINDRICAL_SURFACE('',#2542,10.14625);
#2355=CYLINDRICAL_SURFACE('',#2546,10.14625);
#2356=CYLINDRICAL_SURFACE('',#2547,8.7595);
#2357=CYLINDRICAL_SURFACE('',#2549,10.14625);
#2358=CYLINDRICAL_SURFACE('',#2580,8.7595);
#2359=CYLINDRICAL_SURFACE('',#2588,11.5);
#2360=CYLINDRICAL_SURFACE('',#2594,10.14625);
#2361=CYLINDRICAL_SURFACE('',#2603,10.14625);
#2362=CYLINDRICAL_SURFACE('',#2630,8.7595);
#2363=CYLINDRICAL_SURFACE('',#2632,10.14625);
#2364=CYLINDRICAL_SURFACE('',#2633,8.7595);
#2365=CYLINDRICAL_SURFACE('',#2634,7.5);
#2366=CYLINDRICAL_SURFACE('',#2644,10.14625);
#2367=CYLINDRICAL_SURFACE('',#2657,10.14625);
#2368=ADVANCED_FACE('',(#152),#2340,.F.);
#2369=ADVANCED_FACE('',(#153),#2341,.F.);
#2370=ADVANCED_FACE('',(#154),#2342,.F.);
#2371=ADVANCED_FACE('',(#155),#2343,.F.);
#2372=ADVANCED_FACE('',(#156),#2344,.F.);
#2373=ADVANCED_FACE('',(#157),#2345,.F.);
#2374=ADVANCED_FACE('',(#158),#2346,.F.);
#2375=ADVANCED_FACE('',(#159),#2347,.F.);
#2376=ADVANCED_FACE('',(#160),#2348,.F.);
#2377=ADVANCED_FACE('',(#161),#2349,.F.);
#2378=ADVANCED_FACE('',(#162),#2350,.F.);
#2379=ADVANCED_FACE('',(#163),#2351,.F.);
#2380=ADVANCED_FACE('',(#164),#2352,.F.);
#2381=ADVANCED_FACE('',(#165),#2353,.F.);
#2382=ADVANCED_FACE('',(#166),#100,.T.);
#2383=ADVANCED_FACE('',(#167),#55,.T.);
#2384=ADVANCED_FACE('',(#168),#2354,.F.);
#2385=ADVANCED_FACE('',(#169),#56,.F.);
#2386=ADVANCED_FACE('',(#170),#57,.T.);
#2387=ADVANCED_FACE('',(#171),#58,.T.);
#2388=ADVANCED_FACE('',(#172),#39,.F.);
#2389=ADVANCED_FACE('',(#173),#59,.F.);
#2390=ADVANCED_FACE('',(#174),#60,.T.);
#2391=ADVANCED_FACE('',(#175),#101,.T.);
#2392=ADVANCED_FACE('',(#176),#61,.T.);
#2393=ADVANCED_FACE('',(#177),#62,.F.);
#2394=ADVANCED_FACE('',(#178),#2355,.F.);
#2395=ADVANCED_FACE('',(#179),#63,.T.);
#2396=ADVANCED_FACE('',(#180),#2356,.F.);
#2397=ADVANCED_FACE('',(#181),#64,.T.);
#2398=ADVANCED_FACE('',(#182),#102,.T.);
#2399=ADVANCED_FACE('',(#183),#65,.F.);
#2400=ADVANCED_FACE('',(#184),#2357,.F.);
#2401=ADVANCED_FACE('',(#185),#66,.T.);
#2402=ADVANCED_FACE('',(#186),#103,.T.);
#2403=ADVANCED_FACE('',(#187),#104,.T.);
#2404=ADVANCED_FACE('',(#188),#105,.T.);
#2405=ADVANCED_FACE('',(#189),#67,.T.);
#2406=ADVANCED_FACE('',(#190),#106,.T.);
#2407=ADVANCED_FACE('',(#191),#107,.T.);
#2408=ADVANCED_FACE('',(#192),#40,.T.);
#2409=ADVANCED_FACE('',(#193),#108,.T.);
#2410=ADVANCED_FACE('',(#194),#41,.T.);
#2411=ADVANCED_FACE('',(#195),#109,.T.);
#2412=ADVANCED_FACE('',(#196),#110,.T.);
#2413=ADVANCED_FACE('',(#197),#111,.T.);
#2414=ADVANCED_FACE('',(#198),#42,.T.);
#2415=ADVANCED_FACE('',(#199),#112,.T.);
#2416=ADVANCED_FACE('',(#200),#68,.T.);
#2417=ADVANCED_FACE('',(#201),#113,.T.);
#2418=ADVANCED_FACE('',(#202),#114,.T.);
#2419=ADVANCED_FACE('',(#203),#115,.T.);
#2420=ADVANCED_FACE('',(#204),#43,.T.);
#2421=ADVANCED_FACE('',(#205),#69,.T.);
#2422=ADVANCED_FACE('',(#206),#70,.T.);
#2423=ADVANCED_FACE('',(#207),#116,.T.);
#2424=ADVANCED_FACE('',(#208),#71,.T.);
#2425=ADVANCED_FACE('',(#209),#2358,.F.);
#2426=ADVANCED_FACE('',(#210),#72,.T.);
#2427=ADVANCED_FACE('',(#211),#117,.F.);
#2428=ADVANCED_FACE('',(#212),#118,.T.);
#2429=ADVANCED_FACE('',(#213),#119,.F.);
#2430=ADVANCED_FACE('',(#214),#73,.F.);
#2431=ADVANCED_FACE('',(#215),#44,.F.);
#2432=ADVANCED_FACE('',(#216),#120,.F.);
#2433=ADVANCED_FACE('',(#217),#45,.F.);
#2434=ADVANCED_FACE('',(#218),#74,.T.);
#2435=ADVANCED_FACE('',(#219),#2359,.T.);
#2436=ADVANCED_FACE('',(#220),#75,.T.);
#2437=ADVANCED_FACE('',(#221),#2360,.F.);
#2438=ADVANCED_FACE('',(#222),#121,.T.);
#2439=ADVANCED_FACE('',(#223),#122,.F.);
#2440=ADVANCED_FACE('',(#224),#76,.T.);
#2441=ADVANCED_FACE('',(#225),#77,.T.);
#2442=ADVANCED_FACE('',(#226),#123,.T.);
#2443=ADVANCED_FACE('',(#227),#78,.T.);
#2444=ADVANCED_FACE('',(#228),#46,.F.);
#2445=ADVANCED_FACE('',(#229),#79,.T.);
#2446=ADVANCED_FACE('',(#230),#124,.T.);
#2447=ADVANCED_FACE('',(#231),#80,.F.);
#2448=ADVANCED_FACE('',(#232),#2361,.F.);
#2449=ADVANCED_FACE('',(#233),#81,.T.);
#2450=ADVANCED_FACE('',(#234),#82,.T.);
#2451=ADVANCED_FACE('',(#235),#125,.T.);
#2452=ADVANCED_FACE('',(#236),#126,.T.);
#2453=ADVANCED_FACE('',(#237),#127,.T.);
#2454=ADVANCED_FACE('',(#238),#47,.T.);
#2455=ADVANCED_FACE('',(#239),#128,.T.);
#2456=ADVANCED_FACE('',(#240),#83,.T.);
#2457=ADVANCED_FACE('',(#241),#129,.T.);
#2458=ADVANCED_FACE('',(#242),#84,.T.);
#2459=ADVANCED_FACE('',(#243),#130,.T.);
#2460=ADVANCED_FACE('',(#244),#131,.T.);
#2461=ADVANCED_FACE('',(#245),#132,.T.);
#2462=ADVANCED_FACE('',(#246),#48,.T.);
#2463=ADVANCED_FACE('',(#247),#133,.T.);
#2464=ADVANCED_FACE('',(#248),#134,.T.);
#2465=ADVANCED_FACE('',(#249),#135,.T.);
#2466=ADVANCED_FACE('',(#250),#49,.T.);
#2467=ADVANCED_FACE('',(#251),#50,.T.);
#2468=ADVANCED_FACE('',(#252),#136,.T.);
#2469=ADVANCED_FACE('',(#253),#85,.T.);
#2470=ADVANCED_FACE('',(#254),#137,.T.);
#2471=ADVANCED_FACE('',(#255),#86,.T.);
#2472=ADVANCED_FACE('',(#256),#87,.T.);
#2473=ADVANCED_FACE('',(#257),#138,.T.);
#2474=ADVANCED_FACE('',(#258),#88,.T.);
#2475=ADVANCED_FACE('',(#259),#51,.F.);
#2476=ADVANCED_FACE('',(#260),#139,.F.);
#2477=ADVANCED_FACE('',(#261),#89,.F.);
#2478=ADVANCED_FACE('',(#262),#140,.T.);
#2479=ADVANCED_FACE('',(#263),#90,.T.);
#2480=ADVANCED_FACE('',(#264),#2362,.F.);
#2481=ADVANCED_FACE('',(#265),#91,.T.);
#2482=ADVANCED_FACE('',(#266),#92,.F.);
#2483=ADVANCED_FACE('',(#267),#141,.T.);
#2484=ADVANCED_FACE('',(#268),#93,.F.);
#2485=ADVANCED_FACE('',(#269),#2363,.F.);
#2486=ADVANCED_FACE('',(#270),#94,.F.);
#2487=ADVANCED_FACE('',(#271),#95,.T.);
#2488=ADVANCED_FACE('',(#272),#2364,.F.);
#2489=ADVANCED_FACE('',(#273),#2365,.F.);
#2490=ADVANCED_FACE('',(#274),#52,.F.);
#2491=ADVANCED_FACE('',(#275),#142,.F.);
#2492=ADVANCED_FACE('',(#276),#53,.F.);
#2493=ADVANCED_FACE('',(#277),#2366,.F.);
#2494=ADVANCED_FACE('',(#278),#96,.F.);
#2495=ADVANCED_FACE('',(#279),#97,.T.);
#2496=ADVANCED_FACE('',(#280),#98,.T.);
#2497=ADVANCED_FACE('',(#281),#143,.T.);
#2498=ADVANCED_FACE('',(#282),#144,.F.);
#2499=ADVANCED_FACE('',(#283),#145,.F.);
#2500=ADVANCED_FACE('',(#284),#146,.T.);
#2501=ADVANCED_FACE('',(#285),#147,.F.);
#2502=ADVANCED_FACE('',(#286),#148,.F.);
#2503=ADVANCED_FACE('',(#287),#149,.T.);
#2504=ADVANCED_FACE('',(#288),#99,.F.);
#2505=ADVANCED_FACE('',(#289),#54,.F.);
#2506=ADVANCED_FACE('',(#290),#150,.T.);
#2507=ADVANCED_FACE('',(#291),#2367,.F.);
#2508=ADVANCED_FACE('',(#292),#151,.F.);
#2509=CLOSED_SHELL('',(#2368,#2369,#2370,#2371,#2372,#2373,#2374,#2375,
#2376,#2377,#2378,#2379,#2380,#2381,#2382,#2383,#2384,#2385,#2386,#2387,
#2388,#2389,#2390,#2391,#2392,#2393,#2394,#2395,#2396,#2397,#2398,#2399,
#2400,#2401,#2402,#2403,#2404,#2405,#2406,#2407,#2408,#2409,#2410,#2411,
#2412,#2413,#2414,#2415,#2416,#2417,#2418,#2419,#2420,#2421,#2422,#2423,
#2424,#2425,#2426,#2427,#2428,#2429,#2430,#2431,#2432,#2433,#2434,#2435,
#2436,#2437,#2438,#2439,#2440,#2441,#2442,#2443,#2444,#2445,#2446,#2447,
#2448,#2449,#2450,#2451,#2452,#2453,#2454,#2455,#2456,#2457,#2458,#2459,
#2460,#2461,#2462,#2463,#2464,#2465,#2466,#2467,#2468,#2469,#2470,#2471,
#2472,#2473,#2474,#2475,#2476,#2477,#2478,#2479,#2480,#2481,#2482,#2483,
#2484,#2485,#2486,#2487,#2488,#2489,#2490,#2491,#2492,#2493,#2494,#2495,
#2496,#2497,#2498,#2499,#2500,#2501,#2502,#2503,#2504,#2505,#2506,#2507,
#2508));
#2510=DERIVED_UNIT_ELEMENT(#2512,1.);
#2511=DERIVED_UNIT_ELEMENT(#8924,-3.);
#2512=(
MASS_UNIT()
NAMED_UNIT(*)
SI_UNIT(.KILO.,.GRAM.)
);
#2513=DERIVED_UNIT((#2510,#2511));
#2514=MEASURE_REPRESENTATION_ITEM('density measure',
POSITIVE_RATIO_MEASURE(952.),#2513);
#2515=PROPERTY_DEFINITION_REPRESENTATION(#2520,#2517);
#2516=PROPERTY_DEFINITION_REPRESENTATION(#2521,#2518);
#2517=REPRESENTATION('material name',(#2519),#8921);
#2518=REPRESENTATION('density',(#2514),#8921);
#2519=DESCRIPTIVE_REPRESENTATION_ITEM('Plastic, Opaque Black',
'Plastic, Opaque Black');
#2520=PROPERTY_DEFINITION('material property','material name',#8931);
#2521=PROPERTY_DEFINITION('material property','density of part',#8931);
#2522=AXIS2_PLACEMENT_3D('placement',#3029,#2659,#2660);
#2523=AXIS2_PLACEMENT_3D('',#3030,#2661,#2662);
#2524=AXIS2_PLACEMENT_3D('',#3046,#2664,#2665);
#2525=AXIS2_PLACEMENT_3D('',#3060,#2666,#2667);
#2526=AXIS2_PLACEMENT_3D('',#3092,#2669,#2670);
#2527=AXIS2_PLACEMENT_3D('',#3124,#2672,#2673);
#2528=AXIS2_PLACEMENT_3D('',#3134,#2675,#2676);
#2529=AXIS2_PLACEMENT_3D('',#3142,#2677,#2678);
#2530=AXIS2_PLACEMENT_3D('',#3235,#2680,#2681);
#2531=AXIS2_PLACEMENT_3D('',#3322,#2683,#2684);
#2532=AXIS2_PLACEMENT_3D('',#3354,#2687,#2688);
#2533=AXIS2_PLACEMENT_3D('',#3370,#2690,#2691);
#2534=AXIS2_PLACEMENT_3D('',#3384,#2692,#2693);
#2535=AXIS2_PLACEMENT_3D('',#3417,#2695,#2696);
#2536=AXIS2_PLACEMENT_3D('',#3447,#2698,#2699);
#2537=AXIS2_PLACEMENT_3D('',#3457,#2701,#2702);
#2538=AXIS2_PLACEMENT_3D('',#3471,#2703,#2704);
#2539=AXIS2_PLACEMENT_3D('',#3564,#2706,#2707);
#2540=AXIS2_PLACEMENT_3D('',#3651,#2709,#2710);
#2541=AXIS2_PLACEMENT_3D('',#3683,#2713,#2714);
#2542=AXIS2_PLACEMENT_3D('',#3745,#2717,#2718);
#2543=AXIS2_PLACEMENT_3D('',#4030,#2720,#2721);
#2544=AXIS2_PLACEMENT_3D('',#4052,#2722,#2723);
#2545=AXIS2_PLACEMENT_3D('',#4139,#2724,#2725);
#2546=AXIS2_PLACEMENT_3D('',#4691,#2727,#2728);
#2547=AXIS2_PLACEMENT_3D('',#4766,#2729,#2730);
#2548=AXIS2_PLACEMENT_3D('',#4829,#2731,#2732);
#2549=AXIS2_PLACEMENT_3D('',#4906,#2735,#2736);
#2550=AXIS2_PLACEMENT_3D('',#4922,#2737,#2738);
#2551=AXIS2_PLACEMENT_3D('',#4924,#2739,#2740);
#2552=AXIS2_PLACEMENT_3D('',#4956,#2742,#2743);
#2553=AXIS2_PLACEMENT_3D('',#4965,#2746,#2747);
#2554=AXIS2_PLACEMENT_3D('',#4974,#2750,#2751);
#2555=AXIS2_PLACEMENT_3D('',#5030,#2755,#2756);
#2556=AXIS2_PLACEMENT_3D('',#5039,#2759,#2760);
#2557=AXIS2_PLACEMENT_3D('',#5050,#2763,#2764);
#2558=AXIS2_PLACEMENT_3D('',#5051,#2765,#2766);
#2559=AXIS2_PLACEMENT_3D('',#5052,#2767,#2768);
#2560=AXIS2_PLACEMENT_3D('',#5053,#2769,#2770);
#2561=AXIS2_PLACEMENT_3D('',#5062,#2773,#2774);
#2562=AXIS2_PLACEMENT_3D('',#5063,#2775,#2776);
#2563=AXIS2_PLACEMENT_3D('',#5065,#2777,#2778);
#2564=AXIS2_PLACEMENT_3D('',#5066,#2779,#2780);
#2565=AXIS2_PLACEMENT_3D('',#5067,#2781,#2782);
#2566=AXIS2_PLACEMENT_3D('',#5074,#2785,#2786);
#2567=AXIS2_PLACEMENT_3D('',#5083,#2789,#2790);
#2568=AXIS2_PLACEMENT_3D('',#5092,#2793,#2794);
#2569=AXIS2_PLACEMENT_3D('',#5093,#2795,#2796);
#2570=AXIS2_PLACEMENT_3D('',#5099,#2797,#2798);
#2571=AXIS2_PLACEMENT_3D('',#5103,#2799,#2800);
#2572=AXIS2_PLACEMENT_3D('',#5139,#2803,#2804);
#2573=AXIS2_PLACEMENT_3D('',#5143,#2807,#2808);
#2574=AXIS2_PLACEMENT_3D('',#5144,#2809,#2810);
#2575=AXIS2_PLACEMENT_3D('',#5153,#2813,#2814);
#2576=AXIS2_PLACEMENT_3D('',#5160,#2816,#2817);
#2577=AXIS2_PLACEMENT_3D('',#5161,#2818,#2819);
#2578=AXIS2_PLACEMENT_3D('',#5167,#2820,#2821);
#2579=AXIS2_PLACEMENT_3D('',#5225,#2822,#2823);
#2580=AXIS2_PLACEMENT_3D('',#5269,#2825,#2826);
#2581=AXIS2_PLACEMENT_3D('',#5510,#2827,#2828);
#2582=AXIS2_PLACEMENT_3D('',#5512,#2830,#2831);
#2583=AXIS2_PLACEMENT_3D('',#5514,#2833,#2834);
#2584=AXIS2_PLACEMENT_3D('',#5685,#2835,#2836);
#2585=AXIS2_PLACEMENT_3D('',#5686,#2837,#2838);
#2586=AXIS2_PLACEMENT_3D('',#5687,#2839,#2840);
#2587=AXIS2_PLACEMENT_3D('',#5688,#2841,#2842);
#2588=AXIS2_PLACEMENT_3D('',#5724,#2843,#2844);
#2589=AXIS2_PLACEMENT_3D('',#5727,#2845,#2846);
#2590=AXIS2_PLACEMENT_3D('',#5731,#2848,#2849);
#2591=AXIS2_PLACEMENT_3D('',#5735,#2851,#2852);
#2592=AXIS2_PLACEMENT_3D('',#5739,#2854,#2855);
#2593=AXIS2_PLACEMENT_3D('',#5742,#2857,#2858);
#2594=AXIS2_PLACEMENT_3D('',#5819,#2860,#2861);
#2595=AXIS2_PLACEMENT_3D('',#5821,#2862,#2863);
#2596=AXIS2_PLACEMENT_3D('',#5823,#2864,#2865);
#2597=AXIS2_PLACEMENT_3D('',#5828,#2866,#2867);
#2598=AXIS2_PLACEMENT_3D('',#5834,#2871,#2872);
#2599=AXIS2_PLACEMENT_3D('',#5932,#2876,#2877);
#2600=AXIS2_PLACEMENT_3D('',#5983,#2879,#2880);
#2601=AXIS2_PLACEMENT_3D('',#6004,#2881,#2882);
#2602=AXIS2_PLACEMENT_3D('',#6157,#2883,#2884);
#2603=AXIS2_PLACEMENT_3D('',#6619,#2886,#2887);
#2604=AXIS2_PLACEMENT_3D('',#6728,#2888,#2889);
#2605=AXIS2_PLACEMENT_3D('',#6733,#2891,#2892);
#2606=AXIS2_PLACEMENT_3D('',#6741,#2895,#2896);
#2607=AXIS2_PLACEMENT_3D('',#6752,#2899,#2900);
#2608=AXIS2_PLACEMENT_3D('',#6753,#2901,#2902);
#2609=AXIS2_PLACEMENT_3D('',#6754,#2903,#2904);
#2610=AXIS2_PLACEMENT_3D('',#6810,#2905,#2906);
#2611=AXIS2_PLACEMENT_3D('',#6859,#2908,#2909);
#2612=AXIS2_PLACEMENT_3D('',#6867,#2912,#2913);
#2613=AXIS2_PLACEMENT_3D('',#6874,#2917,#2918);
#2614=AXIS2_PLACEMENT_3D('',#6875,#2919,#2920);
#2615=AXIS2_PLACEMENT_3D('',#6883,#2923,#2924);
#2616=AXIS2_PLACEMENT_3D('',#6884,#2925,#2926);
#2617=AXIS2_PLACEMENT_3D('',#6885,#2927,#2928);
#2618=AXIS2_PLACEMENT_3D('',#6892,#2931,#2932);
#2619=AXIS2_PLACEMENT_3D('',#6899,#2934,#2935);
#2620=AXIS2_PLACEMENT_3D('',#6906,#2937,#2938);
#2621=AXIS2_PLACEMENT_3D('',#6912,#2939,#2940);
#2622=AXIS2_PLACEMENT_3D('',#6916,#2941,#2942);
#2623=AXIS2_PLACEMENT_3D('',#6918,#2943,#2944);
#2624=AXIS2_PLACEMENT_3D('',#6922,#2945,#2946);
#2625=AXIS2_PLACEMENT_3D('',#6975,#2949,#2950);
#2626=AXIS2_PLACEMENT_3D('',#7054,#2953,#2954);
#2627=AXIS2_PLACEMENT_3D('',#7105,#2957,#2958);
#2628=AXIS2_PLACEMENT_3D('',#7124,#2959,#2960);
#2629=AXIS2_PLACEMENT_3D('',#7184,#2962,#2963);
#2630=AXIS2_PLACEMENT_3D('',#7259,#2964,#2965);
#2631=AXIS2_PLACEMENT_3D('',#7317,#2966,#2967);
#2632=AXIS2_PLACEMENT_3D('',#7359,#2968,#2969);
#2633=AXIS2_PLACEMENT_3D('',#7928,#2970,#2971);
#2634=AXIS2_PLACEMENT_3D('',#7946,#2972,#2973);
#2635=AXIS2_PLACEMENT_3D('',#7948,#2974,#2975);
#2636=AXIS2_PLACEMENT_3D('',#7951,#2977,#2978);
#2637=AXIS2_PLACEMENT_3D('',#7952,#2979,#2980);
#2638=AXIS2_PLACEMENT_3D('',#7955,#2982,#2983);
#2639=AXIS2_PLACEMENT_3D('',#7956,#2984,#2985);
#2640=AXIS2_PLACEMENT_3D('',#7957,#2986,#2987);
#2641=AXIS2_PLACEMENT_3D('',#8081,#2988,#2989);
#2642=AXIS2_PLACEMENT_3D('',#8084,#2991,#2992);
#2643=AXIS2_PLACEMENT_3D('',#8085,#2993,#2994);
#2644=AXIS2_PLACEMENT_3D('',#8086,#2995,#2996);
#2645=AXIS2_PLACEMENT_3D('',#8087,#2997,#2998);
#2646=AXIS2_PLACEMENT_3D('',#8736,#2999,#3000);
#2647=AXIS2_PLACEMENT_3D('',#8737,#3001,#3002);
#2648=AXIS2_PLACEMENT_3D('',#8739,#3004,#3005);
#2649=AXIS2_PLACEMENT_3D('',#8741,#3007,#3008);
#2650=AXIS2_PLACEMENT_3D('',#8743,#3010,#3011);
#2651=AXIS2_PLACEMENT_3D('',#8744,#3012,#3013);
#2652=AXIS2_PLACEMENT_3D('',#8745,#3014,#3015);
#2653=AXIS2_PLACEMENT_3D('',#8913,#3017,#3018);
#2654=AXIS2_PLACEMENT_3D('',#8914,#3019,#3020);
#2655=AXIS2_PLACEMENT_3D('',#8915,#3021,#3022);
#2656=AXIS2_PLACEMENT_3D('',#8916,#3023,#3024);
#2657=AXIS2_PLACEMENT_3D('',#8917,#3025,#3026);
#2658=AXIS2_PLACEMENT_3D('',#8918,#3027,#3028);
#2659=DIRECTION('axis',(0.,0.,1.));
#2660=DIRECTION('refdir',(1.,0.,0.));
#2661=DIRECTION('center_axis',(0.,0.,-1.));
#2662=DIRECTION('ref_axis',(1.,0.,0.));
#2663=DIRECTION('',(0.,0.,-1.));
#2664=DIRECTION('center_axis',(0.,0.,1.));
#2665=DIRECTION('ref_axis',(1.,0.,0.));
#2666=DIRECTION('center_axis',(0.,0.,-1.));
#2667=DIRECTION('ref_axis',(1.,0.,0.));
#2668=DIRECTION('',(0.,0.,-1.));
#2669=DIRECTION('center_axis',(0.,0.,-1.));
#2670=DIRECTION('ref_axis',(0.483578222769434,-0.875301149584048,0.));
#2671=DIRECTION('',(0.,0.,-1.));
#2672=DIRECTION('center_axis',(0.,0.,-1.));
#2673=DIRECTION('ref_axis',(-0.733431655438124,0.679763199063683,0.));
#2674=DIRECTION('',(1.22464679914735E-16,1.24525543920254E-30,-1.));
#2675=DIRECTION('center_axis',(0.,0.,1.));
#2676=DIRECTION('ref_axis',(1.,1.02907469966573E-14,0.));
#2677=DIRECTION('center_axis',(0.,0.,-1.));
#2678=DIRECTION('ref_axis',(1.,1.02907469966573E-14,0.));
#2679=DIRECTION('',(1.22464679914735E-16,1.24525543920254E-30,-1.));
#2680=DIRECTION('center_axis',(0.,0.,-1.));
#2681=DIRECTION('ref_axis',(1.,1.02907469966573E-14,0.));
#2682=DIRECTION('',(1.22464679914735E-16,1.24525543920254E-30,-1.));
#2683=DIRECTION('center_axis',(0.,0.,-1.));
#2684=DIRECTION('ref_axis',(1.,1.02907469966573E-14,0.));
#2685=DIRECTION('',(1.22464679914735E-16,1.24525543920254E-30,-1.));
#2686=DIRECTION('',(5.85988642172194E-17,1.0753497542228E-16,1.));
#2687=DIRECTION('center_axis',(0.,0.,1.));
#2688=DIRECTION('ref_axis',(1.,0.,0.));
#2689=DIRECTION('',(0.,0.,1.));
#2690=DIRECTION('center_axis',(0.,0.,-1.));
#2691=DIRECTION('ref_axis',(1.,0.,0.));
#2692=DIRECTION('center_axis',(0.,0.,1.));
#2693=DIRECTION('ref_axis',(1.,0.,0.));
#2694=DIRECTION('',(0.,0.,1.));
#2695=DIRECTION('center_axis',(0.,0.,1.));
#2696=DIRECTION('ref_axis',(0.48357905470598,0.875300689962981,0.));
#2697=DIRECTION('',(0.,0.,1.));
#2698=DIRECTION('center_axis',(0.,0.,1.));
#2699=DIRECTION('ref_axis',(-0.73357622732168,-0.679607179706402,-5.47110028150872E-17));
#2700=DIRECTION('',(1.22464679914735E-16,4.95072334809479E-31,1.));
#2701=DIRECTION('center_axis',(0.,0.,-1.));
#2702=DIRECTION('ref_axis',(1.,3.92010771854471E-15,-5.47110028150872E-17));
#2703=DIRECTION('center_axis',(0.,0.,1.));
#2704=DIRECTION('ref_axis',(1.,3.92010771854471E-15,-5.47110028150872E-17));
#2705=DIRECTION('',(1.22464679914735E-16,4.95072334809479E-31,1.));
#2706=DIRECTION('center_axis',(0.,0.,1.));
#2707=DIRECTION('ref_axis',(1.,3.92010771854471E-15,-5.47110028150872E-17));
#2708=DIRECTION('',(1.22464679914735E-16,4.95072334809479E-31,1.));
#2709=DIRECTION('center_axis',(0.,0.,1.));
#2710=DIRECTION('ref_axis',(-0.859842440237484,0.510559475444779,-5.47110028150872E-17));
#2711=DIRECTION('',(1.22464679914735E-16,4.95072334809479E-31,1.));
#2712=DIRECTION('',(5.85988642172194E-17,-1.0753497542228E-16,-1.));
#2713=DIRECTION('center_axis',(-0.763971289751867,-0.645250237066883,0.));
#2714=DIRECTION('ref_axis',(0.,0.,1.));
#2715=DIRECTION('',(2.28648467403281E-17,1.20311248892861E-16,1.));
#2716=DIRECTION('',(0.,0.,-1.));
#2717=DIRECTION('center_axis',(0.,0.,1.));
#2718=DIRECTION('ref_axis',(1.,3.92010771854471E-15,-5.47110028150872E-17));
#2719=DIRECTION('',(-5.85988642172194E-17,1.0753497542228E-16,-1.));
#2720=DIRECTION('center_axis',(1.81719597536699E-43,-1.46239204699728E-29,
-1.));
#2721=DIRECTION('ref_axis',(1.,1.24261888534122E-14,0.));
#2722=DIRECTION('center_axis',(0.,0.,1.));
#2723=DIRECTION('ref_axis',(1.,1.24261888534122E-14,0.));
#2724=DIRECTION('center_axis',(0.854720543296483,-0.519088424901736,0.));
#2725=DIRECTION('ref_axis',(0.,0.,-1.));
#2726=DIRECTION('',(0.,0.,1.));
#2727=DIRECTION('center_axis',(0.,0.,1.));
#2728=DIRECTION('ref_axis',(1.,3.92010771854471E-15,-5.47110028150872E-17));
#2729=DIRECTION('center_axis',(0.,0.,1.));
#2730=DIRECTION('ref_axis',(-0.983000116398001,-0.183604932290821,0.));
#2731=DIRECTION('center_axis',(0.763971289751867,0.645250237066883,0.));
#2732=DIRECTION('ref_axis',(0.,0.,-1.));
#2733=DIRECTION('',(0.,0.,-1.));
#2734=DIRECTION('',(-2.28648467403281E-17,-1.20311248892861E-16,1.));
#2735=DIRECTION('center_axis',(0.,0.,1.));
#2736=DIRECTION('ref_axis',(-0.987923885064631,-0.154939979730235,-5.47110028150872E-17));
#2737=DIRECTION('center_axis',(0.,0.,1.));
#2738=DIRECTION('ref_axis',(1.,3.92010771854471E-15,-5.47110028150872E-17));
#2739=DIRECTION('center_axis',(-0.707106781186548,0.,0.707106781186548));
#2740=DIRECTION('ref_axis',(0.707106781186548,2.77193475076469E-15,0.707106781186548));
#2741=DIRECTION('',(5.85988642172194E-17,-1.0753497542228E-16,-1.));
#2742=DIRECTION('center_axis',(-0.515496346779548,0.598170230734683,-0.6135600146031));
#2743=DIRECTION('ref_axis',(-0.765639756967839,0.,0.643269587770344));
#2744=DIRECTION('',(-0.757514945125139,-0.652817821380557,0.));
#2745=DIRECTION('',(0.702403062302599,-0.115151535534104,-0.7024030623026));
#2746=DIRECTION('center_axis',(0.382605223753611,0.589522781251793,-0.711390281871773));
#2747=DIRECTION('ref_axis',(-0.880704104273423,0.,-0.47366684570059));
#2748=DIRECTION('',(-0.838823495046104,0.544403475520353,0.));
#2749=DIRECTION('',(0.65780294997964,0.36686585831359,0.65780294997964));
#2750=DIRECTION('center_axis',(0.707106781186548,0.,-0.707106781186548));
#2751=DIRECTION('ref_axis',(-0.707106781186548,0.,-0.707106781186548));
#2752=DIRECTION('',(0.,1.,0.));
#2753=DIRECTION('',(0.,-1.,0.));
#2754=DIRECTION('',(-0.460715758197335,-0.758605286230798,-0.460715758197334));
#2755=DIRECTION('center_axis',(-0.38260522375361,-0.589522781251793,-0.711390281871773));
#2756=DIRECTION('ref_axis',(-0.880704104273424,0.,0.47366684570059));
#2757=DIRECTION('',(0.838823495046105,-0.544403475520351,0.));
#2758=DIRECTION('',(-0.657802949979639,-0.366865858313592,0.657802949979639));
#2759=DIRECTION('center_axis',(-0.707106781186548,1.0247826122912E-16,-0.707106781186548));
#2760=DIRECTION('ref_axis',(-0.707106781186548,0.,0.707106781186548));
#2761=DIRECTION('',(-1.44926146878634E-16,-1.,0.));
#2762=DIRECTION('',(1.44926146878634E-16,1.,0.));
#2763=DIRECTION('center_axis',(0.,0.,1.));
#2764=DIRECTION('ref_axis',(1.,0.,0.));
#2765=DIRECTION('center_axis',(0.,0.,1.));
#2766=DIRECTION('ref_axis',(1.,0.,0.));
#2767=DIRECTION('center_axis',(0.,0.,-1.));
#2768=DIRECTION('ref_axis',(1.,0.,0.));
#2769=DIRECTION('center_axis',(0.515496346779545,-0.598170230734685,-0.6135600146031));
#2770=DIRECTION('ref_axis',(-0.765639756967841,0.,-0.643269587770341));
#2771=DIRECTION('',(0.757514945125141,0.652817821380556,0.));
#2772=DIRECTION('',(-0.702403062302599,0.115151535534107,-0.702403062302599));
#2773=DIRECTION('center_axis',(0.,0.,1.));
#2774=DIRECTION('ref_axis',(-1.,0.,0.));
#2775=DIRECTION('center_axis',(0.,0.,1.));
#2776=DIRECTION('ref_axis',(-1.,0.,0.));
#2777=DIRECTION('center_axis',(0.,0.,-1.));
#2778=DIRECTION('ref_axis',(-1.,0.,0.));
#2779=DIRECTION('center_axis',(0.,0.,-1.));
#2780=DIRECTION('ref_axis',(-1.,0.,0.));
#2781=DIRECTION('center_axis',(0.707106781186548,-8.19826089832957E-17,
-0.707106781186548));
#2782=DIRECTION('ref_axis',(-0.707106781186548,0.,-0.707106781186548));
#2783=DIRECTION('',(-1.15940917502907E-16,-1.,0.));
#2784=DIRECTION('',(1.15940917502907E-16,1.,0.));
#2785=DIRECTION('center_axis',(-0.544403475520351,-0.838823495046105,0.));
#2786=DIRECTION('ref_axis',(0.,0.,1.));
#2787=DIRECTION('',(0.,0.,-1.));
#2788=DIRECTION('',(0.,0.,1.));
#2789=DIRECTION('center_axis',(0.652817821380556,-0.757514945125141,0.));
#2790=DIRECTION('ref_axis',(0.,0.,-1.));
#2791=DIRECTION('',(0.,0.,-1.));
#2792=DIRECTION('',(0.,0.,1.));
#2793=DIRECTION('center_axis',(0.,0.,1.));
#2794=DIRECTION('ref_axis',(1.,0.,0.));
#2795=DIRECTION('center_axis',(0.,0.,-1.));
#2796=DIRECTION('ref_axis',(1.,0.,0.));
#2797=DIRECTION('center_axis',(0.,0.,1.));
#2798=DIRECTION('ref_axis',(1.,0.,0.));
#2799=DIRECTION('center_axis',(0.544403475520353,0.838823495046104,0.));
#2800=DIRECTION('ref_axis',(0.,0.,-1.));
#2801=DIRECTION('',(0.,0.,-1.));
#2802=DIRECTION('',(0.,0.,1.));
#2803=DIRECTION('center_axis',(-0.707106781186548,0.,-0.707106781186547));
#2804=DIRECTION('ref_axis',(-0.707106781186547,0.,0.707106781186548));
#2805=DIRECTION('',(0.,1.,0.));
#2806=DIRECTION('',(0.,-1.,0.));
#2807=DIRECTION('center_axis',(0.707106781186548,0.,0.707106781186547));
#2808=DIRECTION('ref_axis',(0.707106781186547,2.77193475076469E-15,-0.707106781186548));
#2809=DIRECTION('center_axis',(-0.652817821380557,0.75751494512514,0.));
#2810=DIRECTION('ref_axis',(0.,0.,1.));
#2811=DIRECTION('',(0.,0.,-1.));
#2812=DIRECTION('',(0.,0.,1.));
#2813=DIRECTION('center_axis',(0.854720543296483,-0.519088424901736,0.));
#2814=DIRECTION('ref_axis',(0.,0.,-1.));
#2815=DIRECTION('',(0.,0.,1.));
#2816=DIRECTION('center_axis',(0.,0.,1.));
#2817=DIRECTION('ref_axis',(-1.,0.,0.));
#2818=DIRECTION('center_axis',(0.,0.,-1.));
#2819=DIRECTION('ref_axis',(-1.,0.,0.));
#2820=DIRECTION('center_axis',(0.,0.,1.));
#2821=DIRECTION('ref_axis',(-1.,0.,0.));
#2822=DIRECTION('center_axis',(-0.854720543296483,0.519088424901735,0.));
#2823=DIRECTION('ref_axis',(0.,0.,1.));
#2824=DIRECTION('',(0.,0.,1.));
#2825=DIRECTION('center_axis',(0.,0.,1.));
#2826=DIRECTION('ref_axis',(1.,0.,0.));
#2827=DIRECTION('center_axis',(1.,-1.44926146878634E-16,0.));
#2828=DIRECTION('ref_axis',(1.44926146878634E-16,1.,0.));
#2829=DIRECTION('',(1.44926146878634E-16,1.,0.));
#2830=DIRECTION('center_axis',(0.,0.,-1.));
#2831=DIRECTION('ref_axis',(-1.,0.,0.));
#2832=DIRECTION('',(-1.15940917502907E-16,-1.,0.));
#2833=DIRECTION('center_axis',(-1.,1.15940917502907E-16,0.));
#2834=DIRECTION('ref_axis',(-1.15940917502907E-16,-1.,0.));
#2835=DIRECTION('center_axis',(1.81719597536699E-43,-1.46239204699728E-29,
-1.));
#2836=DIRECTION('ref_axis',(-0.983499142959351,-0.180912785060156,2.64565418072082E-30));
#2837=DIRECTION('center_axis',(0.,0.,1.));
#2838=DIRECTION('ref_axis',(1.,1.24261888534122E-14,0.));
#2839=DIRECTION('center_axis',(0.,0.,1.));
#2840=DIRECTION('ref_axis',(1.,0.,0.));
#2841=DIRECTION('center_axis',(1.81719597536699E-43,-1.46239204699728E-29,
-1.));
#2842=DIRECTION('ref_axis',(1.,1.24261888534122E-14,0.));
#2843=DIRECTION('center_axis',(0.,0.,1.));
#2844=DIRECTION('ref_axis',(1.,0.,0.));
#2845=DIRECTION('center_axis',(0.,0.,1.));
#2846=DIRECTION('ref_axis',(-1.,0.,0.));
#2847=DIRECTION('',(0.,0.,1.));
#2848=DIRECTION('center_axis',(0.,0.,1.));
#2849=DIRECTION('ref_axis',(1.,0.,0.));
#2850=DIRECTION('',(0.,0.,-1.));
#2851=DIRECTION('center_axis',(0.,0.,1.));
#2852=DIRECTION('ref_axis',(1.,0.,0.));
#2853=DIRECTION('',(0.,0.,1.));
#2854=DIRECTION('center_axis',(0.,0.,1.));
#2855=DIRECTION('ref_axis',(-1.,0.,0.));
#2856=DIRECTION('',(0.,0.,-1.));
#2857=DIRECTION('center_axis',(0.,0.,1.));
#2858=DIRECTION('ref_axis',(-1.,0.,0.));
#2859=DIRECTION('',(0.,0.,-1.));
#2860=DIRECTION('center_axis',(0.,0.,-1.));
#2861=DIRECTION('ref_axis',(1.,1.02907469966573E-14,0.));
#2862=DIRECTION('center_axis',(0.70710678118654,-1.02478261229119E-16,-0.707106781186555));
#2863=DIRECTION('ref_axis',(0.707106781186555,7.27665698481155E-15,0.70710678118654));
#2864=DIRECTION('center_axis',(0.,0.,-1.));
#2865=DIRECTION('ref_axis',(1.,1.02907469966573E-14,0.));
#2866=DIRECTION('center_axis',(-0.70710678118654,1.02478261229119E-16,0.707106781186555));
#2867=DIRECTION('ref_axis',(0.707106781186555,0.,0.70710678118654));
#2868=DIRECTION('',(-1.44926146878634E-16,-1.,0.));
#2869=DIRECTION('',(0.702403062302607,0.115151535534105,0.702403062302592));
#2870=DIRECTION('',(1.44926146878634E-16,1.,0.));
#2871=DIRECTION('center_axis',(1.,-1.44926146878634E-16,0.));
#2872=DIRECTION('ref_axis',(-1.44926146878634E-16,-1.,0.));
#2873=DIRECTION('',(0.,0.,1.));
#2874=DIRECTION('',(-1.44926146878634E-16,-1.,0.));
#2875=DIRECTION('',(0.,0.,-1.));
#2876=DIRECTION('center_axis',(-0.763971289751864,0.645250237066887,0.));
#2877=DIRECTION('ref_axis',(0.,0.,1.));
#2878=DIRECTION('',(2.28648467403281E-17,-1.20311248892861E-16,-1.));
#2879=DIRECTION('center_axis',(-1.81719597536699E-43,1.46239204699728E-29,
1.));
#2880=DIRECTION('ref_axis',(1.,1.2426188853405E-14,0.));
#2881=DIRECTION('center_axis',(0.,0.,-1.));
#2882=DIRECTION('ref_axis',(1.,1.2426188853405E-14,0.));
#2883=DIRECTION('center_axis',(0.854720543296483,0.519088424901736,0.));
#2884=DIRECTION('ref_axis',(0.,0.,-1.));
#2885=DIRECTION('',(0.,0.,-1.));
#2886=DIRECTION('center_axis',(0.,0.,-1.));
#2887=DIRECTION('ref_axis',(1.,1.02907469966573E-14,0.));
#2888=DIRECTION('center_axis',(-0.515496346779537,-0.598170230734689,0.613560014603103));
#2889=DIRECTION('ref_axis',(0.765639756967848,0.,0.643269587770334));
#2890=DIRECTION('',(-0.75751494512514,0.652817821380557,1.70066286223206E-14));
#2891=DIRECTION('center_axis',(-0.382605223753597,0.589522781251797,0.711390281871777));
#2892=DIRECTION('ref_axis',(0.880704104273432,0.,0.473666845700574));
#2893=DIRECTION('',(0.838823495046104,0.544403475520353,-2.03933860555167E-14));
#2894=DIRECTION('',(-0.657802949979646,0.366865858313594,-0.657802949979631));
#2895=DIRECTION('center_axis',(-0.70710678118654,0.,0.707106781186555));
#2896=DIRECTION('ref_axis',(0.707106781186555,0.,0.70710678118654));
#2897=DIRECTION('',(0.,1.,0.));
#2898=DIRECTION('',(0.,-1.,0.));
#2899=DIRECTION('center_axis',(0.,0.,-1.));
#2900=DIRECTION('ref_axis',(1.,0.,0.));
#2901=DIRECTION('center_axis',(0.,0.,-1.));
#2902=DIRECTION('ref_axis',(1.,0.,0.));
#2903=DIRECTION('center_axis',(-0.652817821380557,-0.75751494512514,0.));
#2904=DIRECTION('ref_axis',(0.,0.,1.));
#2905=DIRECTION('center_axis',(-0.544403475520353,0.838823495046104,0.));
#2906=DIRECTION('ref_axis',(0.,0.,1.));
#2907=DIRECTION('',(0.,0.,1.));
#2908=DIRECTION('center_axis',(0.382605223753595,-0.589522781251797,0.711390281871778));
#2909=DIRECTION('ref_axis',(0.880704104273433,0.,-0.473666845700573));
#2910=DIRECTION('',(-0.838823495046105,-0.544403475520351,-2.03933860555168E-14));
#2911=DIRECTION('',(0.657802949979646,-0.366865858313596,-0.657802949979631));
#2912=DIRECTION('center_axis',(0.70710678118654,-8.19826089832948E-17,0.707106781186555));
#2913=DIRECTION('ref_axis',(0.707106781186555,0.,-0.70710678118654));
#2914=DIRECTION('',(-1.15940917502907E-16,-1.,0.));
#2915=DIRECTION('',(1.15940917502907E-16,1.,0.));
#2916=DIRECTION('',(-0.460715758197338,0.758605286230803,0.460715758197323));
#2917=DIRECTION('center_axis',(-0.70710678118654,8.19826089832948E-17,-0.707106781186555));
#2918=DIRECTION('ref_axis',(0.707106781186555,7.27665698481155E-15,-0.70710678118654));
#2919=DIRECTION('center_axis',(0.515496346779538,0.598170230734688,0.613560014603104));
#2920=DIRECTION('ref_axis',(0.765639756967848,0.,-0.643269587770334));
#2921=DIRECTION('',(0.757514945125139,-0.652817821380557,1.70066286223206E-14));
#2922=DIRECTION('',(-0.702403062302607,-0.115151535534105,0.702403062302592));
#2923=DIRECTION('center_axis',(0.,0.,-1.));
#2924=DIRECTION('ref_axis',(-1.,0.,0.));
#2925=DIRECTION('center_axis',(0.,0.,-1.));
#2926=DIRECTION('ref_axis',(-1.,0.,0.));
#2927=DIRECTION('center_axis',(0.70710678118654,0.,0.707106781186555));
#2928=DIRECTION('ref_axis',(0.707106781186555,0.,-0.70710678118654));
#2929=DIRECTION('',(0.,1.,0.));
#2930=DIRECTION('',(0.,-1.,0.));
#2931=DIRECTION('center_axis',(0.652817821380557,0.75751494512514,0.));
#2932=DIRECTION('ref_axis',(0.,0.,-1.));
#2933=DIRECTION('',(0.,0.,-1.));
#2934=DIRECTION('center_axis',(0.544403475520351,-0.838823495046105,0.));
#2935=DIRECTION('ref_axis',(0.,0.,-1.));
#2936=DIRECTION('',(0.,0.,1.));
#2937=DIRECTION('center_axis',(0.,0.,-1.));
#2938=DIRECTION('ref_axis',(1.,0.,0.));
#2939=DIRECTION('center_axis',(0.,0.,-1.));
#2940=DIRECTION('ref_axis',(1.,0.,0.));
#2941=DIRECTION('center_axis',(0.,0.,-1.));
#2942=DIRECTION('ref_axis',(-1.,0.,0.));
#2943=DIRECTION('center_axis',(0.,0.,-1.));
#2944=DIRECTION('ref_axis',(-1.,0.,0.));
#2945=DIRECTION('center_axis',(0.854720543296483,0.519088424901736,0.));
#2946=DIRECTION('ref_axis',(0.,0.,-1.));
#2947=DIRECTION('',(5.85988642172194E-17,1.0753497542228E-16,1.));
#2948=DIRECTION('',(0.,0.,-1.));
#2949=DIRECTION('center_axis',(0.763971289751867,-0.645250237066884,0.));
#2950=DIRECTION('ref_axis',(0.,0.,-1.));
#2951=DIRECTION('',(0.,0.,1.));
#2952=DIRECTION('',(-2.28648467403281E-17,1.20311248892861E-16,-1.));
#2953=DIRECTION('center_axis',(-0.854720543296483,-0.519088424901736,0.));
#2954=DIRECTION('ref_axis',(0.,0.,1.));
#2955=DIRECTION('',(-5.85988642172194E-17,-1.0753497542228E-16,1.));
#2956=DIRECTION('',(0.,0.,-1.));
#2957=DIRECTION('center_axis',(-1.81719597536699E-43,1.46239204699728E-29,
1.));
#2958=DIRECTION('ref_axis',(1.,1.2426188853405E-14,0.));
#2959=DIRECTION('center_axis',(-1.,1.15940917502907E-16,0.));
#2960=DIRECTION('ref_axis',(1.15940917502907E-16,1.,0.));
#2961=DIRECTION('',(1.15940917502907E-16,1.,0.));
#2962=DIRECTION('center_axis',(0.,0.,1.));
#2963=DIRECTION('ref_axis',(1.,0.,0.));
#2964=DIRECTION('center_axis',(0.,0.,-1.));
#2965=DIRECTION('ref_axis',(-0.982710870067512,0.18514682241711,0.));
#2966=DIRECTION('center_axis',(0.,0.,1.));
#2967=DIRECTION('ref_axis',(1.,0.,0.));
#2968=DIRECTION('center_axis',(0.,0.,-1.));
#2969=DIRECTION('ref_axis',(1.,1.02907469966573E-14,0.));
#2970=DIRECTION('center_axis',(0.,0.,-1.));
#2971=DIRECTION('ref_axis',(1.,0.,0.));
#2972=DIRECTION('center_axis',(0.,0.,1.));
#2973=DIRECTION('ref_axis',(1.,0.,0.));
#2974=DIRECTION('center_axis',(0.,0.,-1.));
#2975=DIRECTION('ref_axis',(1.,0.,0.));
#2976=DIRECTION('',(0.,0.,1.));
#2977=DIRECTION('center_axis',(0.,0.,1.));
#2978=DIRECTION('ref_axis',(1.,0.,0.));
#2979=DIRECTION('center_axis',(0.,0.,-1.));
#2980=DIRECTION('ref_axis',(1.,0.,0.));
#2981=DIRECTION('',(-0.707106781186547,-8.65956056235493E-17,-0.707106781186547));
#2982=DIRECTION('center_axis',(0.,0.,-1.));
#2983=DIRECTION('ref_axis',(1.,0.,0.));
#2984=DIRECTION('center_axis',(0.,0.,-1.));
#2985=DIRECTION('ref_axis',(1.,0.,0.));
#2986=DIRECTION('center_axis',(0.,0.,1.));
#2987=DIRECTION('ref_axis',(1.,0.,0.));
#2988=DIRECTION('center_axis',(0.,0.,1.));
#2989=DIRECTION('ref_axis',(1.,0.,0.));
#2990=DIRECTION('',(-0.707106781186547,8.65956056235493E-17,0.707106781186547));
#2991=DIRECTION('center_axis',(0.,0.,1.));
#2992=DIRECTION('ref_axis',(1.,0.,0.));
#2993=DIRECTION('center_axis',(0.,0.,1.));
#2994=DIRECTION('ref_axis',(1.,0.,0.));
#2995=DIRECTION('center_axis',(0.,0.,1.));
#2996=DIRECTION('ref_axis',(1.,3.92010771854471E-15,-5.47110028150872E-17));
#2997=DIRECTION('center_axis',(0.,0.,1.));
#2998=DIRECTION('ref_axis',(1.,3.92010771854471E-15,-5.47110028150872E-17));
#2999=DIRECTION('center_axis',(0.,0.,1.));
#3000=DIRECTION('ref_axis',(1.,0.,0.));
#3001=DIRECTION('center_axis',(1.,0.,0.));
#3002=DIRECTION('ref_axis',(0.,-1.,0.));
#3003=DIRECTION('',(0.,-1.,0.));
#3004=DIRECTION('center_axis',(-1.,0.,0.));
#3005=DIRECTION('ref_axis',(0.,-1.,0.));
#3006=DIRECTION('',(0.,-1.,0.));
#3007=DIRECTION('center_axis',(0.,0.,-1.));
#3008=DIRECTION('ref_axis',(-1.,0.,0.));
#3009=DIRECTION('',(0.,1.,0.));
#3010=DIRECTION('center_axis',(1.,0.,0.));
#3011=DIRECTION('ref_axis',(0.,1.,0.));
#3012=DIRECTION('center_axis',(0.,0.,1.));
#3013=DIRECTION('ref_axis',(1.,0.,0.));
#3014=DIRECTION('center_axis',(0.,0.,1.));
#3015=DIRECTION('ref_axis',(1.,0.,0.));
#3016=DIRECTION('',(0.,1.,0.));
#3017=DIRECTION('center_axis',(-1.81719597536699E-43,1.46239204699728E-29,
1.));
#3018=DIRECTION('ref_axis',(-0.983499142938363,0.180912785174254,-2.64565418238973E-30));
#3019=DIRECTION('center_axis',(0.,0.,-1.));
#3020=DIRECTION('ref_axis',(1.,1.2426188853405E-14,0.));
#3021=DIRECTION('center_axis',(0.,0.,1.));
#3022=DIRECTION('ref_axis',(1.,0.,0.));
#3023=DIRECTION('center_axis',(0.,0.,-1.));
#3024=DIRECTION('ref_axis',(1.,1.02907469966573E-14,0.));
#3025=DIRECTION('center_axis',(0.,0.,-1.));
#3026=DIRECTION('ref_axis',(-0.98792388506615,0.154939979720551,0.));
#3027=DIRECTION('center_axis',(-1.,0.,0.));
#3028=DIRECTION('ref_axis',(0.,1.,0.));
#3029=CARTESIAN_POINT('',(0.,0.,0.));
#3030=CARTESIAN_POINT('Origin',(0.,0.,44.));
#3031=CARTESIAN_POINT('',(-8.75473827565429,0.000136670990846938,34.6572525917967));
#3032=CARTESIAN_POINT('',(-8.76017200841622,-5.89660409378023E-5,34.5955277221748));
#3033=CARTESIAN_POINT('',(-8.7595,1.07272936371312E-15,44.));
#3034=CARTESIAN_POINT('',(5.65961895006572,-6.68562290217276,33.));
#3035=CARTESIAN_POINT('Ctrl Pts',(5.65961895006562,-6.68562290217285,33.));
#3036=CARTESIAN_POINT('Ctrl Pts',(7.31725607757735,-5.28237377543124,33.0986524167443));
#3037=CARTESIAN_POINT('Ctrl Pts',(9.53688013395986,-1.18757541878906,33.296322537187));
#3038=CARTESIAN_POINT('Ctrl Pts',(7.81723324990958,5.59579654045896,33.5927102660919));
#3039=CARTESIAN_POINT('Ctrl Pts',(1.94667933722864,9.4130226488309,33.8891939136543));
#3040=CARTESIAN_POINT('Ctrl Pts',(-4.17179156471638,8.36779386296694,34.1525716386323));
#3041=CARTESIAN_POINT('Ctrl Pts',(-7.8589526191515,4.63899318458,34.3831648330237));
#3042=CARTESIAN_POINT('Ctrl Pts',(-8.73062405146258,1.66614300483184,34.5198445974559));
#3043=CARTESIAN_POINT('Ctrl Pts',(-8.76014144245294,0.108006974501156,34.5906196999488));
#3044=CARTESIAN_POINT('Ctrl Pts',(-8.76017200841622,-5.89660409367095E-5,
34.5955277221748));
#3045=CARTESIAN_POINT('',(4.61035214064207,-7.45054713389202,32.9999955045529));
#3046=CARTESIAN_POINT('Origin',(0.,0.,33.));
#3047=CARTESIAN_POINT('Ctrl Pts',(-8.75316274509425,1.1259983744738E-5,
34.6545256746522));
#3048=CARTESIAN_POINT('Ctrl Pts',(-8.75524357349721,0.813969927047496,34.6175802544437));
#3049=CARTESIAN_POINT('Ctrl Pts',(-8.4463316416468,3.13164618993465,34.5123488217839));
#3050=CARTESIAN_POINT('Ctrl Pts',(-6.417325809431,6.52440182411625,34.338814151055));
#3051=CARTESIAN_POINT('Ctrl Pts',(-2.38021337788257,8.84348248076068,34.1340197012001));
#3052=CARTESIAN_POINT('Ctrl Pts',(1.31332585682894,8.85992400568636,33.9718402407425));
#3053=CARTESIAN_POINT('Ctrl Pts',(3.7972789381849,7.95390901136613,33.8522956730517));
#3054=CARTESIAN_POINT('Ctrl Pts',(5.7349918500243,6.78637734466194,33.749930044992));
#3055=CARTESIAN_POINT('Ctrl Pts',(8.46047501206352,3.8211997687367,33.5706065268333));
#3056=CARTESIAN_POINT('Ctrl Pts',(9.43566282943431,-2.1619640211664,33.3146540482114));
#3057=CARTESIAN_POINT('Ctrl Pts',(6.60615181896942,-6.19456974888574,33.1073641633322));
#3058=CARTESIAN_POINT('Ctrl Pts',(4.6575387581753,-7.42390644043121,33.0024696334219));
#3059=CARTESIAN_POINT('Ctrl Pts',(4.61171477089439,-7.45219868923982,33.0000176176491));
#3060=CARTESIAN_POINT('Origin',(0.,0.,44.));
#3061=CARTESIAN_POINT('',(-8.76031649623492,2.43476027187036E-5,37.1550212002593));
#3062=CARTESIAN_POINT('',(-8.75890144850913,0.000212019509937128,37.0954628398457));
#3063=CARTESIAN_POINT('',(-8.7595,1.07272936371312E-15,44.));
#3064=CARTESIAN_POINT('Ctrl Pts',(-8.76017200841622,-5.89660409367095E-5,
34.5955277221748));
#3065=CARTESIAN_POINT('Ctrl Pts',(-8.7605516390498,-1.34224279011858,34.6564855781555));
#3066=CARTESIAN_POINT('Ctrl Pts',(-7.94636736963556,-4.8648385433731,34.8162085510309));
#3067=CARTESIAN_POINT('Ctrl Pts',(-3.44625183511421,-8.9763601591269,35.0747893452458));
#3068=CARTESIAN_POINT('Ctrl Pts',(3.55725736282872,-8.93254655124143,35.3712651278685));
#3069=CARTESIAN_POINT('Ctrl Pts',(8.66991971437924,-4.1526138163104,35.6676453917576));
#3070=CARTESIAN_POINT('Ctrl Pts',(9.12556158192263,2.04223603586149,35.9311145931371));
#3071=CARTESIAN_POINT('Ctrl Pts',(6.38887898265881,6.51380598518068,36.1616992742849));
#3072=CARTESIAN_POINT('Ctrl Pts',(2.52403238105446,8.77161988934901,36.3592288812391));
#3073=CARTESIAN_POINT('Ctrl Pts',(-2.47413136906826,8.93599550004985,36.5789254697928));
#3074=CARTESIAN_POINT('Ctrl Pts',(-6.38232761264977,6.54110524653805,36.7764701827429));
#3075=CARTESIAN_POINT('Ctrl Pts',(-8.39201147295099,3.07031712578148,36.955944516756));
#3076=CARTESIAN_POINT('Ctrl Pts',(-8.75729129405788,1.05175989077081,37.0476693185958));
#3077=CARTESIAN_POINT('Ctrl Pts',(-8.75890144850913,0.000212019509937093,
37.0954628398457));
#3078=CARTESIAN_POINT('Ctrl Pts',(-8.76123120489598,0.000125242593743358,
37.1572241824452));
#3079=CARTESIAN_POINT('Ctrl Pts',(-8.75964144880679,1.12051195381413,37.1063045969277));
#3080=CARTESIAN_POINT('Ctrl Pts',(-8.25309199796909,3.7434475322841,36.987119522169));
#3081=CARTESIAN_POINT('Ctrl Pts',(-5.39452997228252,7.59064818976919,36.7769408529412));
#3082=CARTESIAN_POINT('Ctrl Pts',(-0.873005008172835,9.13140073114785,36.5719760807675));
#3083=CARTESIAN_POINT('Ctrl Pts',(3.62818222312677,8.27357735926638,36.3672311039408));
#3084=CARTESIAN_POINT('Ctrl Pts',(7.01479308075075,5.88887095714966,36.1850767462855));
#3085=CARTESIAN_POINT('Ctrl Pts',(9.00091417421424,1.67312769018211,35.9803039141899));
#3086=CARTESIAN_POINT('Ctrl Pts',(8.61088859143302,-3.75840928813594,35.7412632395141));
#3087=CARTESIAN_POINT('Ctrl Pts',(4.36673413179653,-8.64175485575534,35.4682481404683));
#3088=CARTESIAN_POINT('Ctrl Pts',(-2.90659938208598,-9.23557384623597,35.1609322819508));
#3089=CARTESIAN_POINT('Ctrl Pts',(-7.85115809668797,-5.1444142004467,34.8906279953803));
#3090=CARTESIAN_POINT('Ctrl Pts',(-8.75107037356445,-1.44272336177106,34.7227319301296));
#3091=CARTESIAN_POINT('Ctrl Pts',(-8.75473827565429,0.000136670990847243,
34.6572525917967));
#3092=CARTESIAN_POINT('Origin',(0.,0.,44.));
#3093=CARTESIAN_POINT('',(-8.76007015621638,-1.25991240090134E-6,39.6544830200151));
#3094=CARTESIAN_POINT('',(-8.75911169732273,0.000715209625428703,39.5954557678004));
#3095=CARTESIAN_POINT('',(-8.7595,1.07272936371312E-15,44.));
#3096=CARTESIAN_POINT('',(4.71443647309893,7.38260990376131,41.3033843637667));
#3097=CARTESIAN_POINT('Ctrl Pts',(4.71443647309891,7.38260990376132,41.3033843637667));
#3098=CARTESIAN_POINT('Ctrl Pts',(6.61899783563164,6.16638235417826,41.2007376171485));
#3099=CARTESIAN_POINT('Ctrl Pts',(9.42183209260133,2.21743367604347,40.9962690468102));
#3100=CARTESIAN_POINT('Ctrl Pts',(8.29516759165081,-4.99992477161886,40.6888369761757));
#3101=CARTESIAN_POINT('Ctrl Pts',(3.42954063678127,-8.62725552701541,40.4328122138448));
#3102=CARTESIAN_POINT('Ctrl Pts',(-0.587599669129705,-8.86566943487726,
40.2535641536174));
#3103=CARTESIAN_POINT('Ctrl Pts',(-2.79357564288125,-8.35988482134516,40.1511758732853));
#3104=CARTESIAN_POINT('Ctrl Pts',(-5.20904875633799,-7.28561798406132,40.0316497875139));
#3105=CARTESIAN_POINT('Ctrl Pts',(-7.8524361226626,-4.71001266452488,39.8695673010821));
#3106=CARTESIAN_POINT('Ctrl Pts',(-8.73916954269539,-1.65420554854526,39.7295784649855));
#3107=CARTESIAN_POINT('Ctrl Pts',(-8.76005174927477,-0.07507119149321,39.6578906581703));
#3108=CARTESIAN_POINT('Ctrl Pts',(-8.76007015621638,-1.25991240113033E-6,
39.6544830200151));
#3109=CARTESIAN_POINT('',(4.6608996738649,7.41383275369834,41.2471797610475));
#3110=CARTESIAN_POINT('Ctrl Pts',(4.66353837038996,7.41486683075971,41.2471061445176));
#3111=CARTESIAN_POINT('Ctrl Pts',(4.6805073838133,7.40419426616568,41.265908903601));
#3112=CARTESIAN_POINT('Ctrl Pts',(4.69747366392749,7.39344212804059,41.2846685932747));
#3113=CARTESIAN_POINT('Ctrl Pts',(4.71443647309893,7.38260990376131,41.3033843637667));
#3114=CARTESIAN_POINT('Ctrl Pts',(-8.75911169732273,0.00071520962542905,
39.5954557678004));
#3115=CARTESIAN_POINT('Ctrl Pts',(-8.75869104468169,-0.904323913745175,
39.6365505842198));
#3116=CARTESIAN_POINT('Ctrl Pts',(-8.39592012240376,-3.26080802868688,39.7435343733308));
#3117=CARTESIAN_POINT('Ctrl Pts',(-6.31824654754701,-6.58342085803515,39.9162697690188));
#3118=CARTESIAN_POINT('Ctrl Pts',(-1.76531618827818,-9.18211265213779,40.1469105508206));
#3119=CARTESIAN_POINT('Ctrl Pts',(4.41061342717144,-8.54066087135095,40.4103015789205));
#3120=CARTESIAN_POINT('Ctrl Pts',(9.03556759071112,-3.28366260215352,40.7067699660151));
#3121=CARTESIAN_POINT('Ctrl Pts',(8.87481833913317,3.29983923520133,40.9857062816583));
#3122=CARTESIAN_POINT('Ctrl Pts',(6.17408833808711,6.45601039519595,41.1658287327813));
#3123=CARTESIAN_POINT('Ctrl Pts',(4.6608996738649,7.41383275369834,41.2471797610475));
#3124=CARTESIAN_POINT('Origin',(0.,0.,49.5209142803763));
#3125=CARTESIAN_POINT('',(-10.1489732069484,-0.000764551284735605,33.5946226737259));
#3126=CARTESIAN_POINT('',(-10.1465599034405,-6.38879476700467E-5,33.1553773203842));
#3127=CARTESIAN_POINT('',(-10.14625,-1.03169934456249E-13,49.5209142803763));
#3128=CARTESIAN_POINT('',(-9.38240618029638,3.86223294616421,33.));
#3129=CARTESIAN_POINT('Ctrl Pts',(-10.1465599034405,-6.38879476700467E-5,
33.1553773203842));
#3130=CARTESIAN_POINT('Ctrl Pts',(-10.1460261912159,1.3204078725125,33.1035848783332));
#3131=CARTESIAN_POINT('Ctrl Pts',(-9.88514762515003,2.6409382977419,33.0517924362823));
#3132=CARTESIAN_POINT('Ctrl Pts',(-9.3824061548829,3.86223301658389,32.9999999942313));
#3133=CARTESIAN_POINT('',(-0.769149567484039,10.1220801226295,33.));
#3134=CARTESIAN_POINT('Origin',(0.,0.,33.));
#3135=CARTESIAN_POINT('Ctrl Pts',(-0.769149567484039,10.1220801226295,33.));
#3136=CARTESIAN_POINT('Ctrl Pts',(-3.20058014996675,9.92533718600207,33.0957646384211));
#3137=CARTESIAN_POINT('Ctrl Pts',(-5.57528978984603,8.82988648835925,33.1915292768422));
#3138=CARTESIAN_POINT('Ctrl Pts',(-7.27484951467309,7.08499363952053,33.2872939152633));
#3139=CARTESIAN_POINT('Ctrl Pts',(-9.09293041515201,5.21841824619111,33.3897368347508));
#3140=CARTESIAN_POINT('Ctrl Pts',(-10.1384129867136,2.60866284268039,33.4921797542384));
#3141=CARTESIAN_POINT('Ctrl Pts',(-10.1489732069484,-0.000764551284735605,
33.5946226737259));
#3142=CARTESIAN_POINT('Origin',(0.,0.,49.5209142803763));
#3143=CARTESIAN_POINT('',(-10.1457055957718,0.000261992081479487,36.094622673931));
#3144=CARTESIAN_POINT('',(-10.1465982590897,-5.37514582804756E-5,35.6553773205611));
#3145=CARTESIAN_POINT('',(-10.14625,-1.03169934456249E-13,49.5209142803763));
#3146=CARTESIAN_POINT('Ctrl Pts',(-10.1465982590897,-5.37514582804756E-5,
35.6553773205611));
#3147=CARTESIAN_POINT('Ctrl Pts',(-10.1461705849431,1.3275384002154,35.603306166195));
#3148=CARTESIAN_POINT('Ctrl Pts',(-9.88266259297025,2.65528940744951,35.551235011829));
#3149=CARTESIAN_POINT('Ctrl Pts',(-9.37469460786228,3.88203628574905,35.499163857463));
#3150=CARTESIAN_POINT('Ctrl Pts',(-8.83291662155919,5.19043459610216,35.4436268827245));
#3151=CARTESIAN_POINT('Ctrl Pts',(-8.0130534700949,6.38393578354974,35.388089907986));
#3152=CARTESIAN_POINT('Ctrl Pts',(-6.98617276387652,7.35869211287289,35.3325529332476));
#3153=CARTESIAN_POINT('Ctrl Pts',(-5.95929205765814,8.33344844219603,35.2770159585091));
#3154=CARTESIAN_POINT('Ctrl Pts',(-4.72539379668567,9.08945991339475,35.2214789837706));
#3155=CARTESIAN_POINT('Ctrl Pts',(-3.39066774249231,9.56307059690646,35.1659420090321));
#3156=CARTESIAN_POINT('Ctrl Pts',(-2.05594168829897,10.0366812804182,35.1104050342936));
#3157=CARTESIAN_POINT('Ctrl Pts',(-0.620387840884748,10.2278911762429,35.0548680595551));
#3158=CARTESIAN_POINT('Ctrl Pts',(0.791093631021672,10.1168281949771,34.9993310848167));
#3159=CARTESIAN_POINT('Ctrl Pts',(2.67306892689692,9.96874421995596,34.9252817851654));
#3160=CARTESIAN_POINT('Ctrl Pts',(4.51224888853609,9.28328624121834,34.851232485514));
#3161=CARTESIAN_POINT('Ctrl Pts',(6.03028065200688,8.16179705526808,34.7771831858627));
#3162=CARTESIAN_POINT('Ctrl Pts',(7.54831241547768,7.04030786931783,34.7031338862114));
#3163=CARTESIAN_POINT('Ctrl Pts',(8.7451959807801,5.48278747615495,34.6290845865601));
#3164=CARTESIAN_POINT('Ctrl Pts',(9.43815517922625,3.72726472987236,34.5550352869088));
#3165=CARTESIAN_POINT('Ctrl Pts',(10.1311143776724,1.97174198358977,34.4809859872575));
#3166=CARTESIAN_POINT('Ctrl Pts',(10.3201492092623,0.0182168841874686,34.4069366876062));
#3167=CARTESIAN_POINT('Ctrl Pts',(9.97923945640057,-1.8384742087578,34.3328873879549));
#3168=CARTESIAN_POINT('Ctrl Pts',(9.7235571417543,-3.23099252846676,34.2773504132164));
#3169=CARTESIAN_POINT('Ctrl Pts',(9.16978099835401,-4.56904171954363,34.2218134384779));
#3170=CARTESIAN_POINT('Ctrl Pts',(8.3688066052233,-5.73699010328302,34.1662764637394));
#3171=CARTESIAN_POINT('Ctrl Pts',(7.56783221209259,-6.90493848702241,34.1107394890009));
#3172=CARTESIAN_POINT('Ctrl Pts',(6.51965956923145,-7.90278606342431,34.0552025142624));
#3173=CARTESIAN_POINT('Ctrl Pts',(5.31346664232421,-8.64429022931018,33.999665539524));
#3174=CARTESIAN_POINT('Ctrl Pts',(4.10727371541698,-9.38579439519604,33.9441285647855));
#3175=CARTESIAN_POINT('Ctrl Pts',(2.74306050446364,-9.87095515056587,33.888591590047));
#3176=CARTESIAN_POINT('Ctrl Pts',(1.33935292085023,-10.0578796342151,33.8330546153085));
#3177=CARTESIAN_POINT('Ctrl Pts',(-0.06435466276319,-10.2448041178643,33.77751764057));
#3178=CARTESIAN_POINT('Ctrl Pts',(-1.50755661903669,-10.133492329793,33.7219806658316));
#3179=CARTESIAN_POINT('Ctrl Pts',(-2.86588717672424,-9.73353311162007,33.6664436910931));
#3180=CARTESIAN_POINT('Ctrl Pts',(-4.22421773441173,-9.33357389344718,33.6109067163546));
#3181=CARTESIAN_POINT('Ctrl Pts',(-5.49767689351328,-8.64496724517277,33.5553697416161));
#3182=CARTESIAN_POINT('Ctrl Pts',(-6.57606989530792,-7.72725571220439,33.4998327668776));
#3183=CARTESIAN_POINT('Ctrl Pts',(-7.6544628971026,-6.80954417923599,33.4442957921392));
#3184=CARTESIAN_POINT('Ctrl Pts',(-8.53778974159036,-5.66272776157361,33.3887588174007));
#3185=CARTESIAN_POINT('Ctrl Pts',(-9.14984598312689,-4.38579316286466,33.3332218426622));
#3186=CARTESIAN_POINT('Ctrl Pts',(-9.76190222466341,-3.10885856415572,33.2776848679237));
#3187=CARTESIAN_POINT('Ctrl Pts',(-10.1026878632487,-1.7018057844002,33.2221478931852));
#3188=CARTESIAN_POINT('Ctrl Pts',(-10.1425861177247,-0.286431112115363,
33.1666109184467));
#3189=CARTESIAN_POINT('Ctrl Pts',(-10.1452762231682,-0.191000693904677,
33.1628663857592));
#3190=CARTESIAN_POINT('Ctrl Pts',(-10.1465984902071,-0.0955324442500771,
33.1591218530717));
#3191=CARTESIAN_POINT('Ctrl Pts',(-10.1465599034405,-6.38879476700447E-5,
33.1553773203842));
#3192=CARTESIAN_POINT('Ctrl Pts',(-10.1489732069484,-0.000764551284735602,
33.5946226737259));
#3193=CARTESIAN_POINT('Ctrl Pts',(-10.1497280597914,-0.187288472490847,
33.601945374134));
#3194=CARTESIAN_POINT('Ctrl Pts',(-10.1451949740122,-0.373810717731272,
33.609268074542));
#3195=CARTESIAN_POINT('Ctrl Pts',(-10.1352781406738,-0.560059734624514,
33.6165907749501));
#3196=CARTESIAN_POINT('Ctrl Pts',(-10.0361774175227,-2.42128010916503,33.6897678548805));
#3197=CARTESIAN_POINT('Ctrl Pts',(-9.39943578630724,-4.25521489219597,33.7629449348109));
#3198=CARTESIAN_POINT('Ctrl Pts',(-8.33377279709679,-5.7877290694906,33.8361220147412));
#3199=CARTESIAN_POINT('Ctrl Pts',(-7.26810980788633,-7.32024324678523,33.9092990946716));
#3200=CARTESIAN_POINT('Ctrl Pts',(-5.77352546068086,-8.55133681834356,33.982476174602));
#3201=CARTESIAN_POINT('Ctrl Pts',(-4.06520493233286,-9.29820981381545,34.0556532545324));
#3202=CARTESIAN_POINT('Ctrl Pts',(-2.35688440398483,-10.0450828092873,34.1288303344628));
#3203=CARTESIAN_POINT('Ctrl Pts',(-0.434827694494266,-10.3077352286728,
34.2020074143932));
#3204=CARTESIAN_POINT('Ctrl Pts',(1.41292283352496,-10.0490048020573,34.2751844943236));
#3205=CARTESIAN_POINT('Ctrl Pts',(2.79873572953937,-9.85495698209574,34.3300673042714));
#3206=CARTESIAN_POINT('Ctrl Pts',(4.14275139847616,-9.36763131125864,34.3849501142192));
#3207=CARTESIAN_POINT('Ctrl Pts',(5.33309560903909,-8.63160757976615,34.439832924167));
#3208=CARTESIAN_POINT('Ctrl Pts',(6.52343981960202,-7.89558384827367,34.4947157341148));
#3209=CARTESIAN_POINT('Ctrl Pts',(7.56011257179111,-6.91086205612578,34.5495985440626));
#3210=CARTESIAN_POINT('Ctrl Pts',(8.35426883402113,-5.75899296954639,34.6044813540104));
#3211=CARTESIAN_POINT('Ctrl Pts',(9.14842509625114,-4.60712388296701,34.6593641639582));
#3212=CARTESIAN_POINT('Ctrl Pts',(9.7000648685221,-3.28810750195612,34.714246973906));
#3213=CARTESIAN_POINT('Ctrl Pts',(9.96426092666365,-1.91365289051813,34.7691297838538));
#3214=CARTESIAN_POINT('Ctrl Pts',(10.2284569848052,-0.539198279080106,34.8240125938016));
#3215=CARTESIAN_POINT('Ctrl Pts',(10.2052093288173,0.890694562785003,34.8788954037494));
#3216=CARTESIAN_POINT('Ctrl Pts',(9.89352146902872,2.25462553032735,34.9337782136971));
#3217=CARTESIAN_POINT('Ctrl Pts',(9.47793765597724,4.07320015371713,35.0069552936275));
#3218=CARTESIAN_POINT('Ctrl Pts',(8.5495712583911,5.77450922275532,35.0801323735579));
#3219=CARTESIAN_POINT('Ctrl Pts',(7.24374399450825,7.10621946427651,35.1533094534883));
#3220=CARTESIAN_POINT('Ctrl Pts',(5.9379167306254,8.43792970579771,35.2264865334187));
#3221=CARTESIAN_POINT('Ctrl Pts',(4.25462860044583,9.40004111980192,35.2996636133491));
#3222=CARTESIAN_POINT('Ctrl Pts',(2.44418376785779,9.84918901183548,35.3728406932795));
#3223=CARTESIAN_POINT('Ctrl Pts',(0.63373893526974,10.298336903869,35.4460177732099));
#3224=CARTESIAN_POINT('Ctrl Pts',(-1.30386259972679,10.2345212739319,35.5191948531403));
#3225=CARTESIAN_POINT('Ctrl Pts',(-3.08115355314962,9.66819956002722,35.5923719330707));
#3226=CARTESIAN_POINT('Ctrl Pts',(-4.85844450657248,9.10187784612251,35.6655490130011));
#3227=CARTESIAN_POINT('Ctrl Pts',(-6.47542487842162,8.0330500482502,35.7387260929315));
#3228=CARTESIAN_POINT('Ctrl Pts',(-7.69209729145705,6.61924673352079,35.8119031728619));
#3229=CARTESIAN_POINT('Ctrl Pts',(-8.90876970449247,5.2054434187914,35.8850802527922));
#3230=CARTESIAN_POINT('Ctrl Pts',(-9.72513415871417,3.44666458720494,35.9582573327226));
#3231=CARTESIAN_POINT('Ctrl Pts',(-10.01994588999,1.60468338806104,36.031434412653));
#3232=CARTESIAN_POINT('Ctrl Pts',(-10.1048023355755,1.0745010350105,36.0524971664123));
#3233=CARTESIAN_POINT('Ctrl Pts',(-10.1464493680571,0.537425562026252,36.0735599201717));
#3234=CARTESIAN_POINT('Ctrl Pts',(-10.1457055957718,0.000261992081479487,
36.094622673931));
#3235=CARTESIAN_POINT('Origin',(0.,0.,49.5209142803763));
#3236=CARTESIAN_POINT('',(-10.1469919628123,0.00113242778511214,38.5946226743163));
#3237=CARTESIAN_POINT('',(-10.1467764459764,-6.83578013463212E-5,38.1553773209518));
#3238=CARTESIAN_POINT('',(-10.14625,-1.03169934456249E-13,49.5209142803763));
#3239=CARTESIAN_POINT('Ctrl Pts',(-10.1467764459764,-6.83578013463212E-5,
38.1553773209518));
#3240=CARTESIAN_POINT('Ctrl Pts',(-10.1473948458862,0.390681593329293,38.1400521040251));
#3241=CARTESIAN_POINT('Ctrl Pts',(-10.1253973654717,0.781406147688574,38.1247268870984));
#3242=CARTESIAN_POINT('Ctrl Pts',(-10.08033438964,1.16951653285043,38.1094016701717));
#3243=CARTESIAN_POINT('Ctrl Pts',(-9.86259640808341,3.04481150231755,38.0353523705204));
#3244=CARTESIAN_POINT('Ctrl Pts',(-9.10635132284836,4.85907380556342,37.9613030708691));
#3245=CARTESIAN_POINT('Ctrl Pts',(-7.92900097869424,6.3334255288415,37.8872537712178));
#3246=CARTESIAN_POINT('Ctrl Pts',(-6.75165063454013,7.80777725211955,37.8132044715665));
#3247=CARTESIAN_POINT('Ctrl Pts',(-5.15319503146699,8.9422183954298,37.7391551719151));
#3248=CARTESIAN_POINT('Ctrl Pts',(-3.37174266189888,9.57018830227294,37.6651058722638));
#3249=CARTESIAN_POINT('Ctrl Pts',(-1.59029029233077,10.1981582091161,37.5910565726125));
#3250=CARTESIAN_POINT('Ctrl Pts',(0.374158843732293,10.3196568794921,37.5170072729612));
#3251=CARTESIAN_POINT('Ctrl Pts',(2.21433587468748,9.90641332540823,37.4429579733099));
#3252=CARTESIAN_POINT('Ctrl Pts',(4.66790524929439,9.35542191996311,37.3442255737748));
#3253=CARTESIAN_POINT('Ctrl Pts',(6.90054643704285,7.85377767103384,37.2454931742397));
#3254=CARTESIAN_POINT('Ctrl Pts',(8.3387107453308,5.78840880653777,37.1467607747047));
#3255=CARTESIAN_POINT('Ctrl Pts',(9.05779289947478,4.75572437428974,37.0973945749371));
#3256=CARTESIAN_POINT('Ctrl Pts',(9.57825583375364,3.58210878814998,37.0480283751696));
#3257=CARTESIAN_POINT('Ctrl Pts',(9.86840735509305,2.35598972391283,36.9986621754021));
#3258=CARTESIAN_POINT('Ctrl Pts',(10.3036346371022,0.516811127557115,36.9246128757508));
#3259=CARTESIAN_POINT('Ctrl Pts',(10.2206612399976,-1.44050029451778,36.8505635760994));
#3260=CARTESIAN_POINT('Ctrl Pts',(9.62118974431045,-3.22867694179239,36.7765142764481));
#3261=CARTESIAN_POINT('Ctrl Pts',(9.02171824862333,-5.01685358906701,36.7024649767968));
#3262=CARTESIAN_POINT('Ctrl Pts',(7.90574865435371,-6.63589546154134,36.6284156771455));
#3263=CARTESIAN_POINT('Ctrl Pts',(6.44790250215851,-7.83549720293755,36.5543663774942));
#3264=CARTESIAN_POINT('Ctrl Pts',(4.99005634996334,-9.03509894433373,36.4803170778429));
#3265=CARTESIAN_POINT('Ctrl Pts',(3.19033363984262,-9.81526055465181,36.4062677781916));
#3266=CARTESIAN_POINT('Ctrl Pts',(1.31882424522173,-10.0614502173525,36.3322184785403));
#3267=CARTESIAN_POINT('Ctrl Pts',(-0.0848078007439718,-10.246092464378,
36.2766815038018));
#3268=CARTESIAN_POINT('Ctrl Pts',(-1.52881985674101,-10.1303754908687,36.2211445290633));
#3269=CARTESIAN_POINT('Ctrl Pts',(-2.88657569433054,-9.72719739583147,36.1656075543248));
#3270=CARTESIAN_POINT('Ctrl Pts',(-4.24433153192003,-9.32401930079426,36.1100705795863));
#3271=CARTESIAN_POINT('Ctrl Pts',(-5.515831151102,-8.63338008422914,36.0545336048478));
#3272=CARTESIAN_POINT('Ctrl Pts',(-6.59217209500076,-7.71356998906289,35.9989966301094));
#3273=CARTESIAN_POINT('Ctrl Pts',(-7.66851303889956,-6.79375989389663,35.9434596553709));
#3274=CARTESIAN_POINT('Ctrl Pts',(-8.54969530751514,-5.64477892012922,35.8879226806324));
#3275=CARTESIAN_POINT('Ctrl Pts',(-9.15911655187601,-4.36648092403878,35.8323857058939));
#3276=CARTESIAN_POINT('Ctrl Pts',(-9.76853779623688,-3.08818292794833,35.7768487311554));
#3277=CARTESIAN_POINT('Ctrl Pts',(-10.106198016343,-1.68056790953484,35.7213117564169));
#3278=CARTESIAN_POINT('Ctrl Pts',(-10.1431817158252,-0.265112683698767,
35.6657747816785));
#3279=CARTESIAN_POINT('Ctrl Pts',(-10.1454897072078,-0.176780296471791,
35.662308961306));
#3280=CARTESIAN_POINT('Ctrl Pts',(-10.146626724788,-0.0884173758414153,
35.6588431409335));
#3281=CARTESIAN_POINT('Ctrl Pts',(-10.1465982590897,-5.37514582804752E-5,
35.6553773205611));
#3282=CARTESIAN_POINT('Ctrl Pts',(-10.1457055957718,0.000261992081479485,
36.094622673931));
#3283=CARTESIAN_POINT('Ctrl Pts',(-10.1438653239861,-1.32881006616894,36.146737000102));
#3284=CARTESIAN_POINT('Ctrl Pts',(-9.88251414612219,-2.65842144237228,36.1988513262731));
#3285=CARTESIAN_POINT('Ctrl Pts',(-9.37405150277183,-3.88549661889392,36.2509656524442));
#3286=CARTESIAN_POINT('Ctrl Pts',(-8.66008637594804,-5.60851186000366,36.3241427323746));
#3287=CARTESIAN_POINT('Ctrl Pts',(-7.45889711397055,-7.12935877552184,36.397319812305));
#3288=CARTESIAN_POINT('Ctrl Pts',(-5.94696063527187,-8.22258546994935,36.4704968922354));
#3289=CARTESIAN_POINT('Ctrl Pts',(-4.4350241565732,-9.31581216437687,36.5436739721657));
#3290=CARTESIAN_POINT('Ctrl Pts',(-2.61234046115333,-9.98141863771374,36.6168510520962));
#3291=CARTESIAN_POINT('Ctrl Pts',(-0.752972419360024,-10.1199956613394,
36.6900281320265));
#3292=CARTESIAN_POINT('Ctrl Pts',(1.10639562243328,-10.2585726849652,36.763205211957));
#3293=CARTESIAN_POINT('Ctrl Pts',(3.00244801060001,-9.87012025887972,36.8363822918873));
#3294=CARTESIAN_POINT('Ctrl Pts',(4.6606976448226,-9.01296800477317,36.9095593718177));
#3295=CARTESIAN_POINT('Ctrl Pts',(6.3189472790452,-8.15581575066661,36.9827364517481));
#3296=CARTESIAN_POINT('Ctrl Pts',(7.73939415932362,-6.82996366853896,37.0559135316785));
#3297=CARTESIAN_POINT('Ctrl Pts',(8.69851389209495,-5.23183565502531,37.1290906116089));
#3298=CARTESIAN_POINT('Ctrl Pts',(9.97734020245673,-3.10099830367379,37.2266600515161));
#3299=CARTESIAN_POINT('Ctrl Pts',(10.4360293616947,-0.486114852080526,37.3242294914233));
#3300=CARTESIAN_POINT('Ctrl Pts',(9.96053165747569,1.95529267116704,37.4217989313305));
#3301=CARTESIAN_POINT('Ctrl Pts',(9.72278280536618,3.17599643279082,37.4705836512841));
#3302=CARTESIAN_POINT('Ctrl Pts',(9.25148723739242,4.35333121232818,37.5193683712377));
#3303=CARTESIAN_POINT('Ctrl Pts',(8.58598980638754,5.40556800165329,37.5681530911913));
#3304=CARTESIAN_POINT('Ctrl Pts',(7.58774365988022,6.98392318564094,37.6413301711216));
#3305=CARTESIAN_POINT('Ctrl Pts',(6.15254332155289,8.28080789165101,37.714507251052));
#3306=CARTESIAN_POINT('Ctrl Pts',(4.48054165955153,9.10471857271993,37.7876843309824));
#3307=CARTESIAN_POINT('Ctrl Pts',(2.80853999755017,9.92862925378884,37.8608614109128));
#3308=CARTESIAN_POINT('Ctrl Pts',(0.899737011874789,10.2795659099166,37.9340384908432));
#3309=CARTESIAN_POINT('Ctrl Pts',(-0.957893759519733,10.1033629198653,38.0072155707736));
#3310=CARTESIAN_POINT('Ctrl Pts',(-2.81552453091425,9.92715992981399,38.080392650704));
#3311=CARTESIAN_POINT('Ctrl Pts',(-4.62198308802791,9.22381729358363,38.1535697306344));
#3312=CARTESIAN_POINT('Ctrl Pts',(-6.11040207489157,8.10107494704389,38.2267468105648));
#3313=CARTESIAN_POINT('Ctrl Pts',(-7.22671631503932,7.25901818713908,38.2816296205126));
#3314=CARTESIAN_POINT('Ctrl Pts',(-8.16413329692144,6.18104909018525,38.3365124304604));
#3315=CARTESIAN_POINT('Ctrl Pts',(-8.85001956302078,4.95992430071048,38.3913952404082));
#3316=CARTESIAN_POINT('Ctrl Pts',(-9.53590582912013,3.73879951123567,38.4462780503559));
#3317=CARTESIAN_POINT('Ctrl Pts',(-9.97026137943668,2.3745190292399,38.5011608603037));
#3318=CARTESIAN_POINT('Ctrl Pts',(-10.1029492023049,0.982612965859812,38.5560436702515));
#3319=CARTESIAN_POINT('Ctrl Pts',(-10.1340394718121,0.656473507816168,38.5689033382731));
#3320=CARTESIAN_POINT('Ctrl Pts',(-10.1485676304099,0.328817354742884,38.5817630062947));
#3321=CARTESIAN_POINT('Ctrl Pts',(-10.1469919628123,0.00113242778511214,
38.5946226743163));
#3322=CARTESIAN_POINT('Origin',(0.,0.,49.5209142803763));
#3323=CARTESIAN_POINT('',(-10.1400229101313,-0.000711327530122369,41.0946226743811));
#3324=CARTESIAN_POINT('',(-10.145370456017,-0.000680629176985898,40.6553773210455));
#3325=CARTESIAN_POINT('',(-10.14625,-1.03169934456249E-13,49.5209142803763));
#3326=CARTESIAN_POINT('',(-4.88592084877187,-8.89236563137371,41.5197154074324));
#3327=CARTESIAN_POINT('Ctrl Pts',(-10.1400229101313,-0.000711327530122364,
41.0946226743811));
#3328=CARTESIAN_POINT('Ctrl Pts',(-10.143304173437,-0.81537262180968,41.1265546321693));
#3329=CARTESIAN_POINT('Ctrl Pts',(-10.0504841526739,-1.62973129662934,41.1584865899575));
#3330=CARTESIAN_POINT('Ctrl Pts',(-9.85785262632159,-2.42025612283964,41.1904185477457));
#3331=CARTESIAN_POINT('Ctrl Pts',(-9.52676865330394,-3.77896466441096,41.2453013576934));
#3332=CARTESIAN_POINT('Ctrl Pts',(-8.90083396128171,-5.06726621875542,41.3001841676412));
#3333=CARTESIAN_POINT('Ctrl Pts',(-8.04726533736914,-6.17713092045973,41.355066977589));
#3334=CARTESIAN_POINT('Ctrl Pts',(-7.19369671347361,-7.28699562214188,41.4099497875357));
#3335=CARTESIAN_POINT('Ctrl Pts',(-6.11249415769685,-8.21842347119097,41.4648325974824));
#3336=CARTESIAN_POINT('Ctrl Pts',(-4.88592084884485,-8.8923656313336,41.5197154074291));
#3337=CARTESIAN_POINT('',(-4.85494043244074,-8.9093177325737,41.556564815121));
#3338=CARTESIAN_POINT('Ctrl Pts',(-4.85494043244075,-8.90931773257369,41.556564815121));
#3339=CARTESIAN_POINT('Ctrl Pts',(-4.86526685656787,-8.90369057059315,41.5442704071823));
#3340=CARTESIAN_POINT('Ctrl Pts',(-4.87559369648045,-8.89803989745551,41.5319872327496));
#3341=CARTESIAN_POINT('Ctrl Pts',(-4.88592084877186,-8.89236563137372,41.5197154074324));
#3342=CARTESIAN_POINT('',(-4.85494043237591,-8.90931773260903,41.0818549517619));
#3343=CARTESIAN_POINT('',(-4.85494043244074,-8.9093177325737,49.5209142803763));
#3344=CARTESIAN_POINT('Ctrl Pts',(-4.85520505956271,-8.9094308062412,41.0818549459903));
#3345=CARTESIAN_POINT('Ctrl Pts',(-5.48642958052431,-8.56582772647588,41.0536780828511));
#3346=CARTESIAN_POINT('Ctrl Pts',(-6.08128395768041,-8.1555948930114,41.025501219712));
#3347=CARTESIAN_POINT('Ctrl Pts',(-6.62510242742071,-7.68625956861293,40.9973243565728));
#3348=CARTESIAN_POINT('Ctrl Pts',(-8.05426708009458,-6.45283795238529,40.9232750569215));
#3349=CARTESIAN_POINT('Ctrl Pts',(-9.13095336671102,-4.8112262894004,40.8492257572702));
#3350=CARTESIAN_POINT('Ctrl Pts',(-9.69107398509913,-3.00928500489994,40.7751764576189));
#3351=CARTESIAN_POINT('Ctrl Pts',(-9.99313385951519,-2.03754045518547,40.7352434120944));
#3352=CARTESIAN_POINT('Ctrl Pts',(-10.1449665609413,-1.01916898605252,40.69531036657));
#3353=CARTESIAN_POINT('Ctrl Pts',(-10.145370456017,-0.0006806291769859,
40.6553773210455));
#3354=CARTESIAN_POINT('Origin',(0.,0.,4.));
#3355=CARTESIAN_POINT('',(-8.75475868255704,-0.000135748692099286,13.3427591504521));
#3356=CARTESIAN_POINT('',(-8.75992161747148,-7.61639678242831E-5,13.404472820412));
#3357=CARTESIAN_POINT('',(-8.7595,-1.07272936371312E-15,4.));
#3358=CARTESIAN_POINT('',(5.65961895006557,6.6856229021729,15.));
#3359=CARTESIAN_POINT('Ctrl Pts',(5.65961895006555,6.68562290217291,15.));
#3360=CARTESIAN_POINT('Ctrl Pts',(7.31725607757729,5.28237377543133,14.9013475832557));
#3361=CARTESIAN_POINT('Ctrl Pts',(9.53758997875352,1.18809611812897,14.7036829911782));
#3362=CARTESIAN_POINT('Ctrl Pts',(7.81735368774731,-5.59614724440325,14.4072850099957));
#3363=CARTESIAN_POINT('Ctrl Pts',(1.946797262788,-9.41336173950952,14.1108084329974));
#3364=CARTESIAN_POINT('Ctrl Pts',(-4.172608553985,-8.36764842921293,13.8473901906944));
#3365=CARTESIAN_POINT('Ctrl Pts',(-7.8588996566153,-4.63886264736771,13.6168430743881));
#3366=CARTESIAN_POINT('Ctrl Pts',(-8.73039959299618,-1.66641194588582,13.4801620530508));
#3367=CARTESIAN_POINT('Ctrl Pts',(-8.75989249331034,-0.108152040027275,
13.409381258184));
#3368=CARTESIAN_POINT('Ctrl Pts',(-8.75992161747148,-7.61639678245607E-5,
13.404472820412));
#3369=CARTESIAN_POINT('',(4.61032131369837,7.45078506835258,15.0000066722291));
#3370=CARTESIAN_POINT('Origin',(0.,0.,15.));
#3371=CARTESIAN_POINT('Ctrl Pts',(-8.75318129437384,-1.01900136819655E-5,
13.3454892769454));
#3372=CARTESIAN_POINT('Ctrl Pts',(-8.75520400372084,-0.813993822883372,
13.3824362687205));
#3373=CARTESIAN_POINT('Ctrl Pts',(-8.44625526373393,-3.13173209769415,13.4876645979762));
#3374=CARTESIAN_POINT('Ctrl Pts',(-6.41865486542454,-6.52435457285227,13.6611201493501));
#3375=CARTESIAN_POINT('Ctrl Pts',(-2.37844222716436,-8.843012931997,13.8660406132568));
#3376=CARTESIAN_POINT('Ctrl Pts',(1.31315301086506,-8.86011213837998,14.0281476240973));
#3377=CARTESIAN_POINT('Ctrl Pts',(3.79727867689942,-7.95393964057606,14.1476996272755));
#3378=CARTESIAN_POINT('Ctrl Pts',(5.73469604335918,-6.7860996779421,14.2500753900472));
#3379=CARTESIAN_POINT('Ctrl Pts',(8.46064938519297,-3.82190115028095,14.4293669486144));
#3380=CARTESIAN_POINT('Ctrl Pts',(9.43623829705418,2.16192196362003,14.6853495271345));
#3381=CARTESIAN_POINT('Ctrl Pts',(6.60622515125519,6.19503130371196,14.8926368633069));
#3382=CARTESIAN_POINT('Ctrl Pts',(4.65764895104626,7.42427680597256,14.9975255840812));
#3383=CARTESIAN_POINT('Ctrl Pts',(4.6119100936887,7.45251593834381,14.9999729869338));
#3384=CARTESIAN_POINT('Origin',(0.,0.,4.));
#3385=CARTESIAN_POINT('',(-8.76094614986937,-0.000124926754303915,10.8427746316948));
#3386=CARTESIAN_POINT('',(-8.75898692369869,-0.000113995416340801,10.9045314879811));
#3387=CARTESIAN_POINT('',(-8.7595,-1.07272936371312E-15,4.));
#3388=CARTESIAN_POINT('Ctrl Pts',(-8.75992161747148,-7.61639678245607E-5,
13.404472820412));
#3389=CARTESIAN_POINT('Ctrl Pts',(-8.76028334085798,1.34223105967986,13.3435098033308));
#3390=CARTESIAN_POINT('Ctrl Pts',(-7.94615586723855,4.8656939667335,13.183764898802));
#3391=CARTESIAN_POINT('Ctrl Pts',(-3.44544704940783,8.97569048158904,12.9251864900603));
#3392=CARTESIAN_POINT('Ctrl Pts',(3.5564600967906,8.93223303317096,12.6287591657679));
#3393=CARTESIAN_POINT('Ctrl Pts',(8.66958306193711,4.1528404186087,12.3323746354338));
#3394=CARTESIAN_POINT('Ctrl Pts',(9.12582836467158,-2.04174552724642,12.0688999625095));
#3395=CARTESIAN_POINT('Ctrl Pts',(6.38882845982868,-6.5141092239175,11.8383020155507));
#3396=CARTESIAN_POINT('Ctrl Pts',(2.52367428522379,-8.77146559371802,11.6407502330618));
#3397=CARTESIAN_POINT('Ctrl Pts',(-2.47326035892792,-8.93576959746613,11.4211071116055));
#3398=CARTESIAN_POINT('Ctrl Pts',(-6.38269660933527,-6.54161539094542,11.2235253945715));
#3399=CARTESIAN_POINT('Ctrl Pts',(-8.39185651950332,-3.06983221713378,11.0440447567075));
#3400=CARTESIAN_POINT('Ctrl Pts',(-8.75731062422658,-1.05152824169855,10.952322871976));
#3401=CARTESIAN_POINT('Ctrl Pts',(-8.75898692369869,-0.000113995416340662,
10.9045314879811));
#3402=CARTESIAN_POINT('Ctrl Pts',(-8.76094614986937,-0.000124926754303811,
10.8427746316948));
#3403=CARTESIAN_POINT('Ctrl Pts',(-8.75962008767882,-1.1217842214745,10.8936920315778));
#3404=CARTESIAN_POINT('Ctrl Pts',(-8.25422791106687,-3.74924395818053,11.0129022518865));
#3405=CARTESIAN_POINT('Ctrl Pts',(-6.0108063809486,-6.74625240384865,11.1775981048823));
#3406=CARTESIAN_POINT('Ctrl Pts',(-1.99236461058517,-8.95066422111242,11.3824252383636));
#3407=CARTESIAN_POINT('Ctrl Pts',(1.98395641198903,-8.90098714871479,11.553109453378));
#3408=CARTESIAN_POINT('Ctrl Pts',(5.11012047872594,-7.23220427884872,11.7124693856568));
#3409=CARTESIAN_POINT('Ctrl Pts',(7.3463600997876,-5.18559810020145,11.8489908091777));
#3410=CARTESIAN_POINT('Ctrl Pts',(8.9997438678171,-1.67305742883608,12.019735926076));
#3411=CARTESIAN_POINT('Ctrl Pts',(8.61327859138236,3.75849676864354,12.2586883850707));
#3412=CARTESIAN_POINT('Ctrl Pts',(4.36589675049732,8.64205511309233,12.5317679676609));
#3413=CARTESIAN_POINT('Ctrl Pts',(-2.90596613200972,9.23565680004382,12.8390626462621));
#3414=CARTESIAN_POINT('Ctrl Pts',(-7.85189764532394,5.14466867559116,13.1093492545918));
#3415=CARTESIAN_POINT('Ctrl Pts',(-8.75119379425839,1.44278296124095,13.2772763861096));
#3416=CARTESIAN_POINT('Ctrl Pts',(-8.75475868255704,-0.000135748692099313,
13.3427591504521));
#3417=CARTESIAN_POINT('Origin',(0.,0.,4.));
#3418=CARTESIAN_POINT('',(-8.7608287584194,6.94962210131753E-7,8.34551948741171));
#3419=CARTESIAN_POINT('',(-8.75910488628231,-0.000710692504777843,8.40454518626617));
#3420=CARTESIAN_POINT('',(-8.7595,-1.07272936371312E-15,4.));
#3421=CARTESIAN_POINT('',(4.71443647309893,-7.3826099037613,6.69661563623328));
#3422=CARTESIAN_POINT('Ctrl Pts',(4.71443647309893,-7.3826099037613,6.69661563623328));
#3423=CARTESIAN_POINT('Ctrl Pts',(6.61899783563166,-6.16638235417823,6.79926238285147));
#3424=CARTESIAN_POINT('Ctrl Pts',(9.42035374177895,-2.2142932950741,7.00370681572264));
#3425=CARTESIAN_POINT('Ctrl Pts',(8.29616859358104,4.9936038353135,7.31120815885401));
#3426=CARTESIAN_POINT('Ctrl Pts',(2.45347348725086,9.36562792198245,7.61829618567518));
#3427=CARTESIAN_POINT('Ctrl Pts',(-3.96370697345235,8.51954477031242,7.8915920027258));
#3428=CARTESIAN_POINT('Ctrl Pts',(-7.84896430441635,4.70657167159259,8.13042603436107));
#3429=CARTESIAN_POINT('Ctrl Pts',(-8.74093946706453,1.65140139364427,8.27045307319206));
#3430=CARTESIAN_POINT('Ctrl Pts',(-8.76085912963115,0.0746586237526928,
8.34212602535925));
#3431=CARTESIAN_POINT('Ctrl Pts',(-8.76082875841941,6.94962210223693E-7,
8.34551948741171));
#3432=CARTESIAN_POINT('',(4.66090577830854,-7.41386525660413,6.75281934650846));
#3433=CARTESIAN_POINT('Ctrl Pts',(4.66353837038997,-7.41486683075971,6.75289385548241));
#3434=CARTESIAN_POINT('Ctrl Pts',(4.68050738381331,-7.40419426616568,6.73409109639898));
#3435=CARTESIAN_POINT('Ctrl Pts',(4.6974736639275,-7.39344212804059,6.7153314067253));
#3436=CARTESIAN_POINT('Ctrl Pts',(4.71443647309893,-7.3826099037613,6.69661563623328));
#3437=CARTESIAN_POINT('Ctrl Pts',(-8.7591048862823,-0.000710692504777427,
8.40454518626617));
#3438=CARTESIAN_POINT('Ctrl Pts',(-8.75868312895187,0.904268467170948,8.36345602521868));
#3439=CARTESIAN_POINT('Ctrl Pts',(-8.39593477969006,3.26062466987869,8.25648594207005));
#3440=CARTESIAN_POINT('Ctrl Pts',(-6.31802905778089,6.58310454360701,8.08372556768258));
#3441=CARTESIAN_POINT('Ctrl Pts',(-1.76610249021577,9.18234044562886,7.85312452515196));
#3442=CARTESIAN_POINT('Ctrl Pts',(4.41109494846654,8.54092969235417,7.58968164919938));
#3443=CARTESIAN_POINT('Ctrl Pts',(9.03574197831588,3.28375234103353,7.29323217855559));
#3444=CARTESIAN_POINT('Ctrl Pts',(8.87496228058302,-3.30056672959542,7.0142737310564));
#3445=CARTESIAN_POINT('Ctrl Pts',(6.17411251581536,-6.45613749572802,6.83416777686112));
#3446=CARTESIAN_POINT('Ctrl Pts',(4.66090577830854,-7.41386525660413,6.75281934650846));
#3447=CARTESIAN_POINT('Origin',(0.,0.,-1.52091428037634));
#3448=CARTESIAN_POINT('',(-10.145976453679,-0.0026068002362404,14.4053773262741));
#3449=CARTESIAN_POINT('',(-10.1465952122859,4.8028290725187E-5,14.8446226807629));
#3450=CARTESIAN_POINT('',(-10.14625,-4.10169501978691E-14,-1.52091428037634));
#3451=CARTESIAN_POINT('',(-9.38240618029632,-3.86223294616435,15.));
#3452=CARTESIAN_POINT('Ctrl Pts',(-10.1465952122859,4.8028290725187E-5,
14.8446226807629));
#3453=CARTESIAN_POINT('Ctrl Pts',(-10.1460565346085,-1.32042110872507,14.8964151228138));
#3454=CARTESIAN_POINT('Ctrl Pts',(-9.88514762029556,-2.64093831193768,14.9482075648648));
#3455=CARTESIAN_POINT('Ctrl Pts',(-9.38240614978601,-3.86223303069217,15.0000000069158));
#3456=CARTESIAN_POINT('',(-0.773781862462696,-10.1166214131808,15.));
#3457=CARTESIAN_POINT('Origin',(0.,0.,15.));
#3458=CARTESIAN_POINT('Ctrl Pts',(-0.773781862462696,-10.1166214131808,
15.));
#3459=CARTESIAN_POINT('Ctrl Pts',(-1.81322835778667,-10.0363608231762,14.9591181715267));
#3460=CARTESIAN_POINT('Ctrl Pts',(-2.84062318944757,-9.79616112563642,14.9182363430534));
#3461=CARTESIAN_POINT('Ctrl Pts',(-3.80682437033836,-9.4052557113934,14.8773545145801));
#3462=CARTESIAN_POINT('Ctrl Pts',(-5.10392476340845,-8.88047518276645,14.8224717046323));
#3463=CARTESIAN_POINT('Ctrl Pts',(-6.29073965617918,-8.08408714003598,14.7675888946845));
#3464=CARTESIAN_POINT('Ctrl Pts',(-7.26734924173209,-7.08136122320185,14.7127060847367));
#3465=CARTESIAN_POINT('Ctrl Pts',(-8.243958827285,-6.07863530636772,14.6578232747889));
#3466=CARTESIAN_POINT('Ctrl Pts',(-9.01036310562011,-4.86957151542993,14.6029404648411));
#3467=CARTESIAN_POINT('Ctrl Pts',(-9.50139826403091,-3.56006248085381,14.5480576548933));
#3468=CARTESIAN_POINT('Ctrl Pts',(-9.92691740097175,-2.42527377038253,14.5004975453536));
#3469=CARTESIAN_POINT('Ctrl Pts',(-10.1456471481874,-1.21505535799522,14.4529374358138));
#3470=CARTESIAN_POINT('Ctrl Pts',(-10.145976453679,-0.0026068002362404,
14.4053773262741));
#3471=CARTESIAN_POINT('Origin',(0.,0.,-1.52091428037634));
#3472=CARTESIAN_POINT('',(-10.146320849323,-0.00205451512863331,11.905377326069));
#3473=CARTESIAN_POINT('',(-10.1466314581807,8.34716192754642E-5,12.344622680586));
#3474=CARTESIAN_POINT('',(-10.14625,-4.10169501978691E-14,-1.52091428037634));
#3475=CARTESIAN_POINT('Ctrl Pts',(-10.1466314581807,8.34716192754642E-5,
12.344622680586));
#3476=CARTESIAN_POINT('Ctrl Pts',(-10.1462261680461,-1.3274888796687,12.396693834952));
#3477=CARTESIAN_POINT('Ctrl Pts',(-9.8826651343135,-2.65528211956954,12.448764989318));
#3478=CARTESIAN_POINT('Ctrl Pts',(-9.37468076027031,-3.8820429082247,12.5008361436841));
#3479=CARTESIAN_POINT('Ctrl Pts',(-8.83288529419568,-5.19045605479717,12.5563731184225));
#3480=CARTESIAN_POINT('Ctrl Pts',(-8.01304635733551,-6.3839398604539,12.611910093161));
#3481=CARTESIAN_POINT('Ctrl Pts',(-6.9861751301505,-7.3586918120198,12.6674470678995));
#3482=CARTESIAN_POINT('Ctrl Pts',(-5.95930390296548,-8.3334437635857,12.722984042638));
#3483=CARTESIAN_POINT('Ctrl Pts',(-4.72540038545562,-9.08946386106079,12.7785210173765));
#3484=CARTESIAN_POINT('Ctrl Pts',(-3.39067470002596,-9.56303457212911,12.834057992115));
#3485=CARTESIAN_POINT('Ctrl Pts',(-2.0559490145963,-10.0366052831974,12.8895949668534));
#3486=CARTESIAN_POINT('Ctrl Pts',(-0.620401161246835,-10.227726607859,12.9451319415919));
#3487=CARTESIAN_POINT('Ctrl Pts',(0.791059848822303,-10.1166649793988,13.0006689163304));
#3488=CARTESIAN_POINT('Ctrl Pts',(2.67300786224779,-9.96858280811856,13.0747182159817));
#3489=CARTESIAN_POINT('Ctrl Pts',(4.51213482095272,-9.28328649795529,13.148767515633));
#3490=CARTESIAN_POINT('Ctrl Pts',(6.03019736777384,-8.16186017666665,13.2228168152843));
#3491=CARTESIAN_POINT('Ctrl Pts',(7.54825991459497,-7.040433855378,13.2968661149356));
#3492=CARTESIAN_POINT('Ctrl Pts',(8.74525804953231,-5.48287752296396,13.370915414587));
#3493=CARTESIAN_POINT('Ctrl Pts',(9.43825686515833,-3.7273293207559,13.4449647142383));
#3494=CARTESIAN_POINT('Ctrl Pts',(10.1312556807844,-1.97178111854784,13.5190140138896));
#3495=CARTESIAN_POINT('Ctrl Pts',(10.3202551770991,-0.018241046545785,13.5930633135409));
#3496=CARTESIAN_POINT('Ctrl Pts',(9.97929316728778,1.83845786608248,13.6671126131922));
#3497=CARTESIAN_POINT('Ctrl Pts',(9.72357165992932,3.23098205055368,13.7226495879307));
#3498=CARTESIAN_POINT('Ctrl Pts',(9.169746805375,4.56903308287711,13.7781865626692));
#3499=CARTESIAN_POINT('Ctrl Pts',(8.36877169885316,5.73698391659108,13.8337235374076));
#3500=CARTESIAN_POINT('Ctrl Pts',(7.56779659233132,6.90493475030503,13.8892605121461));
#3501=CARTESIAN_POINT('Ctrl Pts',(6.51967123384197,7.90278538540955,13.9447974868846));
#3502=CARTESIAN_POINT('Ctrl Pts',(5.31348537524127,8.64428976751294,14.0003344616231));
#3503=CARTESIAN_POINT('Ctrl Pts',(4.10729951664058,9.38579414961633,14.0558714363616));
#3504=CARTESIAN_POINT('Ctrl Pts',(2.74305315792854,9.8709522787186,14.1114084111001));
#3505=CARTESIAN_POINT('Ctrl Pts',(1.33934052924066,10.0578768415583,14.1669453858385));
#3506=CARTESIAN_POINT('Ctrl Pts',(-0.0643720994472566,10.2448014043981,
14.222482360577));
#3507=CARTESIAN_POINT('Ctrl Pts',(-1.50755099811103,10.1334924009753,14.2780193353155));
#3508=CARTESIAN_POINT('Ctrl Pts',(-2.86587869014377,9.73353270929479,14.333556310054));
#3509=CARTESIAN_POINT('Ctrl Pts',(-4.22420638217654,9.33357301761433,14.3890932847925));
#3510=CARTESIAN_POINT('Ctrl Pts',(-5.49768286757829,8.6449626376762,14.444630259531));
#3511=CARTESIAN_POINT('Ctrl Pts',(-6.57607590889064,7.72725212392867,14.5001672342694));
#3512=CARTESIAN_POINT('Ctrl Pts',(-7.65446895020297,6.80954161018114,14.5557042090079));
#3513=CARTESIAN_POINT('Ctrl Pts',(-8.53777854742592,5.66273096262421,14.6112411837464));
#3514=CARTESIAN_POINT('Ctrl Pts',(-9.14984253647791,4.38579268374308,14.6667781584849));
#3515=CARTESIAN_POINT('Ctrl Pts',(-9.7619065255299,3.10885440486195,14.7223151332234));
#3516=CARTESIAN_POINT('Ctrl Pts',(-10.1027249064109,1.70178849465661,14.7778521079619));
#3517=CARTESIAN_POINT('Ctrl Pts',(-10.1426220844611,0.286414858644662,14.8333890827003));
#3518=CARTESIAN_POINT('Ctrl Pts',(-10.1453121173275,0.190984510303807,14.8371336153878));
#3519=CARTESIAN_POINT('Ctrl Pts',(-10.1466341580489,0.095516394921165,14.8408781480754));
#3520=CARTESIAN_POINT('Ctrl Pts',(-10.1465952122859,4.80282907251841E-5,
14.8446226807629));
#3521=CARTESIAN_POINT('Ctrl Pts',(-10.145976453679,-0.0026068002362404,
14.4053773262741));
#3522=CARTESIAN_POINT('Ctrl Pts',(-10.1460271559478,0.184070598840226,14.398054625866));
#3523=CARTESIAN_POINT('Ctrl Pts',(-10.1409004745101,0.370800865567594,14.390731925458));
#3524=CARTESIAN_POINT('Ctrl Pts',(-10.1305540297684,0.557316826242517,14.3834092250499));
#3525=CARTESIAN_POINT('Ctrl Pts',(-10.0271601215552,2.42120481865009,14.3102321451195));
#3526=CARTESIAN_POINT('Ctrl Pts',(-9.4025013784153,4.26369141744214,14.2370550651891));
#3527=CARTESIAN_POINT('Ctrl Pts',(-8.33767566816969,5.79288351905179,14.1638779852587));
#3528=CARTESIAN_POINT('Ctrl Pts',(-6.74043710280125,8.08667167146627,14.0541123653632));
#3529=CARTESIAN_POINT('Ctrl Pts',(-4.15282286144503,9.67554720522033,13.9443467454675));
#3530=CARTESIAN_POINT('Ctrl Pts',(-1.38031528854374,10.0572380248477,13.834581125572));
#3531=CARTESIAN_POINT('Ctrl Pts',(-0.456146097576629,10.1844682980568,13.7979925856068));
#3532=CARTESIAN_POINT('Ctrl Pts',(0.488566796895492,10.177566936363,13.7614040456416));
#3533=CARTESIAN_POINT('Ctrl Pts',(1.41336124037601,10.0454410561695,13.7248155056764));
#3534=CARTESIAN_POINT('Ctrl Pts',(2.80055290559677,9.84725223587932,13.6699326957286));
#3535=CARTESIAN_POINT('Ctrl Pts',(4.14292805608641,9.36730824896496,13.6150498857808));
#3536=CARTESIAN_POINT('Ctrl Pts',(5.3327946017263,8.63314555840929,13.560167075833));
#3537=CARTESIAN_POINT('Ctrl Pts',(6.52266114736616,7.89898286785364,13.5052842658852));
#3538=CARTESIAN_POINT('Ctrl Pts',(7.56001908815628,6.91060147365669,13.4504014559374));
#3539=CARTESIAN_POINT('Ctrl Pts',(8.35441720343405,5.75803509009007,13.3955186459896));
#3540=CARTESIAN_POINT('Ctrl Pts',(9.14881531871181,4.60546870652345,13.3406358360418));
#3541=CARTESIAN_POINT('Ctrl Pts',(9.70025360847723,3.28871733358716,13.285753026094));
#3542=CARTESIAN_POINT('Ctrl Pts',(9.96425066866778,1.91438036213171,13.2308702161462));
#3543=CARTESIAN_POINT('Ctrl Pts',(10.2282477288583,0.540043390676214,13.1759874061984));
#3544=CARTESIAN_POINT('Ctrl Pts',(10.204803559474,-0.89187917929845,13.1211045962506));
#3545=CARTESIAN_POINT('Ctrl Pts',(9.89331579905381,-2.25575605674785,13.0662217863028));
#3546=CARTESIAN_POINT('Ctrl Pts',(9.47799878516024,-4.07425856001369,12.9930447063725));
#3547=CARTESIAN_POINT('Ctrl Pts',(8.55060427609184,-5.77179094323462,12.9198676264421));
#3548=CARTESIAN_POINT('Ctrl Pts',(7.24429421148015,-7.10457712917044,12.8466905465117));
#3549=CARTESIAN_POINT('Ctrl Pts',(5.93798414686848,-8.43736331510622,12.7735134665813));
#3550=CARTESIAN_POINT('Ctrl Pts',(4.25275852671354,-9.40540330375691,12.7003363866509));
#3551=CARTESIAN_POINT('Ctrl Pts',(2.44303948800864,-9.85234881716748,12.6271593067205));
#3552=CARTESIAN_POINT('Ctrl Pts',(0.0300807697353897,-10.4482761683816,
12.5295898668133));
#3553=CARTESIAN_POINT('Ctrl Pts',(-2.60419958151557,-10.117813341391,12.4320204269061));
#3554=CARTESIAN_POINT('Ctrl Pts',(-4.79764320570869,-8.94524426392812,12.3344509869989));
#3555=CARTESIAN_POINT('Ctrl Pts',(-5.89436501780525,-8.35895972519671,12.2856662670453));
#3556=CARTESIAN_POINT('Ctrl Pts',(-6.88087764813734,-7.56214862384724,12.2368815470917));
#3557=CARTESIAN_POINT('Ctrl Pts',(-7.69108360657051,-6.6167561020426,12.1880968271381));
#3558=CARTESIAN_POINT('Ctrl Pts',(-8.90639254422024,-5.19866731933566,12.1149197472078));
#3559=CARTESIAN_POINT('Ctrl Pts',(-9.72501147009738,-3.44627034060461,12.0417426672774));
#3560=CARTESIAN_POINT('Ctrl Pts',(-10.0204097414097,-1.6059980461565,11.968565587347));
#3561=CARTESIAN_POINT('Ctrl Pts',(-10.1054350123757,-1.07630757169465,11.9475028335876));
#3562=CARTESIAN_POINT('Ctrl Pts',(-10.1471126860366,-0.539336834564419,
11.9264400798283));
#3563=CARTESIAN_POINT('Ctrl Pts',(-10.146320849323,-0.00205451512863331,
11.905377326069));
#3564=CARTESIAN_POINT('Origin',(0.,0.,-1.52091428037634));
#3565=CARTESIAN_POINT('',(-10.1472889994285,-0.00115682489941871,9.40537732568373));
#3566=CARTESIAN_POINT('',(-10.1460886137631,-0.000723038898823371,9.84462268019527));
#3567=CARTESIAN_POINT('',(-10.14625,-4.10169501978691E-14,-1.52091428037634));
#3568=CARTESIAN_POINT('Ctrl Pts',(-10.1460886137631,-0.000723038898823371,
9.84462268019527));
#3569=CARTESIAN_POINT('Ctrl Pts',(-10.1467109322015,-0.391485144319965,
9.85994789712197));
#3570=CARTESIAN_POINT('Ctrl Pts',(-10.124763138315,-0.782165465281521,9.87527311404867));
#3571=CARTESIAN_POINT('Ctrl Pts',(-10.0798148485898,-1.17014876977206,9.89059833097537));
#3572=CARTESIAN_POINT('Ctrl Pts',(-9.86263101422088,-3.04482970325183,9.96464763062668));
#3573=CARTESIAN_POINT('Ctrl Pts',(-9.10845761282536,-4.85654374605307,10.038696930278));
#3574=CARTESIAN_POINT('Ctrl Pts',(-7.93020445759288,-6.33186728168223,10.1127462299293));
#3575=CARTESIAN_POINT('Ctrl Pts',(-6.75195130236039,-7.80719081731139,10.1867955295806));
#3576=CARTESIAN_POINT('Ctrl Pts',(-5.14961839329095,-8.94612384576845,10.2608448292319));
#3577=CARTESIAN_POINT('Ctrl Pts',(-3.37038810702176,-9.57182113791793,10.3348941288832));
#3578=CARTESIAN_POINT('Ctrl Pts',(-1.59115782075256,-10.1975184300674,10.4089434285345));
#3579=CARTESIAN_POINT('Ctrl Pts',(0.36496984271642,-10.3099799859093,10.4829927281858));
#3580=CARTESIAN_POINT('Ctrl Pts',(2.20999111417291,-9.90177754609175,10.5570420278372));
#3581=CARTESIAN_POINT('Ctrl Pts',(3.4400052951439,-9.62964258621339,10.6064082276047));
#3582=CARTESIAN_POINT('Ctrl Pts',(4.62063885744268,-9.12610140604198,10.6557744273722));
#3583=CARTESIAN_POINT('Ctrl Pts',(5.66364873977315,-8.4221476725889,10.7051406271398));
#3584=CARTESIAN_POINT('Ctrl Pts',(7.74966850443409,-7.01424020568272,10.8038730266749));
#3585=CARTESIAN_POINT('Ctrl Pts',(9.28519354922175,-4.80468252564984,10.9026054262099));
#3586=CARTESIAN_POINT('Ctrl Pts',(9.87278956206112,-2.3599625000408,11.001337825745));
#3587=CARTESIAN_POINT('Ctrl Pts',(10.3134865716906,-0.526422480834023,11.0753871253963));
#3588=CARTESIAN_POINT('Ctrl Pts',(10.2209735008492,1.43939635775933,11.1494364250476));
#3589=CARTESIAN_POINT('Ctrl Pts',(9.61907185988385,3.23009632883641,11.223485724699));
#3590=CARTESIAN_POINT('Ctrl Pts',(9.01717021891847,5.02079629991347,11.2975350243503));
#3591=CARTESIAN_POINT('Ctrl Pts',(7.90588000782909,6.63637740347427,11.3715843240016));
#3592=CARTESIAN_POINT('Ctrl Pts',(6.44902521053649,7.83509276352559,11.4456336236529));
#3593=CARTESIAN_POINT('Ctrl Pts',(4.99217041324389,9.03380812357692,11.5196829233042));
#3594=CARTESIAN_POINT('Ctrl Pts',(3.18975102974806,9.81565774011878,11.5937322229555));
#3595=CARTESIAN_POINT('Ctrl Pts',(1.31794238751808,10.0619918834423,11.6677815226068));
#3596=CARTESIAN_POINT('Ctrl Pts',(-0.0859140941543848,10.2467424909349,
11.7233184973453));
#3597=CARTESIAN_POINT('Ctrl Pts',(-1.52880203386481,10.1302656447422,11.7788554720838));
#3598=CARTESIAN_POINT('Ctrl Pts',(-2.88627825703582,9.72692595975058,11.8343924468223));
#3599=CARTESIAN_POINT('Ctrl Pts',(-4.24375448020685,9.323586274759,11.8899294215607));
#3600=CARTESIAN_POINT('Ctrl Pts',(-5.51581898683846,8.63338375096855,11.9454663962992));
#3601=CARTESIAN_POINT('Ctrl Pts',(-6.59230588461801,7.71368178292169,12.0010033710377));
#3602=CARTESIAN_POINT('Ctrl Pts',(-7.66879278239757,6.79397981487484,12.0565403457762));
#3603=CARTESIAN_POINT('Ctrl Pts',(-8.54970207132508,5.64477840257159,12.1120773205147));
#3604=CARTESIAN_POINT('Ctrl Pts',(-9.15905152523393,4.36642406692928,12.1676142952532));
#3605=CARTESIAN_POINT('Ctrl Pts',(-9.76840097914277,3.08806973128698,12.2231512699916));
#3606=CARTESIAN_POINT('Ctrl Pts',(-10.1061905980329,1.68056247230561,12.2786882447301));
#3607=CARTESIAN_POINT('Ctrl Pts',(-10.1432094098335,0.265137599070817,12.3342252194686));
#3608=CARTESIAN_POINT('Ctrl Pts',(-10.1455195924228,0.176807106017305,12.3376910398411));
#3609=CARTESIAN_POINT('Ctrl Pts',(-10.1466584340145,0.0884457781022983,
12.3411568602135));
#3610=CARTESIAN_POINT('Ctrl Pts',(-10.1466314581807,8.34716192754645E-5,
12.344622680586));
#3611=CARTESIAN_POINT('Ctrl Pts',(-10.146320849323,-0.00205451512863331,
11.905377326069));
#3612=CARTESIAN_POINT('Ctrl Pts',(-10.1443616545646,1.32731135796551,11.8532629998979));
#3613=CARTESIAN_POINT('Ctrl Pts',(-9.88240972839681,2.6585846967678,11.8011486737269));
#3614=CARTESIAN_POINT('Ctrl Pts',(-9.37376543222212,3.88621106913881,11.7490343475558));
#3615=CARTESIAN_POINT('Ctrl Pts',(-8.65954523497482,5.61000027982071,11.6758572676254));
#3616=CARTESIAN_POINT('Ctrl Pts',(-7.45892722373278,7.1294310910193,11.602680187695));
#3617=CARTESIAN_POINT('Ctrl Pts',(-5.94713578202321,8.2222283240524,11.5295031077646));
#3618=CARTESIAN_POINT('Ctrl Pts',(-4.43534434031365,9.31502555708549,11.4563260278342));
#3619=CARTESIAN_POINT('Ctrl Pts',(-2.61237946813655,9.9811892119531,11.3831489479038));
#3620=CARTESIAN_POINT('Ctrl Pts',(-0.75290378356174,10.1199764585742,11.3099718679734));
#3621=CARTESIAN_POINT('Ctrl Pts',(1.10657190101307,10.2587637051953,11.2367947880431));
#3622=CARTESIAN_POINT('Ctrl Pts',(3.00255839798561,9.87017454356998,11.1636177081127));
#3623=CARTESIAN_POINT('Ctrl Pts',(4.66074727997793,9.01299821859317,11.0904406281823));
#3624=CARTESIAN_POINT('Ctrl Pts',(6.31893616197026,8.15582189361635,11.0172635482519));
#3625=CARTESIAN_POINT('Ctrl Pts',(7.73932742898239,6.83005840528807,10.9440864683215));
#3626=CARTESIAN_POINT('Ctrl Pts',(8.69846992498988,5.23191892809068,10.8709093883911));
#3627=CARTESIAN_POINT('Ctrl Pts',(9.97732658633322,3.10106629182747,10.7733399484839));
#3628=CARTESIAN_POINT('Ctrl Pts',(10.4361854325572,0.485989675352492,10.6757705085767));
#3629=CARTESIAN_POINT('Ctrl Pts',(9.96056133969513,-1.95530605543428,10.5782010686695));
#3630=CARTESIAN_POINT('Ctrl Pts',(9.72274929326409,-3.17595392082767,10.5294163487159));
#3631=CARTESIAN_POINT('Ctrl Pts',(9.25131651206153,-4.35315656479902,10.4806316287623));
#3632=CARTESIAN_POINT('Ctrl Pts',(8.58585321338439,-5.40550831794129,10.4318469088087));
#3633=CARTESIAN_POINT('Ctrl Pts',(7.58765826536867,-6.9840359476547,10.3586698288784));
#3634=CARTESIAN_POINT('Ctrl Pts',(6.15289465303513,-8.28164907300273,10.285492748948));
#3635=CARTESIAN_POINT('Ctrl Pts',(4.481057120127,-9.1052471495146,10.2123156690176));
#3636=CARTESIAN_POINT('Ctrl Pts',(2.80921958721885,-9.92884522602648,10.1391385890872));
#3637=CARTESIAN_POINT('Ctrl Pts',(0.90030813373611,-10.2784282537022,10.0659615091568));
#3638=CARTESIAN_POINT('Ctrl Pts',(-0.957611320254938,-10.1022136869603,
9.9927844292264));
#3639=CARTESIAN_POINT('Ctrl Pts',(-2.81553077424596,-9.92599912021832,9.91960734929601));
#3640=CARTESIAN_POINT('Ctrl Pts',(-4.62245822874529,-9.22398695905874,9.84643026936561));
#3641=CARTESIAN_POINT('Ctrl Pts',(-6.11071557942839,-8.10147492914814,9.77325318943521));
#3642=CARTESIAN_POINT('Ctrl Pts',(-7.22690859244073,-7.25959090671518,9.71837037948742));
#3643=CARTESIAN_POINT('Ctrl Pts',(-8.16384967205641,-6.18117570810978,9.66348756953963));
#3644=CARTESIAN_POINT('Ctrl Pts',(-8.84969355736274,-4.95987874564521,9.60860475959184));
#3645=CARTESIAN_POINT('Ctrl Pts',(-9.53553744266907,-3.73858178318067,9.55372194964405));
#3646=CARTESIAN_POINT('Ctrl Pts',(-9.97028413366603,-2.37440305685697,9.49883913969625));
#3647=CARTESIAN_POINT('Ctrl Pts',(-10.103152252041,-0.982581258689492,9.44395632974845));
#3648=CARTESIAN_POINT('Ctrl Pts',(-10.1342847668408,-0.656461544945756,
9.43109666172688));
#3649=CARTESIAN_POINT('Ctrl Pts',(-10.1488435949448,-0.328824175914113,
9.4182369937053));
#3650=CARTESIAN_POINT('Ctrl Pts',(-10.1472889994285,-0.00115682489941871,
9.40537732568373));
#3651=CARTESIAN_POINT('Origin',(0.,0.,-1.52091428037634));
#3652=CARTESIAN_POINT('',(-10.1458985195439,-4.08223408388016E-5,6.90537732561893));
#3653=CARTESIAN_POINT('',(-10.1475434352534,-0.00187229092184117,7.34462268010153));
#3654=CARTESIAN_POINT('',(-10.14625,-4.10169501978691E-14,-1.52091428037634));
#3655=CARTESIAN_POINT('',(-4.88592084877186,8.89236563137372,6.4802845925676));
#3656=CARTESIAN_POINT('Ctrl Pts',(-10.1458985195439,-4.08223408388016E-5,
6.90537732561893));
#3657=CARTESIAN_POINT('Ctrl Pts',(-10.1457009793791,0.814286000928228,6.87344536783074));
#3658=CARTESIAN_POINT('Ctrl Pts',(-10.0481306144888,1.62865413150482,6.84151341004254));
#3659=CARTESIAN_POINT('Ctrl Pts',(-9.8539938539972,2.41935218488417,6.80958145225435));
#3660=CARTESIAN_POINT('Ctrl Pts',(-9.52032277123386,3.77835845933678,6.75469864230656));
#3661=CARTESIAN_POINT('Ctrl Pts',(-8.90138726923712,5.06744153967168,6.69981583235876));
#3662=CARTESIAN_POINT('Ctrl Pts',(-8.0494301158421,6.17745779264451,6.64493302241096));
#3663=CARTESIAN_POINT('Ctrl Pts',(-7.19747296246406,7.28747404559522,6.59005021246426));
#3664=CARTESIAN_POINT('Ctrl Pts',(-6.11249415769702,8.21842347119099,6.53516740251757));
#3665=CARTESIAN_POINT('Ctrl Pts',(-4.88592084884483,8.89236563133363,6.48028459257087));
#3666=CARTESIAN_POINT('',(-4.85494043244074,8.9093177325737,6.443435184879));
#3667=CARTESIAN_POINT('Ctrl Pts',(-4.85494043244074,8.9093177325737,6.443435184879));
#3668=CARTESIAN_POINT('Ctrl Pts',(-4.86526685656786,8.90369057059316,6.45572959281764));
#3669=CARTESIAN_POINT('Ctrl Pts',(-4.87559369648045,8.89803989745551,6.46801276725037));
#3670=CARTESIAN_POINT('Ctrl Pts',(-4.88592084877186,8.89236563137372,6.4802845925676));
#3671=CARTESIAN_POINT('',(-4.85566621463364,8.90890349285141,6.91814505515677));
#3672=CARTESIAN_POINT('',(-4.85494043244074,8.9093177325737,-1.52091428037634));
#3673=CARTESIAN_POINT('Ctrl Pts',(-4.85566621463364,8.90890349285141,6.91814505515677));
#3674=CARTESIAN_POINT('Ctrl Pts',(-5.487213376896,8.56498069021797,6.94632191829593));
#3675=CARTESIAN_POINT('Ctrl Pts',(-6.08231359905356,8.15451575168148,6.9744987814351));
#3676=CARTESIAN_POINT('Ctrl Pts',(-6.62596076897601,7.68538212652882,7.00267564457426));
#3677=CARTESIAN_POINT('Ctrl Pts',(-8.0546752426686,6.45249057952218,7.07672494422557));
#3678=CARTESIAN_POINT('Ctrl Pts',(-9.12803034883309,4.81440504568718,7.15077424387688));
#3679=CARTESIAN_POINT('Ctrl Pts',(-9.68937301118103,3.01104157313239,7.22482354352819));
#3680=CARTESIAN_POINT('Ctrl Pts',(-9.9920919051599,2.0385300708527,7.26475658905264));
#3681=CARTESIAN_POINT('Ctrl Pts',(-10.1459077908648,1.01795258390033,7.30468963457709));
#3682=CARTESIAN_POINT('Ctrl Pts',(-10.1475434352534,-0.00187229092184117,
7.34462268010153));
#3683=CARTESIAN_POINT('Origin',(1.69718106232987,10.2012981909435,-1.52091428037634));
#3684=CARTESIAN_POINT('',(1.89436212465975,9.96783733831741,6.19978537678212));
#3685=CARTESIAN_POINT('',(1.8943621241824,9.96783733840812,6.64489634508487));
#3686=CARTESIAN_POINT('',(1.89436212465975,9.96783733831741,-1.52091428037634));
#3687=CARTESIAN_POINT('',(1.5,10.4347590435695,6.43431224945456));
#3688=CARTESIAN_POINT('Ctrl Pts',(1.49968498680202,10.4351535958359,6.43431224945456));
#3689=CARTESIAN_POINT('Ctrl Pts',(1.60725987477385,10.3077108026324,6.49358156989347));
#3690=CARTESIAN_POINT('Ctrl Pts',(1.71523865423855,10.1797713511931,6.55164555893606));
#3691=CARTESIAN_POINT('Ctrl Pts',(1.82347878205664,10.0515143481711,6.60826684171014));
#3692=CARTESIAN_POINT('Ctrl Pts',(1.84695096327716,10.0237014503261,6.6205453287833));
#3693=CARTESIAN_POINT('Ctrl Pts',(1.8704356249681,9.99587358497179,6.63275597237115));
#3694=CARTESIAN_POINT('Ctrl Pts',(1.89393163871494,9.96803251234,6.64489635185332));
#3695=CARTESIAN_POINT('',(1.5,10.4347590435695,5.99029338801287));
#3696=CARTESIAN_POINT('',(1.5,10.4347590435695,-1.52091428037634));
#3697=CARTESIAN_POINT('Ctrl Pts',(1.5,10.4347590435695,5.99029338801287));
#3698=CARTESIAN_POINT('Ctrl Pts',(1.56651413144414,10.3560068264187,6.02552379809175));
#3699=CARTESIAN_POINT('Ctrl Pts',(1.63302532559078,10.2772580870054,6.06080350508792));
#3700=CARTESIAN_POINT('Ctrl Pts',(1.76447456137633,10.1216232085798,6.13063277187419));
#3701=CARTESIAN_POINT('Ctrl Pts',(1.8294268624908,10.0447201864551,6.16518749316341));
#3702=CARTESIAN_POINT('Ctrl Pts',(1.89436212465984,9.96783733831362,6.19978537678005));
#3703=CARTESIAN_POINT('Ctrl Pts',(1.8995167460765,10.2250705891723,6.35380700675109));
#3704=CARTESIAN_POINT('Ctrl Pts',(1.89946728572662,9.69593258471613,6.04974066920792));
#3705=CARTESIAN_POINT('Ctrl Pts',(1.8994070535664,9.1658794800182,5.74536137032487));
#3706=CARTESIAN_POINT('Ctrl Pts',(1.89932544681084,8.6352727761057,5.44102091674627));
#3707=CARTESIAN_POINT('Ctrl Pts',(1.76634449738433,10.2949667406381,6.23263580050502));
#3708=CARTESIAN_POINT('Ctrl Pts',(1.76631152381774,9.76599121846419,5.92827633901085));
#3709=CARTESIAN_POINT('Ctrl Pts',(1.76627136904427,9.23612445090813,5.62355989964569));
#3710=CARTESIAN_POINT('Ctrl Pts',(1.76621696454056,8.70574291426797,5.31880928168247));
#3711=CARTESIAN_POINT('Ctrl Pts',(1.63317224869217,10.3648628921038,6.11146459425895));
#3712=CARTESIAN_POINT('Ctrl Pts',(1.63315576190887,9.83604985221224,5.80681200881379));
#3713=CARTESIAN_POINT('Ctrl Pts',(1.63313568452213,9.30636942179807,5.5017584289665));
#3714=CARTESIAN_POINT('Ctrl Pts',(1.63310848227028,8.77621305243025,5.19659764661866));
#3715=CARTESIAN_POINT('Ctrl Pts',(1.5,10.4347590435695,5.99029338801287));
#3716=CARTESIAN_POINT('Ctrl Pts',(1.5,9.9061084859603,5.68534767861672));
#3717=CARTESIAN_POINT('Ctrl Pts',(1.5,9.376614392688,5.37995695828732));
#3718=CARTESIAN_POINT('Ctrl Pts',(1.5,8.84668319059252,5.07438601155486));
#3719=CARTESIAN_POINT('',(1.5,9.26944621629327,5.31817612050464));
#3720=CARTESIAN_POINT('Ctrl Pts',(1.5,10.4347590433146,5.99029338786583));
#3721=CARTESIAN_POINT('Ctrl Pts',(1.5,10.0467223654282,5.76645910204776));
#3722=CARTESIAN_POINT('Ctrl Pts',(1.5,9.65823121071252,5.54238505498125));
#3723=CARTESIAN_POINT('Ctrl Pts',(1.5,9.2694463084166,5.31817596075343));
#3724=CARTESIAN_POINT('',(1.82912893014606,8.67243613447243,5.37657099641927));
#3725=CARTESIAN_POINT('Ctrl Pts',(1.5,9.26951576915815,5.31821601819907));
#3726=CARTESIAN_POINT('Ctrl Pts',(1.61048347286924,9.06996991124833,5.33794820819427));
#3727=CARTESIAN_POINT('Ctrl Pts',(1.72031017162376,8.87068854062434,5.35738219367472));
#3728=CARTESIAN_POINT('Ctrl Pts',(1.82912893014606,8.67243613447242,5.37657099641927));
#3729=CARTESIAN_POINT('',(1.89933955891951,8.72848691934551,5.49448953248275));
#3730=CARTESIAN_POINT('Ctrl Pts',(1.82912893014606,8.67243613447243,5.37657099641927));
#3731=CARTESIAN_POINT('Ctrl Pts',(1.83415259364155,8.6764707348065,5.38502556225163));
#3732=CARTESIAN_POINT('Ctrl Pts',(1.83917859589155,8.68050200729732,5.39348031161293));
#3733=CARTESIAN_POINT('Ctrl Pts',(1.86255339503005,8.69922639040722,5.43278404600264));
#3734=CARTESIAN_POINT('Ctrl Pts',(1.8809311517027,8.71387875668051,5.46363568395895));
#3735=CARTESIAN_POINT('Ctrl Pts',(1.89933955891952,8.72848691934551,5.49448953248276));
#3736=CARTESIAN_POINT('',(1.89949167902917,9.9668611118947,6.20544623041096));
#3737=CARTESIAN_POINT('Ctrl Pts',(1.89933956615827,8.72848695288275,5.4944894740176));
#3738=CARTESIAN_POINT('Ctrl Pts',(1.89940120189949,9.14168395901964,5.73151928821393));
#3739=CARTESIAN_POINT('Ctrl Pts',(1.8994502491957,9.55453233040699,5.96856016787885));
#3740=CARTESIAN_POINT('Ctrl Pts',(1.899491716868,9.96686129172742,6.20544591738129));
#3741=CARTESIAN_POINT('Ctrl Pts',(1.89949171379029,9.966830689007,6.20542833591374));
#3742=CARTESIAN_POINT('Ctrl Pts',(1.89778176682547,9.96715660716352,6.20354157857716));
#3743=CARTESIAN_POINT('Ctrl Pts',(1.89607191527865,9.96748205472674,6.20165464914154));
#3744=CARTESIAN_POINT('Ctrl Pts',(1.89436215939426,9.96780703191781,6.1997675479857));
#3745=CARTESIAN_POINT('Origin',(0.,0.,-1.52091428037634));
#3746=CARTESIAN_POINT('',(4.88592084877186,-8.89236563137372,5.2302845925676));
#3747=CARTESIAN_POINT('Ctrl Pts',(1.89949167902917,9.9668611118947,6.20544623041096));
#3748=CARTESIAN_POINT('Ctrl Pts',(4.22589803193595,9.52349288795962,6.11257369347362));
#3749=CARTESIAN_POINT('Ctrl Pts',(6.37673896955406,8.23151203175362,6.01970115653628));
#3750=CARTESIAN_POINT('Ctrl Pts',(7.87510420622772,6.39788254641058,5.92682861959894));
#3751=CARTESIAN_POINT('Ctrl Pts',(8.62428682456594,5.48106780373736,5.88039235113018));
#3752=CARTESIAN_POINT('Ctrl Pts',(9.21035051766743,4.4288409037794,5.83395608266143));
#3753=CARTESIAN_POINT('Ctrl Pts',(9.59412573848997,3.30845231938776,5.78751981419267));
#3754=CARTESIAN_POINT('Ctrl Pts',(10.3616761801351,1.06767515060448,5.69464727725516));
#3755=CARTESIAN_POINT('Ctrl Pts',(10.3200727326643,-1.44574875591343,5.60177474031765));
#3756=CARTESIAN_POINT('Ctrl Pts',(9.47003487739771,-3.6506481934975,5.50890220338013));
#3757=CARTESIAN_POINT('Ctrl Pts',(8.61999702213118,-5.85554763108154,5.41602966644262));
#3758=CARTESIAN_POINT('Ctrl Pts',(6.96152475906891,-7.75192259973175,5.32315712950511));
#3759=CARTESIAN_POINT('Ctrl Pts',(4.88592084877185,-8.89236563137372,5.2302845925676));
#3760=CARTESIAN_POINT('',(4.85494043244074,-8.9093177325737,5.193435184879));
#3761=CARTESIAN_POINT('Ctrl Pts',(4.85494043244074,-8.9093177325737,5.193435184879));
#3762=CARTESIAN_POINT('Ctrl Pts',(4.86526685656776,-8.90369057059322,5.20572959281751));
#3763=CARTESIAN_POINT('Ctrl Pts',(4.87559369648034,-8.89803989745557,5.21801276725024));
#3764=CARTESIAN_POINT('Ctrl Pts',(4.88592084877186,-8.89236563137372,5.2302845925676));
#3765=CARTESIAN_POINT('',(4.85494043244074,-8.9093177325737,5.71020378831122));
#3766=CARTESIAN_POINT('',(4.85494043244074,-8.9093177325737,-1.52091428037634));
#3767=CARTESIAN_POINT('',(4.89169263792469,-8.8891918754504,5.66978824393491));
#3768=CARTESIAN_POINT('Ctrl Pts',(4.89169263792469,-8.8891918754504,5.66978824393491));
#3769=CARTESIAN_POINT('Ctrl Pts',(4.87944151742812,-8.89593362619435,5.68324293318373));
#3770=CARTESIAN_POINT('Ctrl Pts',(4.86719072266899,-8.902642201279,5.69671485492968));
#3771=CARTESIAN_POINT('Ctrl Pts',(4.85494043244074,-8.9093177325737,5.71020378831122));
#3772=CARTESIAN_POINT('Ctrl Pts',(4.89169271873123,-8.88919183550585,5.66978825086146));
#3773=CARTESIAN_POINT('Ctrl Pts',(6.13244293451524,-8.20641113279284,5.72532522559635));
#3774=CARTESIAN_POINT('Ctrl Pts',(7.22799462013199,-7.260467047603,5.78086220033123));
#3775=CARTESIAN_POINT('Ctrl Pts',(8.08381041147972,-6.1324440147997,5.83639917506612));
#3776=CARTESIAN_POINT('Ctrl Pts',(8.9396262028829,-5.00442098192333,5.8919361498046));
#3777=CARTESIAN_POINT('Ctrl Pts',(9.55570609998599,-3.69431900140991,5.94747312454309));
#3778=CARTESIAN_POINT('Ctrl Pts',(9.87888992331017,-2.31563347155072,6.00301009928157));
#3779=CARTESIAN_POINT('Ctrl Pts',(10.2020737466344,-0.936947941691532,6.05854707402005));
#3780=CARTESIAN_POINT('Ctrl Pts',(10.2323614961796,0.510321137513433,6.11408404875854));
#3781=CARTESIAN_POINT('Ctrl Pts',(9.96699256984532,1.90124538563643,6.16962102349702));
#3782=CARTESIAN_POINT('Ctrl Pts',(9.70162364351099,3.29216963375941,6.2251579982355));
#3783=CARTESIAN_POINT('Ctrl Pts',(9.14059804129706,4.62674905080043,6.28069497297398));
#3784=CARTESIAN_POINT('Ctrl Pts',(8.33269872915689,5.78964457482712,6.33623194771246));
#3785=CARTESIAN_POINT('Ctrl Pts',(7.52479941701672,6.95254009885382,6.39176892245095));
#3786=CARTESIAN_POINT('Ctrl Pts',(6.47002639495032,7.94375172986619,6.44730589718943));
#3787=CARTESIAN_POINT('Ctrl Pts',(5.25886659538726,8.67761796695641,6.50284287192791));
#3788=CARTESIAN_POINT('Ctrl Pts',(4.22622443678175,9.30331675209603,6.55019403194582));
#3789=CARTESIAN_POINT('Ctrl Pts',(3.07989893442673,9.7419416340073,6.59754519196372));
#3790=CARTESIAN_POINT('Ctrl Pts',(1.89393163844832,9.96803251218065,6.64489635198163));
#3791=CARTESIAN_POINT('Ctrl Pts',(4.88592084877186,-8.89236563137406,5.23028459256777));
#3792=CARTESIAN_POINT('Ctrl Pts',(6.96152475906904,-7.75192259973205,5.32315712950528));
#3793=CARTESIAN_POINT('Ctrl Pts',(10.2784692851938,-3.95917266243147,5.5089022033803));
#3794=CARTESIAN_POINT('Ctrl Pts',(10.3824779038708,2.3243871038635,5.74108354572409));
#3795=CARTESIAN_POINT('Ctrl Pts',(7.45215943836311,7.58552160365359,5.97326488806787));
#3796=CARTESIAN_POINT('Ctrl Pts',(4.22589803192809,9.5234928879647,6.11257369347414));
#3797=CARTESIAN_POINT('Ctrl Pts',(1.89949167901627,9.96686111189747,6.20544623041165));
#3798=CARTESIAN_POINT('Ctrl Pts',(4.69137271528172,-8.53772259326525,4.99675150815279));
#3799=CARTESIAN_POINT('Ctrl Pts',(6.68419791647169,-7.44268983448832,5.0896240450903));
#3800=CARTESIAN_POINT('Ctrl Pts',(9.86880401694438,-3.80105634816044,5.27536911896532));
#3801=CARTESIAN_POINT('Ctrl Pts',(9.96849737200335,2.23199963414981,5.5075504613091));
#3802=CARTESIAN_POINT('Ctrl Pts',(7.15486057393525,7.28330983768867,5.73973180365289));
#3803=CARTESIAN_POINT('Ctrl Pts',(4.0571684543482,9.14393342556419,5.87904060905916));
#3804=CARTESIAN_POINT('Ctrl Pts',(1.82349700396977,9.56956340225379,5.97191314599667));
#3805=CARTESIAN_POINT('Ctrl Pts',(4.4968384763503,-8.18307146397563,4.76321912651911));
#3806=CARTESIAN_POINT('Ctrl Pts',(6.4068830869838,-7.13344574663651,4.85609166345663));
#3807=CARTESIAN_POINT('Ctrl Pts',(9.45914460940476,-3.64292359089044,5.04183673733165));
#3808=CARTESIAN_POINT('Ctrl Pts',(9.5545127468891,2.13962850839676,5.27401807967543));
#3809=CARTESIAN_POINT('Ctrl Pts',(6.85754940612714,6.98110958447213,5.50619942201922));
#3810=CARTESIAN_POINT('Ctrl Pts',(3.88842362085902,8.76438026846811,5.64550822742548));
#3811=CARTESIAN_POINT('Ctrl Pts',(1.74748646440501,9.1722683085286,5.738380764363));
#3812=CARTESIAN_POINT('Ctrl Pts',(4.30232466464177,-7.82840834013828,4.52968792872763));
#3813=CARTESIAN_POINT('Ctrl Pts',(6.1295858947542,-6.82418491214608,4.62256046566515));
#3814=CARTESIAN_POINT('Ctrl Pts',(9.04949374925931,-3.48476657788108,4.80830553954017));
#3815=CARTESIAN_POINT('Ctrl Pts',(9.1405220043136,2.04728144125686,5.04048688188395));
#3816=CARTESIAN_POINT('Ctrl Pts',(6.56022004988814,6.67892622622588,5.27266822422774));
#3817=CARTESIAN_POINT('Ctrl Pts',(3.71965627796048,8.38483632101194,5.411977029634));
#3818=CARTESIAN_POINT('Ctrl Pts',(1.67145253824884,8.77497698414719,5.50484956657152));
#3819=CARTESIAN_POINT('',(7.10939260871297,5.40837419160699,5.21350267852593));
#3820=CARTESIAN_POINT('Ctrl Pts',(7.10939260871293,5.40837419160695,5.21350267852587));
#3821=CARTESIAN_POINT('Ctrl Pts',(5.83735344690052,7.08048959904616,5.30708501641361));
#3822=CARTESIAN_POINT('Ctrl Pts',(3.95574561040314,8.28051840884952,5.40073728787253));
#3823=CARTESIAN_POINT('Ctrl Pts',(1.89933831157413,8.7284812098802,5.49448945331662));
#3824=CARTESIAN_POINT('',(4.88344855161814,-7.97860700047679,4.79177303153766));
#3825=CARTESIAN_POINT('Ctrl Pts',(7.10988718227051,5.40918053318872,5.2135026784827));
#3826=CARTESIAN_POINT('Ctrl Pts',(7.25286593559684,5.23266373794912,5.20709174636272));
#3827=CARTESIAN_POINT('Ctrl Pts',(7.38911028668564,5.05045629634434,5.20068419559082));
#3828=CARTESIAN_POINT('Ctrl Pts',(7.51832572609019,4.86300632960235,5.19427524709486));
#3829=CARTESIAN_POINT('Ctrl Pts',(7.62529981717088,4.70782139266498,5.18896944584311));
#3830=CARTESIAN_POINT('Ctrl Pts',(7.72745585261481,4.54904261289455,5.18366268662598));
#3831=CARTESIAN_POINT('Ctrl Pts',(7.82460290247052,4.38691144329229,5.1783522577785));
#3832=CARTESIAN_POINT('Ctrl Pts',(7.94213459911041,4.19075982088205,5.17192752626831));
#3833=CARTESIAN_POINT('Ctrl Pts',(8.05189693418058,3.99043413870763,5.16552135576015));
#3834=CARTESIAN_POINT('Ctrl Pts',(8.15367727682625,3.78644445213276,5.15912909702477));
#3835=CARTESIAN_POINT('Ctrl Pts',(8.25628789176423,3.58079072139887,5.15268469349231));
#3836=CARTESIAN_POINT('Ctrl Pts',(8.35078618054554,3.37141241283708,5.14625442962874));
#3837=CARTESIAN_POINT('Ctrl Pts',(8.43691511674448,3.15879692995153,5.13983354149778));
#3838=CARTESIAN_POINT('Ctrl Pts',(8.46635021290224,3.08613427487232,5.13763916330279));
#3839=CARTESIAN_POINT('Ctrl Pts',(8.49480742794148,3.01309326354827,5.13544588016794));
#3840=CARTESIAN_POINT('Ctrl Pts',(8.52227532818822,2.93969259763011,5.13325350193507));
#3841=CARTESIAN_POINT('Ctrl Pts',(8.60246463635695,2.72540797571766,5.12685311121868));
#3842=CARTESIAN_POINT('Ctrl Pts',(8.67422584341203,2.5080594840765,5.1204604327957));
#3843=CARTESIAN_POINT('Ctrl Pts',(8.73760054859064,2.28814736132948,5.11407073528569));
#3844=CARTESIAN_POINT('Ctrl Pts',(8.80312838483803,2.06076380936553,5.10746395027697));
#3845=CARTESIAN_POINT('Ctrl Pts',(8.85969053656029,1.83063883638207,5.10086035217274));
#3846=CARTESIAN_POINT('Ctrl Pts',(8.90727760999208,1.59830999670167,5.09425471078456));
#3847=CARTESIAN_POINT('Ctrl Pts',(8.92809695461849,1.49666612934149,5.09136474267723));
#3848=CARTESIAN_POINT('Ctrl Pts',(8.94719768227452,1.39460029218163,5.08847438347261));
#3849=CARTESIAN_POINT('Ctrl Pts',(8.96457557388363,1.2921571182323,5.08558319519361));
#3850=CARTESIAN_POINT('Ctrl Pts',(8.97502006536575,1.23058653868319,5.08384552804546));
#3851=CARTESIAN_POINT('Ctrl Pts',(8.98484218126655,1.16887965254631,5.0821075614131));
#3852=CARTESIAN_POINT('Ctrl Pts',(8.99404063884395,1.10704614992064,5.08036920020935));
#3853=CARTESIAN_POINT('Ctrl Pts',(8.99805901582223,1.08003397735294,5.07960979129951));
#3854=CARTESIAN_POINT('Ctrl Pts',(9.00195718702764,1.05300547113685,5.07885052728883));
#3855=CARTESIAN_POINT('Ctrl Pts',(9.00573445718489,1.02596744191842,5.07809156747639));
#3856=CARTESIAN_POINT('Ctrl Pts',(9.037757751804,0.79674190613805,5.07165718691426));
#3857=CARTESIAN_POINT('Ctrl Pts',(9.06111550735881,0.566698567752144,5.06524087182897));
#3858=CARTESIAN_POINT('Ctrl Pts',(9.07589672058905,0.336355835760681,5.05883794409061));
#3859=CARTESIAN_POINT('Ctrl Pts',(9.09082183475699,0.103770626469646,5.05237268132661));
#3860=CARTESIAN_POINT('Ctrl Pts',(9.09700270228651,-0.129120480280013,5.04592106784057));
#3861=CARTESIAN_POINT('Ctrl Pts',(9.09448017296694,-0.361800010400243,5.03947828753953));
#3862=CARTESIAN_POINT('Ctrl Pts',(9.09195203020664,-0.594997327465263,5.03302116997587));
#3863=CARTESIAN_POINT('Ctrl Pts',(9.08068176221185,-0.827982807046195,5.02657292495434));
#3864=CARTESIAN_POINT('Ctrl Pts',(9.06065869704187,-1.06024168624354,5.02012870416005));
#3865=CARTESIAN_POINT('Ctrl Pts',(9.04085910782871,-1.28990834118267,5.0137564068398));
#3866=CARTESIAN_POINT('Ctrl Pts',(9.01250095713307,-1.51886518052135,5.00738804441987));
#3867=CARTESIAN_POINT('Ctrl Pts',(8.97552353082206,-1.74661054717875,5.00101892911703));
#3868=CARTESIAN_POINT('Ctrl Pts',(8.95401419918612,-1.87908733392911,4.99731409005862));
#3869=CARTESIAN_POINT('Ctrl Pts',(8.92958750207185,-2.01115408174919,4.99360899625392));
#3870=CARTESIAN_POINT('Ctrl Pts',(8.90222359425219,-2.14271009965849,4.98990272505055));
#3871=CARTESIAN_POINT('Ctrl Pts',(8.88785566131765,-2.21178605382827,4.98795667785443));
#3872=CARTESIAN_POINT('Ctrl Pts',(8.87267785049191,-2.28072117086683,4.9860103060528));
#3873=CARTESIAN_POINT('Ctrl Pts',(8.85668664137758,-2.34950063739375,4.98406347608254));
#3874=CARTESIAN_POINT('Ctrl Pts',(8.85046842342506,-2.3762456890321,4.98330644683071));
#3875=CARTESIAN_POINT('Ctrl Pts',(8.84412682147366,-2.40296880478277,4.9825493028789));
#3876=CARTESIAN_POINT('Ctrl Pts',(8.83766282639176,-2.42966409158886,4.98179217859781));
#3877=CARTESIAN_POINT('Ctrl Pts',(8.78228428475746,-2.65836879094254,4.9753057196833));
#3878=CARTESIAN_POINT('Ctrl Pts',(8.71807540156326,-2.88442134422753,4.96883799272965));
#3879=CARTESIAN_POINT('Ctrl Pts',(8.64506951789615,-3.10730921621506,4.96238421372401));
#3880=CARTESIAN_POINT('Ctrl Pts',(8.62330183402037,-3.17376622616364,4.96045993291071));
#3881=CARTESIAN_POINT('Ctrl Pts',(8.60075173258219,-3.23994189986048,4.95853689208986));
#3882=CARTESIAN_POINT('Ctrl Pts',(8.57741920002015,-3.30582263014604,4.95661496445094));
#3883=CARTESIAN_POINT('Ctrl Pts',(8.50097841850868,-3.52165751631547,4.95031844904539));
#3884=CARTESIAN_POINT('Ctrl Pts',(8.41614363019129,-3.73432760833187,4.94403388156845));
#3885=CARTESIAN_POINT('Ctrl Pts',(8.32331365348062,-3.94349668723914,4.93775680294353));
#3886=CARTESIAN_POINT('Ctrl Pts',(8.22863067563241,-4.15684103963983,4.93135442606642));
#3887=CARTESIAN_POINT('Ctrl Pts',(8.1256299006674,-4.36654377922689,4.92495983999877));
#3888=CARTESIAN_POINT('Ctrl Pts',(8.01468291182524,-4.57223181398406,4.91856831327391));
#3889=CARTESIAN_POINT('Ctrl Pts',(7.90335811938836,-4.77862027044471,4.91215502172427));
#3890=CARTESIAN_POINT('Ctrl Pts',(7.78403251722878,-4.98096718847469,4.90574481038863));
#3891=CARTESIAN_POINT('Ctrl Pts',(7.65703497798978,-5.17887094798285,4.8993328993015));
#3892=CARTESIAN_POINT('Ctrl Pts',(7.56771918420391,-5.31805420680501,4.89482348178158));
#3893=CARTESIAN_POINT('Ctrl Pts',(7.47460776842466,-5.45503931794419,4.89031322354176));
#3894=CARTESIAN_POINT('Ctrl Pts',(7.3778029917127,-5.58967702178315,4.88580046184524));
#3895=CARTESIAN_POINT('Ctrl Pts',(7.36177536715391,-5.61196851030142,4.8850532998492));
#3896=CARTESIAN_POINT('Ctrl Pts',(7.34564531553776,-5.63419721789302,4.88430601570851));
#3897=CARTESIAN_POINT('Ctrl Pts',(7.32941696342567,-5.65635741382164,4.88355877151339));
#3898=CARTESIAN_POINT('Ctrl Pts',(7.19060832395482,-5.84590387091187,4.87716724455121));
#3899=CARTESIAN_POINT('Ctrl Pts',(7.04494290082841,-6.02998963022465,4.87079382742915));
#3900=CARTESIAN_POINT('Ctrl Pts',(6.89283306612926,-6.20827044500203,4.86443394353149));
#3901=CARTESIAN_POINT('Ctrl Pts',(6.73879577625812,-6.38881033973429,4.85799347055729));
#3902=CARTESIAN_POINT('Ctrl Pts',(6.57814938197819,-6.56339781888664,4.85156687595214));
#3903=CARTESIAN_POINT('Ctrl Pts',(6.41127391763399,-6.73165267927331,4.84514940691076));
#3904=CARTESIAN_POINT('Ctrl Pts',(6.24457553969262,-6.89972898945728,4.83873874801676));
#3905=CARTESIAN_POINT('Ctrl Pts',(6.0716608636752,-7.0614866498255,4.83233719532891));
#3906=CARTESIAN_POINT('Ctrl Pts',(5.89286694020271,-7.21651586213156,4.8259400111583));
#3907=CARTESIAN_POINT('Ctrl Pts',(5.71651881428514,-7.36942436439874,4.81963033677046));
#3908=CARTESIAN_POINT('Ctrl Pts',(5.53445070582782,-7.5157876816506,4.81332491219975));
#3909=CARTESIAN_POINT('Ctrl Pts',(5.34695235191643,-7.65517549675376,4.80701919153777));
#3910=CARTESIAN_POINT('Ctrl Pts',(5.19586855933147,-7.7674924281113,4.80193812190318));
#3911=CARTESIAN_POINT('Ctrl Pts',(5.0412582285979,-7.87527962656388,4.79685686001858));
#3912=CARTESIAN_POINT('Ctrl Pts',(4.88325981156883,-7.9782910523682,4.79177302750084));
#3913=CARTESIAN_POINT('Ctrl Pts',(4.88592116277857,-8.89236964227313,5.23027637067762));
#3914=CARTESIAN_POINT('Ctrl Pts',(4.88518465010244,-8.58872552496226,5.08212263169213));
#3915=CARTESIAN_POINT('Ctrl Pts',(4.8843685601811,-8.28447827732743,4.93591732299303));
#3916=CARTESIAN_POINT('Ctrl Pts',(4.88344855161813,-7.97860700047679,4.79177303153766));
#3917=CARTESIAN_POINT('Ctrl Pts',(7.0229684215384,5.35267976438222,5.03623991592707));
#3918=CARTESIAN_POINT('Ctrl Pts',(5.75372750451059,7.01798373771633,5.13058796905723));
#3919=CARTESIAN_POINT('Ctrl Pts',(3.87244129856032,8.20839538519376,5.22500710487024));
#3920=CARTESIAN_POINT('Ctrl Pts',(1.81978324292102,8.64069760255134,5.31952802524591));
#3921=CARTESIAN_POINT('Ctrl Pts',(7.05177648392991,5.37124457345713,5.09532750346001));
#3922=CARTESIAN_POINT('Ctrl Pts',(5.77813343258211,7.04337958715553,5.18967555659017));
#3923=CARTESIAN_POINT('Ctrl Pts',(3.88993192641318,8.23897182482568,5.28409469240317));
#3924=CARTESIAN_POINT('Ctrl Pts',(1.82946391173271,8.673573752662,5.37861561277884));
#3925=CARTESIAN_POINT('Ctrl Pts',(7.08058454632142,5.38980938253204,5.15441509099294));
#3926=CARTESIAN_POINT('Ctrl Pts',(5.80253936065363,7.06877543659472,5.2487631441231));
#3927=CARTESIAN_POINT('Ctrl Pts',(3.90742255426604,8.2695482644576,5.34318227993611));
#3928=CARTESIAN_POINT('Ctrl Pts',(1.8391445805444,8.70644990277268,5.43770320031177));
#3929=CARTESIAN_POINT('Ctrl Pts',(7.10939260871293,5.40837419160695,5.21350267852587));
#3930=CARTESIAN_POINT('Ctrl Pts',(5.82694528872516,7.09417128603392,5.30785073165603));
#3931=CARTESIAN_POINT('Ctrl Pts',(3.92491318211891,8.30012470408952,5.40226986746904));
#3932=CARTESIAN_POINT('Ctrl Pts',(1.84882524935609,8.73932605288334,5.49679078784471));
#3933=CARTESIAN_POINT('',(1.89626687303075,8.6242355056557,5.31600276748344));
#3934=CARTESIAN_POINT('Ctrl Pts',(1.89624668965265,8.6242261782863,5.31600338236367));
#3935=CARTESIAN_POINT('Ctrl Pts',(1.87387584455857,8.64036998397759,5.33612809130424));
#3936=CARTESIAN_POINT('Ctrl Pts',(1.85150283940202,8.65643996771505,5.35631790908652));
#3937=CARTESIAN_POINT('Ctrl Pts',(1.82912893014605,8.67243613447243,5.37657099641928));
#3938=CARTESIAN_POINT('Ctrl Pts',(1.896246689646,8.62422617824058,5.31600338228367));
#3939=CARTESIAN_POINT('Ctrl Pts',(2.05346578369575,8.59231183541147,5.3133615230689));
#3940=CARTESIAN_POINT('Ctrl Pts',(2.20954113746587,8.55601107837219,5.31072844361332));
#3941=CARTESIAN_POINT('Ctrl Pts',(2.36450295511403,8.51540627432181,5.30809533603661));
#3942=CARTESIAN_POINT('Ctrl Pts',(2.52082628891085,8.47444471079825,5.30543909360939));
#3943=CARTESIAN_POINT('Ctrl Pts',(2.676016847838,8.42910297421645,5.30278282258213));
#3944=CARTESIAN_POINT('Ctrl Pts',(2.8300917208206,8.37941468569842,5.30011748776372));
#3945=CARTESIAN_POINT('Ctrl Pts',(2.85962912751556,8.36988903652849,5.29960652139402));
#3946=CARTESIAN_POINT('Ctrl Pts',(2.88912547897971,8.36020349791857,5.29909522193153));
#3947=CARTESIAN_POINT('Ctrl Pts',(2.91858081777405,8.35035810298258,5.29858352574517));
#3948=CARTESIAN_POINT('Ctrl Pts',(3.46440502742935,8.16791732553296,5.28910150387969));
#3949=CARTESIAN_POINT('Ctrl Pts',(3.99244241398616,7.93185065917687,5.27959147949856));
#3950=CARTESIAN_POINT('Ctrl Pts',(4.49361615373585,7.64785372296039,5.27012773616442));
#3951=CARTESIAN_POINT('Ctrl Pts',(4.64742898889682,7.56069358173212,5.26722326396645));
#3952=CARTESIAN_POINT('Ctrl Pts',(4.79834906799941,7.46923201720085,5.26433469053729));
#3953=CARTESIAN_POINT('Ctrl Pts',(4.94633028547607,7.37356113487887,5.26145424176392));
#3954=CARTESIAN_POINT('Ctrl Pts',(5.09454145867524,7.27774158458915,5.25856931691116));
#3955=CARTESIAN_POINT('Ctrl Pts',(5.2398050729806,7.17769934900379,5.2556925420162));
#3956=CARTESIAN_POINT('Ctrl Pts',(5.38205016167817,7.07348088231747,5.25281611304682));
#3957=CARTESIAN_POINT('Ctrl Pts',(5.52361559870645,6.96976037486126,5.2499534277488));
#3958=CARTESIAN_POINT('Ctrl Pts',(5.66219170357329,6.86190315162458,5.24709108511335));
#3959=CARTESIAN_POINT('Ctrl Pts',(5.79767774195626,6.74991374854183,5.24422139824474));
#3960=CARTESIAN_POINT('Ctrl Pts',(5.83442943646236,6.71953570827185,5.2434429722432));
#3961=CARTESIAN_POINT('Ctrl Pts',(5.87095356527988,6.68885339673832,5.24266400587718));
#3962=CARTESIAN_POINT('Ctrl Pts',(5.90724766206197,6.65786642072024,5.24188434578965));
#3963=CARTESIAN_POINT('Ctrl Pts',(6.34740519277563,6.28207112457907,5.23242899934637));
#3964=CARTESIAN_POINT('Ctrl Pts',(6.75118084104531,5.86365594583492,5.2229436711876));
#3965=CARTESIAN_POINT('Ctrl Pts',(7.10939260870979,5.40837419161108,5.2135026785261));
#3966=CARTESIAN_POINT('Ctrl Pts',(1.89626193413842,8.61838312245084,5.32171958502856));
#3967=CARTESIAN_POINT('Ctrl Pts',(1.89627283283793,8.63127112802437,5.30913031043387));
#3968=CARTESIAN_POINT('Ctrl Pts',(1.89628358308767,8.64415849997865,5.29654039286094));
#3969=CARTESIAN_POINT('Ctrl Pts',(1.89653934423848,8.95494920007947,4.99289302094115));
#3970=CARTESIAN_POINT('Ctrl Pts',(1.89676026513885,9.2670010026978,4.68734031342151));
#3971=CARTESIAN_POINT('Ctrl Pts',(1.89703680615717,9.71805548116909,4.24479606481339));
#3972=CARTESIAN_POINT('Ctrl Pts',(1.89710307905666,9.84052554486382,4.12455247334883));
#3973=CARTESIAN_POINT('Ctrl Pts',(1.89716197863528,9.96295765193906,4.00427046758124));
#3974=CARTESIAN_POINT('Ctrl Pts',(1.76417462275895,8.72473494051394,5.42964229112386));
#3975=CARTESIAN_POINT('Ctrl Pts',(1.76418188855916,8.73760442519002,5.41703422206558));
#3976=CARTESIAN_POINT('Ctrl Pts',(1.76418905539232,8.75047348745248,5.40442572435436));
#3977=CARTESIAN_POINT('Ctrl Pts',(1.76435957010145,9.06088081550694,5.10028297412369));
#3978=CARTESIAN_POINT('Ctrl Pts',(1.76450685037882,9.37258171057544,4.79427991155966));
#3979=CARTESIAN_POINT('Ctrl Pts',(1.76469120628546,9.82315641723394,4.35116431525751));
#3980=CARTESIAN_POINT('Ctrl Pts',(1.7647353881331,9.94549860429573,4.23079130521471));
#3981=CARTESIAN_POINT('Ctrl Pts',(1.76477465242352,10.0678154835131,4.11039268216376));
#3982=CARTESIAN_POINT('Ctrl Pts',(1.63208731137947,8.83108675857704,5.53756499721917));
#3983=CARTESIAN_POINT('Ctrl Pts',(1.63209094427877,8.84393772235335,5.52493813369496));
#3984=CARTESIAN_POINT('Ctrl Pts',(1.63209452769535,8.85678847492401,5.51231105584544));
#3985=CARTESIAN_POINT('Ctrl Pts',(1.63217977413704,9.16681242824177,5.20767288110866));
#3986=CARTESIAN_POINT('Ctrl Pts',(1.63225341476003,9.4781624153661,4.90121946536846));
#3987=CARTESIAN_POINT('Ctrl Pts',(1.6323455998717,9.9282573424289,4.45753255470068));
#3988=CARTESIAN_POINT('Ctrl Pts',(1.63236769092356,10.0504716531456,4.33703012637092));
#3989=CARTESIAN_POINT('Ctrl Pts',(1.63238732621176,10.1726733150872,4.21651489674628));
#3990=CARTESIAN_POINT('Ctrl Pts',(1.5,8.93743857664014,5.64548770331448));
#3991=CARTESIAN_POINT('Ctrl Pts',(1.5,8.95027101951899,5.63284204532667));
#3992=CARTESIAN_POINT('Ctrl Pts',(1.5,8.96310346239785,5.62019638733886));
#3993=CARTESIAN_POINT('Ctrl Pts',(1.5,9.27274404366924,5.31506283429121));
#3994=CARTESIAN_POINT('Ctrl Pts',(1.5,9.58374312324373,5.00815906350661));
#3995=CARTESIAN_POINT('Ctrl Pts',(1.5,10.0333582784937,4.56390080514481));
#3996=CARTESIAN_POINT('Ctrl Pts',(1.5,10.1554447125775,4.4432689582368));
#3997=CARTESIAN_POINT('Ctrl Pts',(1.5,10.2775311466612,4.32263711132879));
#3998=CARTESIAN_POINT('',(1.5,10.1992354109134,4.4));
#3999=CARTESIAN_POINT('Ctrl Pts',(1.5,9.26944629412421,5.31817619939414));
#4000=CARTESIAN_POINT('Ctrl Pts',(1.5,9.47632421323171,5.11412021400244));
#4001=CARTESIAN_POINT('Ctrl Pts',(1.5,9.69002209301377,4.90314634438625));
#4002=CARTESIAN_POINT('Ctrl Pts',(1.5,10.0072560220431,4.58969206875025));
#4003=CARTESIAN_POINT('Ctrl Pts',(1.5,10.1032468708104,4.49484489379619));
#4004=CARTESIAN_POINT('Ctrl Pts',(1.5,10.1992354109134,4.40000000000001));
#4005=CARTESIAN_POINT('',(1.88994184086377,9.96867638659479,4.01005815913623));
#4006=CARTESIAN_POINT('Ctrl Pts',(1.5,10.1992354109134,4.4));
#4007=CARTESIAN_POINT('Ctrl Pts',(1.56616869856456,10.1600252582575,4.33383130143545));
#4008=CARTESIAN_POINT('Ctrl Pts',(1.63234799919887,10.1208539685,4.26765200080113));
#4009=CARTESIAN_POINT('Ctrl Pts',(1.76233010658908,10.0440040421209,4.13766989341092));
#4010=CARTESIAN_POINT('Ctrl Pts',(1.8261307268384,10.0063235799309,4.0738692731616));
#4011=CARTESIAN_POINT('Ctrl Pts',(1.88994184086377,9.96867638659479,4.01005815913623));
#4012=CARTESIAN_POINT('',(1.7906080387506,9.98699714198726,4.14903389548646));
#4013=CARTESIAN_POINT('Ctrl Pts',(1.88994184086377,9.96867638659479,4.01005815913623));
#4014=CARTESIAN_POINT('Ctrl Pts',(1.85674883412387,9.97496938376201,4.05629938345457));
#4015=CARTESIAN_POINT('Ctrl Pts',(1.82363656422112,9.98107532761455,4.10262647233866));
#4016=CARTESIAN_POINT('Ctrl Pts',(1.7906080387506,9.98699714198726,4.14903389548646));
#4017=CARTESIAN_POINT('',(1.89697937013868,9.6246439782106,4.33644355320794));
#4018=CARTESIAN_POINT('Ctrl Pts',(1.79060803875047,9.98699714198768,4.14903389548624));
#4019=CARTESIAN_POINT('Ctrl Pts',(1.82592546802285,9.86636425083063,4.21179302557765));
#4020=CARTESIAN_POINT('Ctrl Pts',(1.86139953756721,9.74551681518598,4.27430631171577));
#4021=CARTESIAN_POINT('Ctrl Pts',(1.89697438681182,9.6246294612621,4.33644355320794));
#4022=CARTESIAN_POINT('Ctrl Pts',(1.89697937078103,9.62464397975828,4.33644355478524));
#4023=CARTESIAN_POINT('Ctrl Pts',(1.8969735369159,9.61494971010591,4.34595596947711));
#4024=CARTESIAN_POINT('Ctrl Pts',(1.89696764847388,9.60525527903069,4.35546801926858));
#4025=CARTESIAN_POINT('Ctrl Pts',(1.89676026513885,9.2670010026978,4.68734031342151));
#4026=CARTESIAN_POINT('Ctrl Pts',(1.89653934423848,8.95494920007947,4.99289302094115));
#4027=CARTESIAN_POINT('Ctrl Pts',(1.89628518791313,8.6461086195582,5.2946350955497));
#4028=CARTESIAN_POINT('Ctrl Pts',(1.89627608390304,8.63517247129856,5.30531898580565));
#4029=CARTESIAN_POINT('Ctrl Pts',(1.89626687303135,8.62423550565718,5.31600276748495));
#4030=CARTESIAN_POINT('Origin',(5.51846392442366E-23,-4.44099473260746E-9,
4.943375));
#4031=CARTESIAN_POINT('',(5.32036248131474,8.63945207347772,4.));
#4032=CARTESIAN_POINT('Ctrl Pts',(5.32036247778187,8.63945206528582,4.0000000050464));
#4033=CARTESIAN_POINT('Ctrl Pts',(5.09951089051389,8.74872141473006,4.02276538052604));
#4034=CARTESIAN_POINT('Ctrl Pts',(4.87501433182465,8.8496266077696,4.04556639480379));
#4035=CARTESIAN_POINT('Ctrl Pts',(4.64735708175025,8.94207301698006,4.06842062618049));
#4036=CARTESIAN_POINT('Ctrl Pts',(4.41864355756036,9.03494835498187,4.09138089561671));
#4037=CARTESIAN_POINT('Ctrl Pts',(4.1867392871687,9.11928636840199,4.11439487712632));
#4038=CARTESIAN_POINT('Ctrl Pts',(3.95212150675466,9.19494066247124,4.13748039480723));
#4039=CARTESIAN_POINT('Ctrl Pts',(3.71860858556016,9.27023868625206,4.16045719844694));
#4040=CARTESIAN_POINT('Ctrl Pts',(3.48240700298535,9.33693464172911,4.18350486608989));
#4041=CARTESIAN_POINT('Ctrl Pts',(3.24398342828906,9.39483302092876,4.20664097118882));
#4042=CARTESIAN_POINT('Ctrl Pts',(3.00936762898128,9.45180672636814,4.22940757804625));
#4043=CARTESIAN_POINT('Ctrl Pts',(2.77259966319711,9.50026157668669,4.25225982011236));
#4044=CARTESIAN_POINT('Ctrl Pts',(2.53412952942494,9.53996164329009,4.27521444221937));
#4045=CARTESIAN_POINT('Ctrl Pts',(2.34932717068805,9.57072719801288,4.29300311974552));
#4046=CARTESIAN_POINT('Ctrl Pts',(2.16350260657613,9.59623412209027,4.31085328130166));
#4047=CARTESIAN_POINT('Ctrl Pts',(1.97687080669248,9.61635174330538,4.32877271981995));
#4048=CARTESIAN_POINT('Ctrl Pts',(1.9502455396586,9.6192217635124,4.33132914287296));
#4049=CARTESIAN_POINT('Ctrl Pts',(1.92361318145151,9.62198106200601,4.33388608035068));
#4050=CARTESIAN_POINT('Ctrl Pts',(1.89697438681184,9.62462946126209,4.33644355320794));
#4051=CARTESIAN_POINT('',(4.9,-8.88461530632662,4.));
#4052=CARTESIAN_POINT('Origin',(5.51846392442366E-23,-4.44099473260746E-9,
4.));
#4053=CARTESIAN_POINT('',(4.87771524493465,-8.8714466888182,4.02228475495839));
#4054=CARTESIAN_POINT('Ctrl Pts',(4.87771524493465,-8.8714466888182,4.02228475495839));
#4055=CARTESIAN_POINT('Ctrl Pts',(4.88884935887559,-8.87803099749544,4.01115064112413));
#4056=CARTESIAN_POINT('Ctrl Pts',(4.9,-8.88461530632662,4.));
#4057=CARTESIAN_POINT('',(4.8744151546102,-8.12201464603475,4.67381393857648));
#4058=CARTESIAN_POINT('Ctrl Pts',(4.8744151546102,-8.12201464603475,4.67381393857648));
#4059=CARTESIAN_POINT('Ctrl Pts',(4.87555636028291,-8.35802138528553,4.4708658384817));
#4060=CARTESIAN_POINT('Ctrl Pts',(4.87665655460282,-8.60693985157039,4.25457773883163));
#4061=CARTESIAN_POINT('Ctrl Pts',(4.87771524480235,-8.87144657003313,4.02228487373726));
#4062=CARTESIAN_POINT('',(4.873731763297,-7.99332522580276,4.78427855190062));
#4063=CARTESIAN_POINT('Ctrl Pts',(4.873731763297,-7.99332522580276,4.78427855190062));
#4064=CARTESIAN_POINT('Ctrl Pts',(4.87398056314307,-8.03625513297838,4.7474951355658));
#4065=CARTESIAN_POINT('Ctrl Pts',(4.87420788968153,-8.07915127692722,4.71067322213614));
#4066=CARTESIAN_POINT('Ctrl Pts',(4.8744151546102,-8.12201464603475,4.67381393857648));
#4067=CARTESIAN_POINT('Ctrl Pts',(4.88344855161813,-7.97860700047679,4.79177303153766));
#4068=CARTESIAN_POINT('Ctrl Pts',(4.88021128465075,-7.98351513053412,4.78927679212112));
#4069=CARTESIAN_POINT('Ctrl Pts',(4.87697235311502,-7.98842126648887,4.78677865562604));
#4070=CARTESIAN_POINT('Ctrl Pts',(4.8737317635926,-7.99332520843456,4.78427853131739));
#4071=CARTESIAN_POINT('Ctrl Pts',(5.14413876235682,8.35285213754292,4.19424110585836));
#4072=CARTESIAN_POINT('Ctrl Pts',(4.10124888517894,8.99512021001934,4.24391907103727));
#4073=CARTESIAN_POINT('Ctrl Pts',(2.93702725885851,9.43961338676548,4.29359703621617));
#4074=CARTESIAN_POINT('Ctrl Pts',(1.73145947658549,9.65579362450232,4.34327500139507));
#4075=CARTESIAN_POINT('Ctrl Pts',(5.20287887370556,8.44838618527102,4.12949413168318));
#4076=CARTESIAN_POINT('Ctrl Pts',(4.14806115565749,9.09798821587162,4.17917209686209));
#4077=CARTESIAN_POINT('Ctrl Pts',(2.97052622652544,9.54755334434471,4.22885006204099));
#4078=CARTESIAN_POINT('Ctrl Pts',(1.75117434429173,9.76619506900329,4.2785280272199));
#4079=CARTESIAN_POINT('Ctrl Pts',(5.26162015104279,8.54391947223161,4.06474709368349));
#4080=CARTESIAN_POINT('Ctrl Pts',(4.19487468708598,9.20085560650019,4.1144250588624));
#4081=CARTESIAN_POINT('Ctrl Pts',(3.00402652255089,9.65549285030166,4.1641030240413));
#4082=CARTESIAN_POINT('Ctrl Pts',(1.77089057548454,9.87659623207804,4.21378098922021));
#4083=CARTESIAN_POINT('Ctrl Pts',(5.32036248240605,8.63945207280612,3.99999999994953));
#4084=CARTESIAN_POINT('Ctrl Pts',(4.24168935821697,9.30372244231016,4.04967796512843));
#4085=CARTESIAN_POINT('Ctrl Pts',(3.03752801904921,9.76343194930183,4.09935593030734));
#4086=CARTESIAN_POINT('Ctrl Pts',(1.79060803875047,9.98699714198768,4.14903389548624));
#4087=CARTESIAN_POINT('Ctrl Pts',(5.32036248131436,8.63945207347697,4.00000000000048));
#4088=CARTESIAN_POINT('Ctrl Pts',(4.24168935740453,9.30372244261899,4.04967796516264));
#4089=CARTESIAN_POINT('Ctrl Pts',(3.03752801862856,9.76343194937598,4.09935593032479));
#4090=CARTESIAN_POINT('Ctrl Pts',(1.79060803875045,9.98699714198644,4.14903389548694));
#4091=CARTESIAN_POINT('Ctrl Pts',(-4.88118489137547,7.28638062274405,5.72077100882292));
#4092=CARTESIAN_POINT('Ctrl Pts',(-4.88354731356469,7.95226879068545,6.02422095628681));
#4093=CARTESIAN_POINT('Ctrl Pts',(-4.88533326143144,8.61159617527139,6.34060255187007));
#4094=CARTESIAN_POINT('Ctrl Pts',(-4.88679428160491,9.26816155069427,6.66473590347198));
#4095=CARTESIAN_POINT('Ctrl Pts',(-4.75412326091698,7.36003018533929,5.56340792478872));
#4096=CARTESIAN_POINT('Ctrl Pts',(-4.75569820904313,8.02685029953129,5.87002774959633));
#4097=CARTESIAN_POINT('Ctrl Pts',(-4.75688884095429,8.68657264964954,6.18896284657625));
#4098=CARTESIAN_POINT('Ctrl Pts',(-4.75786285440327,9.34335953322289,6.51527637530785));
#4099=CARTESIAN_POINT('Ctrl Pts',(-4.62706163045849,7.43367974793453,5.40604484075452));
#4100=CARTESIAN_POINT('Ctrl Pts',(-4.62784910452157,8.10143180837713,5.71583454290585));
#4101=CARTESIAN_POINT('Ctrl Pts',(-4.62844442047715,8.76154912402769,6.03732314128243));
#4102=CARTESIAN_POINT('Ctrl Pts',(-4.62893142720164,9.41855751575151,6.36581684714373));
#4103=CARTESIAN_POINT('Ctrl Pts',(-4.5,7.50732931052976,5.24868175672032));
#4104=CARTESIAN_POINT('Ctrl Pts',(-4.5,8.17601331722297,5.56164133621537));
#4105=CARTESIAN_POINT('Ctrl Pts',(-4.5,8.83652559840584,5.8856834359886));
#4106=CARTESIAN_POINT('Ctrl Pts',(-4.5,9.49375549828012,6.21635731897961));
#4107=CARTESIAN_POINT('',(-4.88185866002414,7.48073730890274,5.80979793004028));
#4108=CARTESIAN_POINT('Ctrl Pts',(-4.88592163622132,8.89237712759246,6.48026103118778));
#4109=CARTESIAN_POINT('Ctrl Pts',(-4.88478668827867,8.42405616358437,6.25171698130213));
#4110=CARTESIAN_POINT('Ctrl Pts',(-4.88346271400562,7.95396794429658,6.0276031512279));
#4111=CARTESIAN_POINT('Ctrl Pts',(-4.88185892003874,7.48074133831328,5.80978917375452));
#4112=CARTESIAN_POINT('',(-4.70715497260597,7.38725472106322,5.50523871453795));
#4113=CARTESIAN_POINT('Ctrl Pts',(-4.88185882033396,7.48071191883005,5.80977563273664));
#4114=CARTESIAN_POINT('Ctrl Pts',(-4.85256314740014,7.46536915302579,5.75903933097066));
#4115=CARTESIAN_POINT('Ctrl Pts',(-4.82335257111776,7.44990641493167,5.70828660350774));
#4116=CARTESIAN_POINT('Ctrl Pts',(-4.7942272068591,7.43432234924623,5.65751530212867));
#4117=CARTESIAN_POINT('Ctrl Pts',(-4.76511726727508,7.4187465368187,5.60677088902464));
#4118=CARTESIAN_POINT('Ctrl Pts',(-4.73609321623824,7.40305880348685,5.55601331090354));
#4119=CARTESIAN_POINT('Ctrl Pts',(-4.70715497255278,7.3872547210342,5.50523871444466));
#4120=CARTESIAN_POINT('',(-4.68533169629231,7.40111526364227,5.4787674680399));
#4121=CARTESIAN_POINT('Ctrl Pts',(-4.70715497260595,7.38725472106322,5.50523871453795));
#4122=CARTESIAN_POINT('Ctrl Pts',(-4.69988111810353,7.39188961640581,5.49642215676284));
#4123=CARTESIAN_POINT('Ctrl Pts',(-4.69260667376682,7.39650978346708,5.48759838866323));
#4124=CARTESIAN_POINT('Ctrl Pts',(-4.68533169629563,7.40111526236694,5.47876746692837));
#4125=CARTESIAN_POINT('',(-4.5,7.95164675315581,5.45880623548176));
#4126=CARTESIAN_POINT('Ctrl Pts',(-4.68533169629231,7.40111526364227,5.4787674680399));
#4127=CARTESIAN_POINT('Ctrl Pts',(-4.62462538019608,7.58490055695508,5.4718661966909));
#4128=CARTESIAN_POINT('Ctrl Pts',(-4.56275926480713,7.76854073999517,5.46521567182683));
#4129=CARTESIAN_POINT('Ctrl Pts',(-4.5,7.95164675315581,5.45880623548176));
#4130=CARTESIAN_POINT('',(-4.5,9.49375549828012,6.21635731897961));
#4131=CARTESIAN_POINT('Ctrl Pts',(-4.5,7.95166313176259,5.45877193989431));
#4132=CARTESIAN_POINT('Ctrl Pts',(-4.5,8.46921485597909,5.7058901608007));
#4133=CARTESIAN_POINT('Ctrl Pts',(-4.5,8.98247837744634,5.95911705821624));
#4134=CARTESIAN_POINT('Ctrl Pts',(-4.5,9.49375549701737,6.21635731834428));
#4135=CARTESIAN_POINT('Ctrl Pts',(-4.5,9.49375549828012,6.21635731897961));
#4136=CARTESIAN_POINT('Ctrl Pts',(-4.61858120070758,9.29850208203854,6.29037762169239));
#4137=CARTESIAN_POINT('Ctrl Pts',(-4.7369389912835,9.10366136189773,6.36605561357537));
#4138=CARTESIAN_POINT('Ctrl Pts',(-4.85494127856466,8.90938300082013,6.44343768425609));
#4139=CARTESIAN_POINT('Origin',(-4.67747021622037,9.20153661542691,-1.52091428037634));
#4140=CARTESIAN_POINT('',(-4.5,9.49375549828012,6.68788554098757));
#4141=CARTESIAN_POINT('',(-4.5,9.49375549828012,-1.52091428037634));
#4142=CARTESIAN_POINT('Ctrl Pts',(-4.85566621466815,8.90890349286621,6.91814505514065));
#4143=CARTESIAN_POINT('Ctrl Pts',(-4.77498848417737,9.04158137742694,6.86788399497786));
#4144=CARTESIAN_POINT('Ctrl Pts',(-4.69448705941029,9.17399706391993,6.81631130094381));
#4145=CARTESIAN_POINT('Ctrl Pts',(-4.61421998526377,9.3060423130795,6.76359336386256));
#4146=CARTESIAN_POINT('Ctrl Pts',(-4.576179010063,9.36862251924835,6.73860875144872));
#4147=CARTESIAN_POINT('Ctrl Pts',(-4.53819135821563,9.43111916112519,6.71336690641526));
#4148=CARTESIAN_POINT('Ctrl Pts',(-4.50026689669134,9.49351902294872,6.6878855410755));
#4149=CARTESIAN_POINT('Ctrl Pts',(-4.70715497255279,7.38725472103419,5.50523871444467));
#4150=CARTESIAN_POINT('Ctrl Pts',(-5.54395880016905,6.85404374524377,5.55031008080223));
#4151=CARTESIAN_POINT('Ctrl Pts',(-7.78473221130075,4.83308822587338,5.68531334503398));
#4152=CARTESIAN_POINT('Ctrl Pts',(-9.46250858634247,-0.137200701931846,
5.91036087386751));
#4153=CARTESIAN_POINT('Ctrl Pts',(-7.27316193645161,-6.04933299885223,6.18048259857037));
#4154=CARTESIAN_POINT('Ctrl Pts',(-3.66822432360956,-8.19766837607068,6.36060568632527));
#4155=CARTESIAN_POINT('Ctrl Pts',(-1.72491573124626,-8.58798614164984,6.45064052200333));
#4156=CARTESIAN_POINT('Ctrl Pts',(-4.73430975509433,7.43842399364747,5.60511200051337));
#4157=CARTESIAN_POINT('Ctrl Pts',(-5.57690986898961,6.90213701373549,5.65018336687093));
#4158=CARTESIAN_POINT('Ctrl Pts',(-7.83351567767465,4.86903449346531,5.78518663110269));
#4159=CARTESIAN_POINT('Ctrl Pts',(-9.52496060721637,-0.133139854072128,
6.01023415993621));
#4160=CARTESIAN_POINT('Ctrl Pts',(-7.32428336061075,-6.08539573720986,6.28035588463908));
#4161=CARTESIAN_POINT('Ctrl Pts',(-3.69670810066535,-8.24978530224735,6.46047897239397));
#4162=CARTESIAN_POINT('Ctrl Pts',(-1.74079338088395,-8.64369589767724,6.55051380807204));
#4163=CARTESIAN_POINT('Ctrl Pts',(-4.76146453763587,7.48959326626075,5.70498528658207));
#4164=CARTESIAN_POINT('Ctrl Pts',(-5.60986093781016,6.95023028222722,5.75005665293963));
#4165=CARTESIAN_POINT('Ctrl Pts',(-7.88229914404856,4.90498076105723,5.88505991717139));
#4166=CARTESIAN_POINT('Ctrl Pts',(-9.58741262809027,-0.129079006212413,
6.11010744600491));
#4167=CARTESIAN_POINT('Ctrl Pts',(-7.37540478476989,-6.12145847556749,6.38022917070778));
#4168=CARTESIAN_POINT('Ctrl Pts',(-3.72519187772113,-8.30190222842401,6.56035225846268));
#4169=CARTESIAN_POINT('Ctrl Pts',(-1.75667103052163,-8.69940565370465,6.65038709414074));
#4170=CARTESIAN_POINT('Ctrl Pts',(-4.78861932017741,7.54076253887402,5.80485857265078));
#4171=CARTESIAN_POINT('Ctrl Pts',(-5.64281200663071,6.99832355071894,5.84992993900834));
#4172=CARTESIAN_POINT('Ctrl Pts',(-7.93108261042246,4.94092702864916,5.98493320324009));
#4173=CARTESIAN_POINT('Ctrl Pts',(-9.64986464896418,-0.125018158352696,
6.20998073207362));
#4174=CARTESIAN_POINT('Ctrl Pts',(-7.42652620892902,-6.15752121392512,6.48010245677649));
#4175=CARTESIAN_POINT('Ctrl Pts',(-3.75367565477692,-8.35401915460068,6.66022554453138));
#4176=CARTESIAN_POINT('Ctrl Pts',(-1.77254868015932,-8.75511540973205,6.75026038020944));
#4177=CARTESIAN_POINT('',(-1.89933955891951,-8.7284869193455,6.74448953248274));
#4178=CARTESIAN_POINT('Ctrl Pts',(-4.88188235224121,7.48073105912851,5.80979875361505));
#4179=CARTESIAN_POINT('Ctrl Pts',(-5.69836483731508,6.94806236080199,5.85321844633888));
#4180=CARTESIAN_POINT('Ctrl Pts',(-7.94364279760099,4.90390708175764,5.98657776259831));
#4181=CARTESIAN_POINT('Ctrl Pts',(-9.64986464896418,-0.125018158352696,
6.20998073207362));
#4182=CARTESIAN_POINT('Ctrl Pts',(-7.44235695901568,-6.11456821740864,6.4781791195824));
#4183=CARTESIAN_POINT('Ctrl Pts',(-3.8318807327032,-8.30689203980334,6.65637797909959));
#4184=CARTESIAN_POINT('Ctrl Pts',(-1.89930194895997,-8.72846027000483,6.74449070021309));
#4185=CARTESIAN_POINT('',(-1.72491573129939,-8.58798614169328,6.45064052209331));
#4186=CARTESIAN_POINT('Ctrl Pts',(-1.72491573124626,-8.58798614164984,6.45064052200333));
#4187=CARTESIAN_POINT('Ctrl Pts',(-1.75382935710239,-8.61162796935599,6.49960501930806));
#4188=CARTESIAN_POINT('Ctrl Pts',(-1.78282079707961,-8.63515574680352,6.54857753830489));
#4189=CARTESIAN_POINT('Ctrl Pts',(-1.81188734406672,-8.65856920485217,6.59755555606305));
#4190=CARTESIAN_POINT('Ctrl Pts',(-1.84095000865589,-8.68197953558197,6.64652703186236));
#4191=CARTESIAN_POINT('Ctrl Pts',(-1.87008908252493,-8.70527664260178,6.69550623287636));
#4192=CARTESIAN_POINT('Ctrl Pts',(-1.89930194895996,-8.72846027000483,6.74449070021309));
#4193=CARTESIAN_POINT('Ctrl Pts',(-1.72491573126085,-8.58798614170102,6.4506405220951));
#4194=CARTESIAN_POINT('Ctrl Pts',(-3.66822432363573,-8.19766837611857,6.36060568641704));
#4195=CARTESIAN_POINT('Ctrl Pts',(-7.27316193649858,-6.04933299888536,6.18048259866214));
#4196=CARTESIAN_POINT('Ctrl Pts',(-9.46250858639985,-0.137200701928115,
5.91036087395928));
#4197=CARTESIAN_POINT('Ctrl Pts',(-7.78473221134558,4.83308822590641,5.68531334512575));
#4198=CARTESIAN_POINT('Ctrl Pts',(-5.54395880019933,6.85404374528795,5.550310080894));
#4199=CARTESIAN_POINT('Ctrl Pts',(-4.70715497257774,7.38725472108121,5.50523871453643));
#4200=CARTESIAN_POINT('Ctrl Pts',(-4.88592084877157,8.89236563137389,6.48028459256759));
#4201=CARTESIAN_POINT('Ctrl Pts',(-6.11249415765383,8.21842347122807,6.53516740251538));
#4202=CARTESIAN_POINT('Ctrl Pts',(-8.28245176724038,6.35652462000658,6.64493302241097));
#4203=CARTESIAN_POINT('Ctrl Pts',(-10.1392582732306,2.48927537900187,6.80958145225436));
#4204=CARTESIAN_POINT('Ctrl Pts',(-10.2844782638204,-1.79751302670906,6.97422988209773));
#4205=CARTESIAN_POINT('Ctrl Pts',(-8.69354486881929,-5.78150246763583,7.13887831194112));
#4206=CARTESIAN_POINT('Ctrl Pts',(-5.63527204460109,-8.78859866100811,7.3035267417845));
#4207=CARTESIAN_POINT('Ctrl Pts',(-1.62532514009504,-10.3138690813376,7.46817517162788));
#4208=CARTESIAN_POINT('Ctrl Pts',(2.65814253986242,-10.0946158475812,7.63282360147126));
#4209=CARTESIAN_POINT('Ctrl Pts',(6.92103669655001,-7.96532009616334,7.81576630129724));
#4210=CARTESIAN_POINT('Ctrl Pts',(10.0389707159517,-3.63596612675634,8.01700327110582));
#4211=CARTESIAN_POINT('Ctrl Pts',(10.4501943456979,2.1573536025438,8.23653451089699));
#4212=CARTESIAN_POINT('Ctrl Pts',(7.33224114537454,8.19500380067401,8.49265429065338));
#4213=CARTESIAN_POINT('Ctrl Pts',(-0.132295308235354,11.3846096763416,8.78536261037491));
#4214=CARTESIAN_POINT('Ctrl Pts',(-8.48533238131439,7.58949410506578,9.11465947006171));
#4215=CARTESIAN_POINT('Ctrl Pts',(-10.83977751566,0.353954395790422,9.38907351980066));
#4216=CARTESIAN_POINT('Ctrl Pts',(-9.10079075167211,-5.10276050950437,9.60860475959185));
#4217=CARTESIAN_POINT('Ctrl Pts',(-5.9776538196198,-8.69747783818907,9.79154745941781));
#4218=CARTESIAN_POINT('Ctrl Pts',(-1.00860331974658,-10.6280112813779,9.99278442922641));
#4219=CARTESIAN_POINT('Ctrl Pts',(4.71813104070162,-9.57926219835075,10.2123156690176));
#4220=CARTESIAN_POINT('Ctrl Pts',(8.54416734025773,-6.11896053075599,10.407454548832));
#4221=CARTESIAN_POINT('Ctrl Pts',(10.6656148556692,-0.821548632885007,10.6269857886231));
#4222=CARTESIAN_POINT('Ctrl Pts',(9.63318245166524,5.06237375418369,10.8465170284143));
#4223=CARTESIAN_POINT('Ctrl Pts',(4.89854489495815,9.48158538194463,11.0904406281823));
#4224=CARTESIAN_POINT('Ctrl Pts',(-0.78941459595946,10.6473528668207,11.3099718679735));
#4225=CARTESIAN_POINT('Ctrl Pts',(-6.25830921249074,8.64886190221789,11.5295031077646));
#4226=CARTESIAN_POINT('Ctrl Pts',(-9.86016324621687,4.09056946862213,11.7490343475558));
#4227=CARTESIAN_POINT('Ctrl Pts',(-10.5436303959746,-1.69387336187349,11.968565587347));
#4228=CARTESIAN_POINT('Ctrl Pts',(-8.3606465936355,-6.36693197182304,12.1637044671614));
#4229=CARTESIAN_POINT('Ctrl Pts',(-3.92133975714104,-9.95258192789568,12.3832357069525));
#4230=CARTESIAN_POINT('Ctrl Pts',(2.00579103317358,-10.6961232886246,12.6027669467437));
#4231=CARTESIAN_POINT('Ctrl Pts',(7.6232097670235,-7.46932332645549,12.8466905465117));
#4232=CARTESIAN_POINT('Ctrl Pts',(10.1735446669615,-2.80110927259798,13.0479275163203));
#4233=CARTESIAN_POINT('Ctrl Pts',(10.2516918982427,1.97196596065081,13.2308702161462));
#4234=CARTESIAN_POINT('Ctrl Pts',(8.59737702894642,5.92222007945973,13.3955186459896));
#4235=CARTESIAN_POINT('Ctrl Pts',(5.48530320657604,8.88736426205061,13.560167075833));
#4236=CARTESIAN_POINT('Ctrl Pts',(1.90563613860366,10.1672148938222,13.7065212356938));
#4237=CARTESIAN_POINT('Ctrl Pts',(-3.29028478099294,10.2051723831384,13.9077582055023));
#4238=CARTESIAN_POINT('Ctrl Pts',(-8.46551326370541,7.02742131563024,14.1272894452936));
#4239=CARTESIAN_POINT('Ctrl Pts',(-10.4956541789102,1.03933986955598,14.3651149550673));
#4240=CARTESIAN_POINT('Ctrl Pts',(-9.77676738395522,-3.66050772449213,14.5480576548933));
#4241=CARTESIAN_POINT('Ctrl Pts',(-7.4775545489499,-7.28769909730552,14.7127060847367));
#4242=CARTESIAN_POINT('Ctrl Pts',(-3.91710987063774,-9.67686322549691,14.8773545145801));
#4243=CARTESIAN_POINT('Ctrl Pts',(0.305047809470695,-10.4363822690672,15.0420029444234));
#4244=CARTESIAN_POINT('Ctrl Pts',(4.47553665898934,-9.43221742212701,15.2066513742668));
#4245=CARTESIAN_POINT('Ctrl Pts',(7.89048717134667,-6.83691528811964,15.3712998041102));
#4246=CARTESIAN_POINT('Ctrl Pts',(9.97374932467612,-3.086714236548,15.5359482339536));
#4247=CARTESIAN_POINT('Ctrl Pts',(10.2395082777393,-0.239873737397034,15.6457138538492));
#4248=CARTESIAN_POINT('Ctrl Pts',(10.0807960019999,1.15062636357889,15.700596663797));
#4249=CARTESIAN_POINT('Ctrl Pts',(-4.6913727149349,8.5377225926334,6.24675150773665));
#4250=CARTESIAN_POINT('Ctrl Pts',(-5.86902813788923,7.8906155277908,6.30163431768444));
#4251=CARTESIAN_POINT('Ctrl Pts',(-7.95242608197823,6.10288670920175,6.41139993758002));
#4252=CARTESIAN_POINT('Ctrl Pts',(-9.73510344523235,2.38976317179267,6.57604836742341));
#4253=CARTESIAN_POINT('Ctrl Pts',(-9.87441883008419,-1.72612779354886,6.74069679726678));
#4254=CARTESIAN_POINT('Ctrl Pts',(-8.34680416243813,-5.55124485506312,6.90534522711018));
#4255=CARTESIAN_POINT('Ctrl Pts',(-5.41037470411588,-8.43837505124244,7.06999365695355));
#4256=CARTESIAN_POINT('Ctrl Pts',(-1.56025133835807,-9.90272984597563,7.23464208679694));
#4257=CARTESIAN_POINT('Ctrl Pts',(2.55244150315679,-9.6921025431806,7.39929051664031));
#4258=CARTESIAN_POINT('Ctrl Pts',(6.64532972973374,-7.64758091351935,7.5822332164663));
#4259=CARTESIAN_POINT('Ctrl Pts',(9.63884484859013,-3.49074151083042,7.78347018627488));
#4260=CARTESIAN_POINT('Ctrl Pts',(10.0335186463285,2.07162706195121,8.00300142606605));
#4261=CARTESIAN_POINT('Ctrl Pts',(7.03970669930781,7.86849060046367,8.25912120582242));
#4262=CARTESIAN_POINT('Ctrl Pts',(-0.127326833481761,10.9307360387926,8.55182952554399));
#4263=CARTESIAN_POINT('Ctrl Pts',(-8.14725156541707,7.28669596313296,8.88112638523074));
#4264=CARTESIAN_POINT('Ctrl Pts',(-10.4076377548433,0.33955219076367,9.15554043496973));
#4265=CARTESIAN_POINT('Ctrl Pts',(-8.73783260700113,-4.89957322948721,9.37507167476089));
#4266=CARTESIAN_POINT('Ctrl Pts',(-5.7391091962926,-8.3508961372965,9.55801437458688));
#4267=CARTESIAN_POINT('Ctrl Pts',(-0.968107922856816,-10.2043315811222,
9.75925134439546));
#4268=CARTESIAN_POINT('Ctrl Pts',(4.53029062861712,-9.19723916557544,9.97878258418663));
#4269=CARTESIAN_POINT('Ctrl Pts',(8.20370146185095,-5.87478655396329,10.173921464001));
#4270=CARTESIAN_POINT('Ctrl Pts',(10.2404309904317,-0.788509531100226,10.3934527037922));
#4271=CARTESIAN_POINT('Ctrl Pts',(9.24900053748993,4.86081086903087,10.6129839435834));
#4272=CARTESIAN_POINT('Ctrl Pts',(4.70300003674223,9.1037146966329,10.8569075433513));
#4273=CARTESIAN_POINT('Ctrl Pts',(-0.75822895687029,10.22285378534,11.0764387831425));
#4274=CARTESIAN_POINT('Ctrl Pts',(-6.00904155070948,8.30388976816891,11.2959700229337));
#4275=CARTESIAN_POINT('Ctrl Pts',(-9.46717810163394,3.92722598685729,11.5155012627249));
#4276=CARTESIAN_POINT('Ctrl Pts',(-10.1232421297038,-1.62662688947205,11.735032502516));
#4277=CARTESIAN_POINT('Ctrl Pts',(-8.02716181765602,-6.11332610975558,11.9301713823304));
#4278=CARTESIAN_POINT('Ctrl Pts',(-3.76474047347633,-9.55590778297418,12.1497026221216));
#4279=CARTESIAN_POINT('Ctrl Pts',(1.9261134404481,-10.2696472143864,12.3692338619128));
#4280=CARTESIAN_POINT('Ctrl Pts',(7.31949595420873,-7.17133918403225,12.6131574616807));
#4281=CARTESIAN_POINT('Ctrl Pts',(9.76803132103855,-2.6891642684687,12.8143944314893));
#4282=CARTESIAN_POINT('Ctrl Pts',(9.84293487206377,1.89362493467566,12.9973371313153));
#4283=CARTESIAN_POINT('Ctrl Pts',(8.25446646599105,5.68634989719902,13.1619855611587));
#4284=CARTESIAN_POINT('Ctrl Pts',(5.26638201922066,8.53319913691518,13.3266339910021));
#4285=CARTESIAN_POINT('Ctrl Pts',(1.8293911204278,9.76192984961426,13.4729881508628));
#4286=CARTESIAN_POINT('Ctrl Pts',(-3.15938510612853,9.79823454311059,13.6742251206714));
#4287=CARTESIAN_POINT('Ctrl Pts',(-8.12820748178441,6.74703185522408,13.8937563604626));
#4288=CARTESIAN_POINT('Ctrl Pts',(-10.0772519837868,0.997622652979248,14.1315818702364));
#4289=CARTESIAN_POINT('Ctrl Pts',(-9.38689882039519,-3.51483687190521,14.3145245700623));
#4290=CARTESIAN_POINT('Ctrl Pts',(-7.17925126332244,-6.99736130672852,14.4791729999057));
#4291=CARTESIAN_POINT('Ctrl Pts',(-3.76068662431832,-9.29118104169888,14.6438214297491));
#4292=CARTESIAN_POINT('Ctrl Pts',(0.293166748599836,-10.020306960707,14.8084698595925));
#4293=CARTESIAN_POINT('Ctrl Pts',(4.29736380429102,-9.05606313960595,14.9731182894359));
#4294=CARTESIAN_POINT('Ctrl Pts',(7.57610083404023,-6.56413617117132,15.1377667192793));
#4295=CARTESIAN_POINT('Ctrl Pts',(9.57620888082326,-2.96338838915976,15.3024151491226));
#4296=CARTESIAN_POINT('Ctrl Pts',(9.83129638547109,-0.230035705569714,15.4121807690182));
#4297=CARTESIAN_POINT('Ctrl Pts',(9.67887413838994,1.10502508225146,15.467063578966));
#4298=CARTESIAN_POINT('Ctrl Pts',(-4.496838475657,8.18307146271206,6.01321912568701));
#4299=CARTESIAN_POINT('Ctrl Pts',(-5.62557490084533,7.56279758356825,6.0681019356348));
#4300=CARTESIAN_POINT('Ctrl Pts',(-7.6224101365814,5.84923542384592,6.17786755553038));
#4301=CARTESIAN_POINT('Ctrl Pts',(-9.33095216176225,2.29023480647668,6.34251598537377));
#4302=CARTESIAN_POINT('Ctrl Pts',(-9.46435614253341,-1.65475878188875,6.50716441521715));
#4303=CARTESIAN_POINT('Ctrl Pts',(-8.00005395490832,-5.32100078545421,6.67181284506053));
#4304=CARTESIAN_POINT('Ctrl Pts',(-5.18546321916897,-8.08816002168045,6.83646127490392));
#4305=CARTESIAN_POINT('Ctrl Pts',(-1.49516113436497,-9.49159277843856,7.00110970474729));
#4306=CARTESIAN_POINT('Ctrl Pts',(2.44675635240499,-9.2895846294836,7.16575813459068));
#4307=CARTESIAN_POINT('Ctrl Pts',(6.36963510826748,-7.32983045411446,7.34870083441666));
#4308=CARTESIAN_POINT('Ctrl Pts',(9.23872434369215,-3.34550084763615,7.54993780422524));
#4309=CARTESIAN_POINT('Ctrl Pts',(9.61683911748282,1.98591698964193,7.76946904401641));
#4310=CARTESIAN_POINT('Ctrl Pts',(6.74715898383632,7.54198869400141,8.02558882377278));
#4311=CARTESIAN_POINT('Ctrl Pts',(-0.122376388130316,10.4768617415209,8.31829714349435));
#4312=CARTESIAN_POINT('Ctrl Pts',(-7.80918243810615,6.98388408040589,8.64759400318111));
#4313=CARTESIAN_POINT('Ctrl Pts',(-9.97549812469716,0.325132801084912,8.92200805292009));
#4314=CARTESIAN_POINT('Ctrl Pts',(-8.37486602033014,-4.6964001653139,9.14153929271125));
#4315=CARTESIAN_POINT('Ctrl Pts',(-5.50055055950042,-8.0043235613737,9.32448199253724));
#4316=CARTESIAN_POINT('Ctrl Pts',(-0.927595649918269,-9.78065305884858,
9.52571896234581));
#4317=CARTESIAN_POINT('Ctrl Pts',(4.3424652052683,-8.81520828356921,9.745250202137));
#4318=CARTESIAN_POINT('Ctrl Pts',(7.86324493832706,-5.63059879911396,9.94038908195137));
#4319=CARTESIAN_POINT('Ctrl Pts',(9.81524800564881,-0.755453502682812,10.1599203217425));
#4320=CARTESIAN_POINT('Ctrl Pts',(8.86481022530881,4.65926304565843,10.3794515615337));
#4321=CARTESIAN_POINT('Ctrl Pts',(4.50743996431437,8.72585139507096,10.6233751613017));
#4322=CARTESIAN_POINT('Ctrl Pts',(-0.727060152246004,9.79835303604217,10.8429064010929));
#4323=CARTESIAN_POINT('Ctrl Pts',(-5.7597873431301,7.95890737761066,11.062437640884));
#4324=CARTESIAN_POINT('Ctrl Pts',(-9.07419904755261,3.76386672520645,11.2819688806752));
#4325=CARTESIAN_POINT('Ctrl Pts',(-9.70285076461002,-1.55939705327444,11.5015001204664));
#4326=CARTESIAN_POINT('Ctrl Pts',(-7.69366662514075,-5.85973323920895,11.6966390002808));
#4327=CARTESIAN_POINT('Ctrl Pts',(-3.60812526898972,-9.15923945789517,11.9161702400719));
#4328=CARTESIAN_POINT('Ctrl Pts',(1.84645271128531,-9.84316754035326,12.1357014798631));
#4329=CARTESIAN_POINT('Ctrl Pts',(7.01579367425536,-6.87334267142688,12.3796250796311));
#4330=CARTESIAN_POINT('Ctrl Pts',(9.36252200977244,-2.57720303814769,12.5808620494397));
#4331=CARTESIAN_POINT('Ctrl Pts',(9.43417431791445,1.81530007090577,12.7638047492656));
#4332=CARTESIAN_POINT('Ctrl Pts',(7.91154618235408,5.45049309986919,12.928453179109));
#4333=CARTESIAN_POINT('Ctrl Pts',(5.04744653701984,8.17904235135323,13.0931016089524));
#4334=CARTESIAN_POINT('Ctrl Pts',(1.75312992124924,9.35664742069696,13.2394557688132));
#4335=CARTESIAN_POINT('Ctrl Pts',(-3.02850146805543,9.39129109080679,13.4406927386218));
#4336=CARTESIAN_POINT('Ctrl Pts',(-7.7909124985922,6.46662870697646,13.660223978413));
#4337=CARTESIAN_POINT('Ctrl Pts',(-9.6588510198399,0.955888769333931,13.8980494881867));
#4338=CARTESIAN_POINT('Ctrl Pts',(-8.99702407274453,-3.36918136230292,14.0809921880127));
#4339=CARTESIAN_POINT('Ctrl Pts',(-6.88093613823495,-6.7070350737871,14.2456406178561));
#4340=CARTESIAN_POINT('Ctrl Pts',(-3.60424789418454,-8.90550468120556,14.4102890476995));
#4341=CARTESIAN_POINT('Ctrl Pts',(0.281302207471168,-9.60423075739389,14.5749374775429));
#4342=CARTESIAN_POINT('Ctrl Pts',(4.11920571558756,-8.67990139522348,14.7395859073862));
#4343=CARTESIAN_POINT('Ctrl Pts',(7.26172501365516,-6.29134428528467,14.9042343372296));
#4344=CARTESIAN_POINT('Ctrl Pts',(9.17867293760696,-2.84004662037452,15.068882767073));
#4345=CARTESIAN_POINT('Ctrl Pts',(9.42308446115397,-0.220181444053377,15.1786483869686));
#4346=CARTESIAN_POINT('Ctrl Pts',(9.27695005418522,1.05943972558823,15.2335311969164));
#4347=CARTESIAN_POINT('Ctrl Pts',(-4.3023246636021,7.82840833824293,5.77968792747957));
#4348=CARTESIAN_POINT('Ctrl Pts',(-5.38214044230131,7.23496483656082,5.83457073742736));
#4349=CARTESIAN_POINT('Ctrl Pts',(-7.29240846967066,5.59556438259584,5.94433635732295));
#4350=CARTESIAN_POINT('Ctrl Pts',(-8.92680601402808,2.19068261675593,6.10898478716633));
#4351=CARTESIAN_POINT('Ctrl Pts',(-9.05428857479393,-1.58341365148615,6.27363321700971));
#4352=CARTESIAN_POINT('Ctrl Pts',(-7.65328967733254,-5.09077661770681,6.4382816468531));
#4353=CARTESIAN_POINT('Ctrl Pts',(-4.96053084982452,-7.7379575576604,6.60293007669648));
#4354=CARTESIAN_POINT('Ctrl Pts',(-1.43004675380072,-9.08045881722294,6.76757850653986));
#4355=CARTESIAN_POINT('Ctrl Pts',(2.34109458142827,-8.88705984034987,6.93222693638324));
#4356=CARTESIAN_POINT('Ctrl Pts',(6.09395861467147,-7.01206331499635,7.11516963620922));
#4357=CARTESIAN_POINT('Ctrl Pts',(8.83861165373452,-3.20023651396239,7.3164066060178));
#4358=CARTESIAN_POINT('Ctrl Pts',(9.20015385891743,1.90023115927837,7.53593784580898));
#4359=CARTESIAN_POINT('Ctrl Pts',(6.45459165849782,7.2155033553065,7.79205762556535));
#4360=CARTESIAN_POINT('Ctrl Pts',(-0.117452501464655,10.0229863762687,8.08476594528691));
#4361=CARTESIAN_POINT('Ctrl Pts',(-7.47113045789928,6.68105189137568,8.41406280497368));
#4362=CARTESIAN_POINT('Ctrl Pts',(-9.5433585957007,0.310688092949075,8.68847685471265));
#4363=CARTESIAN_POINT('Ctrl Pts',(-8.01188692043913,-4.49324799987049,8.90800809450382));
#4364=CARTESIAN_POINT('Ctrl Pts',(-5.26197122837887,-7.65776435442125,9.09095079432981));
#4365=CARTESIAN_POINT('Ctrl Pts',(-0.887058507718365,-9.35697618212071,
9.29218776413837));
#4366=CARTESIAN_POINT('Ctrl Pts',(4.15466182251479,-8.43316575725432,9.51171900392955));
#4367=CARTESIAN_POINT('Ctrl Pts',(7.52280212375403,-5.38639069575098,9.70685788374393));
#4368=CARTESIAN_POINT('Ctrl Pts',(9.39006622776861,-0.722372531878288,9.9263891235351));
#4369=CARTESIAN_POINT('Ctrl Pts',(8.48060746009302,4.45773736742891,10.1459203633263));
#4370=CARTESIAN_POINT('Ctrl Pts',(4.31185743795646,8.34799889088757,10.3898439630942));
#4371=CARTESIAN_POINT('Ctrl Pts',(-0.695916140589365,9.37384973949321,10.6093752028854));
#4372=CARTESIAN_POINT('Ctrl Pts',(-5.51055290251824,7.61390980484221,10.8289064426766));
#4373=CARTESIAN_POINT('Ctrl Pts',(-8.68122888233358,3.60048418287841,11.0484376824678));
#4374=CARTESIAN_POINT('Ctrl Pts',(-9.28245474533867,-1.49219171012035,11.267968922259));
#4375=CARTESIAN_POINT('Ctrl Pts',(-7.36015601703809,-5.6061594533359,11.4631078020733));
#4376=CARTESIAN_POINT('Ctrl Pts',(-3.45148657777655,-8.76257962204859,11.6826390418645));
#4377=CARTESIAN_POINT('Ctrl Pts',(1.76681680768111,-9.41668247295855,11.9021702816557));
#4378=CARTESIAN_POINT('Ctrl Pts',(6.71210831921599,-6.57532787261422,12.1460938814236));
#4379=CARTESIAN_POINT('Ctrl Pts',(8.95701855626875,-2.46521788066983,12.3473308512323));
#4380=CARTESIAN_POINT('Ctrl Pts',(9.02540847987929,1.73699899962851,12.5302735510582));
#4381=CARTESIAN_POINT('Ctrl Pts',(7.5686115061308,5.21465597042183,12.6949219809016));
#4382=CARTESIAN_POINT('Ctrl Pts',(4.82848995013145,7.82489777591897,12.859570410745));
#4383=CARTESIAN_POINT('Ctrl Pts',(1.67684486907679,8.95136875879852,13.0059245706058));
#4384=CARTESIAN_POINT('Ctrl Pts',(-2.89764142655355,8.98433928427492,13.2071615404143));
#4385=CARTESIAN_POINT('Ctrl Pts',(-7.45363335181476,6.18620533525759,13.4266927802055));
#4386=CARTESIAN_POINT('Ctrl Pts',(-9.24045178100696,0.914130323965411,13.6645182899793));
#4387=CARTESIAN_POINT('Ctrl Pts',(-8.60714013239044,-3.2235484241255,13.8474609898053));
#4388=CARTESIAN_POINT('Ctrl Pts',(-6.5826035087557,-6.41672580526664,14.0121094196487));
#4389=CARTESIAN_POINT('Ctrl Pts',(-3.44778632112735,-8.51983681745996,14.176757849492));
#4390=CARTESIAN_POINT('Ctrl Pts',(0.269461999720125,-9.18815314747172,14.3414062793354));
#4391=CARTESIAN_POINT('Ctrl Pts',(3.94106934131789,-8.30372857874326,14.5060547091788));
#4392=CARTESIAN_POINT('Ctrl Pts',(6.94736461972479,-6.0185335311632,14.6707031390222));
#4393=CARTESIAN_POINT('Ctrl Pts',(8.78114353962648,-2.71668137105278,14.8353515688656));
#4394=CARTESIAN_POINT('Ctrl Pts',(9.01487240401941,-0.21030327191053,14.9451171887612));
#4395=CARTESIAN_POINT('Ctrl Pts',(8.87502261353713,1.01387781833658,14.9999999987089));
#4396=CARTESIAN_POINT('Ctrl Pts',(-10.1472889994285,-0.00115682489941871,
9.40537732568373));
#4397=CARTESIAN_POINT('Ctrl Pts',(-10.1355741123851,2.46802950983649,9.30847137380972));
#4398=CARTESIAN_POINT('Ctrl Pts',(-9.20884211747485,4.93891840189759,9.21156542193571));
#4399=CARTESIAN_POINT('Ctrl Pts',(-7.56404856267034,6.77490542508999,9.1146594700617));
#4400=CARTESIAN_POINT('Ctrl Pts',(-5.70098669028805,8.85453262882436,9.00489385016611));
#4401=CARTESIAN_POINT('Ctrl Pts',(-2.91664099926172,10.119571152583,8.89512823027051));
#4402=CARTESIAN_POINT('Ctrl Pts',(-0.124867568696696,10.1540393127746,8.78536261037492));
#4403=CARTESIAN_POINT('Ctrl Pts',(2.66690586186833,10.1885074729662,8.67559699047934));
#4404=CARTESIAN_POINT('Ctrl Pts',(5.46610703197206,8.9924052695909,8.56583137058376));
#4405=CARTESIAN_POINT('Ctrl Pts',(7.38754689438241,6.96142576586443,8.45606575068817));
#4406=CARTESIAN_POINT('Ctrl Pts',(8.66850680265599,5.60743943004677,8.38288867075778));
#4407=CARTESIAN_POINT('Ctrl Pts',(9.55935057417695,3.88239651629527,8.30971159082738));
#4408=CARTESIAN_POINT('Ctrl Pts',(9.93623518831306,2.05432177120283,8.23653451089699));
#4409=CARTESIAN_POINT('Ctrl Pts',(10.3131198024492,0.226247026110387,8.1633574309666));
#4410=CARTESIAN_POINT('Ctrl Pts',(10.1760452592004,-1.704859550323,8.09018035103621));
#4411=CARTESIAN_POINT('Ctrl Pts',(9.54061089313936,-3.4575681057046,8.01700327110582));
#4412=CARTESIAN_POINT('Ctrl Pts',(8.90517652707832,-5.21027666108618,7.94382619117543));
#4413=CARTESIAN_POINT('Ctrl Pts',(7.77138233820502,-6.78458719541595,7.87064911124503));
#4414=CARTESIAN_POINT('Ctrl Pts',(6.31109473573073,-7.94598788188137,7.79747203131464));
#4415=CARTESIAN_POINT('Ctrl Pts',(5.215879033875,-8.81703839673045,7.74258922136685));
#4416=CARTESIAN_POINT('Ctrl Pts',(3.9370107868687,-9.45582712215582,7.68770641141905));
#4417=CARTESIAN_POINT('Ctrl Pts',(2.58366538337264,-9.81176369049456,7.63282360147126));
#4418=CARTESIAN_POINT('Ctrl Pts',(1.2303199798766,-10.1677002588333,7.57794079152346));
#4419=CARTESIAN_POINT('Ctrl Pts',(-0.197502580109225,-10.2407846700854,
7.52305798157567));
#4420=CARTESIAN_POINT('Ctrl Pts',(-1.57973834418647,-10.0231151389899,7.46817517162788));
#4421=CARTESIAN_POINT('Ctrl Pts',(-2.96197410826371,-9.80544560789441,7.41329236168008));
#4422=CARTESIAN_POINT('Ctrl Pts',(-4.2986230764324,-9.29702213445126,7.35840955173229));
#4423=CARTESIAN_POINT('Ctrl Pts',(-5.47665969788643,-8.54162769883431,7.3035267417845));
#4424=CARTESIAN_POINT('Ctrl Pts',(-6.65469631934049,-7.78623326321735,7.2486439318367));
#4425=CARTESIAN_POINT('Ctrl Pts',(-7.67412059407988,-6.7838678654266,7.19376112188891));
#4426=CARTESIAN_POINT('Ctrl Pts',(-8.44898829728309,-5.61868692637675,7.13887831194111));
#4427=CARTESIAN_POINT('Ctrl Pts',(-9.2238560004863,-4.45350598732691,7.08399550199332));
#4428=CARTESIAN_POINT('Ctrl Pts',(-9.75416713215333,-3.12550950701798,7.02911269204553));
#4429=CARTESIAN_POINT('Ctrl Pts',(-9.99511936622188,-1.74704653257837,6.97422988209773));
#4430=CARTESIAN_POINT('Ctrl Pts',(-10.0958805901259,-1.17060192334751,6.95127902993813));
#4431=CARTESIAN_POINT('Ctrl Pts',(-10.1460405000371,-0.585332042328503,
6.92832817777853));
#4432=CARTESIAN_POINT('Ctrl Pts',(-10.1458985195439,-4.08223408388019E-5,
6.90537732561893));
#4433=CARTESIAN_POINT('',(8.87502261575916,1.01387781858845,15.));
#4434=CARTESIAN_POINT('Ctrl Pts',(8.87502261575916,1.0138778185884,15.));
#4435=CARTESIAN_POINT('Ctrl Pts',(8.8902306565489,0.93511582787021,15.));
#4436=CARTESIAN_POINT('Ctrl Pts',(8.9043690955771,0.85610238196517,14.9999999999936));
#4437=CARTESIAN_POINT('Ctrl Pts',(8.91743767190738,0.776859239484469,14.9999999999813));
#4438=CARTESIAN_POINT('Ctrl Pts',(8.95404670687567,0.554875229845241,14.9999999999471));
#4439=CARTESIAN_POINT('Ctrl Pts',(8.98213196183473,0.331888559824903,14.9999999999012));
#4440=CARTESIAN_POINT('Ctrl Pts',(9.00183877663065,0.108398227386611,14.9999999998244));
#4441=CARTESIAN_POINT('Ctrl Pts',(9.02272065771723,-0.128418254338395,14.9999999997429));
#4442=CARTESIAN_POINT('Ctrl Pts',(9.03419570075488,-0.36580070370116,14.9999999996266));
#4443=CARTESIAN_POINT('Ctrl Pts',(9.03638142516098,-0.60318369913311,14.9999999994697));
#4444=CARTESIAN_POINT('Ctrl Pts',(9.03850052149472,-0.833330479718367,14.9999999993175));
#4445=CARTESIAN_POINT('Ctrl Pts',(9.03188778100234,-1.06347855888035,14.9999999991274));
#4446=CARTESIAN_POINT('Ctrl Pts',(9.01659850917463,-1.29312853245921,14.9999999989095));
#4447=CARTESIAN_POINT('Ctrl Pts',(9.00058815542142,-1.53360939759428,14.9999999986813));
#4448=CARTESIAN_POINT('Ctrl Pts',(8.97506407459984,-1.77354481670323,14.9999999984225));
#4449=CARTESIAN_POINT('Ctrl Pts',(8.94002895610875,-2.01236754402448,14.9999999981616));
#4450=CARTESIAN_POINT('Ctrl Pts',(8.90690295334865,-2.23817646561921,14.9999999979149));
#4451=CARTESIAN_POINT('Ctrl Pts',(8.86527377811356,-2.46299132548984,14.9999999976664));
#4452=CARTESIAN_POINT('Ctrl Pts',(8.81509167196396,-2.68632753490768,14.9999999974534));
#4453=CARTESIAN_POINT('Ctrl Pts',(8.81219957994312,-2.6991988334398,14.9999999974411));
#4454=CARTESIAN_POINT('Ctrl Pts',(8.80927906576349,-2.71206521765966,14.999999997429));
#4455=CARTESIAN_POINT('Ctrl Pts',(8.80633011471082,-2.72492659356148,14.9999999974169));
#4456=CARTESIAN_POINT('Ctrl Pts',(8.8062249105791,-2.72538542446791,14.9999999974165));
#4457=CARTESIAN_POINT('Ctrl Pts',(8.80611967025535,-2.72584424900013,14.9999999974161));
#4458=CARTESIAN_POINT('Ctrl Pts',(8.80601439374107,-2.72630306715457,14.9999999974157));
#4459=CARTESIAN_POINT('Ctrl Pts',(8.7547412179594,-2.94976282021676,14.9999999972069));
#4460=CARTESIAN_POINT('Ctrl Pts',(8.69507622260272,-3.17088858075554,14.9999999970334));
#4461=CARTESIAN_POINT('Ctrl Pts',(8.62736125059842,-3.3892789668454,14.9999999968722));
#4462=CARTESIAN_POINT('Ctrl Pts',(8.55859440049431,-3.61106180895406,14.9999999967084));
#4463=CARTESIAN_POINT('Ctrl Pts',(8.48152545537118,-3.83002418925209,14.9999999965574));
#4464=CARTESIAN_POINT('Ctrl Pts',(8.39645898584887,-4.04574983764316,14.9999999964085));
#4465=CARTESIAN_POINT('Ctrl Pts',(8.3102283585351,-4.26442775025538,14.9999999962576));
#4466=CARTESIAN_POINT('Ctrl Pts',(8.21577970438502,-4.47978035525469,14.9999999961088));
#4467=CARTESIAN_POINT('Ctrl Pts',(8.11337722988162,-4.69136927813813,14.9999999959642));
#4468=CARTESIAN_POINT('Ctrl Pts',(8.0108509813481,-4.90321394888161,14.9999999958196));
#4469=CARTESIAN_POINT('Ctrl Pts',(7.90035145483701,-5.11128647252858,14.9999999956792));
#4470=CARTESIAN_POINT('Ctrl Pts',(7.7820936361125,-5.31513262634671,14.9999999955579));
#4471=CARTESIAN_POINT('Ctrl Pts',(7.66476084422793,-5.51738427110375,14.9999999954376));
#4472=CARTESIAN_POINT('Ctrl Pts',(7.53979037837414,-5.71547601078169,14.999999995336));
#4473=CARTESIAN_POINT('Ctrl Pts',(7.4073466777623,-5.90894093559475,14.9999999952793));
#4474=CARTESIAN_POINT('Ctrl Pts',(7.38199590304997,-5.94597165658046,14.9999999952685));
#4475=CARTESIAN_POINT('Ctrl Pts',(7.3563712036342,-5.98283278052373,14.9999999952593));
#4476=CARTESIAN_POINT('Ctrl Pts',(7.33047355348182,-6.01952090615532,14.999999995252));
#4477=CARTESIAN_POINT('Ctrl Pts',(7.28211868458722,-6.08802324109558,14.9999999952384));
#4478=CARTESIAN_POINT('Ctrl Pts',(7.23287536826067,-6.15583308972319,14.9999999952311));
#4479=CARTESIAN_POINT('Ctrl Pts',(7.18275730871586,-6.22293214556196,14.9999999952286));
#4480=CARTESIAN_POINT('Ctrl Pts',(7.04216865934606,-6.41115502809251,14.9999999952218));
#4481=CARTESIAN_POINT('Ctrl Pts',(6.89470049860237,-6.5937859716779,14.9999999952529));
#4482=CARTESIAN_POINT('Ctrl Pts',(6.74082013847066,-6.77058952828031,14.999999995301));
#4483=CARTESIAN_POINT('Ctrl Pts',(6.583802608903,-6.95099759109433,14.9999999953501));
#4484=CARTESIAN_POINT('Ctrl Pts',(6.420108494939,-7.12533874446717,14.9999999954169));
#4485=CARTESIAN_POINT('Ctrl Pts',(6.25018373226529,-7.29334262152743,14.9999999954909));
#4486=CARTESIAN_POINT('Ctrl Pts',(6.07934070050539,-7.46225438725699,14.9999999955654));
#4487=CARTESIAN_POINT('Ctrl Pts',(5.90219908267304,-7.62476069191932,14.9999999956472));
#4488=CARTESIAN_POINT('Ctrl Pts',(5.71916687510635,-7.78055900994016,14.9999999957373));
#4489=CARTESIAN_POINT('Ctrl Pts',(5.53662669770344,-7.93593850838301,14.9999999958271));
#4490=CARTESIAN_POINT('Ctrl Pts',(5.34822708587756,-8.08464650102906,14.9999999959252));
#4491=CARTESIAN_POINT('Ctrl Pts',(5.15433465557394,-8.22634824434145,14.999999996043));
#4492=CARTESIAN_POINT('Ctrl Pts',(4.98700344777871,-8.34863834003019,14.9999999961447));
#4493=CARTESIAN_POINT('Ctrl Pts',(4.81558048492542,-8.46570990962655,14.9999999962613));
#4494=CARTESIAN_POINT('Ctrl Pts',(4.64028255702451,-8.5773228901916,14.9999999964062));
#4495=CARTESIAN_POINT('Ctrl Pts',(4.49456103994508,-8.67010443671901,14.9999999965267));
#4496=CARTESIAN_POINT('Ctrl Pts',(4.34654269550641,-8.75887058731189,14.9999999966651));
#4497=CARTESIAN_POINT('Ctrl Pts',(4.19638978646536,-8.84352829641956,14.9999999968113));
#4498=CARTESIAN_POINT('Ctrl Pts',(3.98682632896934,-8.96168226584713,14.9999999970153));
#4499=CARTESIAN_POINT('Ctrl Pts',(3.77310646584608,-9.07183529154645,14.9999999972341));
#4500=CARTESIAN_POINT('Ctrl Pts',(3.55575218092947,-9.17394524730956,14.9999999974486));
#4501=CARTESIAN_POINT('Ctrl Pts',(3.33449448210795,-9.27788897148128,14.999999997667));
#4502=CARTESIAN_POINT('Ctrl Pts',(3.10947017847888,-9.37349849269058,14.999999997881));
#4503=CARTESIAN_POINT('Ctrl Pts',(2.8811936601367,-9.46068939372073,14.9999999980809));
#4504=CARTESIAN_POINT('Ctrl Pts',(2.65195922598645,-9.54824617356759,14.9999999982816));
#4505=CARTESIAN_POINT('Ctrl Pts',(2.41944464110484,-9.62731381123393,14.999999998468));
#4506=CARTESIAN_POINT('Ctrl Pts',(2.18414271629049,-9.69776223617661,14.99999999864));
#4507=CARTESIAN_POINT('Ctrl Pts',(1.94976275082888,-9.767934630295,14.9999999988112));
#4508=CARTESIAN_POINT('Ctrl Pts',(1.71261662711916,-9.82955545058048,14.9999999989681));
#4509=CARTESIAN_POINT('Ctrl Pts',(1.47317264108728,-9.88244829339459,14.9999999991195));
#4510=CARTESIAN_POINT('Ctrl Pts',(1.34409497463272,-9.91096137002574,14.9999999992011));
#4511=CARTESIAN_POINT('Ctrl Pts',(1.21434928379384,-9.93693726047811,14.9999999992812));
#4512=CARTESIAN_POINT('Ctrl Pts',(1.08400762046071,-9.96034216219423,14.9999999993623));
#4513=CARTESIAN_POINT('Ctrl Pts',(0.844658946622244,-10.0033209921694,14.9999999995111));
#4514=CARTESIAN_POINT('Ctrl Pts',(0.604183878042656,-10.0374744864347,14.9999999996449));
#4515=CARTESIAN_POINT('Ctrl Pts',(0.363054358687247,-10.0627495125403,14.9999999997491));
#4516=CARTESIAN_POINT('Ctrl Pts',(0.340162003420634,-10.0651490730691,14.9999999997589));
#4517=CARTESIAN_POINT('Ctrl Pts',(0.317263729433707,-10.0674685768081,14.9999999997686));
#4518=CARTESIAN_POINT('Ctrl Pts',(0.294359928538312,-10.0697079572147,14.9999999997779));
#4519=CARTESIAN_POINT('Ctrl Pts',(0.0552987451956485,-10.09308176021,14.9999999998756));
#4520=CARTESIAN_POINT('Ctrl Pts',(-0.184363058973678,-10.1077307466072,
14.9999999999432));
#4521=CARTESIAN_POINT('Ctrl Pts',(-0.424182468207666,-10.1138123956386,
14.9999999999761));
#4522=CARTESIAN_POINT('Ctrl Pts',(-0.540694655086332,-10.1167670615297,
14.9999999999921));
#4523=CARTESIAN_POINT('Ctrl Pts',(-0.657244313856615,-10.1176987956551,
15.));
#4524=CARTESIAN_POINT('Ctrl Pts',(-0.773781862462696,-10.1166214131808,
15.));
#4525=CARTESIAN_POINT('',(3.70678791982726,-8.12734261482096,7.));
#4526=CARTESIAN_POINT('Ctrl Pts',(3.70674417399743,-8.12746556272877,7.));
#4527=CARTESIAN_POINT('Ctrl Pts',(4.36641398332017,-7.82684241690105,7.03229178917256));
#4528=CARTESIAN_POINT('Ctrl Pts',(4.98967991963699,-7.44636109515116,7.06458357834512));
#4529=CARTESIAN_POINT('Ctrl Pts',(5.55696472471678,-6.99509575359181,7.09687536751768));
#4530=CARTESIAN_POINT('Ctrl Pts',(6.84250035430943,-5.97247418893829,7.17005244744807));
#4531=CARTESIAN_POINT('Ctrl Pts',(7.84055600512797,-4.58635535185189,7.24322952737846));
#4532=CARTESIAN_POINT('Ctrl Pts',(8.39984086474966,-3.04321798755576,7.31640660730886));
#4533=CARTESIAN_POINT('Ctrl Pts',(8.95912572437135,-1.50008062325963,7.38958368723925));
#4534=CARTESIAN_POINT('Ctrl Pts',(9.0796397927962,0.200075268246232,7.46276076716964));
#4535=CARTESIAN_POINT('Ctrl Pts',(8.74767365542207,1.80947781362193,7.53593784710003));
#4536=CARTESIAN_POINT('Ctrl Pts',(8.41570751804795,3.41888035899762,7.60911492703042));
#4537=CARTESIAN_POINT('Ctrl Pts',(7.63126117487487,4.93752955824315,7.68229200696082));
#4538=CARTESIAN_POINT('Ctrl Pts',(6.50338895281031,6.12946737995711,7.75546908689121));
#4539=CARTESIAN_POINT('Ctrl Pts',(4.81158061971348,7.91737411252805,7.86523470678679));
#4540=CARTESIAN_POINT('Ctrl Pts',(2.3470640591108,8.97018024565296,7.97500032668238));
#4541=CARTESIAN_POINT('Ctrl Pts',(-0.110807214236578,8.93959423126075,8.08476594657797));
#4542=CARTESIAN_POINT('Ctrl Pts',(-2.56867848758397,8.90900821686854,8.19453156647356));
#4543=CARTESIAN_POINT('Ctrl Pts',(-5.01990447367608,7.7950300549592,8.30429718636915));
#4544=CARTESIAN_POINT('Ctrl Pts',(-6.65996309438645,5.96396821400033,8.41406280626474));
#4545=CARTESIAN_POINT('Ctrl Pts',(-8.3000217150968,4.13290637304149,8.52382842616033));
#4546=CARTESIAN_POINT('Ctrl Pts',(-9.12891297042543,1.58476085303313,8.63359404605591));
#4547=CARTESIAN_POINT('Ctrl Pts',(-8.89471949698701,-0.865933018310491,
8.74335966595149));
#4548=CARTESIAN_POINT('Ctrl Pts',(-8.77762276026779,-2.09127995398231,8.79824247589929));
#4549=CARTESIAN_POINT('Ctrl Pts',(-8.39475484135682,-3.29226397748795,8.85312528584708));
#4550=CARTESIAN_POINT('Ctrl Pts',(-7.79083352798913,-4.36743344254231,8.90800809579488));
#4551=CARTESIAN_POINT('Ctrl Pts',(-7.18691221462144,-5.44260290759666,8.96289090574267));
#4552=CARTESIAN_POINT('Ctrl Pts',(-6.36193750679703,-6.39195781419974,9.01777371569047));
#4553=CARTESIAN_POINT('Ctrl Pts',(-5.37916995302986,-7.13305550697464,9.07265652563826));
#4554=CARTESIAN_POINT('Ctrl Pts',(-4.06881321467364,-8.12118576400784,9.14583360556866));
#4555=CARTESIAN_POINT('Ctrl Pts',(-2.47793586130806,-8.73908097423541,9.21901068549904));
#4556=CARTESIAN_POINT('Ctrl Pts',(-0.842210462709354,-8.89406017516643,
9.29218776542943));
#4557=CARTESIAN_POINT('Ctrl Pts',(0.793514935889375,-9.04903937609746,9.36536484535983));
#4558=CARTESIAN_POINT('Ctrl Pts',(2.47408837972123,-8.74110256773193,9.43854192529022));
#4559=CARTESIAN_POINT('Ctrl Pts',(3.94590140827775,-8.0158638393744,9.51171900522061));
#4560=CARTESIAN_POINT('Ctrl Pts',(5.41771443683423,-7.29062511101689,9.58489608515101));
#4561=CARTESIAN_POINT('Ctrl Pts',(6.68076705011537,-6.14808446266739,9.6580731650814));
#4562=CARTESIAN_POINT('Ctrl Pts',(7.55944091632444,-4.75826457031962,9.73125024501179));
#4563=CARTESIAN_POINT('Ctrl Pts',(8.14522349379717,-3.83171797542109,9.78003496496538));
#4564=CARTESIAN_POINT('Ctrl Pts',(8.56017107257118,-2.7952694943011,9.82881968491898));
#4565=CARTESIAN_POINT('Ctrl Pts',(8.76943547561295,-1.72059199573191,9.87760440487257));
#4566=CARTESIAN_POINT('Ctrl Pts',(9.1879642816965,0.428763001406444,9.97517384477976));
#4567=CARTESIAN_POINT('Ctrl Pts',(8.7837603848511,2.73103406834163,10.072743284687));
#4568=CARTESIAN_POINT('Ctrl Pts',(7.65767299519066,4.60692430261292,10.1703127245941));
#4569=CARTESIAN_POINT('Ctrl Pts',(6.81310745294532,6.01384197831641,10.2434898045245));
#4570=CARTESIAN_POINT('Ctrl Pts',(5.56248244599152,7.18092043564646,10.3166668844549));
#4571=CARTESIAN_POINT('Ctrl Pts',(4.10254101254807,7.93543480578874,10.3898439643853));
#4572=CARTESIAN_POINT('Ctrl Pts',(2.64259957910463,8.68994917593102,10.4630210443157));
#4573=CARTESIAN_POINT('Ctrl Pts',(0.973341719171539,9.03189945888553,10.5361981242461));
#4574=CARTESIAN_POINT('Ctrl Pts',(-0.663726671317428,8.9095512778477,10.6093752041765));
#4575=CARTESIAN_POINT('Ctrl Pts',(-2.3007950618064,8.78720309680986,10.6825522841069));
#4576=CARTESIAN_POINT('Ctrl Pts',(-3.90567398285125,8.20055645177968,10.7557293640373));
#4577=CARTESIAN_POINT('Ctrl Pts',(-5.23655944014201,7.23832885876995,10.8289064439677));
#4578=CARTESIAN_POINT('Ctrl Pts',(-6.56744489743276,6.27610126576023,10.9020835238981));
#4579=CARTESIAN_POINT('Ctrl Pts',(-7.62433689096943,4.93829272477093,10.9752606038284));
#4580=CARTESIAN_POINT('Ctrl Pts',(-8.25298719826388,3.42060913856404,11.0484376837588));
#4581=CARTESIAN_POINT('Ctrl Pts',(-8.88163750555833,1.90292555235714,11.1216147636892));
#4582=CARTESIAN_POINT('Ctrl Pts',(-9.08204612661056,0.205366920932627,11.1947918436196));
#4583=CARTESIAN_POINT('Ctrl Pts',(-8.82181942549026,-1.41478134682574,11.26796892355));
#4584=CARTESIAN_POINT('Ctrl Pts',(-8.56159272436995,-3.0349296145841,11.3411460034804));
#4585=CARTESIAN_POINT('Ctrl Pts',(-7.84073070107711,-4.57766751867629,11.4143230834108));
#4586=CARTESIAN_POINT('Ctrl Pts',(-6.7706520037121,-5.82604671421392,11.4875001633412));
#4587=CARTESIAN_POINT('Ctrl Pts',(-6.05726620546876,-6.658299511239,11.5362848832948));
#4588=CARTESIAN_POINT('Ctrl Pts',(-5.18867299652668,-7.35972621557316,11.5850696032484));
#4589=CARTESIAN_POINT('Ctrl Pts',(-4.22306986561983,-7.87579608150518,11.633854323202));
#4590=CARTESIAN_POINT('Ctrl Pts',(-2.2918636038061,-8.90793581336924,11.7314237631092));
#4591=CARTESIAN_POINT('Ctrl Pts',(0.0273823458667524,-9.19864819162472,
11.8289932030164));
#4592=CARTESIAN_POINT('Ctrl Pts',(2.15169724150336,-8.67378673063602,11.9265626429235));
#4593=CARTESIAN_POINT('Ctrl Pts',(3.7449334132308,-8.2801406348945,11.9997397228539));
#4594=CARTESIAN_POINT('Ctrl Pts',(5.22852086706284,-7.42773425457814,12.0729168027843));
#4595=CARTESIAN_POINT('Ctrl Pts',(6.37848009172717,-6.25423833842489,12.1460938827147));
#4596=CARTESIAN_POINT('Ctrl Pts',(7.52843931639149,-5.08074242227165,12.2192709626451));
#4597=CARTESIAN_POINT('Ctrl Pts',(8.34477031188809,-3.58615697028152,12.2924480425755));
#4598=CARTESIAN_POINT('Ctrl Pts',(8.71025843535888,-1.98511363226283,12.3656251225059));
#4599=CARTESIAN_POINT('Ctrl Pts',(8.98437452796196,-0.784331128748831,12.4205079324537));
#4600=CARTESIAN_POINT('Ctrl Pts',(9.00489150505054,0.476333935656256,12.4753907424015));
#4601=CARTESIAN_POINT('Ctrl Pts',(8.77235049790943,1.68627596313616,12.5302735523493));
#4602=CARTESIAN_POINT('Ctrl Pts',(8.53980949076832,2.89621799061612,12.5851563622971));
#4603=CARTESIAN_POINT('Ctrl Pts',(8.05421049939751,4.05543698117088,12.6400391722449));
#4604=CARTESIAN_POINT('Ctrl Pts',(7.35472407759795,5.07008677747348,12.6949219821927));
#4605=CARTESIAN_POINT('Ctrl Pts',(6.65523765579843,6.08473657377604,12.7498047921405));
#4606=CARTESIAN_POINT('Ctrl Pts',(5.74186380357018,6.95481717582643,12.8046876020882));
#4607=CARTESIAN_POINT('Ctrl Pts',(4.69424342461044,7.60107078619454,12.859570412036));
#4608=CARTESIAN_POINT('Ctrl Pts',(3.64662304565067,8.24732439656266,12.9144532219838));
#4609=CARTESIAN_POINT('Ctrl Pts',(2.46475613995939,8.6697510152485,12.9693360319316));
#4610=CARTESIAN_POINT('Ctrl Pts',(1.24345707457415,8.84411683962049,13.0242188418794));
#4611=CARTESIAN_POINT('Ctrl Pts',(0.429257697650654,8.96036072253515,13.0608073818446));
#4612=CARTESIAN_POINT('Ctrl Pts',(-0.40246708358127,8.96635536353255,13.0973959218098));
#4613=CARTESIAN_POINT('Ctrl Pts',(-1.21609366643865,8.85426242970905,13.133984461775));
#4614=CARTESIAN_POINT('Ctrl Pts',(-3.65697341501072,8.51798362823858,13.2437500816706));
#4615=CARTESIAN_POINT('Ctrl Pts',(-5.93496937821188,7.11891665338019,13.3535157015662));
#4616=CARTESIAN_POINT('Ctrl Pts',(-7.34097902093131,5.09933062917518,13.4632813214618));
#4617=CARTESIAN_POINT('Ctrl Pts',(-8.27831878274429,3.7529399463718,13.5364584013922));
#4618=CARTESIAN_POINT('Ctrl Pts',(-8.82810906878758,2.13076301941436,13.6096354813225));
#4619=CARTESIAN_POINT('Ctrl Pts',(-8.91897652880061,0.489789193775017,13.6828125612529));
#4620=CARTESIAN_POINT('Ctrl Pts',(-8.98712712381037,-0.74094117545446,13.7376953712007));
#4621=CARTESIAN_POINT('Ctrl Pts',(-8.79713362917813,-1.98224480019251,13.7925781811485));
#4622=CARTESIAN_POINT('Ctrl Pts',(-8.36471411117188,-3.13509284288502,13.8474609910963));
#4623=CARTESIAN_POINT('Ctrl Pts',(-7.93229459316561,-4.28794088557757,13.9023438010441));
#4624=CARTESIAN_POINT('Ctrl Pts',(-7.25744905178531,-5.35233334622458,13.9572266109919));
#4625=CARTESIAN_POINT('Ctrl Pts',(-6.39755674969304,-6.23504807866818,14.0121094209397));
#4626=CARTESIAN_POINT('Ctrl Pts',(-5.53766444760078,-7.11776281111175,14.0669922308875));
#4627=CARTESIAN_POINT('Ctrl Pts',(-4.49272538479655,-7.81879981535193,14.1218750408353));
#4628=CARTESIAN_POINT('Ctrl Pts',(-3.35071446643146,-8.28070437250199,14.1767578507831));
#4629=CARTESIAN_POINT('Ctrl Pts',(-2.20870354806636,-8.74260892965205,14.2316406607309));
#4630=CARTESIAN_POINT('Ctrl Pts',(-0.969620774140385,-8.96538103971201,
14.2865234706787));
#4631=CARTESIAN_POINT('Ctrl Pts',(0.261855169908783,-8.92936299991715,14.3414062806265));
#4632=CARTESIAN_POINT('Ctrl Pts',(1.49333111395794,-8.89334496012228,14.3962890905743));
#4633=CARTESIAN_POINT('Ctrl Pts',(2.71720022813028,-8.5985367704726,14.4511719005221));
#4634=CARTESIAN_POINT('Ctrl Pts',(3.83018399840979,-8.07026683428919,14.5060547104699));
#4635=CARTESIAN_POINT('Ctrl Pts',(4.94316776868934,-7.54199689810576,14.5609375204176));
#4636=CARTESIAN_POINT('Ctrl Pts',(5.94526619507604,-6.78026521538858,14.6158203303654));
#4637=CARTESIAN_POINT('Ctrl Pts',(6.75194522832963,-5.84909068054054,14.6707031403132));
#4638=CARTESIAN_POINT('Ctrl Pts',(7.55862426158321,-4.91791614569253,14.725585950261));
#4639=CARTESIAN_POINT('Ctrl Pts',(8.16988390170369,-3.81729875871368,14.7804687602088));
#4640=CARTESIAN_POINT('Ctrl Pts',(8.53394593787693,-2.64039554028184,14.8353515701566));
#4641=CARTESIAN_POINT('Ctrl Pts',(8.89800797405018,-1.46349232184998,14.8902343801044));
#4642=CARTESIAN_POINT('Ctrl Pts',(9.01487240627617,-0.210303271965136,14.9451171900522));
#4643=CARTESIAN_POINT('Ctrl Pts',(8.87502261575915,1.01387781858846,15.));
#4644=CARTESIAN_POINT('',(-1.5,-9.21755294991972,7.));
#4645=CARTESIAN_POINT('Ctrl Pts',(3.70674417399743,-8.12746556272877,7.));
#4646=CARTESIAN_POINT('Ctrl Pts',(3.50508463899655,-8.23883981246436,7.00000000003676));
#4647=CARTESIAN_POINT('Ctrl Pts',(3.29925948559283,-8.34236394220474,7.00000000001447));
#4648=CARTESIAN_POINT('Ctrl Pts',(3.08975899786379,-8.43783505988031,6.99999999993667));
#4649=CARTESIAN_POINT('Ctrl Pts',(2.8797516680557,-8.53353714971397,6.99999999985868));
#4650=CARTESIAN_POINT('Ctrl Pts',(2.66605064053557,-8.62114762070589,6.99999999972494));
#4651=CARTESIAN_POINT('Ctrl Pts',(2.44911776493311,-8.70042103165189,6.99999999955435));
#4652=CARTESIAN_POINT('Ctrl Pts',(2.40133587629832,-8.71788188576634,6.99999999951677));
#4653=CARTESIAN_POINT('Ctrl Pts',(2.35339709039749,-8.7349380963544,6.99999999947747));
#4654=CARTESIAN_POINT('Ctrl Pts',(2.30530617670359,-8.75158674299485,6.99999999943673));
#4655=CARTESIAN_POINT('Ctrl Pts',(2.08721124204805,-8.82708926981861,6.99999999925198));
#4656=CARTESIAN_POINT('Ctrl Pts',(1.86598890925633,-8.89421345014889,6.99999999903663));
#4657=CARTESIAN_POINT('Ctrl Pts',(1.64213323702578,-8.95289573895474,6.9999999988271));
#4658=CARTESIAN_POINT('Ctrl Pts',(1.5948666273937,-8.9652863690856,6.99999999878286));
#4659=CARTESIAN_POINT('Ctrl Pts',(1.54748255849987,-8.97730045507072,6.99999999873892));
#4660=CARTESIAN_POINT('Ctrl Pts',(1.49998560138453,-8.98893711270329,6.99999999869572));
#4661=CARTESIAN_POINT('Ctrl Pts',(1.27355944409933,-9.0444110594866,6.99999999848975));
#4662=CARTESIAN_POINT('Ctrl Pts',(1.04509686231997,-9.09118215144198,6.9999999982784));
#4663=CARTESIAN_POINT('Ctrl Pts',(0.815126852782405,-9.12924285927211,6.9999999980617));
#4664=CARTESIAN_POINT('Ctrl Pts',(0.583820717329232,-9.16752469984125,6.99999999784374));
#4665=CARTESIAN_POINT('Ctrl Pts',(0.350988946642273,-9.19699485126409,6.99999999762041));
#4666=CARTESIAN_POINT('Ctrl Pts',(0.117151348179008,-9.217596637529,6.99999999740579));
#4667=CARTESIAN_POINT('Ctrl Pts',(0.0892334002525241,-9.22005629157915,
6.99999999738016));
#4668=CARTESIAN_POINT('Ctrl Pts',(0.061301100444874,-9.22238947628136,6.99999999735468));
#4669=CARTESIAN_POINT('Ctrl Pts',(0.0333553227192312,-9.22459604667536,
6.99999999732937));
#4670=CARTESIAN_POINT('Ctrl Pts',(-0.199085086024539,-9.24294930666832,
6.99999999711888));
#4671=CARTESIAN_POINT('Ctrl Pts',(-0.431971563983651,-9.25250887886037,
6.99999999692023));
#4672=CARTESIAN_POINT('Ctrl Pts',(-0.664797636197168,-9.25327361368712,
6.99999999672996));
#4673=CARTESIAN_POINT('Ctrl Pts',(-0.898263000691681,-9.25404044831768,
6.99999999653917));
#4674=CARTESIAN_POINT('Ctrl Pts',(-1.13166828670131,-9.24596424864183,6.99999999635687));
#4675=CARTESIAN_POINT('Ctrl Pts',(-1.36451713198686,-9.22899375902356,6.99999999619312));
#4676=CARTESIAN_POINT('Ctrl Pts',(-1.39399296507019,-9.22684550134714,6.99999999617239));
#4677=CARTESIAN_POINT('Ctrl Pts',(-1.42345989247394,-9.22455464965412,6.99999999615198));
#4678=CARTESIAN_POINT('Ctrl Pts',(-1.45291691520792,-9.22212104078515,6.99999999613192));
#4679=CARTESIAN_POINT('Ctrl Pts',(-1.46861682933194,-9.22082398335341,6.99999999612122));
#4680=CARTESIAN_POINT('Ctrl Pts',(-1.4843139299084,-9.21948637345954,6.99999999611063));
#4681=CARTESIAN_POINT('Ctrl Pts',(-1.5000080775426,-9.21810827121833,6.99999999610014));
#4682=CARTESIAN_POINT('',(-1.89940125182554,-9.17376096426129,7.00000001985274));
#4683=CARTESIAN_POINT('Ctrl Pts',(-1.89933347533847,-9.17424484025644,7.00000001526138));
#4684=CARTESIAN_POINT('Ctrl Pts',(-1.76653475477325,-9.19176124447325,7.00000001419434));
#4685=CARTESIAN_POINT('Ctrl Pts',(-1.63339757266125,-9.20639535837722,7.00000000258192));
#4686=CARTESIAN_POINT('Ctrl Pts',(-1.50000807754367,-9.21810827112149,6.99999999604435));
#4687=CARTESIAN_POINT('Ctrl Pts',(-1.89933959047235,-8.72848707313505,6.74448926438397));
#4688=CARTESIAN_POINT('Ctrl Pts',(-1.89936172303787,-8.87680784331798,6.82957313970837));
#4689=CARTESIAN_POINT('Ctrl Pts',(-1.89938221297573,-9.0251916846464,6.91472078230774));
#4690=CARTESIAN_POINT('Ctrl Pts',(-1.89940133415163,-9.17376136942196,6.99999931397805));
#4691=CARTESIAN_POINT('Origin',(0.,0.,-1.52091428037634));
#4692=CARTESIAN_POINT('Ctrl Pts',(-10.1475434352534,-0.00187229092184117,
7.34462268010153));
#4693=CARTESIAN_POINT('Ctrl Pts',(-10.1489408257828,-0.873145797297119,
7.37873893422839));
#4694=CARTESIAN_POINT('Ctrl Pts',(-10.0392632773126,-1.74386997909697,7.41285518835526));
#4695=CARTESIAN_POINT('Ctrl Pts',(-9.81646719853221,-2.58360291811347,7.44697144248212));
#4696=CARTESIAN_POINT('Ctrl Pts',(-9.09109915823998,-5.31756232923833,7.55804539195908));
#4697=CARTESIAN_POINT('Ctrl Pts',(-7.16668606581379,-7.72301768168275,7.66911934143605));
#4698=CARTESIAN_POINT('Ctrl Pts',(-4.65426196367708,-9.02130982259965,7.78019329091301));
#4699=CARTESIAN_POINT('Ctrl Pts',(-3.81678726296484,-9.45407386957195,7.81721794073867));
#4700=CARTESIAN_POINT('Ctrl Pts',(-2.9139780056181,-9.76381978193008,7.85424259056432));
#4701=CARTESIAN_POINT('Ctrl Pts',(-1.9857385896312,-9.94759333147805,7.89126724038998));
#4702=CARTESIAN_POINT('Ctrl Pts',(-0.74808603498201,-10.1926247308753,7.94063344015752));
#4703=CARTESIAN_POINT('Ctrl Pts',(0.534775690583026,-10.2137052630546,7.98999963992506));
#4704=CARTESIAN_POINT('Ctrl Pts',(1.77203590980308,-9.99387848451973,8.0393658396926));
#4705=CARTESIAN_POINT('Ctrl Pts',(4.24655634824319,-9.55422492745004,8.13809823922768));
#4706=CARTESIAN_POINT('Ctrl Pts',(6.53867076130338,-8.15094212752408,8.23683063876276));
#4707=CARTESIAN_POINT('Ctrl Pts',(8.07192426344962,-6.15207759186844,8.33556303829784));
#4708=CARTESIAN_POINT('Ctrl Pts',(8.83855101452273,-5.15264532404063,8.38492923806538));
#4709=CARTESIAN_POINT('Ctrl Pts',(9.41546253786735,-4.00431762228041,8.43429543783292));
#4710=CARTESIAN_POINT('Ctrl Pts',(9.75879979976266,-2.79275960319653,8.48366163760046));
#4711=CARTESIAN_POINT('Ctrl Pts',(10.4454743235533,-0.369643565028739,8.58239403713555));
#4712=CARTESIAN_POINT('Ctrl Pts',(10.1978518015466,2.30639374243367,8.68112643667062));
#4713=CARTESIAN_POINT('Ctrl Pts',(9.07214694686583,4.55435872419793,8.7798588362057));
#4714=CARTESIAN_POINT('Ctrl Pts',(8.22786830585523,6.24033246052112,8.85390813585701));
#4715=CARTESIAN_POINT('Ctrl Pts',(6.88966835271544,7.6855155136391,8.92795743550833));
#4716=CARTESIAN_POINT('Ctrl Pts',(5.27575878552337,8.66761508634389,9.00200673515964));
#4717=CARTESIAN_POINT('Ctrl Pts',(3.66184921833131,9.64971465904867,9.07605603481095));
#4718=CARTESIAN_POINT('Ctrl Pts',(1.77223003708698,10.1687307513402,9.15010533446226));
#4719=CARTESIAN_POINT('Ctrl Pts',(-0.114237846263197,10.1470219135764,9.22415463411357));
#4720=CARTESIAN_POINT('Ctrl Pts',(-2.00070572961337,10.1253130758125,9.29820393376488));
#4721=CARTESIAN_POINT('Ctrl Pts',(-3.88402231506943,9.56287930799312,9.37225323341619));
#4722=CARTESIAN_POINT('Ctrl Pts',(-5.47402199398378,8.54489280272521,9.4463025330675));
#4723=CARTESIAN_POINT('Ctrl Pts',(-7.06402167289813,7.5269062974573,9.52035183271881));
#4724=CARTESIAN_POINT('Ctrl Pts',(-8.3607044452708,6.05336705474087,9.59440113237012));
#4725=CARTESIAN_POINT('Ctrl Pts',(-9.16894869778596,4.34777352130347,9.66845043202144));
#4726=CARTESIAN_POINT('Ctrl Pts',(-9.80991900499875,2.99516902370825,9.72717451474604));
#4727=CARTESIAN_POINT('Ctrl Pts',(-10.1437039767538,1.49662256567895,9.78589859747066));
#4728=CARTESIAN_POINT('Ctrl Pts',(-10.1460886137631,-0.000723038898823372,
9.84462268019527));
#4729=CARTESIAN_POINT('Ctrl Pts',(-1.89947528832395,-9.80808456718251,7.36423570430041));
#4730=CARTESIAN_POINT('Ctrl Pts',(-1.89942850556027,-9.36550231470425,7.11001110659687));
#4731=CARTESIAN_POINT('Ctrl Pts',(-1.89937311696782,-8.92608311949844,6.85777299871786));
#4732=CARTESIAN_POINT('Ctrl Pts',(-1.89930199486921,-8.48663168759435,6.60577445674688));
#4733=CARTESIAN_POINT('Ctrl Pts',(-1.76631685888264,-9.87811399610186,7.24282380286694));
#4734=CARTESIAN_POINT('Ctrl Pts',(-1.76628567037352,-9.43567898149223,6.98833301038941));
#4735=CARTESIAN_POINT('Ctrl Pts',(-1.76624874464521,-8.9964246474793,6.73579597783867));
#4736=CARTESIAN_POINT('Ctrl Pts',(-1.76620132991281,-8.55716595143206,6.48344594317665));
#4737=CARTESIAN_POINT('Ctrl Pts',(-1.63315842944132,-9.94814342502122,7.12141190143347));
#4738=CARTESIAN_POINT('Ctrl Pts',(-1.63314283518676,-9.50585564828021,6.86665491418196));
#4739=CARTESIAN_POINT('Ctrl Pts',(-1.63312437232261,-9.06676617546016,6.61381895695947));
#4740=CARTESIAN_POINT('Ctrl Pts',(-1.6331006649564,-8.62770021526977,6.36111742960642));
#4741=CARTESIAN_POINT('Ctrl Pts',(-1.5,-10.0181728539406,7.));
#4742=CARTESIAN_POINT('Ctrl Pts',(-1.5,-9.57603231506818,6.7449768179745));
#4743=CARTESIAN_POINT('Ctrl Pts',(-1.5,-9.13710770344102,6.49184193608028));
#4744=CARTESIAN_POINT('Ctrl Pts',(-1.5,-8.69823447910749,6.2387889160362));
#4745=CARTESIAN_POINT('',(-1.5,-10.0181728538804,6.99999999998263));
#4746=CARTESIAN_POINT('Ctrl Pts',(-1.5,-10.0181728539406,7.));
#4747=CARTESIAN_POINT('Ctrl Pts',(-1.56638420969817,-9.87832141912561,7.));
#4748=CARTESIAN_POINT('Ctrl Pts',(-1.63273091507316,-9.73831788264331,7.00000000000002));
#4749=CARTESIAN_POINT('Ctrl Pts',(-1.76583720305782,-9.4569277386961,7.00000000000002));
#4750=CARTESIAN_POINT('Ctrl Pts',(-1.83270306628748,-9.31531093568374,7.));
#4751=CARTESIAN_POINT('Ctrl Pts',(-1.89940123848564,-9.17376095797554,7.));
#4752=CARTESIAN_POINT('',(-1.5,-9.03521752263306,6.43310243848545));
#4753=CARTESIAN_POINT('Ctrl Pts',(-1.5,-10.0181728539406,7.));
#4754=CARTESIAN_POINT('Ctrl Pts',(-1.5,-9.68917507178617,6.81023666932164));
#4755=CARTESIAN_POINT('Ctrl Pts',(-1.5,-9.36195791059973,6.62151886814416));
#4756=CARTESIAN_POINT('Ctrl Pts',(-1.5,-9.03521757786123,6.43310234271983));
#4757=CARTESIAN_POINT('',(-1.69787852004912,-8.59337237533413,6.42065265978995));
#4758=CARTESIAN_POINT('Ctrl Pts',(-1.5,-9.03536149326765,6.43302497817331));
#4759=CARTESIAN_POINT('Ctrl Pts',(-1.56615925673895,-8.88817876594875,6.42905155341676));
#4760=CARTESIAN_POINT('Ctrl Pts',(-1.63217137470479,-8.74070730228907,6.42495503492407));
#4761=CARTESIAN_POINT('Ctrl Pts',(-1.69787852004912,-8.59337237533413,6.42065265978995));
#4762=CARTESIAN_POINT('Ctrl Pts',(-1.69787852004912,-8.59337237533413,6.42065265978995));
#4763=CARTESIAN_POINT('Ctrl Pts',(-1.70688775626305,-8.59159233043682,6.43065424106038));
#4764=CARTESIAN_POINT('Ctrl Pts',(-1.71590017677118,-8.5897969354671,6.44065022143404));
#4765=CARTESIAN_POINT('Ctrl Pts',(-1.72491573129939,-8.58798614169328,6.45064052209331));
#4766=CARTESIAN_POINT('Origin',(0.,0.,4.));
#4767=CARTESIAN_POINT('',(-1.72190150946742,-8.58859100444851,6.39176477526001));
#4768=CARTESIAN_POINT('Ctrl Pts',(-1.72190150983846,-8.58859132283609,6.39176460239798));
#4769=CARTESIAN_POINT('Ctrl Pts',(-1.7138909432579,-8.59019708056876,6.40138969099572));
#4770=CARTESIAN_POINT('Ctrl Pts',(-1.70588326771677,-8.5917907755846,6.41101904780926));
#4771=CARTESIAN_POINT('Ctrl Pts',(-1.69787852004911,-8.59337237533414,6.42065265978995));
#4772=CARTESIAN_POINT('',(-4.71443647309893,7.38260990376131,5.44661563623328));
#4773=CARTESIAN_POINT('Ctrl Pts',(-4.71443647309893,7.38260990376131,5.44661563623328));
#4774=CARTESIAN_POINT('Ctrl Pts',(-6.38959396859241,6.31287661189173,5.53689861181397));
#4775=CARTESIAN_POINT('Ctrl Pts',(-8.96636495790462,3.01284146576401,5.7165638267811));
#4776=CARTESIAN_POINT('Ctrl Pts',(-8.87335313967698,-3.29003908837141,5.98671888387944));
#4777=CARTESIAN_POINT('Ctrl Pts',(-5.51243810936869,-7.31897237479134,6.21176484619551));
#4778=CARTESIAN_POINT('Ctrl Pts',(-2.69496390765821,-8.39350456810722,6.34668529408297));
#4779=CARTESIAN_POINT('Ctrl Pts',(-1.72190150946742,-8.58859100444851,6.39176477526001));
#4780=CARTESIAN_POINT('Ctrl Pts',(-4.68533169629231,7.40111526364227,5.4787674680399));
#4781=CARTESIAN_POINT('Ctrl Pts',(-4.69503433167641,7.39497293731937,5.46803593363177));
#4782=CARTESIAN_POINT('Ctrl Pts',(-4.70473596998186,7.38880451600531,5.45731860342235));
#4783=CARTESIAN_POINT('Ctrl Pts',(-4.71443647309893,7.38260990376131,5.44661563623328));
#4784=CARTESIAN_POINT('Ctrl Pts',(-1.89623514222158,-8.48204976550786,6.22207820024912));
#4785=CARTESIAN_POINT('Ctrl Pts',(-1.89672254838401,-9.06053022660385,5.90182073844808));
#4786=CARTESIAN_POINT('Ctrl Pts',(-1.89707555697745,-9.63873328916178,5.5791132282215));
#4787=CARTESIAN_POINT('Ctrl Pts',(-1.89736262165847,-10.2152327138025,5.25585165270023));
#4788=CARTESIAN_POINT('Ctrl Pts',(-1.76415676148105,-8.5561753978393,6.35430163088293));
#4789=CARTESIAN_POINT('Ctrl Pts',(-1.76448169892268,-9.13430312804664,6.0328939682891));
#4790=CARTESIAN_POINT('Ctrl Pts',(-1.76471703798497,-9.7121909568385,5.70926248925217));
#4791=CARTESIAN_POINT('Ctrl Pts',(-1.76490841443898,-10.2884081570582,5.38520794650303));
#4792=CARTESIAN_POINT('Ctrl Pts',(-1.63207838074053,-8.63030103017075,6.48652506151674));
#4793=CARTESIAN_POINT('Ctrl Pts',(-1.63224084946134,-9.20807602948943,6.16396719813011));
#4794=CARTESIAN_POINT('Ctrl Pts',(-1.63235851899249,-9.78564862451521,5.83941175028284));
#4795=CARTESIAN_POINT('Ctrl Pts',(-1.63245420721949,-10.3615836003138,5.51456424030582));
#4796=CARTESIAN_POINT('Ctrl Pts',(-1.5,-8.7044266625022,6.61874849215055));
#4797=CARTESIAN_POINT('Ctrl Pts',(-1.5,-9.28184893093221,6.29504042797112));
#4798=CARTESIAN_POINT('Ctrl Pts',(-1.5,-9.85910629219193,5.96956101131351));
#4799=CARTESIAN_POINT('Ctrl Pts',(-1.5,-10.4347590435695,5.64392053410861));
#4800=CARTESIAN_POINT('',(-1.5,-10.4347590435695,5.64392053410861));
#4801=CARTESIAN_POINT('Ctrl Pts',(-1.5,-9.03521898356561,6.43310503891412));
#4802=CARTESIAN_POINT('Ctrl Pts',(-1.5,-9.50227434988396,6.17071741293368));
#4803=CARTESIAN_POINT('Ctrl Pts',(-1.5,-9.96904182196679,5.90737168225708));
#4804=CARTESIAN_POINT('Ctrl Pts',(-1.5,-10.4347590432212,5.64392053430563));
#4805=CARTESIAN_POINT('',(-1.89436212465975,-9.96783733831741,5.39817938317067));
#4806=CARTESIAN_POINT('Ctrl Pts',(-1.5,-10.4347590435695,5.64392053410861));
#4807=CARTESIAN_POINT('Ctrl Pts',(-1.56534992788715,-10.3573852344252,5.603445426204));
#4808=CARTESIAN_POINT('Ctrl Pts',(-1.63067786500949,-10.2800374621763,5.56286405279447));
#4809=CARTESIAN_POINT('Ctrl Pts',(-1.76213017155799,-10.1243989479911,5.4809573748323));
#4810=CARTESIAN_POINT('Ctrl Pts',(-1.82826329653348,-10.0460978395518,5.43962332741665));
#4811=CARTESIAN_POINT('Ctrl Pts',(-1.89436212465983,-9.9678373383169,5.39817938317086));
#4812=CARTESIAN_POINT('',(-1.89723474499332,-9.96729097522944,5.39478167517473));
#4813=CARTESIAN_POINT('Ctrl Pts',(-1.89436230063498,-9.9677889550732,5.39820907988803));
#4814=CARTESIAN_POINT('Ctrl Pts',(-1.89531980699422,-9.96760704252284,5.39707641822027));
#4815=CARTESIAN_POINT('Ctrl Pts',(-1.89627734710285,-9.96742498181306,5.39594381002664));
#4816=CARTESIAN_POINT('Ctrl Pts',(-1.89723492091694,-9.96724277290211,5.39481125536874));
#4817=CARTESIAN_POINT('',(-1.89643512542953,-8.72911842492123,6.0851383969705));
#4818=CARTESIAN_POINT('Ctrl Pts',(-1.89723494718461,-9.96729207907476,5.39478364672449));
#4819=CARTESIAN_POINT('Ctrl Pts',(-1.89701538681543,-9.55515965391674,5.62555433048895));
#4820=CARTESIAN_POINT('Ctrl Pts',(-1.8967571731202,-9.14226223089992,5.85590366732416));
#4821=CARTESIAN_POINT('Ctrl Pts',(-1.8964353559298,-8.72911964951123,6.08514060430283));
#4822=CARTESIAN_POINT('Ctrl Pts',(-1.89643542483828,-8.72920811411947,6.08509151867326));
#4823=CARTESIAN_POINT('Ctrl Pts',(-1.86716922982692,-8.70598995258308,6.1362024626659));
#4824=CARTESIAN_POINT('Ctrl Pts',(-1.83799095903011,-8.68266901349338,6.18731011106595));
#4825=CARTESIAN_POINT('Ctrl Pts',(-1.80890367679627,-8.65923615567834,6.23841754169566));
#4826=CARTESIAN_POINT('Ctrl Pts',(-1.77981231969829,-8.63580001513269,6.28953213201236));
#4827=CARTESIAN_POINT('Ctrl Pts',(-1.75081053213941,-8.61224022103319,6.3406549083724));
#4828=CARTESIAN_POINT('Ctrl Pts',(-1.72190150983847,-8.58859132283609,6.39176460239797));
#4829=CARTESIAN_POINT('Origin',(-1.69718106232988,-10.2012981909435,-1.52091428037634));
#4830=CARTESIAN_POINT('',(-1.5,-10.4347590435695,5.20207319351583));
#4831=CARTESIAN_POINT('',(-1.5,-10.4347590435695,-1.52091428037634));
#4832=CARTESIAN_POINT('',(-1.89436212446463,-9.96783733835449,4.95565099748579));
#4833=CARTESIAN_POINT('Ctrl Pts',(-1.89429626169502,-9.9674728536316,4.95565099607245));
#4834=CARTESIAN_POINT('Ctrl Pts',(-1.79238960999622,-10.0883454166755,5.01793208572917));
#4835=CARTESIAN_POINT('Ctrl Pts',(-1.69063251071847,-10.2089750717651,5.08126124981711));
#4836=CARTESIAN_POINT('Ctrl Pts',(-1.58916162421024,-10.3291690643454,5.14542880178179));
#4837=CARTESIAN_POINT('Ctrl Pts',(-1.55941471418495,-10.3644047857025,5.16423997472529));
#4838=CARTESIAN_POINT('Ctrl Pts',(-1.52969274678337,-10.3996030610481,5.18312319961347));
#4839=CARTESIAN_POINT('Ctrl Pts',(-1.5,-10.4347590435695,5.20207319351583));
#4840=CARTESIAN_POINT('',(-1.89436212465975,-9.96783733831741,-1.52091428037634));
#4841=CARTESIAN_POINT('Ctrl Pts',(-4.30587570510214,7.82645571367316,5.1203849088753));
#4842=CARTESIAN_POINT('Ctrl Pts',(-5.21912088109285,7.32401624937897,5.16681316750577));
#4843=CARTESIAN_POINT('Ctrl Pts',(-7.70196768891809,5.33971409132702,5.3060979433972));
#4844=CARTESIAN_POINT('Ctrl Pts',(-9.69613367115791,0.173223325287592,5.53823923654956));
#4845=CARTESIAN_POINT('Ctrl Pts',(-7.52243163550475,-6.11669031027479,5.81680878833242));
#4846=CARTESIAN_POINT('Ctrl Pts',(-3.71904374352463,-8.38501860025537,6.00252182285431));
#4847=CARTESIAN_POINT('Ctrl Pts',(-1.67118124207937,-8.77502865419813,6.09537834011526));
#4848=CARTESIAN_POINT('Ctrl Pts',(-4.50116682168933,8.18069141860936,4.88685371071697));
#4849=CARTESIAN_POINT('Ctrl Pts',(-5.4557466822343,7.65546403895388,4.93328196934744));
#4850=CARTESIAN_POINT('Ctrl Pts',(-8.05094605226907,5.58120897270682,5.07256674523887));
#4851=CARTESIAN_POINT('Ctrl Pts',(-10.1352103637489,0.180685564977714,5.30470803839124));
#4852=CARTESIAN_POINT('Ctrl Pts',(-7.86282891969188,-6.3939685484922,5.58327759017408));
#4853=CARTESIAN_POINT('Ctrl Pts',(-3.88712293079677,-8.76486371192187,5.76899062469598));
#4854=CARTESIAN_POINT('Ctrl Pts',(-1.74651174804651,-9.17245395502868,5.86184714195693));
#4855=CARTESIAN_POINT('Ctrl Pts',(-4.69643686747254,8.53493794767764,4.65332132871644));
#4856=CARTESIAN_POINT('Ctrl Pts',(-5.69235267149588,7.986925102979,4.69974958734691));
#4857=CARTESIAN_POINT('Ctrl Pts',(-8.39990968550808,5.82272386746797,4.83903436323834));
#4858=CARTESIAN_POINT('Ctrl Pts',(-10.5742858682536,0.188173479687483,5.07117565639071));
#4859=CARTESIAN_POINT('Ctrl Pts',(-8.20324184174168,-6.67122638059353,5.34974520817355));
#4860=CARTESIAN_POINT('Ctrl Pts',(-4.05522406904318,-9.14469835138514,5.53545824269545));
#4861=CARTESIAN_POINT('Ctrl Pts',(-1.82186538882455,-9.56987416457846,5.6283147599564));
#4862=CARTESIAN_POINT('Ctrl Pts',(-4.89169263792309,8.88919187545172,4.4197882439346));
#4863=CARTESIAN_POINT('Ctrl Pts',(-5.92894524570691,8.31839522528888,4.46621650256508));
#4864=CARTESIAN_POINT('Ctrl Pts',(-8.74886337005399,6.064252382584,4.6055012784565));
#4865=CARTESIAN_POINT('Ctrl Pts',(-11.0133606295294,0.195678823532803,4.83764257160887));
#4866=CARTESIAN_POINT('Ctrl Pts',(-8.54366542766198,-6.94847040007254,5.11621212339172));
#4867=CARTESIAN_POINT('Ctrl Pts',(-4.22334013262529,-9.52452593777928,5.30192515791361));
#4868=CARTESIAN_POINT('Ctrl Pts',(-1.89723474499192,-9.9672909752301,5.39478167517456));
#4869=CARTESIAN_POINT('',(-4.89169263792469,8.8891918754504,4.41978824393491));
#4870=CARTESIAN_POINT('Ctrl Pts',(-4.89169263792469,8.8891918754504,4.4197882439349));
#4871=CARTESIAN_POINT('Ctrl Pts',(-5.92894524570776,8.3183952252877,4.46621650256535));
#4872=CARTESIAN_POINT('Ctrl Pts',(-6.86891795382279,7.56701427771978,4.5126447611958));
#4873=CARTESIAN_POINT('Ctrl Pts',(-7.64653290986447,6.67485540873805,4.55907301982625));
#4874=CARTESIAN_POINT('Ctrl Pts',(-9.20176282194873,4.89053767077357,4.6519295370872));
#4875=CARTESIAN_POINT('Ctrl Pts',(-10.1075617257389,2.54310824715319,4.74478605434814));
#4876=CARTESIAN_POINT('Ctrl Pts',(-10.1488453106561,0.178701998075479,4.83764257160909));
#4877=CARTESIAN_POINT('Ctrl Pts',(-10.1901288955732,-2.18570425100223,4.93049908887004));
#4878=CARTESIAN_POINT('Ctrl Pts',(-9.36689716161744,-4.56708732553725,5.02335560613099));
#4879=CARTESIAN_POINT('Ctrl Pts',(-7.87519997088042,-6.40179274723142,5.11621212339194));
#4880=CARTESIAN_POINT('Ctrl Pts',(-6.38350278014718,-8.23649816892093,5.20906864065265));
#4881=CARTESIAN_POINT('Ctrl Pts',(-4.22334013263611,-9.52452593777237,5.30192515791336));
#4882=CARTESIAN_POINT('Ctrl Pts',(-1.89723474500958,-9.96729097522634,5.39478167517408));
#4883=CARTESIAN_POINT('',(-4.88948530998875,7.66539379206275,5.05420244996631));
#4884=CARTESIAN_POINT('Ctrl Pts',(-4.8894865522163,7.66540459655459,5.05422360801525));
#4885=CARTESIAN_POINT('Ctrl Pts',(-4.89035646395644,8.0755752101643,4.84471567326426));
#4886=CARTESIAN_POINT('Ctrl Pts',(-4.8910739418296,8.482713001343,4.63329802848127));
#4887=CARTESIAN_POINT('Ctrl Pts',(-4.89169374412156,8.88920158446663,4.41980673308089));
#4888=CARTESIAN_POINT('',(-6.00345104767091,6.61457105074124,5.21350267694864));
#4889=CARTESIAN_POINT('Ctrl Pts',(-4.88971539426169,7.66550452507333,5.05420245102309));
#4890=CARTESIAN_POINT('Ctrl Pts',(-5.07455497162935,7.51900495344568,5.07848644012241));
#4891=CARTESIAN_POINT('Ctrl Pts',(-5.25344797690432,7.36559810589984,5.10282596284007));
#4892=CARTESIAN_POINT('Ctrl Pts',(-5.42592016059704,7.20562689620722,5.12724028498213));
#4893=CARTESIAN_POINT('Ctrl Pts',(-5.59698602349684,7.04696007562617,5.1514555352035));
#4894=CARTESIAN_POINT('Ctrl Pts',(-5.7617357849719,6.88183495600775,5.17574437000856));
#4895=CARTESIAN_POINT('Ctrl Pts',(-5.91966540112406,6.71055603045142,5.20012558773141));
#4896=CARTESIAN_POINT('Ctrl Pts',(-5.94852857734876,6.67925313785688,5.20458149284188));
#4897=CARTESIAN_POINT('Ctrl Pts',(-5.97716383091013,6.64774463240555,5.20904048364557));
#4898=CARTESIAN_POINT('Ctrl Pts',(-6.00556791660586,6.61603228506707,5.21350267489454));
#4899=CARTESIAN_POINT('Ctrl Pts',(-1.89643881038448,-8.72913533770024,6.08513879097871));
#4900=CARTESIAN_POINT('Ctrl Pts',(-2.83410837998311,-8.52564000189623,6.04240507904473));
#4901=CARTESIAN_POINT('Ctrl Pts',(-5.64551762620126,-7.42987725001791,5.90981297540118));
#4902=CARTESIAN_POINT('Ctrl Pts',(-9.04366228159174,-3.36907471698417,5.6870990257651));
#4903=CARTESIAN_POINT('Ctrl Pts',(-9.13985074448802,2.53166559300897,5.43907988125221));
#4904=CARTESIAN_POINT('Ctrl Pts',(-7.12988219407239,5.58560423509599,5.28144949295769));
#4905=CARTESIAN_POINT('Ctrl Pts',(-6.00202449399959,6.61300488795918,5.2135007552498));
#4906=CARTESIAN_POINT('Origin',(0.,0.,-1.52091428037634));
#4907=CARTESIAN_POINT('',(-5.32036248131477,8.6394520734777,4.));
#4908=CARTESIAN_POINT('Ctrl Pts',(-1.89429626158893,-9.96747285356312,4.95565099602567));
#4909=CARTESIAN_POINT('Ctrl Pts',(-4.06686416220769,-9.55118429625818,4.8689054064456));
#4910=CARTESIAN_POINT('Ctrl Pts',(-6.10155050615842,-8.40543702419909,4.78215981686552));
#4911=CARTESIAN_POINT('Ctrl Pts',(-7.57146448038499,-6.75887785208969,4.69541422728544));
#4912=CARTESIAN_POINT('Ctrl Pts',(-9.14264767274633,-4.99887955163954,4.6026923301204));
#4913=CARTESIAN_POINT('Ctrl Pts',(-10.0685582215294,-2.66668573312824,4.50997043295536));
#4914=CARTESIAN_POINT('Ctrl Pts',(-10.1440503227995,-0.303116099202935,
4.41724853579032));
#4915=CARTESIAN_POINT('Ctrl Pts',(-10.1817963734346,0.878668717759737,4.3708875872078));
#4916=CARTESIAN_POINT('Ctrl Pts',(-10.0069378121915,2.06829748857591,4.32452663862528));
#4917=CARTESIAN_POINT('Ctrl Pts',(-9.63219223760989,3.18939038971249,4.27816569004276));
#4918=CARTESIAN_POINT('Ctrl Pts',(-8.88270108844677,5.43157619198542,4.18544379287773));
#4919=CARTESIAN_POINT('Ctrl Pts',(-7.33366188593,7.39961851554002,4.0927218957127));
#4920=CARTESIAN_POINT('Ctrl Pts',(-5.32036246523002,8.63945208436013,3.99999999854766));
#4921=CARTESIAN_POINT('',(-4.9,8.88461530188561,4.));
#4922=CARTESIAN_POINT('Origin',(0.,0.,4.));
#4923=CARTESIAN_POINT('',(-4.85494043244074,8.9093177325737,4.04505956755926));
#4924=CARTESIAN_POINT('Origin',(0.,0.,8.9));
#4925=CARTESIAN_POINT('',(-4.85494043244074,8.9093177325737,4.46020378831122));
#4926=CARTESIAN_POINT('',(-4.85494043244074,8.9093177325737,-1.52091428037634));
#4927=CARTESIAN_POINT('Ctrl Pts',(-4.89169263792469,8.8891918754504,4.41978824393491));
#4928=CARTESIAN_POINT('Ctrl Pts',(-4.8794415174288,8.89593362619397,4.43324293318298));
#4929=CARTESIAN_POINT('Ctrl Pts',(-4.86719072266968,8.90264220127862,4.44671485492892));
#4930=CARTESIAN_POINT('Ctrl Pts',(-4.85494043244074,8.9093177325737,4.46020378831122));
#4931=CARTESIAN_POINT('Ctrl Pts',(4.8744151546102,-8.12201464603475,4.67381393857648));
#4932=CARTESIAN_POINT('Ctrl Pts',(4.87420788968153,-8.07915127692722,4.71067322213614));
#4933=CARTESIAN_POINT('Ctrl Pts',(4.87398056314307,-8.03625513297838,4.7474951355658));
#4934=CARTESIAN_POINT('Ctrl Pts',(4.873731763297,-7.99332522580276,4.78427855190062));
#4935=CARTESIAN_POINT('Ctrl Pts',(4.84730042505231,-8.14783637293938,4.70325607323612));
#4936=CARTESIAN_POINT('Ctrl Pts',(4.84710817001952,-8.10499932965069,4.7401453737));
#4937=CARTESIAN_POINT('Ctrl Pts',(4.84689730621644,-8.0621318850383,4.77700001033718));
#4938=CARTESIAN_POINT('Ctrl Pts',(4.84666652417883,-8.01923312229449,4.81381893779637));
#4939=CARTESIAN_POINT('Ctrl Pts',(4.82018569549442,-8.17365809984401,4.73269820789576));
#4940=CARTESIAN_POINT('Ctrl Pts',(4.82000845035751,-8.13084738237416,4.76961752526386));
#4941=CARTESIAN_POINT('Ctrl Pts',(4.81981404928981,-8.08800863709821,4.80650488510857));
#4942=CARTESIAN_POINT('Ctrl Pts',(4.81960128506066,-8.04514101878621,4.84335932369212));
#4943=CARTESIAN_POINT('Ctrl Pts',(4.79307096593652,-8.19947982674864,4.7621403425554));
#4944=CARTESIAN_POINT('Ctrl Pts',(4.7929087306955,-8.15669543509764,4.79908967682772));
#4945=CARTESIAN_POINT('Ctrl Pts',(4.79273079236318,-8.11388538915812,4.83600975987995));
#4946=CARTESIAN_POINT('Ctrl Pts',(4.79253604594249,-8.07104891527794,4.87289970958787));
#4947=CARTESIAN_POINT('',(4.79307096593653,-8.19947982674864,4.7621403425554));
#4948=CARTESIAN_POINT('Ctrl Pts',(4.79307096593652,-8.19947982674864,4.7621403425554));
#4949=CARTESIAN_POINT('Ctrl Pts',(4.82018569549442,-8.17365809984401,4.73269820789576));
#4950=CARTESIAN_POINT('Ctrl Pts',(4.84730042505231,-8.14783637293938,4.70325607323612));
#4951=CARTESIAN_POINT('Ctrl Pts',(4.8744151546102,-8.12201464603475,4.67381393857648));
#4952=CARTESIAN_POINT('Ctrl Pts',(4.79307090138839,-8.19941827329672,4.76210772202428));
#4953=CARTESIAN_POINT('Ctrl Pts',(4.82024403022884,-8.13046030791897,4.76953930158545));
#4954=CARTESIAN_POINT('Ctrl Pts',(4.84719865955437,-8.06161523290555,4.77695980024524));
#4955=CARTESIAN_POINT('Ctrl Pts',(4.8737317635926,-7.99332520843455,4.78427853131739));
#4956=CARTESIAN_POINT('Origin',(1.89561540491184,11.342691137321,4.4));
#4957=CARTESIAN_POINT('',(1.89561540491184,11.342691137321,4.4));
#4958=CARTESIAN_POINT('',(1.5,11.0017542509914,4.4));
#4959=CARTESIAN_POINT('',(1.89561540491185,11.342691137321,4.4));
#4960=CARTESIAN_POINT('',(1.9,10.9361784915939,4.));
#4961=CARTESIAN_POINT('Ctrl Pts',(1.89561540491185,11.342691137321,4.4));
#4962=CARTESIAN_POINT('Ctrl Pts',(1.89795531043436,11.1364757908837,4.19699118074261));
#4963=CARTESIAN_POINT('Ctrl Pts',(1.9,10.9361784915938,3.99999999999994));
#4964=CARTESIAN_POINT('',(1.5,11.0017542509914,4.4));
#4965=CARTESIAN_POINT('Origin',(-4.5,10.1830052442584,4.4));
#4966=CARTESIAN_POINT('',(-4.5,10.1830052442584,4.4));
#4967=CARTESIAN_POINT('',(-4.86532674084098,10.4201053595853,4.4));
#4968=CARTESIAN_POINT('',(-4.5,10.1830052442584,4.4));
#4969=CARTESIAN_POINT('',(-4.9,9.95991967839098,4.));
#4970=CARTESIAN_POINT('',(-4.9,9.95991967839098,4.));
#4971=CARTESIAN_POINT('Ctrl Pts',(-4.9,9.95991967839098,4.));
#4972=CARTESIAN_POINT('Ctrl Pts',(-4.88401440918788,10.1881182854312,4.19770363980737));
#4973=CARTESIAN_POINT('Ctrl Pts',(-4.86532674084098,10.4201053595853,4.4));
#4974=CARTESIAN_POINT('Origin',(-4.7,5.70087712549569,4.2));
#4975=CARTESIAN_POINT('',(-4.9,5.70087712549569,4.));
#4976=CARTESIAN_POINT('',(-4.5,9.49375549828012,4.4));
#4977=CARTESIAN_POINT('',(-4.5,5.70087712549569,4.4));
#4978=CARTESIAN_POINT('',(-4.5,9.49375549828012,4.4));
#4979=CARTESIAN_POINT('Ctrl Pts',(-1.89680740332437,-9.35309609350106,4.60275563071908));
#4980=CARTESIAN_POINT('Ctrl Pts',(-1.89681310337974,-9.36165808647564,4.59436332159067));
#4981=CARTESIAN_POINT('Ctrl Pts',(-1.89681875552697,-9.370219857309,4.58597078751891));
#4982=CARTESIAN_POINT('Ctrl Pts',(-1.89694841001829,-9.56826952459769,4.39182571972235));
#4983=CARTESIAN_POINT('Ctrl Pts',(-1.89706532465513,-9.76330549071641,4.20041750586818));
#4984=CARTESIAN_POINT('Ctrl Pts',(-1.89717594678502,-9.9644274049188,4.0028240505265));
#4985=CARTESIAN_POINT('Ctrl Pts',(-1.76453826888291,-9.45859760440589,4.70958796520838));
#4986=CARTESIAN_POINT('Ctrl Pts',(-1.76454206891989,-9.46714909386544,4.70118502007086));
#4987=CARTESIAN_POINT('Ctrl Pts',(-1.76454583701805,-9.47570043523074,4.692781924971));
#4988=CARTESIAN_POINT('Ctrl Pts',(-1.76463227408536,-9.6735370576959,4.49836809304644));
#4989=CARTESIAN_POINT('Ctrl Pts',(-1.76471021715741,-9.86837498614315,4.30670979108799));
#4990=CARTESIAN_POINT('Ctrl Pts',(-1.76478396452335,-10.0693032609959,4.1088737136468));
#4991=CARTESIAN_POINT('Ctrl Pts',(-1.63226913444146,-9.56409911531073,4.81642029969767));
#4992=CARTESIAN_POINT('Ctrl Pts',(-1.63227103445985,-9.57264010125493,4.80800671855073));
#4993=CARTESIAN_POINT('Ctrl Pts',(-1.63227291850893,-9.58118101315217,4.79959306242278));
#4994=CARTESIAN_POINT('Ctrl Pts',(-1.63231613593294,-9.77880459031156,4.60491046159632));
#4995=CARTESIAN_POINT('Ctrl Pts',(-1.63235510749772,-9.97344448106951,4.41300207164532));
#4996=CARTESIAN_POINT('Ctrl Pts',(-1.63239198226168,-10.1741791170729,4.21492337676711));
#4997=CARTESIAN_POINT('Ctrl Pts',(-1.5,-9.66960062621555,4.92325263418697));
#4998=CARTESIAN_POINT('Ctrl Pts',(-1.5,-9.67813110864473,4.91482841703092));
#4999=CARTESIAN_POINT('Ctrl Pts',(-1.5,-9.68666159107391,4.90640419987488));
#5000=CARTESIAN_POINT('Ctrl Pts',(-1.5,-9.88407212340977,4.71145283492042));
#5001=CARTESIAN_POINT('Ctrl Pts',(-1.5,-10.0785139764963,4.51929435686512));
#5002=CARTESIAN_POINT('Ctrl Pts',(-1.5,-10.27905497315,4.32097303988741));
#5003=CARTESIAN_POINT('',(-1.89717594678352,-9.96442740218108,4.00282405321619));
#5004=CARTESIAN_POINT('',(-1.89680740332437,-9.35309609350106,4.60275563071908));
#5005=CARTESIAN_POINT('Ctrl Pts',(-1.89717594678352,-9.9644274021811,4.00282405321617));
#5006=CARTESIAN_POINT('Ctrl Pts',(-1.89706532465407,-9.7633054889465,4.20041750760517));
#5007=CARTESIAN_POINT('Ctrl Pts',(-1.89694841001773,-9.5682695237379,4.39182572056519));
#5008=CARTESIAN_POINT('Ctrl Pts',(-1.89681875552697,-9.370219857309,4.58597078751891));
#5009=CARTESIAN_POINT('Ctrl Pts',(-1.89681310337974,-9.36165808647564,4.59436332159067));
#5010=CARTESIAN_POINT('Ctrl Pts',(-1.89680740332437,-9.35309609350106,4.60275563071908));
#5011=CARTESIAN_POINT('',(-1.5,-9.77349762323164,4.82064199909887));
#5012=CARTESIAN_POINT('Ctrl Pts',(-1.89671232217537,-9.35256049123196,4.60275563071908));
#5013=CARTESIAN_POINT('Ctrl Pts',(-1.77563062538782,-9.48246033408382,4.66824043325053));
#5014=CARTESIAN_POINT('Ctrl Pts',(-1.65412417724979,-9.61147064656628,4.73492532885542));
#5015=CARTESIAN_POINT('Ctrl Pts',(-1.53236777183005,-9.73947683476309,4.80262283407924));
#5016=CARTESIAN_POINT('Ctrl Pts',(-1.52157928708,-9.75081909478229,4.80862131522859));
#5017=CARTESIAN_POINT('Ctrl Pts',(-1.51078887350465,-9.76215347208432,4.81462774659923));
#5018=CARTESIAN_POINT('Ctrl Pts',(-1.499996672041,-9.77347988787615,4.82064199776268));
#5019=CARTESIAN_POINT('',(-1.5,-10.1991364314402,4.4));
#5020=CARTESIAN_POINT('Ctrl Pts',(-1.5,-9.77349762593091,4.82064200182962));
#5021=CARTESIAN_POINT('Ctrl Pts',(-1.5,-9.9123122633718,4.68352872927783));
#5022=CARTESIAN_POINT('Ctrl Pts',(-1.5,-10.0541226979622,4.5433831471706));
#5023=CARTESIAN_POINT('Ctrl Pts',(-1.5,-10.199136433792,4.40000000237855));
#5024=CARTESIAN_POINT('Ctrl Pts',(-1.50000000057497,-10.1991364310996,4.39999999942503));
#5025=CARTESIAN_POINT('Ctrl Pts',(-1.56616405119265,-10.1599382974428,4.33383594880736));
#5026=CARTESIAN_POINT('Ctrl Pts',(-1.63234024556525,-10.1207825705465,4.26765975443475));
#5027=CARTESIAN_POINT('Ctrl Pts',(-1.76474053531338,-10.0425414800218,4.13525946468662));
#5028=CARTESIAN_POINT('Ctrl Pts',(-1.83095548994367,-10.0034615338654,4.06904451005633));
#5029=CARTESIAN_POINT('Ctrl Pts',(-1.89717594724254,-9.96442740191021,4.00282405275746));
#5030=CARTESIAN_POINT('Origin',(4.5,-10.1830052442584,4.4));
#5031=CARTESIAN_POINT('',(4.5,-10.1830052442584,4.4));
#5032=CARTESIAN_POINT('',(4.86532674084098,-10.4201053595853,4.4));
#5033=CARTESIAN_POINT('',(4.5,-10.1830052442584,4.4));
#5034=CARTESIAN_POINT('',(4.9,-9.95991967839099,4.));
#5035=CARTESIAN_POINT('',(4.9,-9.95991967839099,4.));
#5036=CARTESIAN_POINT('Ctrl Pts',(4.9,-9.95991967839098,4.));
#5037=CARTESIAN_POINT('Ctrl Pts',(4.88401440918787,-10.1881182854312,4.19770363980737));
#5038=CARTESIAN_POINT('Ctrl Pts',(4.86532674084098,-10.4201053595853,4.4));
#5039=CARTESIAN_POINT('Origin',(4.7,-5.70087712549569,4.2));
#5040=CARTESIAN_POINT('',(4.9,-5.70087712549569,4.));
#5041=CARTESIAN_POINT('',(4.5,-9.24663431521749,4.4));
#5042=CARTESIAN_POINT('',(4.5,-5.70087712549569,4.4));
#5043=CARTESIAN_POINT('Ctrl Pts',(4.5,-9.24663431521749,4.4));
#5044=CARTESIAN_POINT('Ctrl Pts',(4.56297320988206,-9.18417306854479,4.33702679011794));
#5045=CARTESIAN_POINT('Ctrl Pts',(4.62593703507185,-9.12167678511551,4.27406297496837));
#5046=CARTESIAN_POINT('Ctrl Pts',(4.68888031906671,-9.05915516774307,4.21111971083497));
#5047=CARTESIAN_POINT('Ctrl Pts',(4.75183840366036,-8.99661884892331,4.14816164610745));
#5048=CARTESIAN_POINT('Ctrl Pts',(4.81478743162637,-8.93404576693947,4.08521264764654));
#5049=CARTESIAN_POINT('Ctrl Pts',(4.87771524480135,-8.87144657003406,4.02228487373832));
#5050=CARTESIAN_POINT('Origin',(0.,0.,4.2));
#5051=CARTESIAN_POINT('Origin',(0.,0.,4.));
#5052=CARTESIAN_POINT('Origin',(0.,0.,4.4));
#5053=CARTESIAN_POINT('Origin',(-1.89561540491185,-11.342691137321,4.4));
#5054=CARTESIAN_POINT('',(-1.89561540491185,-11.342691137321,4.4));
#5055=CARTESIAN_POINT('',(-1.5,-11.0017542509914,4.4));
#5056=CARTESIAN_POINT('',(-1.89561540491185,-11.342691137321,4.4));
#5057=CARTESIAN_POINT('',(-1.9,-10.9361784915939,4.));
#5058=CARTESIAN_POINT('Ctrl Pts',(-1.89561540491185,-11.342691137321,4.4));
#5059=CARTESIAN_POINT('Ctrl Pts',(-1.89795531043435,-11.1364757908837,4.19699118074259));
#5060=CARTESIAN_POINT('Ctrl Pts',(-1.9,-10.9361784915938,3.99999999999994));
#5061=CARTESIAN_POINT('',(-1.5,-11.0017542509914,4.4));
#5062=CARTESIAN_POINT('Origin',(0.,0.,4.2));
#5063=CARTESIAN_POINT('Origin',(0.,0.,4.));
#5064=CARTESIAN_POINT('',(-11.5,-1.40834381901946E-15,4.4));
#5065=CARTESIAN_POINT('Origin',(0.,0.,4.4));
#5066=CARTESIAN_POINT('Origin',(0.,0.,4.4));
#5067=CARTESIAN_POINT('Origin',(-1.7,-3.67423461417477,4.2));
#5068=CARTESIAN_POINT('',(-1.5,-3.67423461417477,4.4));
#5069=CARTESIAN_POINT('',(-1.9,-9.96676422671997,4.));
#5070=CARTESIAN_POINT('',(-1.9,-3.67423461417477,4.));
#5071=CARTESIAN_POINT('Ctrl Pts',(-1.9,-9.96676422671997,4.));
#5072=CARTESIAN_POINT('Ctrl Pts',(-1.89858780783934,-9.96559581445073,4.00141219216037));
#5073=CARTESIAN_POINT('Ctrl Pts',(-1.89717594678352,-9.96442740218108,4.00282405321619));
#5074=CARTESIAN_POINT('Origin',(4.68266337042049,-10.3015553019218,4.));
#5075=CARTESIAN_POINT('',(4.5,-10.1830052442584,7.03299581445144));
#5076=CARTESIAN_POINT('',(4.5,-10.1830052442584,4.));
#5077=CARTESIAN_POINT('',(4.86532674084098,-10.4201053595853,7.4));
#5078=CARTESIAN_POINT('',(4.86532674084098,-10.4201053595853,4.));
#5079=CARTESIAN_POINT('Ctrl Pts',(4.86532674084098,-10.4201053595853,7.4));
#5080=CARTESIAN_POINT('Ctrl Pts',(4.74392471206324,-10.3413144258642,7.27724605497757));
#5081=CARTESIAN_POINT('Ctrl Pts',(4.62207397148838,-10.2622322744278,7.15480508825353));
#5082=CARTESIAN_POINT('Ctrl Pts',(4.5,-10.1830052442584,7.03299581445144));
#5083=CARTESIAN_POINT('Origin',(-1.69780770245592,-11.1722226941562,4.));
#5084=CARTESIAN_POINT('',(-1.89561540491185,-11.342691137321,7.4));
#5085=CARTESIAN_POINT('',(-1.89561540491185,-11.342691137321,4.));
#5086=CARTESIAN_POINT('',(-1.5,-11.0017542509914,7.00353982292165));
#5087=CARTESIAN_POINT('',(-1.5,-11.0017542509914,4.));
#5088=CARTESIAN_POINT('Ctrl Pts',(-1.5,-11.0017542509914,7.00353982292165));
#5089=CARTESIAN_POINT('Ctrl Pts',(-1.63244467071818,-11.1158935718696,7.13452505717572));
#5090=CARTESIAN_POINT('Ctrl Pts',(-1.76441854172359,-11.2296271628745,7.26685664905729));
#5091=CARTESIAN_POINT('Ctrl Pts',(-1.89561540491184,-11.342691137321,7.4));
#5092=CARTESIAN_POINT('Origin',(0.,0.,7.2));
#5093=CARTESIAN_POINT('Origin',(0.,0.,7.4));
#5094=CARTESIAN_POINT('',(-1.5,-10.998181667894,7.));
#5095=CARTESIAN_POINT('Ctrl Pts',(-1.5,-11.0017542509914,7.00353982292167));
#5096=CARTESIAN_POINT('Ctrl Pts',(-1.5,-10.9999676746612,7.00176962404384));
#5097=CARTESIAN_POINT('Ctrl Pts',(-1.5,-10.998181667894,7.00000000000003));
#5098=CARTESIAN_POINT('',(4.5,-10.1469207151727,7.));
#5099=CARTESIAN_POINT('Origin',(0.,0.,7.));
#5100=CARTESIAN_POINT('Ctrl Pts',(4.5,-10.1469207151726,6.99999999999994));
#5101=CARTESIAN_POINT('Ctrl Pts',(4.5,-10.1649362033324,7.01646862432447));
#5102=CARTESIAN_POINT('Ctrl Pts',(4.5,-10.1830052442583,7.0329958144514));
#5103=CARTESIAN_POINT('Origin',(-4.68266337042049,10.3015553019218,4.));
#5104=CARTESIAN_POINT('',(-4.5,10.1830052442584,7.03299581445144));
#5105=CARTESIAN_POINT('',(-4.5,10.1830052442584,4.));
#5106=CARTESIAN_POINT('',(-4.86532674084098,10.4201053595853,7.4));
#5107=CARTESIAN_POINT('',(-4.86532674084098,10.4201053595853,4.));
#5108=CARTESIAN_POINT('Ctrl Pts',(-4.86532674084098,10.4201053595853,7.4));
#5109=CARTESIAN_POINT('Ctrl Pts',(-4.74392471206304,10.3413144258641,7.27724605497736));
#5110=CARTESIAN_POINT('Ctrl Pts',(-4.62207397148828,10.2622322744277,7.15480508825343));
#5111=CARTESIAN_POINT('Ctrl Pts',(-4.5,10.1830052442584,7.03299581445144));
#5112=CARTESIAN_POINT('Ctrl Pts',(4.87779909511908,-8.89245045664262,4.00383416070387));
#5113=CARTESIAN_POINT('Ctrl Pts',(4.87671467789669,-8.62010571923663,4.24313628468532));
#5114=CARTESIAN_POINT('Ctrl Pts',(4.87558652010112,-8.36425857856563,4.46550231992228));
#5115=CARTESIAN_POINT('Ctrl Pts',(4.8744151546102,-8.12201464603475,4.67381393857648));
#5116=CARTESIAN_POINT('Ctrl Pts',(4.75186606341272,-9.01051174283424,4.13588944046924));
#5117=CARTESIAN_POINT('Ctrl Pts',(4.75114311859779,-8.73846286712266,4.37632107026351));
#5118=CARTESIAN_POINT('Ctrl Pts',(4.75039101340075,-8.48288135422391,4.59984102577035));
#5119=CARTESIAN_POINT('Ctrl Pts',(4.74961010307347,-8.24086819942237,4.80933168828157));
#5120=CARTESIAN_POINT('Ctrl Pts',(4.62593303170636,-9.12857302902587,4.26794472023462));
#5121=CARTESIAN_POINT('Ctrl Pts',(4.6255715592989,-8.85682001500869,4.5095058558417));
#5122=CARTESIAN_POINT('Ctrl Pts',(4.62519550670037,-8.6015041298822,4.73417973161843));
#5123=CARTESIAN_POINT('Ctrl Pts',(4.62480505153673,-8.35972175281,4.94484943798667));
#5124=CARTESIAN_POINT('Ctrl Pts',(4.5,-9.24663431521749,4.4));
#5125=CARTESIAN_POINT('Ctrl Pts',(4.5,-8.97517716289472,4.64269064141989));
#5126=CARTESIAN_POINT('Ctrl Pts',(4.5,-8.72012690554048,4.86851843746651));
#5127=CARTESIAN_POINT('Ctrl Pts',(4.5,-8.47857530619762,5.08036718769176));
#5128=CARTESIAN_POINT('',(4.5,-8.92790227286733,4.68391485632457));
#5129=CARTESIAN_POINT('Ctrl Pts',(4.5,-9.24663431521749,4.4));
#5130=CARTESIAN_POINT('Ctrl Pts',(4.5,-9.13781255040409,4.49728984363472));
#5131=CARTESIAN_POINT('Ctrl Pts',(4.5,-9.03162745299144,4.59186974643268));
#5132=CARTESIAN_POINT('Ctrl Pts',(4.5,-8.92789166455893,4.68392549247454));
#5133=CARTESIAN_POINT('Ctrl Pts',(4.5,-8.92790227286733,4.68391485632457));
#5134=CARTESIAN_POINT('Ctrl Pts',(4.56279054651735,-8.77492544700949,4.70033366801647));
#5135=CARTESIAN_POINT('Ctrl Pts',(4.62497787976243,-8.62158586448798,4.71679367295623));
#5136=CARTESIAN_POINT('Ctrl Pts',(4.72203992596922,-8.3790691200444,4.74284082453853));
#5137=CARTESIAN_POINT('Ctrl Pts',(4.75773847392733,-8.28918270343229,4.75249807834827));
#5138=CARTESIAN_POINT('Ctrl Pts',(4.79307096593653,-8.19947982674863,4.76214034255541));
#5139=CARTESIAN_POINT('Origin',(1.7,3.67423461417477,4.2));
#5140=CARTESIAN_POINT('',(1.5,3.67423461417477,4.4));
#5141=CARTESIAN_POINT('',(1.9,9.96676422227896,4.));
#5142=CARTESIAN_POINT('',(1.9,3.67423461417477,4.));
#5143=CARTESIAN_POINT('Origin',(0.,0.,5.9));
#5144=CARTESIAN_POINT('Origin',(1.69780770245592,11.1722226941562,4.));
#5145=CARTESIAN_POINT('',(1.89561540491185,11.342691137321,7.4));
#5146=CARTESIAN_POINT('',(1.89561540491185,11.342691137321,4.));
#5147=CARTESIAN_POINT('',(1.5,11.0017542509914,7.00353982292165));
#5148=CARTESIAN_POINT('',(1.5,11.0017542509914,4.));
#5149=CARTESIAN_POINT('Ctrl Pts',(1.5,11.0017542509914,7.00353982292165));
#5150=CARTESIAN_POINT('Ctrl Pts',(1.63244467071817,11.1158935718696,7.13452505717571));
#5151=CARTESIAN_POINT('Ctrl Pts',(1.76441854172356,11.2296271628744,7.26685664905726));
#5152=CARTESIAN_POINT('Ctrl Pts',(1.89561540491185,11.342691137321,7.4));
#5153=CARTESIAN_POINT('Origin',(-4.67747021622037,9.20153661542691,-1.52091428037634));
#5154=CARTESIAN_POINT('',(-4.5,9.49375549828013,4.64195650074766));
#5155=CARTESIAN_POINT('',(-4.5,9.49375549828012,-1.52091428037634));
#5156=CARTESIAN_POINT('Ctrl Pts',(-4.5,9.49375549828014,4.64195650074766));
#5157=CARTESIAN_POINT('Ctrl Pts',(-4.61846480605179,9.29869373513398,4.58264949673841));
#5158=CARTESIAN_POINT('Ctrl Pts',(-4.73682884116776,9.10391733603021,4.52202840714944));
#5159=CARTESIAN_POINT('Ctrl Pts',(-4.85494175079635,8.90955305057866,4.46010358974309));
#5160=CARTESIAN_POINT('Origin',(0.,0.,7.2));
#5161=CARTESIAN_POINT('Origin',(0.,0.,7.4));
#5162=CARTESIAN_POINT('',(1.5,10.998181667894,7.));
#5163=CARTESIAN_POINT('Ctrl Pts',(1.5,11.0017542509914,7.00353982292167));
#5164=CARTESIAN_POINT('Ctrl Pts',(1.5,10.9999676746612,7.00176962404384));
#5165=CARTESIAN_POINT('Ctrl Pts',(1.5,10.998181667894,7.00000000000003));
#5166=CARTESIAN_POINT('',(-4.5,10.1469207151727,7.));
#5167=CARTESIAN_POINT('Origin',(0.,0.,7.));
#5168=CARTESIAN_POINT('Ctrl Pts',(-4.5,10.1469207151726,6.9999999999999));
#5169=CARTESIAN_POINT('Ctrl Pts',(-4.5,10.1649362033323,7.01646862432445));
#5170=CARTESIAN_POINT('Ctrl Pts',(-4.5,10.1830052442583,7.03299581445139));
#5171=CARTESIAN_POINT('Ctrl Pts',(4.88344855161813,-7.97860700047679,4.79177303153766));
#5172=CARTESIAN_POINT('Ctrl Pts',(4.88474833521466,-8.41074044390409,4.99541938126475));
#5173=CARTESIAN_POINT('Ctrl Pts',(4.88584069824006,-8.83963234123176,5.20317950083205));
#5174=CARTESIAN_POINT('Ctrl Pts',(4.88679428160493,-9.26816155069426,5.41473590347198));
#5175=CARTESIAN_POINT('Ctrl Pts',(4.75563236774542,-8.05304379889711,4.63750105094159));
#5176=CARTESIAN_POINT('Ctrl Pts',(4.7564988901431,-8.48556787537446,4.84295575826995));
#5177=CARTESIAN_POINT('Ctrl Pts',(4.75722713216004,-8.91468574910542,5.05229700761852));
#5178=CARTESIAN_POINT('Ctrl Pts',(4.75786285440328,-9.34335953322288,5.26527637530785));
#5179=CARTESIAN_POINT('Ctrl Pts',(4.62781618387271,-8.12748059731742,4.48322907034551));
#5180=CARTESIAN_POINT('Ctrl Pts',(4.62824944507155,-8.56039530684482,4.69049213527515));
#5181=CARTESIAN_POINT('Ctrl Pts',(4.62861356608002,-8.98973915697908,4.90141451440499));
#5182=CARTESIAN_POINT('Ctrl Pts',(4.62893142720164,-9.41855751575151,5.11581684714373));
#5183=CARTESIAN_POINT('Ctrl Pts',(4.5,-8.20191739573773,4.32895708974943));
#5184=CARTESIAN_POINT('Ctrl Pts',(4.5,-8.63522273831519,4.53802851228035));
#5185=CARTESIAN_POINT('Ctrl Pts',(4.5,-9.06479256485275,4.75053202119146));
#5186=CARTESIAN_POINT('Ctrl Pts',(4.5,-9.49375549828013,4.96635731897961));
#5187=CARTESIAN_POINT('',(4.5,-9.49375549828013,4.96635731897961));
#5188=CARTESIAN_POINT('Ctrl Pts',(4.5,-8.92790817405139,4.68390293387656));
#5189=CARTESIAN_POINT('Ctrl Pts',(4.5,-9.11681776127427,4.77740733635489));
#5190=CARTESIAN_POINT('Ctrl Pts',(4.5,-9.30534516969286,4.87156191335141));
#5191=CARTESIAN_POINT('Ctrl Pts',(4.5,-9.49375549772095,4.96635731869827));
#5192=CARTESIAN_POINT('Ctrl Pts',(4.5,-9.49375549828013,4.96635731897961));
#5193=CARTESIAN_POINT('Ctrl Pts',(4.61858120070683,-9.29850208203978,5.04037762169192));
#5194=CARTESIAN_POINT('Ctrl Pts',(4.73693894165523,-9.10369960710207,5.11608336140927));
#5195=CARTESIAN_POINT('Ctrl Pts',(4.85494114484151,-8.90951130912403,5.19351956348661));
#5196=CARTESIAN_POINT('Ctrl Pts',(-4.89224427737115,9.26758458071515,4.22041141578695));
#5197=CARTESIAN_POINT('Ctrl Pts',(-4.89132870637171,8.60851067972304,4.56882401878851));
#5198=CARTESIAN_POINT('Ctrl Pts',(-4.89020085688172,7.94967521488421,4.9116466978019));
#5199=CARTESIAN_POINT('Ctrl Pts',(-4.88862702661978,7.2809051848025,5.24957913303581));
#5200=CARTESIAN_POINT('Ctrl Pts',(-4.7614961849141,9.34297488657014,4.36092644410718));
#5201=CARTESIAN_POINT('Ctrl Pts',(-4.76088580424781,8.68407330045271,4.71097968677057));
#5202=CARTESIAN_POINT('Ctrl Pts',(-4.76013390458782,8.02537215719859,5.0557250377028));
#5203=CARTESIAN_POINT('Ctrl Pts',(-4.75908468441319,7.35654113199415,5.39611159193486));
#5204=CARTESIAN_POINT('Ctrl Pts',(-4.63074809245705,9.41836519242514,4.50144147242742));
#5205=CARTESIAN_POINT('Ctrl Pts',(-4.6304429021239,8.75963592118238,4.85313535475263));
#5206=CARTESIAN_POINT('Ctrl Pts',(-4.63006695229391,8.10106909951296,5.1998033776037));
#5207=CARTESIAN_POINT('Ctrl Pts',(-4.62954234220659,7.43217707918579,5.54264405083391));
#5208=CARTESIAN_POINT('Ctrl Pts',(-4.5,9.49375549828014,4.64195650074766));
#5209=CARTESIAN_POINT('Ctrl Pts',(-4.5,8.83519854191204,4.99529102273469));
#5210=CARTESIAN_POINT('Ctrl Pts',(-4.5,8.17676604182734,5.3438817175046));
#5211=CARTESIAN_POINT('Ctrl Pts',(-4.5,7.50781302637744,5.68917650973297));
#5212=CARTESIAN_POINT('',(-4.79937688443005,7.42852915364471,5.30220884613087));
#5213=CARTESIAN_POINT('Ctrl Pts',(-4.71443647309893,7.38260990376131,5.44661563623328));
#5214=CARTESIAN_POINT('Ctrl Pts',(-4.74266747999625,7.39802616192955,5.39846676457622));
#5215=CARTESIAN_POINT('Ctrl Pts',(-4.77098144606582,7.41332347161431,5.35033652822477));
#5216=CARTESIAN_POINT('Ctrl Pts',(-4.79937692709133,7.42850693167618,5.30222247620455));
#5217=CARTESIAN_POINT('Ctrl Pts',(-4.79937692708911,7.42850693167717,5.30222247620722));
#5218=CARTESIAN_POINT('Ctrl Pts',(-4.82929686259596,7.50755414728895,5.21958178131179));
#5219=CARTESIAN_POINT('Ctrl Pts',(-4.85934670533519,7.58646011535391,5.13693054976673));
#5220=CARTESIAN_POINT('Ctrl Pts',(-4.88948636194996,7.66531488548928,5.0542694307943));
#5221=CARTESIAN_POINT('Ctrl Pts',(-4.5,9.49375549803534,4.641956500879));
#5222=CARTESIAN_POINT('Ctrl Pts',(-4.5,8.9813198721657,4.91689277657232));
#5223=CARTESIAN_POINT('Ctrl Pts',(-4.5,8.46895960057551,5.18895681178707));
#5224=CARTESIAN_POINT('Ctrl Pts',(-4.5,7.95165955065784,5.45883076275528));
#5225=CARTESIAN_POINT('Origin',(4.67747021622037,-9.20153661542691,-1.52091428037634));
#5226=CARTESIAN_POINT('',(4.5,-9.49375549828013,5.89195650074766));
#5227=CARTESIAN_POINT('',(4.5,-9.49375549828013,-1.52091428037634));
#5228=CARTESIAN_POINT('Ctrl Pts',(4.5,-9.49375549828013,5.89195650074766));
#5229=CARTESIAN_POINT('Ctrl Pts',(4.6184648060432,-9.2986937351481,5.83264949674271));
#5230=CARTESIAN_POINT('Ctrl Pts',(4.73682880129756,-9.10385015889435,5.77206279398648));
#5231=CARTESIAN_POINT('Ctrl Pts',(4.85494142654121,-8.90941183970313,5.71017451224831));
#5232=CARTESIAN_POINT('Ctrl Pts',(4.89224427737115,-9.26758458071514,5.47041141578695));
#5233=CARTESIAN_POINT('Ctrl Pts',(4.89132804302817,-8.60803317179599,5.81907644841676));
#5234=CARTESIAN_POINT('Ctrl Pts',(4.89019553547492,-7.94741398158819,6.16278930892379));
#5235=CARTESIAN_POINT('Ctrl Pts',(4.88862702661979,-7.2809051848025,6.49957913303581));
#5236=CARTESIAN_POINT('Ctrl Pts',(4.7614961849141,-9.34297488657014,5.61092644410719));
#5237=CARTESIAN_POINT('Ctrl Pts',(4.76088536201878,-8.68359591737011,5.96123330506437));
#5238=CARTESIAN_POINT('Ctrl Pts',(4.76013035698328,-8.02311071766694,6.30687594664806));
#5239=CARTESIAN_POINT('Ctrl Pts',(4.75908468441319,-7.35654113199415,6.64611159193486));
#5240=CARTESIAN_POINT('Ctrl Pts',(4.63074809245705,-9.41836519242513,5.75144147242742));
#5241=CARTESIAN_POINT('Ctrl Pts',(4.63044268100939,-8.75915866294423,6.10339016171199));
#5242=CARTESIAN_POINT('Ctrl Pts',(4.63006517849164,-8.0988074537457,6.45096258437234));
#5243=CARTESIAN_POINT('Ctrl Pts',(4.6295423422066,-7.43217707918579,6.79264405083391));
#5244=CARTESIAN_POINT('Ctrl Pts',(4.5,-9.49375549828013,5.89195650074766));
#5245=CARTESIAN_POINT('Ctrl Pts',(4.5,-8.83472140851835,6.2455470183596));
#5246=CARTESIAN_POINT('Ctrl Pts',(4.5,-8.17450418982446,6.59504922209662));
#5247=CARTESIAN_POINT('Ctrl Pts',(4.5,-7.50781302637744,6.93917650973297));
#5248=CARTESIAN_POINT('',(4.50000000000001,-7.61163317416561,6.88551523187936));
#5249=CARTESIAN_POINT('Ctrl Pts',(4.5,-9.49375549808003,5.89195650085502));
#5250=CARTESIAN_POINT('Ctrl Pts',(4.5,-8.86894798064781,6.22718348976017));
#5251=CARTESIAN_POINT('Ctrl Pts',(4.5,-8.24307703328139,6.5587357865946));
#5252=CARTESIAN_POINT('Ctrl Pts',(4.5,-7.61163409730194,6.88551701557602));
#5253=CARTESIAN_POINT('Ctrl Pts',(4.5,-7.61164065454059,6.88551362210599));
#5254=CARTESIAN_POINT('Ctrl Pts',(4.55484655199472,-7.54674207861976,6.84069359812094));
#5255=CARTESIAN_POINT('Ctrl Pts',(4.60936915289395,-7.48115595786119,6.79647767777249));
#5256=CARTESIAN_POINT('Ctrl Pts',(4.66353837042053,-7.41486683121208,6.7528938567862));
#5257=CARTESIAN_POINT('',(4.88907397477598,-7.47602369782429,6.40069829186735));
#5258=CARTESIAN_POINT('Ctrl Pts',(4.71443647309893,-7.38260990376131,6.69661563623328));
#5259=CARTESIAN_POINT('Ctrl Pts',(4.74336219763137,-7.39840553013472,6.64728190176305));
#5260=CARTESIAN_POINT('Ctrl Pts',(4.77237502427699,-7.41408622675052,6.5979625309106));
#5261=CARTESIAN_POINT('Ctrl Pts',(4.80147341031217,-7.42965683017971,6.54865527815844));
#5262=CARTESIAN_POINT('Ctrl Pts',(4.83058815352819,-7.44523618636843,6.49932030814222));
#5263=CARTESIAN_POINT('Ctrl Pts',(4.85978901162606,-7.46069961364232,6.44999971941206));
#5264=CARTESIAN_POINT('Ctrl Pts',(4.8890743412045,-7.47603428316688,6.40070035544697));
#5265=CARTESIAN_POINT('Ctrl Pts',(4.88907432428256,-7.4760267029584,6.40070420730853));
#5266=CARTESIAN_POINT('Ctrl Pts',(4.8901307350273,-7.94924702654498,6.16023866030323));
#5267=CARTESIAN_POINT('Ctrl Pts',(4.89097748201969,-8.41972672975249,5.91636898396046));
#5268=CARTESIAN_POINT('Ctrl Pts',(4.89169360014298,-8.88920019436174,5.66980408639717));
#5269=CARTESIAN_POINT('Origin',(0.,0.,4.));
#5270=CARTESIAN_POINT('Ctrl Pts',(-8.75898692369869,-0.000113995416340662,
10.9045314879811));
#5271=CARTESIAN_POINT('Ctrl Pts',(-8.75962158711306,0.397961746162357,10.8864372014598));
#5272=CARTESIAN_POINT('Ctrl Pts',(-8.63698753709079,2.24533227138707,10.8024595742349));
#5273=CARTESIAN_POINT('Ctrl Pts',(-7.35854569981554,5.40100925681269,10.6526522651501));
#5274=CARTESIAN_POINT('Ctrl Pts',(-3.89806081714539,8.25290891576033,10.4550469556154));
#5275=CARTESIAN_POINT('Ctrl Pts',(0.506654121720817,9.11443729452372,10.2574240255437));
#5276=CARTESIAN_POINT('Ctrl Pts',(4.78715090750841,7.77109607784871,10.0598189037706));
#5277=CARTESIAN_POINT('Ctrl Pts',(7.91298987044476,4.55150891273297,9.86221047079415));
#5278=CARTESIAN_POINT('Ctrl Pts',(9.12404426764727,0.23192004100886,9.66461195693688));
#5279=CARTESIAN_POINT('Ctrl Pts',(8.13358618547569,-4.14464653284607,9.46699481915563));
#5280=CARTESIAN_POINT('Ctrl Pts',(5.17445000467248,-7.51907481469433,9.26933569960247));
#5281=CARTESIAN_POINT('Ctrl Pts',(0.968179587002891,-9.07604563021783,9.07179393111163));
#5282=CARTESIAN_POINT('Ctrl Pts',(-3.47496670821461,-8.44043653695019,8.87410521964772));
#5283=CARTESIAN_POINT('Ctrl Pts',(-7.07545476882791,-5.76622965939868,8.67659286687391));
#5284=CARTESIAN_POINT('Ctrl Pts',(-8.57527131290693,-2.54404814209091,8.52002992058427));
#5285=CARTESIAN_POINT('Ctrl Pts',(-8.75935941919606,-0.546870689696282,
8.4293427253502));
#5286=CARTESIAN_POINT('Ctrl Pts',(-8.7591048862823,-0.000710692504777427,
8.40454518626617));
#5287=CARTESIAN_POINT('Ctrl Pts',(-8.76082875841941,6.94962210223693E-7,
8.34551948741171));
#5288=CARTESIAN_POINT('Ctrl Pts',(-8.76024804846612,-1.42748934742827,8.41040386563633));
#5289=CARTESIAN_POINT('Ctrl Pts',(-8.02862468491361,-4.3593700508361,8.54350747381841));
#5290=CARTESIAN_POINT('Ctrl Pts',(-4.91606853881627,-7.72479680759302,8.74501613136573));
#5291=CARTESIAN_POINT('Ctrl Pts',(-0.474366466126782,-9.14366475715028,
8.94985288711831));
#5292=CARTESIAN_POINT('Ctrl Pts',(4.08838345999237,-8.19183129997878,9.15468169693647));
#5293=CARTESIAN_POINT('Ctrl Pts',(7.5922852432639,-5.11732190207133,9.35952265648252));
#5294=CARTESIAN_POINT('Ctrl Pts',(9.12841622636005,-0.715459297688684,9.56436376350806));
#5295=CARTESIAN_POINT('Ctrl Pts',(8.29685891087798,3.87110542869075,9.76919285798985));
#5296=CARTESIAN_POINT('Ctrl Pts',(5.3154868013439,7.45496276240349,9.97403648503509));
#5297=CARTESIAN_POINT('Ctrl Pts',(0.955709774564614,9.10586564879098,10.1788891505206));
#5298=CARTESIAN_POINT('Ctrl Pts',(-3.65183941571846,8.39648507314903,10.3837219754712));
#5299=CARTESIAN_POINT('Ctrl Pts',(-7.3123407015681,5.50896387183596,10.5885739757357));
#5300=CARTESIAN_POINT('Ctrl Pts',(-8.63892340091059,2.26872026977498,10.7424829183145));
#5301=CARTESIAN_POINT('Ctrl Pts',(-8.75981441879023,0.382546756768143,10.8281360621101));
#5302=CARTESIAN_POINT('Ctrl Pts',(-8.75936764670303,7.18696176071898E-7,
10.8455047581882));
#5303=CARTESIAN_POINT('Ctrl Pts',(3.64719448344836,-7.96409521853574,6.70038014188566));
#5304=CARTESIAN_POINT('Ctrl Pts',(5.62567338900723,-7.05804159260986,6.79922523633213));
#5305=CARTESIAN_POINT('Ctrl Pts',(8.86489017422178,-3.71304394488348,6.99679827119923));
#5306=CARTESIAN_POINT('Ctrl Pts',(9.03574197831588,3.28375234103353,7.29323217855559));
#5307=CARTESIAN_POINT('Ctrl Pts',(4.41109494846654,8.54092969235417,7.58968164919938));
#5308=CARTESIAN_POINT('Ctrl Pts',(-1.76610249021577,9.18234044562886,7.85312452515196));
#5309=CARTESIAN_POINT('Ctrl Pts',(-6.31802905778089,6.58310454360701,8.08372556768258));
#5310=CARTESIAN_POINT('Ctrl Pts',(-8.69401521978849,2.78400715420567,8.28126882220076));
#5311=CARTESIAN_POINT('Ctrl Pts',(-8.9688705579414,-1.69844591321623,8.47894285716758));
#5312=CARTESIAN_POINT('Ctrl Pts',(-7.07545476882791,-5.76622965939868,8.67659286687391));
#5313=CARTESIAN_POINT('Ctrl Pts',(-3.47496670821461,-8.44043653695019,8.87410521964772));
#5314=CARTESIAN_POINT('Ctrl Pts',(0.968179587002891,-9.07604563021783,9.07179393111163));
#5315=CARTESIAN_POINT('Ctrl Pts',(5.17445000467248,-7.51907481469433,9.26933569960247));
#5316=CARTESIAN_POINT('Ctrl Pts',(8.13358618547569,-4.14464653284607,9.46699481915563));
#5317=CARTESIAN_POINT('Ctrl Pts',(9.12404426764727,0.23192004100886,9.66461195693688));
#5318=CARTESIAN_POINT('Ctrl Pts',(7.91298987044476,4.55150891273297,9.86221047079415));
#5319=CARTESIAN_POINT('Ctrl Pts',(4.78715090750841,7.77109607784871,10.0598189037706));
#5320=CARTESIAN_POINT('Ctrl Pts',(0.506654121720817,9.11443729452372,10.2574240255437));
#5321=CARTESIAN_POINT('Ctrl Pts',(-3.89806081714539,8.25290891576033,10.4550469556154));
#5322=CARTESIAN_POINT('Ctrl Pts',(-7.35854569981554,5.40100925681269,10.6526522651501));
#5323=CARTESIAN_POINT('Ctrl Pts',(-9.04467611623769,1.23900298136889,10.8502323607676));
#5324=CARTESIAN_POINT('Ctrl Pts',(-8.59431677441545,-2.71998544644505,11.0259587419956));
#5325=CARTESIAN_POINT('Ctrl Pts',(-6.38269660933527,-6.54161539094542,11.2235253945715));
#5326=CARTESIAN_POINT('Ctrl Pts',(-2.47326035892792,-8.93576959746613,11.4211071116055));
#5327=CARTESIAN_POINT('Ctrl Pts',(2.52367428522379,-8.77146559371802,11.6407502330618));
#5328=CARTESIAN_POINT('Ctrl Pts',(6.38882845982868,-6.5141092239175,11.8383020155507));
#5329=CARTESIAN_POINT('Ctrl Pts',(9.12582836467158,-2.04174552724642,12.0688999625095));
#5330=CARTESIAN_POINT('Ctrl Pts',(8.66958306193711,4.1528404186087,12.3323746354338));
#5331=CARTESIAN_POINT('Ctrl Pts',(3.5564600967906,8.93223303317096,12.6287591657679));
#5332=CARTESIAN_POINT('Ctrl Pts',(-3.44544704940783,8.97569048158904,12.9251864900603));
#5333=CARTESIAN_POINT('Ctrl Pts',(-8.03159044400756,4.78767607511214,13.188673356071));
#5334=CARTESIAN_POINT('Ctrl Pts',(-9.11919389680768,-0.340339673412834,
13.4191857978421));
#5335=CARTESIAN_POINT('Ctrl Pts',(-7.8588996566153,-4.63886264736771,13.6168430743881));
#5336=CARTESIAN_POINT('Ctrl Pts',(-4.172608553985,-8.36764842921293,13.8473901906944));
#5337=CARTESIAN_POINT('Ctrl Pts',(1.946797262788,-9.41336173950952,14.1108084329974));
#5338=CARTESIAN_POINT('Ctrl Pts',(7.81735368774731,-5.59614724440325,14.4072850099957));
#5339=CARTESIAN_POINT('Ctrl Pts',(9.53758997875352,1.18809611812897,14.7036829911782));
#5340=CARTESIAN_POINT('Ctrl Pts',(7.31725607757729,5.28237377543133,14.9013475832557));
#5341=CARTESIAN_POINT('Ctrl Pts',(5.65961895006555,6.68562290217291,15.));
#5342=CARTESIAN_POINT('Ctrl Pts',(3.66705896285816,-8.01851101898722,6.80025343102507));
#5343=CARTESIAN_POINT('Ctrl Pts',(5.65905610374297,-7.10752256337839,6.89909852547154));
#5344=CARTESIAN_POINT('Ctrl Pts',(8.92138213328078,-3.74217330422811,7.09667156033864));
#5345=CARTESIAN_POINT('Ctrl Pts',(9.09703172218777,3.30065855613596,7.393105467695));
#5346=CARTESIAN_POINT('Ctrl Pts',(4.44465610022763,8.59491970267271,7.68955493833879));
#5347=CARTESIAN_POINT('Ctrl Pts',(-1.77292692323039,9.24380024989122,7.95299781429136));
#5348=CARTESIAN_POINT('Ctrl Pts',(-6.35622522984877,6.62981787423824,8.183598856822));
#5349=CARTESIAN_POINT('Ctrl Pts',(-8.7498682131227,2.8069223273172,8.38114211134015));
#5350=CARTESIAN_POINT('Ctrl Pts',(-9.02888759528832,-1.70493634677782,8.578816146307));
#5351=CARTESIAN_POINT('Ctrl Pts',(-7.12512428805758,-5.80052983086169,8.77646615601332));
#5352=CARTESIAN_POINT('Ctrl Pts',(-3.50230385640911,-8.49425528309695,8.97397850878714));
#5353=CARTESIAN_POINT('Ctrl Pts',(0.969799621500282,-9.13638600437543,9.17166722025103));
#5354=CARTESIAN_POINT('Ctrl Pts',(5.20461618276888,-7.57135829775617,9.36920898874189));
#5355=CARTESIAN_POINT('Ctrl Pts',(8.18503066598242,-4.17623741944,9.56686810829503));
#5356=CARTESIAN_POINT('Ctrl Pts',(9.18431472286049,0.22866121914707,9.7644852460763));
#5357=CARTESIAN_POINT('Ctrl Pts',(7.96754329384703,4.57736175283144,9.96208375993355));
#5358=CARTESIAN_POINT('Ctrl Pts',(4.82278718663042,7.81981375673429,10.15969219291));
#5359=CARTESIAN_POINT('Ctrl Pts',(0.514776830920781,9.17425686073403,10.3572973146831));
#5360=CARTESIAN_POINT('Ctrl Pts',(-3.91942754051386,8.30936031157192,10.5549202447548));
#5361=CARTESIAN_POINT('Ctrl Pts',(-7.40422159460341,5.44047581582377,10.7525255542895));
#5362=CARTESIAN_POINT('Ctrl Pts',(-9.10365150340182,1.25191697353194,10.950105649907));
#5363=CARTESIAN_POINT('Ctrl Pts',(-8.6524006664588,-2.73340675298655,11.125832031135));
#5364=CARTESIAN_POINT('Ctrl Pts',(-6.42820610753091,-6.58139068037418,11.3233986837109));
#5365=CARTESIAN_POINT('Ctrl Pts',(-2.49425384227541,-8.99337937679798,11.5209804007449));
#5366=CARTESIAN_POINT('Ctrl Pts',(2.53570848638111,-8.83061429858488,11.7406235222012));
#5367=CARTESIAN_POINT('Ctrl Pts',(6.42752756963155,-6.56040486528351,11.9381753046901));
#5368=CARTESIAN_POINT('Ctrl Pts',(9.18491750657061,-2.05999405089084,12.1687732516489));
#5369=CARTESIAN_POINT('Ctrl Pts',(8.72891500548293,4.17566809049987,12.4322479245733));
#5370=CARTESIAN_POINT('Ctrl Pts',(3.58459254015606,8.9892511041476,12.7286324549073));
#5371=CARTESIAN_POINT('Ctrl Pts',(-3.46345072142654,9.03666919293444,13.0250597791998));
#5372=CARTESIAN_POINT('Ctrl Pts',(-8.08202511350311,4.82345250714453,13.2885466452104));
#5373=CARTESIAN_POINT('Ctrl Pts',(-9.17948926845867,-0.33779813527746,13.5190590869815));
#5374=CARTESIAN_POINT('Ctrl Pts',(-7.9131423368646,-4.66531973566199,13.7167163635275));
#5375=CARTESIAN_POINT('Ctrl Pts',(-4.20450659653312,-8.42062125380721,13.9472634798339));
#5376=CARTESIAN_POINT('Ctrl Pts',(1.95469167107488,-9.47643933067617,14.2106817221368));
#5377=CARTESIAN_POINT('Ctrl Pts',(7.86595180262256,-5.63714097161262,14.5071582991351));
#5378=CARTESIAN_POINT('Ctrl Pts',(9.60108840614485,1.19092372708216,14.8035562803176));
#5379=CARTESIAN_POINT('Ctrl Pts',(7.36826573538224,5.31335732480429,15.0012208723951));
#5380=CARTESIAN_POINT('Ctrl Pts',(5.70043724389911,6.72672696242874,15.0998732891394));
#5381=CARTESIAN_POINT('Ctrl Pts',(3.68692344226796,-8.0729268194387,6.90012672016447));
#5382=CARTESIAN_POINT('Ctrl Pts',(5.69243881847871,-7.15700353414693,6.99897181461094));
#5383=CARTESIAN_POINT('Ctrl Pts',(8.97787409233977,-3.77130266357273,7.19654484947804));
#5384=CARTESIAN_POINT('Ctrl Pts',(9.15832146605965,3.31756477123839,7.49297875683442));
#5385=CARTESIAN_POINT('Ctrl Pts',(4.47821725198871,8.64890971299124,7.78942822747818));
#5386=CARTESIAN_POINT('Ctrl Pts',(-1.779751356245,9.30526005415357,8.05287110343078));
#5387=CARTESIAN_POINT('Ctrl Pts',(-6.39442140191665,6.67653120486949,8.2834721459614));
#5388=CARTESIAN_POINT('Ctrl Pts',(-8.80572120645693,2.82983750042872,8.48101540047957));
#5389=CARTESIAN_POINT('Ctrl Pts',(-9.08890463263524,-1.71142678033939,8.6786894354464));
#5390=CARTESIAN_POINT('Ctrl Pts',(-7.17479380728725,-5.83483000232472,8.87633944515273));
#5391=CARTESIAN_POINT('Ctrl Pts',(-3.52964100460362,-8.5480740292437,9.07385179792654));
#5392=CARTESIAN_POINT('Ctrl Pts',(0.971419655997672,-9.19672637853306,9.27154050939043));
#5393=CARTESIAN_POINT('Ctrl Pts',(5.23478236086529,-7.62364178081801,9.4690822778813));
#5394=CARTESIAN_POINT('Ctrl Pts',(8.23647514648915,-4.20782830603394,9.66674139743445));
#5395=CARTESIAN_POINT('Ctrl Pts',(9.24458517807371,0.225402397285278,9.8643585352157));
#5396=CARTESIAN_POINT('Ctrl Pts',(8.02209671724931,4.60321459292992,10.061957049073));
#5397=CARTESIAN_POINT('Ctrl Pts',(4.85842346575243,7.86853143561988,10.2595654820494));
#5398=CARTESIAN_POINT('Ctrl Pts',(0.522899540120746,9.23407642694433,10.4571706038225));
#5399=CARTESIAN_POINT('Ctrl Pts',(-3.94079426388233,8.36581170738352,10.6547935338942));
#5400=CARTESIAN_POINT('Ctrl Pts',(-7.44989748939128,5.47994237483484,10.8523988434289));
#5401=CARTESIAN_POINT('Ctrl Pts',(-9.16262689056596,1.26483096569499,11.0499789390464));
#5402=CARTESIAN_POINT('Ctrl Pts',(-8.71048455850214,-2.74682805952805,11.2257053202744));
#5403=CARTESIAN_POINT('Ctrl Pts',(-6.47371560572655,-6.62116596980295,11.4232719728503));
#5404=CARTESIAN_POINT('Ctrl Pts',(-2.51524732562291,-9.05098915612984,11.6208536898843));
#5405=CARTESIAN_POINT('Ctrl Pts',(2.54774268753845,-8.88976300345171,11.8404968113406));
#5406=CARTESIAN_POINT('Ctrl Pts',(6.46622667943441,-6.60670050664954,12.0380485938295));
#5407=CARTESIAN_POINT('Ctrl Pts',(9.24400664846966,-2.07824257453525,12.2686465407883));
#5408=CARTESIAN_POINT('Ctrl Pts',(8.78824694902874,4.19849576239102,12.5321212137127));
#5409=CARTESIAN_POINT('Ctrl Pts',(3.61272498352152,9.04626917512424,12.8285057440467));
#5410=CARTESIAN_POINT('Ctrl Pts',(-3.48145439344526,9.09764790427984,13.1249330683391));
#5411=CARTESIAN_POINT('Ctrl Pts',(-8.13245978299866,4.85922893917692,13.3884199343498));
#5412=CARTESIAN_POINT('Ctrl Pts',(-9.23978464010965,-0.335256597142087,
13.6189323761209));
#5413=CARTESIAN_POINT('Ctrl Pts',(-7.96738501711389,-4.69177682395626,13.8165896526669));
#5414=CARTESIAN_POINT('Ctrl Pts',(-4.23640463908126,-8.47359407840148,14.0471367689733));
#5415=CARTESIAN_POINT('Ctrl Pts',(1.96258607936176,-9.53951692184281,14.3105550112762));
#5416=CARTESIAN_POINT('Ctrl Pts',(7.91454991749779,-5.67813469882199,14.6070315882745));
#5417=CARTESIAN_POINT('Ctrl Pts',(9.6645868335362,1.19375133603536,14.903429569457));
#5418=CARTESIAN_POINT('Ctrl Pts',(7.4192753931872,5.34434087417725,15.1010941615345));
#5419=CARTESIAN_POINT('Ctrl Pts',(5.74125553773267,6.76783102268456,15.1997465782788));
#5420=CARTESIAN_POINT('Ctrl Pts',(3.70678792167777,-8.12734261989017,7.00000000930388));
#5421=CARTESIAN_POINT('Ctrl Pts',(5.72582153321445,-7.20648450491547,7.09884510375035));
#5422=CARTESIAN_POINT('Ctrl Pts',(9.03436605139877,-3.80043202291735,7.29641813861745));
#5423=CARTESIAN_POINT('Ctrl Pts',(9.21961120993153,3.33447098634082,7.59285204597382));
#5424=CARTESIAN_POINT('Ctrl Pts',(4.5117784037498,8.70289972330977,7.8893015166176));
#5425=CARTESIAN_POINT('Ctrl Pts',(-1.78657578925962,9.36671985841593,8.15274439257018));
#5426=CARTESIAN_POINT('Ctrl Pts',(-6.43261757398452,6.72324453550072,8.38334543510081));
#5427=CARTESIAN_POINT('Ctrl Pts',(-8.86157419979115,2.85275267354025,8.58088868961898));
#5428=CARTESIAN_POINT('Ctrl Pts',(-9.14892166998216,-1.71791721390097,8.77856272458581));
#5429=CARTESIAN_POINT('Ctrl Pts',(-7.22446332651692,-5.86913017378774,8.97621273429215));
#5430=CARTESIAN_POINT('Ctrl Pts',(-3.55697815279813,-8.60189277539045,9.17372508706594));
#5431=CARTESIAN_POINT('Ctrl Pts',(0.973039690495064,-9.25706675269067,9.37141379852986));
#5432=CARTESIAN_POINT('Ctrl Pts',(5.26494853896169,-7.67592526387985,9.5689555670207));
#5433=CARTESIAN_POINT('Ctrl Pts',(8.28791962699589,-4.23941919262788,9.76661468657387));
#5434=CARTESIAN_POINT('Ctrl Pts',(9.30485563328692,0.22214357542349,9.9642318243551));
#5435=CARTESIAN_POINT('Ctrl Pts',(8.07665014065159,4.62906743302838,10.1618303382124));
#5436=CARTESIAN_POINT('Ctrl Pts',(4.89405974487443,7.91724911450547,10.3594387711889));
#5437=CARTESIAN_POINT('Ctrl Pts',(0.531022249320714,9.29389599315463,10.5570438929619));
#5438=CARTESIAN_POINT('Ctrl Pts',(-3.9621609872508,8.42226310319511,10.7546668230336));
#5439=CARTESIAN_POINT('Ctrl Pts',(-7.49557338417915,5.51940893384591,10.9522721325683));
#5440=CARTESIAN_POINT('Ctrl Pts',(-9.2216022777301,1.27774495785803,11.1498522281858));
#5441=CARTESIAN_POINT('Ctrl Pts',(-8.76856845054547,-2.76024936606955,11.3255786094139));
#5442=CARTESIAN_POINT('Ctrl Pts',(-6.51922510392219,-6.66094125923171,11.5231452619897));
#5443=CARTESIAN_POINT('Ctrl Pts',(-2.5362408089704,-9.10859893546171,11.7207269790237));
#5444=CARTESIAN_POINT('Ctrl Pts',(2.55977688869577,-8.94891170831854,11.94037010048));
#5445=CARTESIAN_POINT('Ctrl Pts',(6.50492578923728,-6.65299614801557,12.1379218829689));
#5446=CARTESIAN_POINT('Ctrl Pts',(9.30309579036869,-2.09649109817966,12.3685198299277));
#5447=CARTESIAN_POINT('Ctrl Pts',(8.84757889257455,4.22132343428218,12.6319945028521));
#5448=CARTESIAN_POINT('Ctrl Pts',(3.64085742688697,9.10328724610089,12.9283790331861));
#5449=CARTESIAN_POINT('Ctrl Pts',(-3.49945806546397,9.15862661562522,13.2248063574786));
#5450=CARTESIAN_POINT('Ctrl Pts',(-8.18289445249422,4.8950053712093,13.4882932234892));
#5451=CARTESIAN_POINT('Ctrl Pts',(-9.30008001176062,-0.332715059006715,
13.7188056652603));
#5452=CARTESIAN_POINT('Ctrl Pts',(-8.0216276973632,-4.71823391225054,13.9164629418063));
#5453=CARTESIAN_POINT('Ctrl Pts',(-4.26830268162937,-8.52656690299576,14.1470100581127));
#5454=CARTESIAN_POINT('Ctrl Pts',(1.97048048764863,-9.60259451300946,14.4104283004156));
#5455=CARTESIAN_POINT('Ctrl Pts',(7.96314803237304,-5.71912842603136,14.7069048774139));
#5456=CARTESIAN_POINT('Ctrl Pts',(9.72808526092752,1.19657894498854,15.0033028585964));
#5457=CARTESIAN_POINT('Ctrl Pts',(7.47028505099215,5.37532442355021,15.2009674506739));
#5458=CARTESIAN_POINT('Ctrl Pts',(5.78207383156623,6.80893508294038,15.2996198674182));
#5459=CARTESIAN_POINT('',(4.49999999999999,-7.68946323123094,7.));
#5460=CARTESIAN_POINT('Ctrl Pts',(4.50000000000001,-7.61163317416561,6.88551523187936));
#5461=CARTESIAN_POINT('Ctrl Pts',(4.50000000000001,-7.61309765173538,6.88766637878368));
#5462=CARTESIAN_POINT('Ctrl Pts',(4.50000000000001,-7.61456204195098,6.8898175701972));
#5463=CARTESIAN_POINT('Ctrl Pts',(4.50000000000001,-7.6405265307806,6.92796250263993));
#5464=CARTESIAN_POINT('Ctrl Pts',(4.5,-7.66500630821262,6.96397452456304));
#5465=CARTESIAN_POINT('Ctrl Pts',(4.49999999999999,-7.68946323123094,7.));
#5466=CARTESIAN_POINT('Ctrl Pts',(4.49793895281859,-7.68894213472317,6.99993619942781));
#5467=CARTESIAN_POINT('Ctrl Pts',(4.36055094550406,-7.77467238193105,6.9999463273695));
#5468=CARTESIAN_POINT('Ctrl Pts',(4.22096109324133,-7.85651558254581,6.9999620215847));
#5469=CARTESIAN_POINT('Ctrl Pts',(4.07914010679153,-7.93442218833434,6.99997543117766));
#5470=CARTESIAN_POINT('Ctrl Pts',(3.95669774722399,-8.00168352163514,6.99998700846423));
#5471=CARTESIAN_POINT('Ctrl Pts',(3.83259173385491,-8.06601005570175,6.9999968828024));
#5472=CARTESIAN_POINT('Ctrl Pts',(3.70678791982017,-8.12734261479076,6.99999999994757));
#5473=CARTESIAN_POINT('Ctrl Pts',(5.65961895006558,6.68562290217288,15.));
#5474=CARTESIAN_POINT('Ctrl Pts',(5.79211386109057,6.57929281141209,15.));
#5475=CARTESIAN_POINT('Ctrl Pts',(5.9210800066125,6.46917781279968,15.0000102730937));
#5476=CARTESIAN_POINT('Ctrl Pts',(6.04656501060064,6.35542920517409,15.0000245908274));
#5477=CARTESIAN_POINT('Ctrl Pts',(6.17330019667494,6.2405473428403,15.0000390512058));
#5478=CARTESIAN_POINT('Ctrl Pts',(6.29648482764359,6.12195874257274,15.0000576370716));
#5479=CARTESIAN_POINT('Ctrl Pts',(6.41613569799658,5.99977675187312,15.0000739196994));
#5480=CARTESIAN_POINT('Ctrl Pts',(6.53680230553206,5.87655753686731,15.0000903405533));
#5481=CARTESIAN_POINT('Ctrl Pts',(6.65387522109483,5.74968327580007,15.0001044187449));
#5482=CARTESIAN_POINT('Ctrl Pts',(6.76733435925644,5.61923291879556,15.0001095503));
#5483=CARTESIAN_POINT('Ctrl Pts',(6.79230376613609,5.59052418634422,15.0001106796219));
#5484=CARTESIAN_POINT('Ctrl Pts',(6.81709799551385,5.5616421250841,15.0001113756017));
#5485=CARTESIAN_POINT('Ctrl Pts',(6.84171656897606,5.53258736574606,15.0001115677956));
#5486=CARTESIAN_POINT('Ctrl Pts',(7.09324253899505,5.235737244134,15.0001135314254));
#5487=CARTESIAN_POINT('Ctrl Pts',(7.32524534112937,4.92227438686181,15.0000776726699));
#5488=CARTESIAN_POINT('Ctrl Pts',(7.53613136224055,4.59526730769771,15.0000424117098));
#5489=CARTESIAN_POINT('Ctrl Pts',(7.75074216509122,4.26248445453619,15.0000065279519));
#5490=CARTESIAN_POINT('Ctrl Pts',(7.9434839697809,3.91567474917075,14.9999712632573));
#5491=CARTESIAN_POINT('Ctrl Pts',(8.11269812800789,3.55802263663145,14.9999770794448));
#5492=CARTESIAN_POINT('Ctrl Pts',(8.13410277991085,3.51278162930987,14.9999778151602));
#5493=CARTESIAN_POINT('Ctrl Pts',(8.1551309926353,3.46736707005942,14.9999792081658));
#5494=CARTESIAN_POINT('Ctrl Pts',(8.17577942807063,3.42178534881251,14.9999813403238));
#5495=CARTESIAN_POINT('Ctrl Pts',(8.24332365660718,3.27268048289505,14.9999883149425));
#5496=CARTESIAN_POINT('Ctrl Pts',(8.3067043007495,3.12201822664961,15.0000035655544));
#5497=CARTESIAN_POINT('Ctrl Pts',(8.36591184680602,2.9698065903584,15.000019162413));
#5498=CARTESIAN_POINT('Ctrl Pts',(8.42470905463148,2.81864985766892,15.0000346511774));
#5499=CARTESIAN_POINT('Ctrl Pts',(8.47939099705407,2.665964700909,15.0000504812474));
#5500=CARTESIAN_POINT('Ctrl Pts',(8.52990112894802,2.51173935473755,15.000058883156));
#5501=CARTESIAN_POINT('Ctrl Pts',(8.55869876336724,2.42380996372845,15.0000636733849));
#5502=CARTESIAN_POINT('Ctrl Pts',(8.58613945124924,2.33537960391563,15.0000660490037));
#5503=CARTESIAN_POINT('Ctrl Pts',(8.61220538577372,2.2464440438664,15.000064569922));
#5504=CARTESIAN_POINT('Ctrl Pts',(8.7234481272566,1.86688982125071,15.0000582575795));
#5505=CARTESIAN_POINT('Ctrl Pts',(8.80915160809231,1.47989382503734,15.0000217151683));
#5506=CARTESIAN_POINT('Ctrl Pts',(8.86755162418041,1.08856209032065,14.9999943429875));
#5507=CARTESIAN_POINT('Ctrl Pts',(8.87123034895075,1.06391138228398,14.9999926187633));
#5508=CARTESIAN_POINT('Ctrl Pts',(8.87480073265323,1.03924346562653,14.9999909309212));
#5509=CARTESIAN_POINT('Ctrl Pts',(8.87826297605725,1.01455920771745,14.999989288987));
#5510=CARTESIAN_POINT('Origin',(4.5,-11.4017542509914,4.));
#5511=CARTESIAN_POINT('',(4.5,-5.70087712549569,7.));
#5512=CARTESIAN_POINT('Origin',(-4.16333634234434E-16,0.,7.));
#5513=CARTESIAN_POINT('',(-1.5,-3.67423461417477,7.));
#5514=CARTESIAN_POINT('Origin',(-1.5,-7.34846922834953,4.));
#5515=CARTESIAN_POINT('',(-1.50000000000001,-10.0347590435695,4.9713380987687));
#5516=CARTESIAN_POINT('Ctrl Pts',(-1.49999880800618,-10.0347526477729,4.97133809731653));
#5517=CARTESIAN_POINT('Ctrl Pts',(-1.49999827982928,-9.94775426268026,4.92115759964753));
#5518=CARTESIAN_POINT('Ctrl Pts',(-1.49999760081202,-9.86062806678823,4.87090517463924));
#5519=CARTESIAN_POINT('Ctrl Pts',(-1.499996672041,-9.77347988787615,4.82064199776268));
#5520=CARTESIAN_POINT('Ctrl Pts',(-1.5,-10.4347590435695,5.20207319351583));
#5521=CARTESIAN_POINT('Ctrl Pts',(-1.50000000000055,-10.3011265770929,5.12498624273241));
#5522=CARTESIAN_POINT('Ctrl Pts',(-1.49999961505025,-10.1676869306445,5.04801433061212));
#5523=CARTESIAN_POINT('Ctrl Pts',(-1.49999880800617,-10.0347526477726,4.97133809731636));
#5524=CARTESIAN_POINT('Ctrl Pts',(-5.52767214803938,8.97658999583036,4.22849686129774));
#5525=CARTESIAN_POINT('Ctrl Pts',(-7.61953668788099,7.68844590551045,4.32121875846278));
#5526=CARTESIAN_POINT('Ctrl Pts',(-10.0338070891967,4.62129060913347,4.46030160421034));
#5527=CARTESIAN_POINT('Ctrl Pts',(-10.9423569420854,-1.55885108777621,4.69210634712294));
#5528=CARTESIAN_POINT('Ctrl Pts',(-8.53743794661835,-7.61682613665023,4.92391109003555));
#5529=CARTESIAN_POINT('Ctrl Pts',(-3.93167207976021,-10.0852116704192,5.10935488436563));
#5530=CARTESIAN_POINT('Ctrl Pts',(-1.50000088812046,-10.4347651945355,5.20207678153067));
#5531=CARTESIAN_POINT('Ctrl Pts',(-5.35332354416203,8.69306286470863,4.03633329311329));
#5532=CARTESIAN_POINT('Ctrl Pts',(-7.37911618147086,7.44554819172506,4.12905519027833));
#5533=CARTESIAN_POINT('Ctrl Pts',(-9.71710031409369,4.47518476681993,4.26813803602589));
#5534=CARTESIAN_POINT('Ctrl Pts',(-10.5968427437393,-1.50984896124327,4.49994277893849));
#5535=CARTESIAN_POINT('Ctrl Pts',(-8.26773502840475,-7.37650793445396,4.7317475218511));
#5536=CARTESIAN_POINT('Ctrl Pts',(-3.80733857886441,-9.76686831409254,4.91719131618118));
#5537=CARTESIAN_POINT('Ctrl Pts',(-1.45243575675285,-10.1053374664462,5.00991321334622));
#5538=CARTESIAN_POINT('Ctrl Pts',(-5.17898313978018,8.40953040744171,3.84417013873107));
#5539=CARTESIAN_POINT('Ctrl Pts',(-7.1387026361952,7.2026432451985,3.93689203589611));
#5540=CARTESIAN_POINT('Ctrl Pts',(-9.4003975959095,4.32906951672568,4.07597488164368));
#5541=CARTESIAN_POINT('Ctrl Pts',(-10.2513268575176,-1.46085694189198,4.30777962455627));
#5542=CARTESIAN_POINT('Ctrl Pts',(-7.99802485808488,-7.13619748003988,4.53958436746888));
#5543=CARTESIAN_POINT('Ctrl Pts',(-3.68299563839999,-9.44852837258608,4.72502816179896));
#5544=CARTESIAN_POINT('Ctrl Pts',(-1.40486091662146,-9.77591089570499,4.817750058964));
#5545=CARTESIAN_POINT('Ctrl Pts',(-5.0046537998363,8.12599072134196,3.65200760425943));
#5546=CARTESIAN_POINT('Ctrl Pts',(-6.89829847436783,6.95972849671947,3.74472950142447));
#5547=CARTESIAN_POINT('Ctrl Pts',(-9.08370032821887,4.18294153543202,3.88381234717203));
#5548=CARTESIAN_POINT('Ctrl Pts',(-9.90580865339144,-1.41187857898417,4.11561709008463));
#5549=CARTESIAN_POINT('Ctrl Pts',(-7.72830485706468,-6.89589747239256,4.34742183299723));
#5550=CARTESIAN_POINT('Ctrl Pts',(-3.55863992602552,-9.13019301364498,4.53286562732731));
#5551=CARTESIAN_POINT('Ctrl Pts',(-1.35727294873854,-9.44648585465379,4.62558752449235));
#5552=CARTESIAN_POINT('Ctrl Pts',(-1.8967123221752,-9.35256049123096,4.60275563071849));
#5553=CARTESIAN_POINT('Ctrl Pts',(-2.06517139993626,-9.32269352414734,4.59823521852704));
#5554=CARTESIAN_POINT('Ctrl Pts',(-2.23298608285205,-9.28816250783773,4.59371361790878));
#5555=CARTESIAN_POINT('Ctrl Pts',(-2.39998838607518,-9.2490425387336,4.58918915633766));
#5556=CARTESIAN_POINT('Ctrl Pts',(-2.63232908071909,-9.19461717680335,4.58289453330531));
#5557=CARTESIAN_POINT('Ctrl Pts',(-2.86224895559521,-9.13151070006617,4.57661733090742));
#5558=CARTESIAN_POINT('Ctrl Pts',(-3.08932413943574,-9.06007580632325,4.57035317992635));
#5559=CARTESIAN_POINT('Ctrl Pts',(-3.31942163616202,-8.98769013233124,4.56400565469052));
#5560=CARTESIAN_POINT('Ctrl Pts',(-3.54659880434381,-8.90675269202242,4.55767153060562));
#5561=CARTESIAN_POINT('Ctrl Pts',(-3.77041173259407,-8.81757598464786,4.55134626166351));
#5562=CARTESIAN_POINT('Ctrl Pts',(-3.99573498254706,-8.72779750007669,4.54497830890043));
#5563=CARTESIAN_POINT('Ctrl Pts',(-4.2176490588543,-8.62966793590589,4.53861933119492));
#5564=CARTESIAN_POINT('Ctrl Pts',(-4.43568889184815,-8.52345453937672,4.53226468988636));
#5565=CARTESIAN_POINT('Ctrl Pts',(-4.6534814534844,-8.4173615957501,4.52591725515452));
#5566=CARTESIAN_POINT('Ctrl Pts',(-4.86740917112664,-8.30320284831734,4.5195741469897));
#5567=CARTESIAN_POINT('Ctrl Pts',(-5.07698721378244,-8.18119741823794,4.51323074249632));
#5568=CARTESIAN_POINT('Ctrl Pts',(-5.27680443386967,-8.06487423110878,4.50718277375067));
#5569=CARTESIAN_POINT('Ctrl Pts',(-5.47266802987965,-7.94141770571357,4.50113453563593));
#5570=CARTESIAN_POINT('Ctrl Pts',(-5.66413191144341,-7.81098134907861,4.49508202155785));
#5571=CARTESIAN_POINT('Ctrl Pts',(-5.70311026756516,-7.78442702082299,4.49384984634422));
#5572=CARTESIAN_POINT('Ctrl Pts',(-5.74190617857067,-7.75758330150992,4.49261749391282));
#5573=CARTESIAN_POINT('Ctrl Pts',(-5.78051572255382,-7.73045131885603,4.4913849304583));
#5574=CARTESIAN_POINT('Ctrl Pts',(-5.80013613862758,-7.71666351579864,4.49075857217172));
#5575=CARTESIAN_POINT('Ctrl Pts',(-5.81970630878622,-7.70280273190214,4.49013222658987));
#5576=CARTESIAN_POINT('Ctrl Pts',(-5.83921875658283,-7.68887422370954,4.48950611468517));
#5577=CARTESIAN_POINT('Ctrl Pts',(-6.03847890241011,-7.54663699122375,4.48311229107395));
#5578=CARTESIAN_POINT('Ctrl Pts',(-6.23193406385551,-7.3971918897806,4.47673603839467));
#5579=CARTESIAN_POINT('Ctrl Pts',(-6.41913348280886,-7.24083572998477,4.47037277217526));
#5580=CARTESIAN_POINT('Ctrl Pts',(-6.60600875066226,-7.08475031366382,4.4640205244716));
#5581=CARTESIAN_POINT('Ctrl Pts',(-6.78665052777727,-6.92177742953434,4.45768121829251));
#5582=CARTESIAN_POINT('Ctrl Pts',(-6.96058775119113,-6.75216595940735,4.45135029294117));
#5583=CARTESIAN_POINT('Ctrl Pts',(-7.05654859279384,-6.65859162782145,4.4478575332379));
#5584=CARTESIAN_POINT('Ctrl Pts',(-7.15046831167654,-6.5629959136468,4.44436732441417));
#5585=CARTESIAN_POINT('Ctrl Pts',(-7.24226382281167,-6.46541508580697,4.44087890063417));
#5586=CARTESIAN_POINT('Ctrl Pts',(-7.40744935004514,-6.28981891236366,4.43460150085518));
#5587=CARTESIAN_POINT('Ctrl Pts',(-7.56575865436632,-6.10779655778744,4.42832988137058));
#5588=CARTESIAN_POINT('Ctrl Pts',(-7.71704723404651,-5.91983493863463,4.42205957958804));
#5589=CARTESIAN_POINT('Ctrl Pts',(-7.87648688230143,-5.72174639482981,4.41545144887009));
#5590=CARTESIAN_POINT('Ctrl Pts',(-8.02812964360788,-5.51706098947951,4.40884478166851));
#5591=CARTESIAN_POINT('Ctrl Pts',(-8.17175706430271,-5.30631192539465,4.40223435453093));
#5592=CARTESIAN_POINT('Ctrl Pts',(-8.20842398028294,-5.2525093980755,4.40054676607968));
#5593=CARTESIAN_POINT('Ctrl Pts',(-8.24456823342931,-5.1983115176618,4.39885893257855));
#5594=CARTESIAN_POINT('Ctrl Pts',(-8.28018561894552,-5.14372685016894,4.39717076711777));
#5595=CARTESIAN_POINT('Ctrl Pts',(-8.30916461610939,-5.099315703715,4.39579724288541));
#5596=CARTESIAN_POINT('Ctrl Pts',(-8.3377948349101,-5.05464851096283,4.39442349890352));
#5597=CARTESIAN_POINT('Ctrl Pts',(-8.36607389220147,-5.00972983553877,4.39304948836278));
#5598=CARTESIAN_POINT('Ctrl Pts',(-8.38155669207706,-4.98513683531596,4.39229721681391));
#5599=CARTESIAN_POINT('Ctrl Pts',(-8.39693024272925,-4.96047473717171,4.3915450580329));
#5600=CARTESIAN_POINT('Ctrl Pts',(-8.41219036742675,-4.93575090200768,4.39079320107311));
#5601=CARTESIAN_POINT('Ctrl Pts',(-8.53992887566243,-4.72879415137029,4.38449960332381));
#5602=CARTESIAN_POINT('Ctrl Pts',(-8.65981126460363,-4.51737430111417,4.37822285530545));
#5603=CARTESIAN_POINT('Ctrl Pts',(-8.77174187673671,-4.30201935642437,4.37195858333121));
#5604=CARTESIAN_POINT('Ctrl Pts',(-8.88494278583474,-4.08422035530163,4.36562321833312));
#5605=CARTESIAN_POINT('Ctrl Pts',(-8.99001072605951,-3.8623958987543,4.3593006141665));
#5606=CARTESIAN_POINT('Ctrl Pts',(-9.08680659005384,-3.63705653740741,4.35298624653886));
#5607=CARTESIAN_POINT('Ctrl Pts',(-9.18404213765781,-3.41069359902218,4.34664319665316));
#5608=CARTESIAN_POINT('Ctrl Pts',(-9.27293058568012,-3.18078315728343,4.34030845830336));
#5609=CARTESIAN_POINT('Ctrl Pts',(-9.35328602372842,-2.94781559276053,4.33397744526457));
#5610=CARTESIAN_POINT('Ctrl Pts',(-9.43300784762326,-2.71668501089572,4.32769635317157));
#5611=CARTESIAN_POINT('Ctrl Pts',(-9.50433090543909,-2.48254470495464,4.32141892787197));
#5612=CARTESIAN_POINT('Ctrl Pts',(-9.56702594007917,-2.24585604126107,4.31514069077795));
#5613=CARTESIAN_POINT('Ctrl Pts',(-9.60920464894327,-2.08662138584257,4.31091694425498));
#5614=CARTESIAN_POINT('Ctrl Pts',(-9.64747727958196,-1.92623297706446,4.30669283030903));
#5615=CARTESIAN_POINT('Ctrl Pts',(-9.68176098116766,-1.76482890940638,4.30246698523206));
#5616=CARTESIAN_POINT('Ctrl Pts',(-9.69461736926229,-1.7043023840346,4.30088229332819));
#5617=CARTESIAN_POINT('Ctrl Pts',(-9.70691270471562,-1.64363302042199,4.29929735798403));
#5618=CARTESIAN_POINT('Ctrl Pts',(-9.71864221770388,-1.58282807415599,4.29771210728528));
#5619=CARTESIAN_POINT('Ctrl Pts',(-9.72459157445725,-1.55198703940306,4.29690804816025));
#5620=CARTESIAN_POINT('Ctrl Pts',(-9.73039536156584,-1.52111112392897,4.29610390790564));
#5621=CARTESIAN_POINT('Ctrl Pts',(-9.73605293453562,-1.49020127429334,4.29529967713752));
#5622=CARTESIAN_POINT('Ctrl Pts',(-9.74093980379621,-1.46350212346655,4.29460500282396));
#5623=CARTESIAN_POINT('Ctrl Pts',(-9.74571755602939,-1.43677756892161,4.29391025896574));
#5624=CARTESIAN_POINT('Ctrl Pts',(-9.75038336496668,-1.4100426757787,4.29321581438227));
#5625=CARTESIAN_POINT('Ctrl Pts',(-9.79318343729854,-1.16480002317977,4.28684558388151));
#5626=CARTESIAN_POINT('Ctrl Pts',(-9.82662374598346,-0.918388188942967,
4.28049269661039));
#5627=CARTESIAN_POINT('Ctrl Pts',(-9.85055479763662,-0.671311101127551,
4.27415262004727));
#5628=CARTESIAN_POINT('Ctrl Pts',(-9.86267697068724,-0.546155246769217,
4.27094108106577));
#5629=CARTESIAN_POINT('Ctrl Pts',(-9.87235843243344,-0.420828325801653,
4.26773282916617));
#5630=CARTESIAN_POINT('Ctrl Pts',(-9.87957499832933,-0.295393980597604,
4.26452727523916));
#5631=CARTESIAN_POINT('Ctrl Pts',(-9.89360713325364,-0.0514951952975044,
4.258294287713));
#5632=CARTESIAN_POINT('Ctrl Pts',(-9.89832321162716,0.192809287646522,4.25207150074347));
#5633=CARTESIAN_POINT('Ctrl Pts',(-9.89386353333464,0.436978551712216,4.24585458345892));
#5634=CARTESIAN_POINT('Ctrl Pts',(-9.88936845347888,0.683086066270223,4.23958831539703));
#5635=CARTESIAN_POINT('Ctrl Pts',(-9.87555135251542,0.929056874020201,4.23332801057879));
#5636=CARTESIAN_POINT('Ctrl Pts',(-9.85250331693158,1.17434037456639,4.22706923417555));
#5637=CARTESIAN_POINT('Ctrl Pts',(-9.82953785721391,1.41874508015232,4.22083288154378));
#5638=CARTESIAN_POINT('Ctrl Pts',(-9.79740739116546,1.6624680674942,4.2145980463947));
#5639=CARTESIAN_POINT('Ctrl Pts',(-9.75615098708113,1.90495783502736,4.2083603413971));
#5640=CARTESIAN_POINT('Ctrl Pts',(-9.73849164969832,2.00875283877991,4.20569036228738));
#5641=CARTESIAN_POINT('Ctrl Pts',(-9.71915965466351,2.11232175134688,4.20301985737229));
#5642=CARTESIAN_POINT('Ctrl Pts',(-9.69815525669956,2.21562046986201,4.20034848257973));
#5643=CARTESIAN_POINT('Ctrl Pts',(-9.68980829680837,2.25667045671415,4.19928690212947));
#5644=CARTESIAN_POINT('Ctrl Pts',(-9.68119721309019,2.29767776749214,4.19822518430848));
#5645=CARTESIAN_POINT('Ctrl Pts',(-9.67232194833926,2.33863960418038,4.19716330752419));
#5646=CARTESIAN_POINT('Ctrl Pts',(-9.66639556931874,2.3659915059437,4.19645424875543));
#5647=CARTESIAN_POINT('Ctrl Pts',(-9.660351230866,2.39332368409517,4.19574510454581));
#5648=CARTESIAN_POINT('Ctrl Pts',(-9.65419252044105,2.42061982914339,4.19503627087152));
#5649=CARTESIAN_POINT('Ctrl Pts',(-9.59994628384904,2.66104567159528,4.18879282759419));
#5650=CARTESIAN_POINT('Ctrl Pts',(-9.53676947428979,2.89896462820042,4.18256599128447));
#5651=CARTESIAN_POINT('Ctrl Pts',(-9.46481322676899,3.13384196630335,4.17635149521306));
#5652=CARTESIAN_POINT('Ctrl Pts',(-9.39307487744321,3.36800804791657,4.17015581790338));
#5653=CARTESIAN_POINT('Ctrl Pts',(-9.31261030660986,3.5991517131592,4.16397240620765));
#5654=CARTESIAN_POINT('Ctrl Pts',(-9.22378664111803,3.82692033113516,4.15779703204193));
#5655=CARTESIAN_POINT('Ctrl Pts',(-9.13343526257362,4.05860643088497,4.15151544519444));
#5656=CARTESIAN_POINT('Ctrl Pts',(-9.0344345757683,4.28680093499258,4.14524217473587));
#5657=CARTESIAN_POINT('Ctrl Pts',(-8.92711894868655,4.51111952435598,4.13897277064819));
#5658=CARTESIAN_POINT('Ctrl Pts',(-8.81935163186369,4.73638226703899,4.13267697873996));
#5659=CARTESIAN_POINT('Ctrl Pts',(-8.70319891690859,4.9577369516175,4.12638508581811));
#5660=CARTESIAN_POINT('Ctrl Pts',(-8.57895144802519,5.17477291640412,4.12009258543867));
#5661=CARTESIAN_POINT('Ctrl Pts',(-8.4550686566572,5.39117186107996,4.11381855411478));
#5662=CARTESIAN_POINT('Ctrl Pts',(-8.32313819715177,5.60327793309673,4.10754391889397));
#5663=CARTESIAN_POINT('Ctrl Pts',(-8.18340574346797,5.81065468505982,4.10126421289744));
#5664=CARTESIAN_POINT('Ctrl Pts',(-8.16067968980128,5.84438239161681,4.10024288297925));
#5665=CARTESIAN_POINT('Ctrl Pts',(-8.13774717569553,5.87798492629431,4.09922141893047));
#5666=CARTESIAN_POINT('Ctrl Pts',(-8.1146091616567,5.91146032259986,4.09819980153413));
#5667=CARTESIAN_POINT('Ctrl Pts',(-7.97187963324974,6.11795719479942,4.09189783590534));
#5668=CARTESIAN_POINT('Ctrl Pts',(-7.82185548561617,6.31886384663123,4.08561303603725));
#5669=CARTESIAN_POINT('Ctrl Pts',(-7.66490507708083,6.51381353468161,4.07934101962453));
#5670=CARTESIAN_POINT('Ctrl Pts',(-7.4987128499853,6.72024257893206,4.07269968376733));
#5671=CARTESIAN_POINT('Ctrl Pts',(-7.32475474117593,6.91999334542361,4.06607268116338));
#5672=CARTESIAN_POINT('Ctrl Pts',(-7.14341099718745,7.11260426688435,4.05945480889091));
#5673=CARTESIAN_POINT('Ctrl Pts',(-6.97155454054914,7.2951384406256,4.05318316116699));
#5674=CARTESIAN_POINT('Ctrl Pts',(-6.79306422995036,7.47126058787447,4.04691971342881));
#5675=CARTESIAN_POINT('Ctrl Pts',(-6.60822079294803,7.64054723336614,4.04066003737655));
#5676=CARTESIAN_POINT('Ctrl Pts',(-6.42501216692239,7.80833665682631,4.03445572378286));
#5677=CARTESIAN_POINT('Ctrl Pts',(-6.23556190006535,7.96941142527486,4.02825511545427));
#5678=CARTESIAN_POINT('Ctrl Pts',(-6.0401081283016,8.12332239319566,4.02205390055153));
#5679=CARTESIAN_POINT('Ctrl Pts',(-5.84833208705726,8.27433731537181,4.01596937000386));
#5680=CARTESIAN_POINT('Ctrl Pts',(-5.65077594049382,8.41845585996119,4.00988425549432));
#5681=CARTESIAN_POINT('Ctrl Pts',(-5.44763654298391,8.55521211736891,4.00379448403286));
#5682=CARTESIAN_POINT('Ctrl Pts',(-5.4054521630117,8.58361122653621,4.00252986852044));
#5683=CARTESIAN_POINT('Ctrl Pts',(-5.36302692664163,8.61169269082628,4.0012650521835));
#5684=CARTESIAN_POINT('Ctrl Pts',(-5.32036246522961,8.63945208436073,3.99999999854781));
#5685=CARTESIAN_POINT('Origin',(5.51846392442366E-23,-4.44099473260746E-9,
4.943375));
#5686=CARTESIAN_POINT('Origin',(5.51846392442366E-23,-4.44099473260746E-9,
4.));
#5687=CARTESIAN_POINT('Origin',(0.,0.,4.));
#5688=CARTESIAN_POINT('Origin',(5.51846392442366E-23,-4.44099473260746E-9,
4.943375));
#5689=CARTESIAN_POINT('Ctrl Pts',(-6.00381012714588,6.61137785739102,5.21360834847635));
#5690=CARTESIAN_POINT('Ctrl Pts',(-5.63391759867752,6.9095982043302,5.24231753708667));
#5691=CARTESIAN_POINT('Ctrl Pts',(-5.24093980644799,7.17790116195217,5.27110896931555));
#5692=CARTESIAN_POINT('Ctrl Pts',(-4.82877425337544,7.41191217034085,5.30013955410975));
#5693=CARTESIAN_POINT('Ctrl Pts',(-4.81898345180845,7.41747099331998,5.30082916218829));
#5694=CARTESIAN_POINT('Ctrl Pts',(-4.8091838635077,7.42300918953002,5.30151894953789));
#5695=CARTESIAN_POINT('Ctrl Pts',(-4.79937136505114,7.42852943792878,5.30220865239658));
#5696=CARTESIAN_POINT('Ctrl Pts',(-1.72190150946742,-8.58859100444851,6.39176477526001));
#5697=CARTESIAN_POINT('Ctrl Pts',(-2.69496390765821,-8.39350456810722,6.34668529408297));
#5698=CARTESIAN_POINT('Ctrl Pts',(-5.51243810936869,-7.31897237479134,6.21176484619551));
#5699=CARTESIAN_POINT('Ctrl Pts',(-8.87335313967698,-3.29003908837141,5.98671888387944));
#5700=CARTESIAN_POINT('Ctrl Pts',(-8.96636495790462,3.01284146576401,5.7165638267811));
#5701=CARTESIAN_POINT('Ctrl Pts',(-6.38959396859241,6.31287661189173,5.53689861181397));
#5702=CARTESIAN_POINT('Ctrl Pts',(-4.71443647309893,7.38260990376131,5.44661563623328));
#5703=CARTESIAN_POINT('Ctrl Pts',(-1.72874611642582,-8.64611341771655,6.2918914892219));
#5704=CARTESIAN_POINT('Ctrl Pts',(-2.70832563685183,-8.45025150730062,6.24681200804486));
#5705=CARTESIAN_POINT('Ctrl Pts',(-5.54493741834045,-7.37011406850415,6.1118915601574));
#5706=CARTESIAN_POINT('Ctrl Pts',(-8.93012285364856,-3.316384297909,5.88684559784133));
#5707=CARTESIAN_POINT('Ctrl Pts',(-9.02705518656775,3.02799814972705,5.61669054074298));
#5708=CARTESIAN_POINT('Ctrl Pts',(-6.43502890755884,6.35114035812894,5.43702532577586));
#5709=CARTESIAN_POINT('Ctrl Pts',(-4.74938954044146,7.42880470602241,5.34674235019517));
#5710=CARTESIAN_POINT('Ctrl Pts',(-1.73559072338423,-8.70363583098459,6.19201820318378));
#5711=CARTESIAN_POINT('Ctrl Pts',(-2.72168736604546,-8.50699844649403,6.14693872200674));
#5712=CARTESIAN_POINT('Ctrl Pts',(-5.57743672731221,-7.42125576221696,6.01201827411928));
#5713=CARTESIAN_POINT('Ctrl Pts',(-8.98689256762016,-3.34272950744658,5.78697231180322));
#5714=CARTESIAN_POINT('Ctrl Pts',(-9.08774541523087,3.0431548336901,5.51681725470487));
#5715=CARTESIAN_POINT('Ctrl Pts',(-6.48046384652527,6.38940410436614,5.33715203973775));
#5716=CARTESIAN_POINT('Ctrl Pts',(-4.784342607784,7.47499950828352,5.24686906415705));
#5717=CARTESIAN_POINT('Ctrl Pts',(-1.74243533034263,-8.76115824425264,6.09214491714567));
#5718=CARTESIAN_POINT('Ctrl Pts',(-2.73504909523909,-8.56374538568744,6.04706543596863));
#5719=CARTESIAN_POINT('Ctrl Pts',(-5.60993603628398,-7.47239745592976,5.91214498808117));
#5720=CARTESIAN_POINT('Ctrl Pts',(-9.04366228159174,-3.36907471698417,5.6870990257651));
#5721=CARTESIAN_POINT('Ctrl Pts',(-9.148435643894,3.05831151765314,5.41694396866676));
#5722=CARTESIAN_POINT('Ctrl Pts',(-6.52589878549171,6.42766785060334,5.23727875369963));
#5723=CARTESIAN_POINT('Ctrl Pts',(-4.81929567512654,7.52119431054462,5.14699577811894));
#5724=CARTESIAN_POINT('Origin',(0.,0.,4.));
#5725=CARTESIAN_POINT('',(-1.89561540491184,11.342691137321,43.6));
#5726=CARTESIAN_POINT('',(-11.5,-1.40834381901946E-15,43.6));
#5727=CARTESIAN_POINT('Origin',(0.,0.,43.6));
#5728=CARTESIAN_POINT('',(-1.89561540491185,11.342691137321,40.6));
#5729=CARTESIAN_POINT('',(-1.89561540491185,11.342691137321,4.));
#5730=CARTESIAN_POINT('',(4.86532674084098,10.4201053595853,40.6));
#5731=CARTESIAN_POINT('Origin',(0.,0.,40.6));
#5732=CARTESIAN_POINT('',(4.86532674084098,10.4201053595853,43.6));
#5733=CARTESIAN_POINT('',(4.86532674084098,10.4201053595853,4.));
#5734=CARTESIAN_POINT('',(1.89561540491184,-11.342691137321,43.6));
#5735=CARTESIAN_POINT('Origin',(0.,0.,43.6));
#5736=CARTESIAN_POINT('',(1.89561540491184,-11.342691137321,40.6));
#5737=CARTESIAN_POINT('',(1.89561540491184,-11.342691137321,4.));
#5738=CARTESIAN_POINT('',(-4.86532674084098,-10.4201053595853,40.6));
#5739=CARTESIAN_POINT('Origin',(0.,0.,40.6));
#5740=CARTESIAN_POINT('',(-4.86532674084098,-10.4201053595853,43.6));
#5741=CARTESIAN_POINT('',(-4.86532674084098,-10.4201053595853,4.));
#5742=CARTESIAN_POINT('Origin',(0.,0.,43.6));
#5743=CARTESIAN_POINT('',(-11.5,-1.40834381901946E-15,4.));
#5744=CARTESIAN_POINT('Ctrl Pts',(1.89625248320898,-8.61836458245264,42.6782602685419));
#5745=CARTESIAN_POINT('Ctrl Pts',(1.89632980781239,-8.70317937927627,42.7611103582759));
#5746=CARTESIAN_POINT('Ctrl Pts',(1.8964005496847,-8.78796677926461,42.8439882303717));
#5747=CARTESIAN_POINT('Ctrl Pts',(1.89664362984795,-9.10480295810689,43.1538767579948));
#5748=CARTESIAN_POINT('Ctrl Pts',(1.8968083243346,-9.3453883539343,43.3895680627911));
#5749=CARTESIAN_POINT('Ctrl Pts',(1.89703680615808,-9.7180554915458,43.7552039366531));
#5750=CARTESIAN_POINT('Ctrl Pts',(1.89710307905827,-9.84052555673422,43.8754475295853));
#5751=CARTESIAN_POINT('Ctrl Pts',(1.89716197863744,-9.96295766530229,43.9957295368213));
#5752=CARTESIAN_POINT('Ctrl Pts',(1.76416832213932,-8.72476961523277,42.5703579111089));
#5753=CARTESIAN_POINT('Ctrl Pts',(1.76421987284274,-8.80945313278855,42.653341127464));
#5754=CARTESIAN_POINT('Ctrl Pts',(1.76426703406209,-8.89411838438931,42.7363428668114));
#5755=CARTESIAN_POINT('Ctrl Pts',(1.7644290889141,-9.2105678723337,43.0467004076575));
#5756=CARTESIAN_POINT('Ctrl Pts',(1.76453888515906,-9.45088846183852,43.2827305114451));
#5757=CARTESIAN_POINT('Ctrl Pts',(1.76469120628607,-9.82315642760891,43.6488356862108));
#5758=CARTESIAN_POINT('Ctrl Pts',(1.76473538813418,-9.94549861616302,43.7692086977225));
#5759=CARTESIAN_POINT('Ctrl Pts',(1.76477465242496,-10.0678154968721,43.8896073222431));
#5760=CARTESIAN_POINT('Ctrl Pts',(1.63208416106966,-8.83117464801289,42.4624555536758));
#5761=CARTESIAN_POINT('Ctrl Pts',(1.63210993496965,-8.91572688218849,42.5455719008222));
#5762=CARTESIAN_POINT('Ctrl Pts',(1.63213351562261,-9.00026998548383,42.628697507338));
#5763=CARTESIAN_POINT('Ctrl Pts',(1.63221454093385,-9.31633278553492,42.9395240722886));
#5764=CARTESIAN_POINT('Ctrl Pts',(1.63226943917554,-9.55638856862515,43.1758929746069));
#5765=CARTESIAN_POINT('Ctrl Pts',(1.63234559987201,-9.92825735280215,43.5424674467694));
#5766=CARTESIAN_POINT('Ctrl Pts',(1.63236769092409,-10.0504716650097,43.6629698765695));
#5767=CARTESIAN_POINT('Ctrl Pts',(1.63238732621248,-10.172673328442,43.7834851076648));
#5768=CARTESIAN_POINT('Ctrl Pts',(1.5,-8.93757968079301,42.3545531962427));
#5769=CARTESIAN_POINT('Ctrl Pts',(1.5,-9.02200063570077,42.4378026700102));
#5770=CARTESIAN_POINT('Ctrl Pts',(1.5,-9.10642159060853,42.5210521437777));
#5771=CARTESIAN_POINT('Ctrl Pts',(1.5,-9.42209769976173,42.8323477219513));
#5772=CARTESIAN_POINT('Ctrl Pts',(1.5,-9.66188867652938,43.0690554232609));
#5773=CARTESIAN_POINT('Ctrl Pts',(1.5,-10.0333582888653,43.436099196327));
#5774=CARTESIAN_POINT('Ctrl Pts',(1.5,-10.1554447244385,43.5567310447068));
#5775=CARTESIAN_POINT('Ctrl Pts',(1.5,-10.2775311600118,43.6773628930866));
#5776=CARTESIAN_POINT('',(1.79060804514726,-9.98699714084038,43.8509661047684));
#5777=CARTESIAN_POINT('',(1.89697937014574,-9.62464399883543,43.6635564583146));
#5778=CARTESIAN_POINT('Ctrl Pts',(1.79060804514715,-9.98699714084078,43.8509661047686));
#5779=CARTESIAN_POINT('Ctrl Pts',(1.82592547230618,-9.86636425692446,43.7882069784686));
#5780=CARTESIAN_POINT('Ctrl Pts',(1.86139953971806,-9.74551682854628,43.7256936960933));
#5781=CARTESIAN_POINT('Ctrl Pts',(1.89697438681947,-9.62462948188863,43.6635564583146));
#5782=CARTESIAN_POINT('',(1.89625782684102,-8.62423734214182,42.6839970748473));
#5783=CARTESIAN_POINT('Ctrl Pts',(1.89697937077592,-9.62464400032482,43.6635564567965));
#5784=CARTESIAN_POINT('Ctrl Pts',(1.8969735366406,-9.61494927668641,43.6540435966059));
#5785=CARTESIAN_POINT('Ctrl Pts',(1.8969676479195,-9.60525438368273,43.644531093562));
#5786=CARTESIAN_POINT('Ctrl Pts',(1.8968083243346,-9.3453883539343,43.3895680627911));
#5787=CARTESIAN_POINT('Ctrl Pts',(1.89664362984795,-9.10480295810689,43.1538767579948));
#5788=CARTESIAN_POINT('Ctrl Pts',(1.89640205037129,-8.78992280809063,42.845901366981));
#5789=CARTESIAN_POINT('Ctrl Pts',(1.89633307033455,-8.7070932953372,42.7649361543878));
#5790=CARTESIAN_POINT('Ctrl Pts',(1.89625782686176,-8.62423734217109,42.6839970748173));
#5791=CARTESIAN_POINT('',(1.8291302868444,-8.67243722406695,42.623426720256));
#5792=CARTESIAN_POINT('Ctrl Pts',(1.89625782686176,-8.62423734217112,42.6839970748173));
#5793=CARTESIAN_POINT('Ctrl Pts',(1.87387683043748,-8.64037479093323,42.6638712912825));
#5794=CARTESIAN_POINT('Ctrl Pts',(1.85150062421966,-8.65644126320808,42.6436805715763));
#5795=CARTESIAN_POINT('Ctrl Pts',(1.82913028684266,-8.67243722409223,42.6234267202779));
#5796=CARTESIAN_POINT('',(1.5,-9.26944622189821,42.681823876263));
#5797=CARTESIAN_POINT('Ctrl Pts',(1.82913028686486,-8.67243722407431,42.623426720296));
#5798=CARTESIAN_POINT('Ctrl Pts',(1.71975151944574,-8.87172182195353,42.6427074233277));
#5799=CARTESIAN_POINT('Ctrl Pts',(1.60821761593991,-9.07396613365721,42.6625115239751));
#5800=CARTESIAN_POINT('Ctrl Pts',(1.5,-9.2694462218982,42.681823876263));
#5801=CARTESIAN_POINT('',(1.5,-10.1992354197954,43.6));
#5802=CARTESIAN_POINT('Ctrl Pts',(1.5,-9.26944622863019,42.6818238695559));
#5803=CARTESIAN_POINT('Ctrl Pts',(1.5,-9.47632248327381,42.8858782686373));
#5804=CARTESIAN_POINT('Ctrl Pts',(1.5,-9.69002043738798,43.0968520109376));
#5805=CARTESIAN_POINT('Ctrl Pts',(1.5,-10.0072563193624,43.4103082162505));
#5806=CARTESIAN_POINT('Ctrl Pts',(1.5,-10.1032469333822,43.505155159254));
#5807=CARTESIAN_POINT('Ctrl Pts',(1.5,-10.1992354197954,43.6));
#5808=CARTESIAN_POINT('',(1.88994186304707,-9.96867638238909,43.9899418630471));
#5809=CARTESIAN_POINT('Ctrl Pts',(1.5,-10.1992354197954,43.6));
#5810=CARTESIAN_POINT('Ctrl Pts',(1.56616787594681,-10.1600257546052,43.6661678759468));
#5811=CARTESIAN_POINT('Ctrl Pts',(1.63234635370948,-10.1208549513413,43.7323463537095));
#5812=CARTESIAN_POINT('Ctrl Pts',(1.76232846794996,-10.0440050187738,43.86232846795));
#5813=CARTESIAN_POINT('Ctrl Pts',(1.82612991847332,-10.0063240657219,43.9261299184733));
#5814=CARTESIAN_POINT('Ctrl Pts',(1.88994186304707,-9.96867638238909,43.9899418630471));
#5815=CARTESIAN_POINT('Ctrl Pts',(1.88994186304708,-9.9686763823891,43.9899418630471));
#5816=CARTESIAN_POINT('Ctrl Pts',(1.85674885101956,-9.97496938063531,43.9437006314469));
#5817=CARTESIAN_POINT('Ctrl Pts',(1.8236365758542,-9.98107532550698,43.8973735352525));
#5818=CARTESIAN_POINT('Ctrl Pts',(1.79060804514726,-9.98699714084038,43.8509661047684));
#5819=CARTESIAN_POINT('Origin',(0.,0.,49.5209142803763));
#5820=CARTESIAN_POINT('',(1.9,-9.96676422227896,44.));
#5821=CARTESIAN_POINT('Origin',(0.,0.,42.1));
#5822=CARTESIAN_POINT('',(5.32036248131514,-8.63945207347748,44.));
#5823=CARTESIAN_POINT('Origin',(0.,0.,44.));
#5824=CARTESIAN_POINT('Ctrl Pts',(5.3203624813149,-8.63945207347664,43.9999999999995));
#5825=CARTESIAN_POINT('Ctrl Pts',(4.24168935925019,-9.30372244148465,43.9503220349223));
#5826=CARTESIAN_POINT('Ctrl Pts',(3.03752802275004,-9.76343194781269,43.9006440698451));
#5827=CARTESIAN_POINT('Ctrl Pts',(1.79060804514715,-9.98699714083955,43.8509661047679));
#5828=CARTESIAN_POINT('Origin',(1.7,-3.67423461417477,43.8));
#5829=CARTESIAN_POINT('',(1.5,-11.0017542509914,43.6));
#5830=CARTESIAN_POINT('',(1.5,-3.67423461417477,43.6));
#5831=CARTESIAN_POINT('',(1.9,-10.9361784915939,44.));
#5832=CARTESIAN_POINT('',(1.5,-11.0017542509914,43.6));
#5833=CARTESIAN_POINT('',(1.9,-3.67423461417477,44.));
#5834=CARTESIAN_POINT('Origin',(1.5,-7.34846922834953,44.));
#5835=CARTESIAN_POINT('',(1.5,-10.4347590435695,42.0097066119871));
#5836=CARTESIAN_POINT('Ctrl Pts',(1.5,-10.4347590433708,42.0097066121017));
#5837=CARTESIAN_POINT('Ctrl Pts',(1.5,-10.0467177307836,42.2335435713912));
#5838=CARTESIAN_POINT('Ctrl Pts',(1.5,-9.65796955805177,42.4577657950898));
#5839=CARTESIAN_POINT('Ctrl Pts',(1.5,-9.26944630526814,42.6818240208276));
#5840=CARTESIAN_POINT('',(1.5,-10.4347590435695,41.1060794658914));
#5841=CARTESIAN_POINT('',(1.5,-10.4347590435695,49.5209142803763));
#5842=CARTESIAN_POINT('',(1.5,-10.2471657335501,41.));
#5843=CARTESIAN_POINT('Ctrl Pts',(1.5,-10.2471658241906,40.99999983969));
#5844=CARTESIAN_POINT('Ctrl Pts',(1.5,-10.3096955208845,41.0353453878573));
#5845=CARTESIAN_POINT('Ctrl Pts',(1.5,-10.3722263133678,41.0707053830696));
#5846=CARTESIAN_POINT('Ctrl Pts',(1.5,-10.4347590435695,41.1060794658914));
#5847=CARTESIAN_POINT('',(1.5,-10.998181667894,41.));
#5848=CARTESIAN_POINT('',(1.5,-5.70087712549569,41.));
#5849=CARTESIAN_POINT('',(1.5,-11.0017542509914,40.9964601770783));
#5850=CARTESIAN_POINT('Ctrl Pts',(1.5,-11.0017542509914,40.9964601770783));
#5851=CARTESIAN_POINT('Ctrl Pts',(1.5,-10.9999676746613,40.9982303759562));
#5852=CARTESIAN_POINT('Ctrl Pts',(1.5,-10.998181667894,41.));
#5853=CARTESIAN_POINT('',(1.5,-11.0017542509914,4.));
#5854=CARTESIAN_POINT('Ctrl Pts',(1.8995167460765,-10.2250705891723,41.6461929932489));
#5855=CARTESIAN_POINT('Ctrl Pts',(1.8994672688133,-9.69575164221731,41.9503633084358));
#5856=CARTESIAN_POINT('Ctrl Pts',(1.89940692556855,-9.16504756452323,42.2551157911922));
#5857=CARTESIAN_POINT('Ctrl Pts',(1.89932544708893,-8.63527458426625,42.5589780461458));
#5858=CARTESIAN_POINT('Ctrl Pts',(1.76634449738433,-10.2949667406381,41.767364199495));
#5859=CARTESIAN_POINT('Ctrl Pts',(1.7663115125422,-9.76581033152734,42.0718277388687));
#5860=CARTESIAN_POINT('Ctrl Pts',(1.76627128371236,-9.23529288853275,42.3769179051191));
#5861=CARTESIAN_POINT('Ctrl Pts',(1.76621696472595,-8.70574472166122,42.6811896798119));
#5862=CARTESIAN_POINT('Ctrl Pts',(1.63317224869217,-10.3648628921038,41.888535405741));
#5863=CARTESIAN_POINT('Ctrl Pts',(1.6331557562711,-9.83586902083737,42.1932921693016));
#5864=CARTESIAN_POINT('Ctrl Pts',(1.63313564185618,-9.30553821254226,42.498720019046));
#5865=CARTESIAN_POINT('Ctrl Pts',(1.63310848236298,-8.77621485905618,42.803401313478));
#5866=CARTESIAN_POINT('Ctrl Pts',(1.5,-10.4347590435695,42.0097066119871));
#5867=CARTESIAN_POINT('Ctrl Pts',(1.5,-9.9059277101474,42.3147565997345));
#5868=CARTESIAN_POINT('Ctrl Pts',(1.5,-9.37578353655177,42.6205221329729));
#5869=CARTESIAN_POINT('Ctrl Pts',(1.5,-8.84668499645115,42.925612947144));
#5870=CARTESIAN_POINT('',(1.89933955891951,-8.72848691934551,42.5055104675172));
#5871=CARTESIAN_POINT('Ctrl Pts',(1.8291302868444,-8.67243722406695,42.623426720256));
#5872=CARTESIAN_POINT('Ctrl Pts',(1.83415349905463,-8.67647146102803,42.6149729145873));
#5873=CARTESIAN_POINT('Ctrl Pts',(1.83917904962659,-8.68050237076289,42.60651892545));
#5874=CARTESIAN_POINT('Ctrl Pts',(1.86255339610603,-8.69922639126509,42.567215952191));
#5875=CARTESIAN_POINT('Ctrl Pts',(1.88093115224228,-8.7138787571087,42.5363643151367));
#5876=CARTESIAN_POINT('Ctrl Pts',(1.89933955891952,-8.72848691934551,42.5055104675172));
#5877=CARTESIAN_POINT('',(1.89949167902917,-9.9668611118947,41.794553769589));
#5878=CARTESIAN_POINT('Ctrl Pts',(1.89933956565373,-8.72848694927872,42.5055105196992));
#5879=CARTESIAN_POINT('Ctrl Pts',(1.89940111919607,-9.14116074271156,42.2687807767489));
#5880=CARTESIAN_POINT('Ctrl Pts',(1.8994502183956,-9.55431690632898,42.0315634377573));
#5881=CARTESIAN_POINT('Ctrl Pts',(1.89949171436279,-9.96686127306258,41.7945540501425));
#5882=CARTESIAN_POINT('',(1.89436212465975,-9.96783733831741,41.8002146232179));
#5883=CARTESIAN_POINT('Ctrl Pts',(1.89949170668009,-9.96678489419261,41.7945979302921));
#5884=CARTESIAN_POINT('Ctrl Pts',(1.89778175971859,-9.967110642216,41.7964847857976));
#5885=CARTESIAN_POINT('Ctrl Pts',(1.89607190817536,-9.96743591934436,41.7983718135818));
#5886=CARTESIAN_POINT('Ctrl Pts',(1.89436215229487,-9.96776072580064,41.8002590132649));
#5887=CARTESIAN_POINT('Ctrl Pts',(1.50000000000001,-10.4347590435695,42.0097066119871));
#5888=CARTESIAN_POINT('Ctrl Pts',(1.56651436958304,-10.3560065444641,41.9744760757737));
#5889=CARTESIAN_POINT('Ctrl Pts',(1.63302580187194,-10.2772575230922,41.939196242277));
#5890=CARTESIAN_POINT('Ctrl Pts',(1.76447504054808,-10.1216226412442,41.869366973208));
#5891=CARTESIAN_POINT('Ctrl Pts',(1.82942710195375,-10.0447199029357,41.8348123792477));
#5892=CARTESIAN_POINT('Ctrl Pts',(1.89436212465977,-9.96783733831656,41.8002146232183));
#5893=CARTESIAN_POINT('Ctrl Pts',(1.89686168768608,-9.33159402739157,41.));
#5894=CARTESIAN_POINT('Ctrl Pts',(1.8970514274621,-9.62618241837256,41.1642543368016));
#5895=CARTESIAN_POINT('Ctrl Pts',(1.89721596000189,-9.92069853296238,41.3289936580244));
#5896=CARTESIAN_POINT('Ctrl Pts',(1.89736262165913,-10.21523271511,41.4941483480329));
#5897=CARTESIAN_POINT('Ctrl Pts',(1.76457445845739,-9.40522774978816,40.8693138273726));
#5898=CARTESIAN_POINT('Ctrl Pts',(1.7647009516414,-9.69965450391225,41.0340532025286));
#5899=CARTESIAN_POINT('Ctrl Pts',(1.76481064000126,-9.9940181649806,41.1992322364056));
#5900=CARTESIAN_POINT('Ctrl Pts',(1.76490841443942,-10.288408158365,41.3647920542319));
#5901=CARTESIAN_POINT('Ctrl Pts',(1.63228722922869,-9.47886147218475,40.7386276547453));
#5902=CARTESIAN_POINT('Ctrl Pts',(1.6323504758207,-9.77312658945194,40.9038520682558));
#5903=CARTESIAN_POINT('Ctrl Pts',(1.63240532000063,-10.0673377969988,41.0694708147868));
#5904=CARTESIAN_POINT('Ctrl Pts',(1.63245420721971,-10.36158360162,41.2354357604309));
#5905=CARTESIAN_POINT('Ctrl Pts',(1.5,-9.55249519458134,40.6079414821179));
#5906=CARTESIAN_POINT('Ctrl Pts',(1.5,-9.84659867499163,40.7736509339829));
#5907=CARTESIAN_POINT('Ctrl Pts',(1.5,-10.140657429017,40.939709393168));
#5908=CARTESIAN_POINT('Ctrl Pts',(1.5,-10.434759044875,41.1060794666299));
#5909=CARTESIAN_POINT('',(1.89723474499331,-9.96729097522944,41.3552183248253));
#5910=CARTESIAN_POINT('',(1.89686168769064,-9.33159403446796,41.0000000039456));
#5911=CARTESIAN_POINT('Ctrl Pts',(1.89723477587863,-9.96729115399203,41.3552180056213));
#5912=CARTESIAN_POINT('Ctrl Pts',(1.89712163768985,-9.75540709544065,41.2365782908348));
#5913=CARTESIAN_POINT('Ctrl Pts',(1.89699818541897,-9.54351926749213,41.1181636508149));
#5914=CARTESIAN_POINT('Ctrl Pts',(1.89686168769064,-9.33159403446797,41.0000000039456));
#5915=CARTESIAN_POINT('Ctrl Pts',(1.5,-10.2471657335501,41.));
#5916=CARTESIAN_POINT('Ctrl Pts',(1.56625355566862,-10.0957793460315,41.));
#5917=CARTESIAN_POINT('Ctrl Pts',(1.6323168711997,-9.94415433836937,40.9999999999999));
#5918=CARTESIAN_POINT('Ctrl Pts',(1.76459030619319,-9.63906602251383,40.9999999999999));
#5919=CARTESIAN_POINT('Ctrl Pts',(1.83091293118933,-9.48532473875347,41.));
#5920=CARTESIAN_POINT('Ctrl Pts',(1.89686168768608,-9.33159402739156,41.));
#5921=CARTESIAN_POINT('',(1.89436212465975,-9.96783733831741,41.3518206168293));
#5922=CARTESIAN_POINT('Ctrl Pts',(1.5,-10.4347590435695,41.1060794658914));
#5923=CARTESIAN_POINT('Ctrl Pts',(1.56530595181681,-10.3574373017523,41.1465273367928));
#5924=CARTESIAN_POINT('Ctrl Pts',(1.63058993926387,-10.280141565579,41.1870813282516));
#5925=CARTESIAN_POINT('Ctrl Pts',(1.76204233240789,-10.1245029488654,41.2689877246064));
#5926=CARTESIAN_POINT('Ctrl Pts',(1.82821940116489,-10.0461498113553,41.3103491502161));
#5927=CARTESIAN_POINT('Ctrl Pts',(1.89436212463013,-9.96783733837869,41.3518206168254));
#5928=CARTESIAN_POINT('Ctrl Pts',(1.89436203314172,-9.96760680763541,41.3516911079308));
#5929=CARTESIAN_POINT('Ctrl Pts',(1.89531953937009,-9.96742505653396,41.3528238580033));
#5930=CARTESIAN_POINT('Ctrl Pts',(1.89627707935094,-9.96724315774647,41.3539565548598));
#5931=CARTESIAN_POINT('Ctrl Pts',(1.89723465304032,-9.96706111123042,41.3550891984383));
#5932=CARTESIAN_POINT('Origin',(1.69718106232987,-10.2012981909435,49.5209142803763));
#5933=CARTESIAN_POINT('',(1.89436212465975,-9.96783733831741,49.5209142803763));
#5934=CARTESIAN_POINT('Ctrl Pts',(7.02296822359105,-5.35267977835777,42.9637603363181));
#5935=CARTESIAN_POINT('Ctrl Pts',(5.75372752796524,-7.01798340991621,42.869412299892));
#5936=CARTESIAN_POINT('Ctrl Pts',(3.87244179071128,-8.20839489109425,42.7749931811654));
#5937=CARTESIAN_POINT('Ctrl Pts',(1.81978417242248,-8.64069725456287,42.6804722771222));
#5938=CARTESIAN_POINT('Ctrl Pts',(7.05177632759952,-5.37124461480298,42.9046726629109));
#5939=CARTESIAN_POINT('Ctrl Pts',(5.778133491943,-7.04337929538461,42.8103246264848));
#5940=CARTESIAN_POINT('Ctrl Pts',(3.88993244607299,-8.23897137359451,42.7159055077582));
#5941=CARTESIAN_POINT('Ctrl Pts',(1.82946485900063,-8.67357345136506,42.621384603715));
#5942=CARTESIAN_POINT('Ctrl Pts',(7.08058443160799,-5.3898094512482,42.8455849895037));
#5943=CARTESIAN_POINT('Ctrl Pts',(5.80253945592075,-7.06877518085301,42.7512369530776));
#5944=CARTESIAN_POINT('Ctrl Pts',(3.90742310143471,-8.26954785609478,42.656817834351));
#5945=CARTESIAN_POINT('Ctrl Pts',(1.83914554557879,-8.70644964816724,42.5622969303078));
#5946=CARTESIAN_POINT('Ctrl Pts',(7.10939253561645,-5.40837428769341,42.7864973160965));
#5947=CARTESIAN_POINT('Ctrl Pts',(5.82694541989851,-7.09417106632141,42.6921492796704));
#5948=CARTESIAN_POINT('Ctrl Pts',(3.92491375679642,-8.30012433859504,42.5977301609438));
#5949=CARTESIAN_POINT('Ctrl Pts',(1.84882623215694,-8.73932584496943,42.5032092569006));
#5950=CARTESIAN_POINT('',(7.10939253561647,-5.40837428769348,42.7864973160964));
#5951=CARTESIAN_POINT('Ctrl Pts',(1.89623764872407,-8.62422801714166,42.6839964601518));
#5952=CARTESIAN_POINT('Ctrl Pts',(2.05348970447435,-8.59230717220561,42.6866388543046));
#5953=CARTESIAN_POINT('Ctrl Pts',(2.20959781352951,-8.55599800677886,42.6892724863225));
#5954=CARTESIAN_POINT('Ctrl Pts',(2.36459200527001,-8.51538295536945,42.6919061550091));
#5955=CARTESIAN_POINT('Ctrl Pts',(2.5209478355022,-8.47441109692927,42.6945629607218));
#5956=CARTESIAN_POINT('Ctrl Pts',(2.67617050539017,-8.42905720304791,42.6972198037328));
#5957=CARTESIAN_POINT('Ctrl Pts',(2.83027692234232,-8.37935496463077,42.6998857098874));
#5958=CARTESIAN_POINT('Ctrl Pts',(2.85975239515051,-8.36984856635129,42.7003956097729));
#5959=CARTESIAN_POINT('Ctrl Pts',(2.88918698068992,-8.36018294801467,42.7009058411964));
#5960=CARTESIAN_POINT('Ctrl Pts',(2.91858071997749,-8.35035814307383,42.7014164672853));
#5961=CARTESIAN_POINT('Ctrl Pts',(3.46440493203869,-8.16791737352688,42.710898489286));
#5962=CARTESIAN_POINT('Ctrl Pts',(3.9924423203701,-7.93185071419969,42.7204085137994));
#5963=CARTESIAN_POINT('Ctrl Pts',(4.49361606204968,-7.64785378439456,42.7298722572845));
#5964=CARTESIAN_POINT('Ctrl Pts',(4.6474288997587,-7.5606936440257,42.7327767295658));
#5965=CARTESIAN_POINT('Ctrl Pts',(4.79834898133969,-7.469232080187,42.735665303079));
#5966=CARTESIAN_POINT('Ctrl Pts',(4.94633020123589,-7.37356119841447,42.7385457519376));
#5967=CARTESIAN_POINT('Ctrl Pts',(5.09454137719357,-7.27774164845833,42.7414306768821));
#5968=CARTESIAN_POINT('Ctrl Pts',(5.23980499418495,-7.17769941304395,42.7443074518699));
#5969=CARTESIAN_POINT('Ctrl Pts',(5.38205008550689,-7.07348094638998,42.7471838809335));
#5970=CARTESIAN_POINT('Ctrl Pts',(5.52361552568151,-6.96976043857434,42.750046566336));
#5971=CARTESIAN_POINT('Ctrl Pts',(5.66219163361102,-6.86190321480972,42.7529089090773));
#5972=CARTESIAN_POINT('Ctrl Pts',(5.79767767498319,-6.74991381105392,42.7557785960534));
#5973=CARTESIAN_POINT('Ctrl Pts',(5.83442936340426,-6.71953577630133,42.756557021938));
#5974=CARTESIAN_POINT('Ctrl Pts',(5.87095348621675,-6.6888534703887,42.7573359881871));
#5975=CARTESIAN_POINT('Ctrl Pts',(5.90724757707541,-6.6578665000957,42.7581156481575));
#5976=CARTESIAN_POINT('Ctrl Pts',(6.3474051105171,-6.28207120972432,42.7675709947819));
#5977=CARTESIAN_POINT('Ctrl Pts',(6.75118076250073,-5.86365603645488,42.7770563231592));
#5978=CARTESIAN_POINT('Ctrl Pts',(7.10939253561327,-5.4083742876976,42.7864973160963));
#5979=CARTESIAN_POINT('Ctrl Pts',(7.10939253561645,-5.40837428769341,42.7864973160965));
#5980=CARTESIAN_POINT('Ctrl Pts',(5.83735337583152,-7.08048964556812,42.6929149800205));
#5981=CARTESIAN_POINT('Ctrl Pts',(3.95574558448599,-8.28051842419133,42.5992627107274));
#5982=CARTESIAN_POINT('Ctrl Pts',(1.8993383116229,-8.72848121010374,42.5055105466803));
#5983=CARTESIAN_POINT('Origin',(5.51846392442366E-23,-4.44099473260746E-9,
43.056625));
#5984=CARTESIAN_POINT('Ctrl Pts',(5.3203623992106,-8.63945212403967,43.9999999962189));
#5985=CARTESIAN_POINT('Ctrl Pts',(5.09951081069375,-8.74872147174206,43.9772346208783));
#5986=CARTESIAN_POINT('Ctrl Pts',(4.87501425083759,-8.84962666298531,43.9544336067337));
#5987=CARTESIAN_POINT('Ctrl Pts',(4.64735699968127,-8.94207307034617,43.9315793754838));
#5988=CARTESIAN_POINT('Ctrl Pts',(4.41864347433653,-9.03494840651737,43.9086191061682));
#5989=CARTESIAN_POINT('Ctrl Pts',(4.18673920287391,-9.11928641804799,43.8856051247728));
#5990=CARTESIAN_POINT('Ctrl Pts',(3.95212142147609,-9.19494071016997,43.8625196071991));
#5991=CARTESIAN_POINT('Ctrl Pts',(3.71860849928697,-9.27023873201768,43.8395428036646));
#5992=CARTESIAN_POINT('Ctrl Pts',(3.48240691580357,-9.33693468550321,43.8164951361199));
#5993=CARTESIAN_POINT('Ctrl Pts',(3.24398334028816,-9.39483306265397,43.7933590311118));
#5994=CARTESIAN_POINT('Ctrl Pts',(3.00936754026205,-9.45180676605588,43.7705924243523));
#5995=CARTESIAN_POINT('Ctrl Pts',(2.77259957384783,-9.50026161428775,43.747740182377));
#5996=CARTESIAN_POINT('Ctrl Pts',(2.53412943953655,-9.53996167875662,43.7247855603532));
#5997=CARTESIAN_POINT('Ctrl Pts',(2.34932705496451,-9.5707272360567,43.7069968804449));
#5998=CARTESIAN_POINT('Ctrl Pts',(2.16350246479076,-9.59623416123652,43.6891467164851));
#5999=CARTESIAN_POINT('Ctrl Pts',(1.97687063870907,-9.61635178202473,43.6712272755383));
#6000=CARTESIAN_POINT('Ctrl Pts',(1.95024506657293,-9.61922183465589,43.6686708232033));
#6001=CARTESIAN_POINT('Ctrl Pts',(1.92361277870996,-9.62198112266725,43.6661138924937));
#6002=CARTESIAN_POINT('Ctrl Pts',(1.89697438681952,-9.62462948188802,43.6635564583143));
#6003=CARTESIAN_POINT('',(4.9,8.88461529744462,44.));
#6004=CARTESIAN_POINT('Origin',(5.51846392442366E-23,-4.44099473260746E-9,
44.));
#6005=CARTESIAN_POINT('',(4.87771524493465,8.8714466799362,43.9777152450416));
#6006=CARTESIAN_POINT('Ctrl Pts',(4.87771524493465,8.8714466799362,43.9777152450416));
#6007=CARTESIAN_POINT('Ctrl Pts',(4.88884935887558,8.87803098861344,43.9888493588759));
#6008=CARTESIAN_POINT('Ctrl Pts',(4.9,8.88461529744462,44.));
#6009=CARTESIAN_POINT('',(4.87441515462562,8.1220146403419,43.3261860641659));
#6010=CARTESIAN_POINT('Ctrl Pts',(4.87441515462562,8.12201464034189,43.3261860641659));
#6011=CARTESIAN_POINT('Ctrl Pts',(4.87555636029282,8.35802137864645,43.5291341634673));
#6012=CARTESIAN_POINT('Ctrl Pts',(4.87665655460759,8.60693984387983,43.7454222622147));
#6013=CARTESIAN_POINT('Ctrl Pts',(4.87771524480235,8.87144656115112,43.9777151262627));
#6014=CARTESIAN_POINT('',(4.87373176331259,7.99332522003933,43.2157214507702));
#6015=CARTESIAN_POINT('Ctrl Pts',(4.87373176331259,7.99332522003933,43.2157214507701));
#6016=CARTESIAN_POINT('Ctrl Pts',(4.87398056315861,8.03625512723849,43.2525048671288));
#6017=CARTESIAN_POINT('Ctrl Pts',(4.87420788969701,8.07915127121085,43.2893267805824));
#6018=CARTESIAN_POINT('Ctrl Pts',(4.87441515462562,8.1220146403419,43.3261860641659));
#6019=CARTESIAN_POINT('',(4.88344855160095,7.97860699476254,43.2082269711552));
#6020=CARTESIAN_POINT('Ctrl Pts',(4.88344855160094,7.97860699476255,43.2082269711552));
#6021=CARTESIAN_POINT('Ctrl Pts',(4.88021128464448,7.98351512480346,43.2107232105644));
#6022=CARTESIAN_POINT('Ctrl Pts',(4.87697235311968,7.98842126074183,43.2132213470521));
#6023=CARTESIAN_POINT('Ctrl Pts',(4.8737317636082,7.99332520267112,43.2157214713534));
#6024=CARTESIAN_POINT('Ctrl Pts',(7.11077403434483,-5.40879855714037,42.7864973161397));
#6025=CARTESIAN_POINT('Ctrl Pts',(7.2539129576868,-5.23086158218221,42.7929513757233));
#6026=CARTESIAN_POINT('Ctrl Pts',(7.39011031719801,-5.04712580408473,42.7994020083169));
#6027=CARTESIAN_POINT('Ctrl Pts',(7.5192004709727,-4.85807664808412,42.8058540900903));
#6028=CARTESIAN_POINT('Ctrl Pts',(7.62449408350327,-4.70387690473342,42.8111167919959));
#6029=CARTESIAN_POINT('Ctrl Pts',(7.72505856148038,-4.54614139185526,42.8163804580415));
#6030=CARTESIAN_POINT('Ctrl Pts',(7.82078152365668,-4.38512117720459,42.8216477343216));
#6031=CARTESIAN_POINT('Ctrl Pts',(7.93737631945249,-4.18899144386419,42.8280635094745));
#6032=CARTESIAN_POINT('Ctrl Pts',(8.04635480180377,-3.98872021339655,42.8344607753422));
#6033=CARTESIAN_POINT('Ctrl Pts',(8.14763620637775,-3.78484296303114,42.8408441617364));
#6034=CARTESIAN_POINT('Ctrl Pts',(8.25017535036813,-3.57843391075235,42.8473068187205));
#6035=CARTESIAN_POINT('Ctrl Pts',(8.34482538363801,-3.36832816292031,42.8537552493727));
#6036=CARTESIAN_POINT('Ctrl Pts',(8.43146211955168,-3.15504560765066,42.8601942581365));
#6037=CARTESIAN_POINT('Ctrl Pts',(8.51854798975149,-2.94065737235744,42.8666666474238));
#6038=CARTESIAN_POINT('Ctrl Pts',(8.59753756112856,-2.72305868254151,42.8731295168813));
#6039=CARTESIAN_POINT('Ctrl Pts',(8.66825954031634,-2.50275062804322,42.8795877460588));
#6040=CARTESIAN_POINT('Ctrl Pts',(8.73837834131402,-2.28432155112871,42.8859908938736));
#6041=CARTESIAN_POINT('Ctrl Pts',(8.80037017165859,-2.06322847297965,42.8923894802235));
#6042=CARTESIAN_POINT('Ctrl Pts',(8.85402027117579,-1.8399430066986,42.8987882608673));
#6043=CARTESIAN_POINT('Ctrl Pts',(8.89342343737625,-1.67595161773202,42.9034878274936));
#6044=CARTESIAN_POINT('Ctrl Pts',(8.9283260022073,-1.51077723959256,42.9081874989245));
#6045=CARTESIAN_POINT('Ctrl Pts',(8.95862525270239,-1.34460394654067,42.9128891592492));
#6046=CARTESIAN_POINT('Ctrl Pts',(8.97158869100544,-1.27350722972773,42.9149007497191));
#6047=CARTESIAN_POINT('Ctrl Pts',(8.98370928673256,-1.20222764399813,42.9169127042618));
#6048=CARTESIAN_POINT('Ctrl Pts',(8.99497811361154,-1.1307795805708,42.9189251704366));
#6049=CARTESIAN_POINT('Ctrl Pts',(8.99933814570965,-1.10313554510588,42.9197038155619));
#6050=CARTESIAN_POINT('Ctrl Pts',(9.00357081598771,-1.07546495421892,42.9204825746047));
#6051=CARTESIAN_POINT('Ctrl Pts',(9.00767306546533,-1.04778653672233,42.9212609534824));
#6052=CARTESIAN_POINT('Ctrl Pts',(9.04192751238836,-0.816667271981486,42.9277605430606));
#6053=CARTESIAN_POINT('Ctrl Pts',(9.06713782048195,-0.584723125060023,42.9342415460729));
#6054=CARTESIAN_POINT('Ctrl Pts',(9.0831654410909,-0.352466688350081,42.940708781592));
#6055=CARTESIAN_POINT('Ctrl Pts',(9.09504278041719,-0.180352025991577,42.9455013551522));
#6056=CARTESIAN_POINT('Ctrl Pts',(9.10187641292201,-0.00806527683545616,
42.9502863681327));
#6057=CARTESIAN_POINT('Ctrl Pts',(9.10359248663183,0.164190957060461,42.9550657816962));
#6058=CARTESIAN_POINT('Ctrl Pts',(9.10586989117158,0.39279251818924,42.9614085501244));
#6059=CARTESIAN_POINT('Ctrl Pts',(9.09913636782219,0.62134047638989,42.967741456864));
#6060=CARTESIAN_POINT('Ctrl Pts',(9.08363620962789,0.849385359958927,42.9740690857211));
#6061=CARTESIAN_POINT('Ctrl Pts',(9.06743985837296,1.08767293030967,42.9806809214388));
#6062=CARTESIAN_POINT('Ctrl Pts',(9.04167187673608,1.32541191571187,42.9872869945122));
#6063=CARTESIAN_POINT('Ctrl Pts',(9.00655171178692,1.56208851644837,42.9938925345506));
#6064=CARTESIAN_POINT('Ctrl Pts',(8.97582156745641,1.7691805420928,42.9996723820842));
#6065=CARTESIAN_POINT('Ctrl Pts',(8.93793015826586,1.97545947619725,43.005451821513));
#6066=CARTESIAN_POINT('Ctrl Pts',(8.89298854309453,2.18057385656184,43.0112343562655));
#6067=CARTESIAN_POINT('Ctrl Pts',(8.87951407015909,2.24207160550473,43.012968085855));
#6068=CARTESIAN_POINT('Ctrl Pts',(8.86540561077737,2.30346459980195,43.0147020936926));
#6069=CARTESIAN_POINT('Ctrl Pts',(8.85066559556,2.36474316417342,43.0164364742024));
#6070=CARTESIAN_POINT('Ctrl Pts',(8.84190706225788,2.40115495472032,43.0174670450145));
#6071=CARTESIAN_POINT('Ctrl Pts',(8.83292401612696,2.43753208846741,43.0184979108779));
#6072=CARTESIAN_POINT('Ctrl Pts',(8.82372535207968,2.47384002569443,43.0195281685286));
#6073=CARTESIAN_POINT('Ctrl Pts',(8.76650884975682,2.69967860007976,43.0259364620547));
#6074=CARTESIAN_POINT('Ctrl Pts',(8.70091007385977,2.92303652184676,43.0323267752802));
#6075=CARTESIAN_POINT('Ctrl Pts',(8.62720276643868,3.14345740546899,43.0387037267243));
#6076=CARTESIAN_POINT('Ctrl Pts',(8.55274463166616,3.36612362994058,43.0451456376647));
#6077=CARTESIAN_POINT('Ctrl Pts',(8.47001178683553,3.58579331499811,43.0515739132148));
#6078=CARTESIAN_POINT('Ctrl Pts',(8.37923334833469,3.80199240310056,43.0579933144761));
#6079=CARTESIAN_POINT('Ctrl Pts',(8.288399864328,4.0183225882825,43.0644166082829));
#6080=CARTESIAN_POINT('Ctrl Pts',(8.18951081004536,4.23117861430496,43.0708310170353));
#6081=CARTESIAN_POINT('Ctrl Pts',(8.08274566047422,4.44007229540816,43.0772413104994));
#6082=CARTESIAN_POINT('Ctrl Pts',(7.97680921465737,4.6473445581134,43.0836018477062));
#6083=CARTESIAN_POINT('Ctrl Pts',(7.86311820115389,4.8507163563482,43.089958333262));
#6084=CARTESIAN_POINT('Ctrl Pts',(7.74180237336171,5.04968839701385,43.0963154267233));
#6085=CARTESIAN_POINT('Ctrl Pts',(7.6292116454421,5.23435026102528,43.1022153145886));
#6086=CARTESIAN_POINT('Ctrl Pts',(7.5100528510979,5.41522265682517,43.1081157260621));
#6087=CARTESIAN_POINT('Ctrl Pts',(7.38439699144426,5.59188205792274,43.1140203859178));
#6088=CARTESIAN_POINT('Ctrl Pts',(7.36942604638009,5.61292968909721,43.1147238814696));
#6089=CARTESIAN_POINT('Ctrl Pts',(7.35436284070656,5.63391748494999,43.1154274373268));
#6090=CARTESIAN_POINT('Ctrl Pts',(7.33920746613012,5.65484470216192,43.1161310597889));
#6091=CARTESIAN_POINT('Ctrl Pts',(7.32367266243497,5.67629585202519,43.116852298104));
#6092=CARTESIAN_POINT('Ctrl Pts',(7.30804641961759,5.69767587799355,43.1175733552724));
#6093=CARTESIAN_POINT('Ctrl Pts',(7.29233068186916,5.71898191115065,43.1182941631534));
#6094=CARTESIAN_POINT('Ctrl Pts',(7.19469292970686,5.85135070084766,43.1227723532562));
#6095=CARTESIAN_POINT('Ctrl Pts',(7.09358153493425,5.98089177363576,43.127241860954));
#6096=CARTESIAN_POINT('Ctrl Pts',(6.98907023988719,6.10744801169138,43.131704262926));
#6097=CARTESIAN_POINT('Ctrl Pts',(6.83893086479297,6.28925682467558,43.138114883359));
#6098=CARTESIAN_POINT('Ctrl Pts',(6.6817771228572,6.46490721201654,43.1445108391592));
#6099=CARTESIAN_POINT('Ctrl Pts',(6.51814713922686,6.63418493809713,43.15089680485));
#6100=CARTESIAN_POINT('Ctrl Pts',(6.35501235978475,6.80295036785481,43.1572634442727));
#6101=CARTESIAN_POINT('Ctrl Pts',(6.18543988868276,6.96538200995012,43.1636201539619));
#6102=CARTESIAN_POINT('Ctrl Pts',(6.0099181134082,7.12123658854544,43.1699715661275));
#6103=CARTESIAN_POINT('Ctrl Pts',(5.83333528703522,7.27803332757389,43.1763613733745));
#6104=CARTESIAN_POINT('Ctrl Pts',(5.65073047876315,7.42817367305162,43.1827458188559));
#6105=CARTESIAN_POINT('Ctrl Pts',(5.46256384060491,7.57137250845986,43.1891296192956));
#6106=CARTESIAN_POINT('Ctrl Pts',(5.27495524165507,7.71414666409735,43.1954944875218));
#6107=CARTESIAN_POINT('Ctrl Pts',(5.08181717250572,7.85002080362786,43.2018587145266));
#6108=CARTESIAN_POINT('Ctrl Pts',(4.88357731103117,7.97866927309456,43.208226975192));
#6109=CARTESIAN_POINT('Ctrl Pts',(-4.88118489137547,-7.28638062274405,42.2792289911771));
#6110=CARTESIAN_POINT('Ctrl Pts',(-4.88354964732696,-7.95292660057577,41.975479275094));
#6111=CARTESIAN_POINT('Ctrl Pts',(-4.88533354411148,-8.61172320837794,41.6593347343955));
#6112=CARTESIAN_POINT('Ctrl Pts',(-4.88679428160491,-9.26816155069426,41.335264096528));
#6113=CARTESIAN_POINT('Ctrl Pts',(-4.75412326091698,-7.36003018533929,42.4365920752113));
#6114=CARTESIAN_POINT('Ctrl Pts',(-4.75569976488464,-8.02750903006188,42.1296693503627));
#6115=CARTESIAN_POINT('Ctrl Pts',(-4.75688902940766,-8.68669972561376,41.8109740178659));
#6116=CARTESIAN_POINT('Ctrl Pts',(-4.75786285440327,-9.34335953322288,41.4847236246921));
#6117=CARTESIAN_POINT('Ctrl Pts',(-4.62706163045849,-7.43367974793453,42.5939551592455));
#6118=CARTESIAN_POINT('Ctrl Pts',(-4.62784988244232,-8.10209145954798,42.2838594256315));
#6119=CARTESIAN_POINT('Ctrl Pts',(-4.62844451470383,-8.76167624284959,41.9626133013362));
#6120=CARTESIAN_POINT('Ctrl Pts',(-4.62893142720164,-9.4185575157515,41.6341831528563));
#6121=CARTESIAN_POINT('Ctrl Pts',(-4.5,-7.50732931052976,42.7513182432797));
#6122=CARTESIAN_POINT('Ctrl Pts',(-4.5,-8.17667388903409,42.4380495009003));
#6123=CARTESIAN_POINT('Ctrl Pts',(-4.5,-8.83665276008542,42.1142525848066));
#6124=CARTESIAN_POINT('Ctrl Pts',(-4.5,-9.49375549828012,41.7836426810204));
#6125=CARTESIAN_POINT('',(-4.88185866002414,-7.48073730890274,42.1902020699597));
#6126=CARTESIAN_POINT('Ctrl Pts',(-4.88592169360267,-8.89237776037622,41.5197402654121));
#6127=CARTESIAN_POINT('Ctrl Pts',(-4.88478719688542,-8.42419778358017,41.7482186625799));
#6128=CARTESIAN_POINT('Ctrl Pts',(-4.88346395457177,-7.95430108197967,41.9722467249609));
#6129=CARTESIAN_POINT('Ctrl Pts',(-4.88185894185144,-7.48074156819008,42.1902113259614));
#6130=CARTESIAN_POINT('',(-4.70715497260594,-7.38725472106324,42.494761285462));
#6131=CARTESIAN_POINT('Ctrl Pts',(-4.88185873282514,-7.48067989536262,42.190239711987));
#6132=CARTESIAN_POINT('Ctrl Pts',(-4.85256309487818,-7.46534753988711,42.2409710471626));
#6133=CARTESIAN_POINT('Ctrl Pts',(-4.82335254086811,-7.44989289708256,42.2917198977231));
#6134=CARTESIAN_POINT('Ctrl Pts',(-4.79422718962609,-7.4343141998827,42.3424886205805));
#6135=CARTESIAN_POINT('Ctrl Pts',(-4.76511726305695,-7.41874375310037,42.3932304565194));
#6136=CARTESIAN_POINT('Ctrl Pts',(-4.73609321623268,-7.40305880348381,42.4439866891062));
#6137=CARTESIAN_POINT('Ctrl Pts',(-4.70715497255279,-7.38725472103419,42.4947612855553));
#6138=CARTESIAN_POINT('',(-4.68533169629232,-7.40111526364227,42.5212325319601));
#6139=CARTESIAN_POINT('Ctrl Pts',(-4.70715497260594,-7.38725472106325,42.494761285462));
#6140=CARTESIAN_POINT('Ctrl Pts',(-4.69988111810353,-7.39188961640597,42.5035778432371));
#6141=CARTESIAN_POINT('Ctrl Pts',(-4.69260667376615,-7.39650978300793,42.5124016115587));
#6142=CARTESIAN_POINT('Ctrl Pts',(-4.68533169629392,-7.40111526108517,42.5212325336921));
#6143=CARTESIAN_POINT('',(-4.5,-7.95164675315581,42.5411937645182));
#6144=CARTESIAN_POINT('Ctrl Pts',(-4.68533169629187,-7.40111526117855,42.5212325336522));
#6145=CARTESIAN_POINT('Ctrl Pts',(-4.62462538019,-7.58489994474924,42.5281342224011));
#6146=CARTESIAN_POINT('Ctrl Pts',(-4.56275927912609,-7.76842525186879,42.5348616592382));
#6147=CARTESIAN_POINT('Ctrl Pts',(-4.5,-7.95135891319189,42.5413754548264));
#6148=CARTESIAN_POINT('',(-4.5,-9.49375549828012,41.7836426810204));
#6149=CARTESIAN_POINT('Ctrl Pts',(-4.5,-7.95166396404469,42.5412298035256));
#6150=CARTESIAN_POINT('Ctrl Pts',(-4.5,-8.46947352774543,42.2939919250016));
#6151=CARTESIAN_POINT('Ctrl Pts',(-4.5,-8.98248510218851,42.040879558343));
#6152=CARTESIAN_POINT('Ctrl Pts',(-4.5,-9.49375549658807,41.7836426818717));
#6153=CARTESIAN_POINT('Ctrl Pts',(-4.5,-9.49375549828011,41.7836426810204));
#6154=CARTESIAN_POINT('Ctrl Pts',(-4.61858120070898,-9.29850208203622,41.7096223783067));
#6155=CARTESIAN_POINT('Ctrl Pts',(-4.73693897434986,-9.1036676492965,41.6339418066862));
#6156=CARTESIAN_POINT('Ctrl Pts',(-4.85494143577382,-8.90943039504049,41.5565407534595));
#6157=CARTESIAN_POINT('Origin',(-4.67747021622037,-9.20153661542691,49.5209142803763));
#6158=CARTESIAN_POINT('',(-4.5,-9.49375549828012,41.3121144590124));
#6159=CARTESIAN_POINT('',(-4.5,-9.49375549828012,49.5209142803763));
#6160=CARTESIAN_POINT('Ctrl Pts',(-4.85520505959718,-8.90943080625604,41.0818549460064));
#6161=CARTESIAN_POINT('Ctrl Pts',(-4.77479631930371,-9.04170386703876,41.1319836941544));
#6162=CARTESIAN_POINT('Ctrl Pts',(-4.69456536937178,-9.17371334562008,41.1834171794479));
#6163=CARTESIAN_POINT('Ctrl Pts',(-4.61456755264531,-9.30535413249258,41.2359903216326));
#6164=CARTESIAN_POINT('Ctrl Pts',(-4.57634296688272,-9.36825478095487,41.2611108394727));
#6165=CARTESIAN_POINT('Ctrl Pts',(-4.53817230107746,-9.43107088489751,41.2864915549723));
#6166=CARTESIAN_POINT('Ctrl Pts',(-4.50006537531827,-9.49378922169928,41.3121144590156));
#6167=CARTESIAN_POINT('Ctrl Pts',(-4.88592084877144,-8.89236563137396,41.5197154074324));
#6168=CARTESIAN_POINT('Ctrl Pts',(-6.11249415765371,-8.21842347122816,41.4648325974846));
#6169=CARTESIAN_POINT('Ctrl Pts',(-8.27489926925949,-6.35556777309989,41.355066977589));
#6170=CARTESIAN_POINT('Ctrl Pts',(-10.7786380373484,-1.20236155572203,41.1355357377979));
#6171=CARTESIAN_POINT('Ctrl Pts',(-9.48555071239096,6.29525102440309,40.8611216880589));
#6172=CARTESIAN_POINT('Ctrl Pts',(-1.76164730358661,11.247354466443,40.5318248283721));
#6173=CARTESIAN_POINT('Ctrl Pts',(6.08031798483014,9.16274768842946,40.2391165086505));
#6174=CARTESIAN_POINT('Ctrl Pts',(10.0364177129473,3.63036908538146,39.9829967288942));
#6175=CARTESIAN_POINT('Ctrl Pts',(10.4513237660591,-2.15557600367397,39.763465489103));
#6176=CARTESIAN_POINT('Ctrl Pts',(7.33131899033273,-8.19618785950819,39.5073457093467));
#6177=CARTESIAN_POINT('Ctrl Pts',(-0.131824026446852,-11.3838948032745,
39.214637389625));
#6178=CARTESIAN_POINT('Ctrl Pts',(-8.48573431992698,-7.58982806549515,38.8853405299383));
#6179=CARTESIAN_POINT('Ctrl Pts',(-10.8389724800698,-0.354041934751553,
38.6109264801993));
#6180=CARTESIAN_POINT('Ctrl Pts',(-9.1015502788036,5.1030799932314,38.3913952404082));
#6181=CARTESIAN_POINT('Ctrl Pts',(-5.97682700586316,8.69631031641087,38.2084525405822));
#6182=CARTESIAN_POINT('Ctrl Pts',(-1.0090659738006,10.6305025660444,38.0072155707736));
#6183=CARTESIAN_POINT('Ctrl Pts',(4.71734298322556,9.5776925976611,37.7876843309824));
#6184=CARTESIAN_POINT('Ctrl Pts',(8.54454388543178,6.11933338163423,37.592545451168));
#6185=CARTESIAN_POINT('Ctrl Pts',(10.6653739413137,0.821326873716084,37.3730142113769));
#6186=CARTESIAN_POINT('Ctrl Pts',(9.63332333302826,-5.06216089236869,37.1534829715857));
#6187=CARTESIAN_POINT('Ctrl Pts',(4.89850039876676,-9.48166783279429,36.9095593718177));
#6188=CARTESIAN_POINT('Ctrl Pts',(-0.789656765733457,-10.6470251110506,
36.6900281320265));
#6189=CARTESIAN_POINT('Ctrl Pts',(-6.25770785199307,-8.65020569104002,36.4704968922353));
#6190=CARTESIAN_POINT('Ctrl Pts',(-9.86127563792553,-4.08766494448549,36.2509656524442));
#6191=CARTESIAN_POINT('Ctrl Pts',(-10.5414986129359,1.68788575561847,36.031434412653));
#6192=CARTESIAN_POINT('Ctrl Pts',(-8.09240525027076,6.9642222503779,35.8119031728619));
#6193=CARTESIAN_POINT('Ctrl Pts',(-3.24146413472335,10.1707056439948,35.5923719330707));
#6194=CARTESIAN_POINT('Ctrl Pts',(2.57134047026628,10.3621525338061,35.3728406932795));
#6195=CARTESIAN_POINT('Ctrl Pts',(7.62120486080497,7.47581829179351,35.1533094534883));
#6196=CARTESIAN_POINT('Ctrl Pts',(10.1742124541669,2.79721835193849,34.9520724836797));
#6197=CARTESIAN_POINT('Ctrl Pts',(10.2517046407931,-1.96909112094521,34.7691297838538));
#6198=CARTESIAN_POINT('Ctrl Pts',(8.59678532398019,-5.92614026397793,34.6044813540104));
#6199=CARTESIAN_POINT('Ctrl Pts',(5.48676706741294,-8.88030564042156,34.439832924167));
#6200=CARTESIAN_POINT('Ctrl Pts',(1.00671483762367,-10.5047245432119,34.256890224341));
#6201=CARTESIAN_POINT('Ctrl Pts',(-4.27894111347536,-9.78243038990193,34.0556532545324));
#6202=CARTESIAN_POINT('Ctrl Pts',(-8.7626941550918,-6.08914967522693,33.8361220147412));
#6203=CARTESIAN_POINT('Ctrl Pts',(-10.9912898643459,0.329622065381387,33.5800022349849));
#6204=CARTESIAN_POINT('Ctrl Pts',(-8.16184730856444,7.93821711260096,33.2872939152633));
#6205=CARTESIAN_POINT('Ctrl Pts',(0.343262330037735,11.3785457022404,32.9579970555765));
#6206=CARTESIAN_POINT('Ctrl Pts',(7.20951734494797,8.10257808564926,32.6835830058376));
#6207=CARTESIAN_POINT('Ctrl Pts',(9.96865324905874,3.08103370875272,32.4640517660464));
#6208=CARTESIAN_POINT('Ctrl Pts',(10.2395082777393,0.239873737397034,32.3542861461508));
#6209=CARTESIAN_POINT('Ctrl Pts',(10.0807960019999,-1.15062636357889,32.299403336203));
#6210=CARTESIAN_POINT('Ctrl Pts',(-4.69137271493478,-8.53772259263346,41.7532484922634));
#6211=CARTESIAN_POINT('Ctrl Pts',(-5.86902813788912,-7.89061552779088,41.6983656823156));
#6212=CARTESIAN_POINT('Ctrl Pts',(-7.94517465397668,-6.10196820941888,41.58860006242));
#6213=CARTESIAN_POINT('Ctrl Pts',(-10.3489584985556,-1.15413755179906,41.3690688226288));
#6214=CARTESIAN_POINT('Ctrl Pts',(-9.10722132535181,6.04453307440952,41.0946547728898));
#6215=CARTESIAN_POINT('Ctrl Pts',(-1.69111367507131,10.7990036424043,40.765357913203));
#6216=CARTESIAN_POINT('Ctrl Pts',(5.83816009861011,8.79729325581953,40.4726495934815));
#6217=CARTESIAN_POINT('Ctrl Pts',(9.63639347838641,3.48536767214227,40.2165298137252));
#6218=CARTESIAN_POINT('Ctrl Pts',(10.0346030881144,-2.06992036072473,39.9969985739339));
#6219=CARTESIAN_POINT('Ctrl Pts',(7.03882127172845,-7.86962742985253,39.7408787941776));
#6220=CARTESIAN_POINT('Ctrl Pts',(-0.126874321417032,-10.9300496786338,
39.448170474456));
#6221=CARTESIAN_POINT('Ctrl Pts',(-8.14763748980682,-7.28701659687534,39.1188736147692));
#6222=CARTESIAN_POINT('Ctrl Pts',(-10.4068648178237,-0.339636260958809,
38.8444595650303));
#6223=CARTESIAN_POINT('Ctrl Pts',(-8.73856184477272,4.89987999990691,38.6249283252391));
#6224=CARTESIAN_POINT('Ctrl Pts',(-5.73831537720065,8.34977513695582,38.4419856254131));
#6225=CARTESIAN_POINT('Ctrl Pts',(-0.968552060116708,10.2067235589746,38.2407486556045));
#6226=CARTESIAN_POINT('Ctrl Pts',(4.52953394471445,9.19573216200919,38.0212174158134));
#6227=CARTESIAN_POINT('Ctrl Pts',(8.20406300752217,5.87514452807846,37.826078535999));
#6228=CARTESIAN_POINT('Ctrl Pts',(10.2401996745688,0.788296618450828,37.6065472962078));
#6229=CARTESIAN_POINT('Ctrl Pts',(9.24913580639416,-4.86060649810921,37.3870160564166));
#6230=CARTESIAN_POINT('Ctrl Pts',(4.70295731174158,-9.10379386068911,37.1430924566487));
#6231=CARTESIAN_POINT('Ctrl Pts',(-0.758461465071949,-10.2225390878391,
36.9235612168575));
#6232=CARTESIAN_POINT('Ctrl Pts',(-6.00846420167903,-8.30518000032483,36.7040299770663));
#6233=CARTESIAN_POINT('Ctrl Pts',(-9.46824606826352,-3.92443722509091,36.4844987372751));
#6234=CARTESIAN_POINT('Ctrl Pts',(-10.121195494775,1.62087793345379,36.264967497484));
#6235=CARTESIAN_POINT('Ctrl Pts',(-7.76959840713009,6.68679702541782,36.0454362576928));
#6236=CARTESIAN_POINT('Ctrl Pts',(-3.1119635851902,9.76531730159765,35.8259050179016));
#6237=CARTESIAN_POINT('Ctrl Pts',(2.4691071601616,9.94897568222199,35.6063737781105));
#6238=CARTESIAN_POINT('Ctrl Pts',(7.31757115090948,7.1775752659404,35.3868425383192));
#6239=CARTESIAN_POINT('Ctrl Pts',(9.76867238265982,2.68542844825842,35.1856055685107));
#6240=CARTESIAN_POINT('Ctrl Pts',(9.8429471832612,-1.89086470810632,35.0026628686847));
#6241=CARTESIAN_POINT('Ctrl Pts',(8.25389824457305,-5.69011378076206,34.8380144388413));
#6242=CARTESIAN_POINT('Ctrl Pts',(5.26778770853271,-8.52642196153777,34.6733660089979));
#6243=CARTESIAN_POINT('Ctrl Pts',(0.966298037824158,-10.0859598636691,34.490423309172));
#6244=CARTESIAN_POINT('Ctrl Pts',(-4.10861533910914,-9.39231945099836,34.2891863393634));
#6245=CARTESIAN_POINT('Ctrl Pts',(-8.41351546795821,-5.84615829453576,34.0696550995722));
#6246=CARTESIAN_POINT('Ctrl Pts',(-10.5530914002844,0.316776206225365,33.8135353198158));
#6247=CARTESIAN_POINT('Ctrl Pts',(-7.83624586056474,7.62196350760609,33.5208270000943));
#6248=CARTESIAN_POINT('Ctrl Pts',(0.329883071927052,10.9249081486752,33.1915301404075));
#6249=CARTESIAN_POINT('Ctrl Pts',(6.92231321809405,7.77935909645467,32.9171160906685));
#6250=CARTESIAN_POINT('Ctrl Pts',(9.57131581941542,2.95793446208489,32.6975848508774));
#6251=CARTESIAN_POINT('Ctrl Pts',(9.83129638547109,0.230035705569714,32.5878192309818));
#6252=CARTESIAN_POINT('Ctrl Pts',(9.67887413838994,-1.10502508225146,32.532936421034));
#6253=CARTESIAN_POINT('Ctrl Pts',(-4.49683847565689,-8.18307146271212,41.986780874313));
#6254=CARTESIAN_POINT('Ctrl Pts',(-5.62557490084522,-7.56279758356833,41.9318980643652));
#6255=CARTESIAN_POINT('Ctrl Pts',(-7.61545977703744,-5.84835528525029,41.8221324444696));
#6256=CARTESIAN_POINT('Ctrl Pts',(-9.91928044509264,-1.10589642986046,41.6026012046784));
#6257=CARTESIAN_POINT('Ctrl Pts',(-8.72888158936959,5.79382990191912,41.3281871549395));
#6258=CARTESIAN_POINT('Ctrl Pts',(-1.6205621633365,10.3506551653025,40.9988902952527));
#6259=CARTESIAN_POINT('Ctrl Pts',(5.59601648687503,8.4318288289864,40.7061819755312));
#6260=CARTESIAN_POINT('Ctrl Pts',(9.23637459521803,3.34035021862528,40.4500621957748));
#6261=CARTESIAN_POINT('Ctrl Pts',(9.61787858322087,-1.9842811880962,40.2305309559836));
#6262=CARTESIAN_POINT('Ctrl Pts',(6.74631028570827,-7.54307829227404,39.9744111762272));
#6263=CARTESIAN_POINT('Ctrl Pts',(-0.121942644374462,-10.4762038946725,
39.6817028565057));
#6264=CARTESIAN_POINT('Ctrl Pts',(-7.80955234798868,-6.98419138850612,39.3524059968188));
#6265=CARTESIAN_POINT('Ctrl Pts',(-9.97475728474055,-0.325213404205146,
39.0779919470799));
#6266=CARTESIAN_POINT('Ctrl Pts',(-8.37556496884778,4.69669422080099,38.8584607072887));
#6267=CARTESIAN_POINT('Ctrl Pts',(-5.49978973629841,8.00324908293618,38.6755180074627));
#6268=CARTESIAN_POINT('Ctrl Pts',(-0.928021271126633,9.78294572982375,38.4742810376542));
#6269=CARTESIAN_POINT('Ctrl Pts',(4.34173989405006,8.81376387780423,38.254749797863));
#6270=CARTESIAN_POINT('Ctrl Pts',(7.86359148309704,5.63094189782812,38.0596109180486));
#6271=CARTESIAN_POINT('Ctrl Pts',(9.81502628800866,0.755249437676787,37.8400796782575));
#6272=CARTESIAN_POINT('Ctrl Pts',(8.86493988356892,-4.65906716501001,37.6205484384662));
#6273=CARTESIAN_POINT('Ctrl Pts',(4.50739901084265,-8.72592727094653,37.3766248386983));
#6274=CARTESIAN_POINT('Ctrl Pts',(-0.727282996727332,-9.79805139810292,
37.1570935989071));
#6275=CARTESIAN_POINT('Ctrl Pts',(-5.7592340068719,-7.96014405400314,36.9375623591159));
#6276=CARTESIAN_POINT('Ctrl Pts',(-9.0752225838929,-3.76119372629153,36.7180311193248));
#6277=CARTESIAN_POINT('Ctrl Pts',(-9.70088928776976,1.55388674464991,36.4984998795336));
#6278=CARTESIAN_POINT('Ctrl Pts',(-7.44678021248911,6.40938433932653,36.2789686397424));
#6279=CARTESIAN_POINT('Ctrl Pts',(-2.98244679667631,9.35993369669705,36.0594373999512));
#6280=CARTESIAN_POINT('Ctrl Pts',(2.36689015899161,9.53579434535229,35.8399061601601));
#6281=CARTESIAN_POINT('Ctrl Pts',(7.01394898520363,6.87931987512758,35.6203749203689));
#6282=CARTESIAN_POINT('Ctrl Pts',(9.3631363382125,2.57362231828553,35.4191379505603));
#6283=CARTESIAN_POINT('Ctrl Pts',(9.43418620280387,-1.81265445617797,35.2361952507343));
#6284=CARTESIAN_POINT('Ctrl Pts',(7.91100143889308,-5.45410068059707,35.0715468208909));
#6285=CARTESIAN_POINT('Ctrl Pts',(5.04879406715262,-8.17254662396325,34.9068983910476));
#6286=CARTESIAN_POINT('Ctrl Pts',(0.92586455908721,-9.66719636340355,34.7239556912216));
#6287=CARTESIAN_POINT('Ctrl Pts',(-3.93830489050541,-9.00220134806531,34.522718721413));
#6288=CARTESIAN_POINT('Ctrl Pts',(-8.06434608205295,-5.60315279456449,34.3031874816218));
#6289=CARTESIAN_POINT('Ctrl Pts',(-10.1148919821162,0.303947744098428,34.0470677018655));
#6290=CARTESIAN_POINT('Ctrl Pts',(-7.51063151719357,7.30572251703254,33.7543593821439));
#6291=CARTESIAN_POINT('Ctrl Pts',(0.316521826174183,10.4712696038848,33.4250625224572));
#6292=CARTESIAN_POINT('Ctrl Pts',(6.63512163542961,7.45612836517935,33.1506484727182));
#6293=CARTESIAN_POINT('Ctrl Pts',(9.17398288019384,2.83481930380439,32.931117232927));
#6294=CARTESIAN_POINT('Ctrl Pts',(9.42308446115397,0.220181444053378,32.8213516130314));
#6295=CARTESIAN_POINT('Ctrl Pts',(9.27695005418522,-1.05943972558823,32.7664688030836));
#6296=CARTESIAN_POINT('Ctrl Pts',(-4.30232466360198,-7.82840833824299,42.2203120725204));
#6297=CARTESIAN_POINT('Ctrl Pts',(-5.3821404423012,-7.2349648365609,42.1654292625726));
#6298=CARTESIAN_POINT('Ctrl Pts',(-7.28575917645004,-5.5947226256715,42.0556636426771));
#6299=CARTESIAN_POINT('Ctrl Pts',(-9.48960448793686,-1.05763008004286,41.8361324028859));
#6300=CARTESIAN_POINT('Ctrl Pts',(-8.35052652804574,5.54314844556422,41.5617183531469));
#6301=CARTESIAN_POINT('Ctrl Pts',(-1.54998429184086,9.90231005050194,41.2324214934601));
#6302=CARTESIAN_POINT('Ctrl Pts',(5.3538938520988,8.06634960191537,40.9397131737386));
#6303=CARTESIAN_POINT('Ctrl Pts',(8.83636351098417,3.19530910466231,40.6835933939822));
#6304=CARTESIAN_POINT('Ctrl Pts',(9.20114835234941,-1.8986662604079,40.464062154191));
#6305=CARTESIAN_POINT('Ctrl Pts',(6.4537796923089,-7.21654572002534,40.2079423744346));
#6306=CARTESIAN_POINT('Ctrl Pts',(-0.117037523971292,-10.022357043374,39.9152340547131));
#6307=CARTESIAN_POINT('Ctrl Pts',(-7.47148435295265,-6.68134587517385,39.5859371950263));
#6308=CARTESIAN_POINT('Ctrl Pts',(-9.54264985079214,-0.31076523144196,39.3115231452874));
#6309=CARTESIAN_POINT('Ctrl Pts',(-8.01255557978779,4.49352933836178,39.0919919054961));
#6310=CARTESIAN_POINT('Ctrl Pts',(-5.2612434029494,7.65673639837673,38.9090492056702));
#6311=CARTESIAN_POINT('Ctrl Pts',(-0.887465613414013,9.35916954620461,38.7078122358616));
#6312=CARTESIAN_POINT('Ctrl Pts',(4.15396788249132,8.43178395037088,38.4882809960705));
#6313=CARTESIAN_POINT('Ctrl Pts',(7.52313366579944,5.3867189208429,38.293142116256));
#6314=CARTESIAN_POINT('Ctrl Pts',(9.38985410795008,0.722177316086506,38.0736108764649));
#6315=CARTESIAN_POINT('Ctrl Pts',(8.48073151020987,-4.45754997624796,37.8540796366737));
#6316=CARTESIAN_POINT('Ctrl Pts',(4.31181825646235,-8.34807147669467,37.6101560369057));
#6317=CARTESIAN_POINT('Ctrl Pts',(-0.696129318380933,-9.37356116283261,
37.3906247971146));
#6318=CARTESIAN_POINT('Ctrl Pts',(-5.5100235810596,-7.61509292679272,37.1710935573234));
#6319=CARTESIAN_POINT('Ctrl Pts',(-8.6822079807745,-3.59792694730007,36.9515623175322));
#6320=CARTESIAN_POINT('Ctrl Pts',(-9.28057844125554,1.48692004471853,36.732031077741));
#6321=CARTESIAN_POINT('Ctrl Pts',(-7.12394522713727,6.13199006653273,36.5124998379499));
#6322=CARTESIAN_POINT('Ctrl Pts',(-2.85290605841321,8.95455698435727,36.2929685981587));
#6323=CARTESIAN_POINT('Ctrl Pts',(2.26469716192921,9.12260631383177,36.0734373583675));
#6324=CARTESIAN_POINT('Ctrl Pts',(6.71034376101266,6.58104620547124,35.8539061185763));
#6325=CARTESIAN_POINT('Ctrl Pts',(8.95760614049899,2.46179226095067,35.6526691487678));
#6326=CARTESIAN_POINT('Ctrl Pts',(9.02541994584025,-1.73446799502925,35.4697264489418));
#6327=CARTESIAN_POINT('Ctrl Pts',(7.56809023232805,-5.21810724560696,35.3050780190984));
#6328=CARTESIAN_POINT('Ctrl Pts',(4.82977933911893,-7.81868349923923,35.140429589255));
#6329=CARTESIAN_POINT('Ctrl Pts',(0.885406501275195,-9.24843451170853,34.957486889429));
#6330=CARTESIAN_POINT('Ctrl Pts',(-3.76801698293926,-8.61207260880697,34.7562499196205));
#6331=CARTESIAN_POINT('Ctrl Pts',(-7.7151903239675,-5.36012644320965,34.5367186798293));
#6332=CARTESIAN_POINT('Ctrl Pts',(-9.67669106531334,0.291144907605358,34.2805989000729));
#6333=CARTESIAN_POINT('Ctrl Pts',(-7.18499810796177,6.98950004236184,33.9878905803513));
#6334=CARTESIAN_POINT('Ctrl Pts',(0.303187112120439,10.0176295025237,33.6585937206646));
#6335=CARTESIAN_POINT('Ctrl Pts',(6.34794847195246,7.13288026792088,33.3841796709256));
#6336=CARTESIAN_POINT('Ctrl Pts',(8.7766564713758,2.71168067927951,33.1646484311344));
#6337=CARTESIAN_POINT('Ctrl Pts',(9.01487240401941,0.21030327191053,33.0548828112388));
#6338=CARTESIAN_POINT('Ctrl Pts',(8.87502261353713,-1.01387781833658,33.000000001291));
#6339=CARTESIAN_POINT('Ctrl Pts',(-10.1469919628123,0.00113242778511214,
38.5946226743163));
#6340=CARTESIAN_POINT('Ctrl Pts',(-10.1351182839483,-2.46818635309878,38.6915286261903));
#6341=CARTESIAN_POINT('Ctrl Pts',(-9.20877249672993,-4.93913908820521,38.7884345780643));
#6342=CARTESIAN_POINT('Ctrl Pts',(-7.56406356970884,-6.77501529564298,38.8853405299383));
#6343=CARTESIAN_POINT('Ctrl Pts',(-5.70109755543361,-8.85451697808825,38.9951061498339));
#6344=CARTESIAN_POINT('Ctrl Pts',(-2.91646079094026,-10.1192058906814,39.1048717697295));
#6345=CARTESIAN_POINT('Ctrl Pts',(-0.124803093047416,-10.1538552950217,
39.2146373896251));
#6346=CARTESIAN_POINT('Ctrl Pts',(2.66685460484546,-10.1885046993621,39.3244030095207));
#6347=CARTESIAN_POINT('Ctrl Pts',(5.46553323613783,-8.99311459544976,39.4341686294163));
#6348=CARTESIAN_POINT('Ctrl Pts',(7.38729163098441,-6.96165836238458,39.5439342493119));
#6349=CARTESIAN_POINT('Ctrl Pts',(8.66846389421546,-5.6073542070078,39.6171113292422));
#6350=CARTESIAN_POINT('Ctrl Pts',(9.55989383013728,-3.88146510534089,39.6902884091726));
#6351=CARTESIAN_POINT('Ctrl Pts',(9.93645778924623,-2.0541963729982,39.763465489103));
#6352=CARTESIAN_POINT('Ctrl Pts',(10.3130217483552,-0.226927640655491,39.8366425690334));
#6353=CARTESIAN_POINT('Ctrl Pts',(10.1747197306512,1.70172072236302,39.9098196489638));
#6354=CARTESIAN_POINT('Ctrl Pts',(9.54041161778253,3.45638470430769,39.9829967288942));
#6355=CARTESIAN_POINT('Ctrl Pts',(8.90610350491382,5.21104868625235,40.0561738088246));
#6356=CARTESIAN_POINT('Ctrl Pts',(7.77578929688035,6.79172828712318,40.129350888755));
#6357=CARTESIAN_POINT('Ctrl Pts',(6.3134042432186,7.94859672544704,40.2025279686854));
#6358=CARTESIAN_POINT('Ctrl Pts',(4.11982666272596,9.68389938293284,40.3122935885809));
#6359=CARTESIAN_POINT('Ctrl Pts',(1.17908967956967,10.4656269246879,40.4220592084765));
#6360=CARTESIAN_POINT('Ctrl Pts',(-1.57859604680918,10.0311401218922,40.5318248283721));
#6361=CARTESIAN_POINT('Ctrl Pts',(-4.33628177318805,9.59665331909639,40.6415904482677));
#6362=CARTESIAN_POINT('Ctrl Pts',(-6.9109162427895,7.94595217174974,40.7513560681633));
#6363=CARTESIAN_POINT('Ctrl Pts',(-8.45685094258172,5.62107908205139,40.8611216880589));
#6364=CARTESIAN_POINT('Ctrl Pts',(-9.55305719712828,3.97253569771772,40.9389553501663));
#6365=CARTESIAN_POINT('Ctrl Pts',(-10.1320248806614,1.98501320372216,41.0167890122737));
#6366=CARTESIAN_POINT('Ctrl Pts',(-10.1400229101313,-0.000711327530122369,
41.0946226743811));
#6367=CARTESIAN_POINT('',(8.87502261575915,-1.01387781858844,33.));
#6368=CARTESIAN_POINT('Ctrl Pts',(-0.769149567484038,10.1220801226295,33.));
#6369=CARTESIAN_POINT('Ctrl Pts',(-0.535019302776835,10.1250759210544,33.));
#6370=CARTESIAN_POINT('Ctrl Pts',(-0.300875009682482,10.1197471432997,33.0000000000336));
#6371=CARTESIAN_POINT('Ctrl Pts',(-0.0671116927862728,10.1058433563993,
33.0000000000989));
#6372=CARTESIAN_POINT('Ctrl Pts',(0.0543477614513593,10.0986191845695,33.0000000001329));
#6373=CARTESIAN_POINT('Ctrl Pts',(0.175704156967363,10.0890792433857,33.0000000001753));
#6374=CARTESIAN_POINT('Ctrl Pts',(0.296900340264339,10.0771830843865,33.0000000002251));
#6375=CARTESIAN_POINT('Ctrl Pts',(0.483553257585774,10.0588619399271,33.0000000003017));
#6376=CARTESIAN_POINT('Ctrl Pts',(0.669826668235729,10.0349527228846,33.0000000003961));
#6377=CARTESIAN_POINT('Ctrl Pts',(0.855524124967053,10.0055383293127,33.0000000005014));
#6378=CARTESIAN_POINT('Ctrl Pts',(1.0948008391305,9.96763700547717,33.000000000637));
#6379=CARTESIAN_POINT('Ctrl Pts',(1.33223982370298,9.92073715046498,33.0000000007727));
#6380=CARTESIAN_POINT('Ctrl Pts',(1.56744219539167,9.86517269136821,33.0000000009208));
#6381=CARTESIAN_POINT('Ctrl Pts',(1.80612898358583,9.80878507000057,33.0000000010711));
#6382=CARTESIAN_POINT('Ctrl Pts',(2.04251298656429,9.7434739501941,33.0000000012344));
#6383=CARTESIAN_POINT('Ctrl Pts',(2.27616463016082,9.66953636186154,33.0000000014152));
#6384=CARTESIAN_POINT('Ctrl Pts',(2.51190051564038,9.59493922833615,33.0000000015976));
#6385=CARTESIAN_POINT('Ctrl Pts',(2.74485568734814,9.51156070969219,33.0000000017979));
#6386=CARTESIAN_POINT('Ctrl Pts',(2.97456706299266,9.41965796475284,33.0000000020112));
#6387=CARTESIAN_POINT('Ctrl Pts',(3.20364458982998,9.32800880954144,33.0000000022239));
#6388=CARTESIAN_POINT('Ctrl Pts',(3.42949675897385,9.2278819980868,33.0000000024496));
#6389=CARTESIAN_POINT('Ctrl Pts',(3.65163388499154,9.11949081793026,33.0000000026733));
#6390=CARTESIAN_POINT('Ctrl Pts',(3.87090842889872,9.01249642658979,33.0000000028941));
#6391=CARTESIAN_POINT('Ctrl Pts',(4.08656352855202,8.89744885682511,33.000000003113));
#6392=CARTESIAN_POINT('Ctrl Pts',(4.29809095618961,8.77451887185461,33.0000000033053));
#6393=CARTESIAN_POINT('Ctrl Pts',(4.34663590895674,8.74630678427474,33.0000000033495));
#6394=CARTESIAN_POINT('Ctrl Pts',(4.39496328834255,8.71767940868613,33.0000000033922));
#6395=CARTESIAN_POINT('Ctrl Pts',(4.44306662990578,8.68863858565693,33.000000003433));
#6396=CARTESIAN_POINT('Ctrl Pts',(4.65136770090858,8.56288361015626,33.0000000036099));
#6397=CARTESIAN_POINT('Ctrl Pts',(4.85470480729382,8.42984139658943,33.0000000037499));
#6398=CARTESIAN_POINT('Ctrl Pts',(5.05266032736315,8.28978640674644,33.0000000038732));
#6399=CARTESIAN_POINT('Ctrl Pts',(5.25579027416791,8.14607047184053,33.0000000039998));
#6400=CARTESIAN_POINT('Ctrl Pts',(5.45325436309603,7.99497010109451,33.0000000041089));
#6401=CARTESIAN_POINT('Ctrl Pts',(5.64456682855884,7.8367365274824,33.0000000042111));
#6402=CARTESIAN_POINT('Ctrl Pts',(5.82806966027501,7.68496226248536,33.0000000043091));
#6403=CARTESIAN_POINT('Ctrl Pts',(6.00591311682343,7.52662465846455,33.0000000044007));
#6404=CARTESIAN_POINT('Ctrl Pts',(6.17763039777226,7.36191146299766,33.0000000044845));
#6405=CARTESIAN_POINT('Ctrl Pts',(6.3470611253941,7.19939155584171,33.0000000045673));
#6406=CARTESIAN_POINT('Ctrl Pts',(6.51052812252642,7.03066432551427,33.0000000046425));
#6407=CARTESIAN_POINT('Ctrl Pts',(6.66754013149165,6.85588350689621,33.0000000046985));
#6408=CARTESIAN_POINT('Ctrl Pts',(6.82113917216658,6.68490189698598,33.0000000047532));
#6409=CARTESIAN_POINT('Ctrl Pts',(6.96856106473212,6.50812664032545,33.0000000047895));
#6410=CARTESIAN_POINT('Ctrl Pts',(7.10929997096208,6.3256816743469,33.000000004786));
#6411=CARTESIAN_POINT('Ctrl Pts',(7.13492641426633,6.29246118328271,33.0000000047854));
#6412=CARTESIAN_POINT('Ctrl Pts',(7.16033115218768,6.25905266730045,33.0000000047834));
#6413=CARTESIAN_POINT('Ctrl Pts',(7.18551095166138,6.22545681576986,33.0000000047799));
#6414=CARTESIAN_POINT('Ctrl Pts',(7.19212817649744,6.21662786129907,33.000000004779));
#6415=CARTESIAN_POINT('Ctrl Pts',(7.19872986603175,6.20778596872683,33.000000004778));
#6416=CARTESIAN_POINT('Ctrl Pts',(7.20531599373627,6.19893118591714,33.0000000047769));
#6417=CARTESIAN_POINT('Ctrl Pts',(7.34410558297043,6.01233418627641,33.000000004753));
#6418=CARTESIAN_POINT('Ctrl Pts',(7.47548624803715,5.8206904130132,33.0000000046792));
#6419=CARTESIAN_POINT('Ctrl Pts',(7.59935930769181,5.62452599587001,33.0000000045822));
#6420=CARTESIAN_POINT('Ctrl Pts',(7.73033317859622,5.41711678906928,33.0000000044796));
#6421=CARTESIAN_POINT('Ctrl Pts',(7.85291472512113,5.20465328593545,33.0000000043514));
#6422=CARTESIAN_POINT('Ctrl Pts',(7.96693434287028,4.98772543969002,33.0000000042159));
#6423=CARTESIAN_POINT('Ctrl Pts',(8.07659613176904,4.77908857393971,33.0000000040857));
#6424=CARTESIAN_POINT('Ctrl Pts',(8.17833781364076,4.56632123386639,33.0000000039487));
#6425=CARTESIAN_POINT('Ctrl Pts',(8.27195828877966,4.34993067020797,33.0000000038089));
#6426=CARTESIAN_POINT('Ctrl Pts',(8.36500798819476,4.1348593743744,33.0000000036699));
#6427=CARTESIAN_POINT('Ctrl Pts',(8.45003533018012,3.91620821529253,33.0000000035282));
#6428=CARTESIAN_POINT('Ctrl Pts',(8.52679202380259,3.69446867354341,33.0000000033746));
#6429=CARTESIAN_POINT('Ctrl Pts',(8.60228678160551,3.47637469099101,33.0000000032236));
#6430=CARTESIAN_POINT('Ctrl Pts',(8.66978063797674,3.25529242217046,33.0000000030611));
#6431=CARTESIAN_POINT('Ctrl Pts',(8.72898698341912,3.03169277300976,33.0000000028657));
#6432=CARTESIAN_POINT('Ctrl Pts',(8.73793551954139,2.99789758564444,33.0000000028361));
#6433=CARTESIAN_POINT('Ctrl Pts',(8.74669464209163,2.96404490804976,33.0000000028058));
#6434=CARTESIAN_POINT('Ctrl Pts',(8.75526325846533,2.93013638623845,33.0000000027746));
#6435=CARTESIAN_POINT('Ctrl Pts',(8.77263400560365,2.8613952578544,33.0000000027114));
#6436=CARTESIAN_POINT('Ctrl Pts',(8.78920216854554,2.79250251046701,33.0000000026443));
#6437=CARTESIAN_POINT('Ctrl Pts',(8.80496390321454,2.72347230091526,33.0000000025745));
#6438=CARTESIAN_POINT('Ctrl Pts',(8.85634560448056,2.49844062261302,33.0000000023471));
#6439=CARTESIAN_POINT('Ctrl Pts',(8.89916134429773,2.27194879389117,33.0000000020924));
#6440=CARTESIAN_POINT('Ctrl Pts',(8.93341872000062,2.04445414528404,33.0000000018447));
#6441=CARTESIAN_POINT('Ctrl Pts',(8.96778196578509,1.81625643999162,33.0000000015962));
#6442=CARTESIAN_POINT('Ctrl Pts',(8.99353386936822,1.5870490578355,33.0000000013548));
#6443=CARTESIAN_POINT('Ctrl Pts',(9.01063007471842,1.3572901500316,33.0000000011415));
#6444=CARTESIAN_POINT('Ctrl Pts',(9.02763588318006,1.12874610189754,33.0000000009293));
#6445=CARTESIAN_POINT('Ctrl Pts',(9.03607722467573,0.89965572111804,33.0000000007449));
#6446=CARTESIAN_POINT('Ctrl Pts',(9.03585960285457,0.670476060199066,33.000000000595));
#6447=CARTESIAN_POINT('Ctrl Pts',(9.03564563966161,0.445149336308661,33.0000000004475));
#6448=CARTESIAN_POINT('Ctrl Pts',(9.02706126821739,0.219735767952635,33.0000000003334));
#6449=CARTESIAN_POINT('Ctrl Pts',(9.00996907030195,-0.00531575059764435,
33.0000000002449));
#6450=CARTESIAN_POINT('Ctrl Pts',(8.99550477749051,-0.195765865794794,33.00000000017));
#6451=CARTESIAN_POINT('Ctrl Pts',(8.97494688079651,-0.385956639520722,33.0000000001132));
#6452=CARTESIAN_POINT('Ctrl Pts',(8.9481857360983,-0.57560341703184,33.0000000000617));
#6453=CARTESIAN_POINT('Ctrl Pts',(8.92748185498858,-0.722324507579738,33.0000000000219));
#6454=CARTESIAN_POINT('Ctrl Pts',(8.90310134839666,-0.868458897772119,33.));
#6455=CARTESIAN_POINT('Ctrl Pts',(8.87502261575916,-1.0138778185884,33.));
#6456=CARTESIAN_POINT('',(3.70678791982699,8.12734261482108,41.));
#6457=CARTESIAN_POINT('Ctrl Pts',(3.70473712303944,8.1220583365098,41.));
#6458=CARTESIAN_POINT('Ctrl Pts',(4.36586103048804,7.82374876513162,40.9677082108274));
#6459=CARTESIAN_POINT('Ctrl Pts',(4.99089838977416,7.44689699833237,40.9354164216549));
#6460=CARTESIAN_POINT('Ctrl Pts',(5.55899823709406,6.99739237780478,40.9031246324823));
#6461=CARTESIAN_POINT('Ctrl Pts',(6.84638085047661,5.97876081887658,40.8299475525519));
#6462=CARTESIAN_POINT('Ctrl Pts',(7.84137218183611,4.58703496217036,40.7567704726215));
#6463=CARTESIAN_POINT('Ctrl Pts',(8.39966532109213,3.04217613942635,40.6835933926912));
#6464=CARTESIAN_POINT('Ctrl Pts',(8.95795846034816,1.49731731668235,40.6104163127608));
#6465=CARTESIAN_POINT('Ctrl Pts',(9.07955340750071,-0.200674472099434,40.5372392328304));
#6466=CARTESIAN_POINT('Ctrl Pts',(8.74786964383025,-1.80936743234023,40.4640621529));
#6467=CARTESIAN_POINT('Ctrl Pts',(8.4161858801598,-3.41806039258102,40.3908850729696));
#6468=CARTESIAN_POINT('Ctrl Pts',(7.63122340566633,-4.93745452428083,40.3177079930392));
#6469=CARTESIAN_POINT('Ctrl Pts',(6.5031641991778,-6.12967213570596,40.2445309131088));
#6470=CARTESIAN_POINT('Ctrl Pts',(4.811075389445,-7.91799855284367,40.1347652932132));
#6471=CARTESIAN_POINT('Ctrl Pts',(2.34701893272329,-8.97017779936336,40.0249996733176));
#6472=CARTESIAN_POINT('Ctrl Pts',(-0.110750434108105,-8.93943222778404,
39.915234053422));
#6473=CARTESIAN_POINT('Ctrl Pts',(-2.56851980093949,-8.90868665620473,39.8054684335264));
#6474=CARTESIAN_POINT('Ctrl Pts',(-5.02000207788056,-7.79501626652642,39.6957028136308));
#6475=CARTESIAN_POINT('Ctrl Pts',(-6.65997631602297,-5.96406494262201,39.5859371937352));
#6476=CARTESIAN_POINT('Ctrl Pts',(-8.29995055416538,-4.1331136187176,39.4761715738397));
#6477=CARTESIAN_POINT('Ctrl Pts',(-9.12841675350913,-1.58488136058709,39.3664059539441));
#6478=CARTESIAN_POINT('Ctrl Pts',(-8.89454072949493,0.865960915792003,39.2566403340485));
#6479=CARTESIAN_POINT('Ctrl Pts',(-8.77760271748783,2.09138205398156,39.2017575241007));
#6480=CARTESIAN_POINT('Ctrl Pts',(-8.39507914964124,3.29245569673326,39.1468747141529));
#6481=CARTESIAN_POINT('Ctrl Pts',(-7.79112053908898,4.36747357723022,39.0919919042051));
#6482=CARTESIAN_POINT('Ctrl Pts',(-7.18716192853671,5.44249145772719,39.0371090942573));
#6483=CARTESIAN_POINT('Ctrl Pts',(-6.36176827527877,6.39145357596942,38.9822262843095));
#6484=CARTESIAN_POINT('Ctrl Pts',(-5.37889397840839,7.1327033361896,38.9273434743617));
#6485=CARTESIAN_POINT('Ctrl Pts',(-4.06839491591455,8.12103634981649,38.8541663944313));
#6486=CARTESIAN_POINT('Ctrl Pts',(-2.47793026477639,8.74010294918195,38.7809893145009));
#6487=CARTESIAN_POINT('Ctrl Pts',(-0.8424590230127,8.89507198285389,38.7078122345705));
#6488=CARTESIAN_POINT('Ctrl Pts',(0.793012218750986,9.05004101652582,38.6346351546402));
#6489=CARTESIAN_POINT('Ctrl Pts',(2.47349005114019,8.74091248450422,38.5614580747098));
#6490=CARTESIAN_POINT('Ctrl Pts',(3.94544755186334,8.01539852531413,38.4882809947794));
#6491=CARTESIAN_POINT('Ctrl Pts',(5.41740505258649,7.28988456612404,38.415103914849));
#6492=CARTESIAN_POINT('Ctrl Pts',(6.68084222164357,6.14798517976546,38.3419268349186));
#6493=CARTESIAN_POINT('Ctrl Pts',(7.5595611777902,4.75831710403728,38.2687497549882));
#6494=CARTESIAN_POINT('Ctrl Pts',(8.14537381522129,3.83187172021849,38.2199650350346));
#6495=CARTESIAN_POINT('Ctrl Pts',(8.56020058024772,2.79530691890213,38.171180315081));
#6496=CARTESIAN_POINT('Ctrl Pts',(8.76940934226782,1.72058021479258,38.1223955951274));
#6497=CARTESIAN_POINT('Ctrl Pts',(9.18782686630801,-0.428873193426515,38.0248261552202));
#6498=CARTESIAN_POINT('Ctrl Pts',(8.78377237832282,-2.73097421281827,37.927256715313));
#6499=CARTESIAN_POINT('Ctrl Pts',(7.65771171094851,-4.60685099288251,37.8296872754058));
#6500=CARTESIAN_POINT('Ctrl Pts',(6.81316621041779,-6.01375857793068,37.7565101954754));
#6501=CARTESIAN_POINT('Ctrl Pts',(5.56249223398069,-7.18091502835715,37.6833331155451));
#6502=CARTESIAN_POINT('Ctrl Pts',(4.10249731641268,-7.93540820130301,37.6101560356147));
#6503=CARTESIAN_POINT('Ctrl Pts',(2.64250239884467,-8.68990137424886,37.5369789556843));
#6504=CARTESIAN_POINT('Ctrl Pts',(0.973186540145753,-9.03173126971411,37.4638018757539));
#6505=CARTESIAN_POINT('Ctrl Pts',(-0.663787099851068,-8.90956817803356,
37.3906247958235));
#6506=CARTESIAN_POINT('Ctrl Pts',(-2.30076073984789,-8.78740508635301,37.3174477158931));
#6507=CARTESIAN_POINT('Ctrl Pts',(-3.90539216114261,-8.20124900752666,37.2442706359627));
#6508=CARTESIAN_POINT('Ctrl Pts',(-5.23640527187496,-7.23864330469721,37.1710935560323));
#6509=CARTESIAN_POINT('Ctrl Pts',(-6.5674183826073,-6.27603760186776,37.0979164761019));
#6510=CARTESIAN_POINT('Ctrl Pts',(-7.62481318277728,-4.93698227503521,37.0247393961715));
#6511=CARTESIAN_POINT('Ctrl Pts',(-8.25323899296759,-3.41998011273704,36.9515623162412));
#6512=CARTESIAN_POINT('Ctrl Pts',(-8.8816648031579,-1.90297795043886,36.8783852363108));
#6513=CARTESIAN_POINT('Ctrl Pts',(-9.08112162336854,-0.20802895267506,36.8052081563804));
#6514=CARTESIAN_POINT('Ctrl Pts',(-8.82141116436434,1.41362388336977,36.73203107645));
#6515=CARTESIAN_POINT('Ctrl Pts',(-8.56170070536014,3.03527671941458,36.6588539965196));
#6516=CARTESIAN_POINT('Ctrl Pts',(-7.84282296714109,4.58363339374043,36.5856769165892));
#6517=CARTESIAN_POINT('Ctrl Pts',(-6.77154423639946,5.82823955065869,36.5124998366588));
#6518=CARTESIAN_POINT('Ctrl Pts',(-5.70026550565782,7.07284570757697,36.4393227567284));
#6519=CARTESIAN_POINT('Ctrl Pts',(-4.27658578239358,8.01370134708767,36.366145676798));
#6520=CARTESIAN_POINT('Ctrl Pts',(-2.71181205049086,8.5121373884293,36.2929685968676));
#6521=CARTESIAN_POINT('Ctrl Pts',(-1.14703831858817,9.01057342977092,36.2197915169372));
#6522=CARTESIAN_POINT('Ctrl Pts',(0.558829421953007,9.06658987294349,36.1466144370068));
#6523=CARTESIAN_POINT('Ctrl Pts',(2.15270439225642,8.67100474303046,36.0734373570765));
#6524=CARTESIAN_POINT('Ctrl Pts',(3.74657936255982,8.27541961311744,36.0002602771461));
#6525=CARTESIAN_POINT('Ctrl Pts',(5.22846156262547,7.42823291011883,35.9270831972157));
#6526=CARTESIAN_POINT('Ctrl Pts',(6.37799582266735,6.25568429579201,35.8539061172853));
#6527=CARTESIAN_POINT('Ctrl Pts',(7.52753008270923,5.0831356814652,35.7807290373549));
#6528=CARTESIAN_POINT('Ctrl Pts',(8.34471640272734,3.58522515581018,35.7075519574245));
#6529=CARTESIAN_POINT('Ctrl Pts',(8.71043940967434,1.98411830035108,35.6343748774941));
#6530=CARTESIAN_POINT('Ctrl Pts',(8.98473166488459,0.783288158756745,35.5794920675463));
#6531=CARTESIAN_POINT('Ctrl Pts',(9.00507580649234,-0.475589918352381,35.5246092575985));
#6532=CARTESIAN_POINT('Ctrl Pts',(8.77235959165016,-1.68563549881531,35.4697264476507));
#6533=CARTESIAN_POINT('Ctrl Pts',(8.53964337680799,-2.89568107927821,35.4148436377029));
#6534=CARTESIAN_POINT('Ctrl Pts',(8.0538668055159,-4.05689416309491,35.3599608277551));
#6535=CARTESIAN_POINT('Ctrl Pts',(7.35459337088752,-5.07093008071724,35.3050780178073));
#6536=CARTESIAN_POINT('Ctrl Pts',(6.65531993625913,-6.08496599833959,35.2501952078595));
#6537=CARTESIAN_POINT('Ctrl Pts',(5.74254963829443,-6.95182474976756,35.1953123979118));
#6538=CARTESIAN_POINT('Ctrl Pts',(4.69450856348745,-7.59971677740576,35.140429587964));
#6539=CARTESIAN_POINT('Ctrl Pts',(3.64646748868047,-8.24760880504396,35.0855467780162));
#6540=CARTESIAN_POINT('Ctrl Pts',(2.46315563703121,-8.67653410889239,35.0306639680684));
#6541=CARTESIAN_POINT('Ctrl Pts',(1.24307079494051,-8.84725431982475,34.9757811581206));
#6542=CARTESIAN_POINT('Ctrl Pts',(-0.383708994513736,-9.07488126773457,
34.9026040781902));
#6543=CARTESIAN_POINT('Ctrl Pts',(-2.0758629891972,-8.84347693934917,34.8294269982598));
#6544=CARTESIAN_POINT('Ctrl Pts',(-3.57980221020844,-8.18578374742138,34.7562499183294));
#6545=CARTESIAN_POINT('Ctrl Pts',(-5.08374143121971,-7.52809055549358,34.683072838399));
#6546=CARTESIAN_POINT('Ctrl Pts',(-6.39946587855875,-6.44410850002338,34.6098957584686));
#6547=CARTESIAN_POINT('Ctrl Pts',(-7.33754249391943,-5.09479299339837,34.5367186785382));
#6548=CARTESIAN_POINT('Ctrl Pts',(-8.2756191092801,-3.74547748677338,34.4635415986078));
#6549=CARTESIAN_POINT('Ctrl Pts',(-8.83604789266242,-2.13082852899358,34.3903645186774));
#6550=CARTESIAN_POINT('Ctrl Pts',(-8.92313586689442,-0.492203640682305,
34.3171874387471));
#6551=CARTESIAN_POINT('Ctrl Pts',(-9.05376782824242,1.96573369178459,34.2074218188515));
#6552=CARTESIAN_POINT('Ctrl Pts',(-8.11938296900223,4.47761686794729,34.0976561989559));
#6553=CARTESIAN_POINT('Ctrl Pts',(-6.40415966905613,6.23824669951556,33.9878905790603));
#6554=CARTESIAN_POINT('Ctrl Pts',(-4.68893636910999,7.99887653108388,33.8781249591647));
#6555=CARTESIAN_POINT('Ctrl Pts',(-2.19287462845792,9.00825301805773,33.7683593392691));
#6556=CARTESIAN_POINT('Ctrl Pts',(0.264108514137318,8.93599141447992,33.6585937193735));
#6557=CARTESIAN_POINT('Ctrl Pts',(2.72109165673253,8.86372981090211,33.5488280994779));
#6558=CARTESIAN_POINT('Ctrl Pts',(5.13899620127091,7.70983011677264,33.4390624795823));
#6559=CARTESIAN_POINT('Ctrl Pts',(6.7545337161278,5.8514636888136,33.3292968596867));
#6560=CARTESIAN_POINT('Ctrl Pts',(7.56230247355624,4.92228047483408,33.274414049739));
#6561=CARTESIAN_POINT('Ctrl Pts',(8.1694794735643,3.81698057739719,33.2195312397912));
#6562=CARTESIAN_POINT('Ctrl Pts',(8.53262195674429,2.63898627667996,33.1646484298434));
#6563=CARTESIAN_POINT('Ctrl Pts',(8.89576443992428,1.46099197596272,33.1097656198956));
#6564=CARTESIAN_POINT('Ctrl Pts',(9.01487240627617,0.210303271965138,33.0548828099478));
#6565=CARTESIAN_POINT('Ctrl Pts',(8.87502261575915,-1.01387781858846,33.));
#6566=CARTESIAN_POINT('',(-1.5,9.21755294991971,41.));
#6567=CARTESIAN_POINT('Ctrl Pts',(3.70473712303944,8.1220583365098,41.));
#6568=CARTESIAN_POINT('Ctrl Pts',(3.50232171667138,8.23284824964071,40.9999999999632));
#6569=CARTESIAN_POINT('Ctrl Pts',(3.29575960669554,8.33589627070532,40.9999999999856));
#6570=CARTESIAN_POINT('Ctrl Pts',(3.08558320007773,8.43109891259069,41.0000000000637));
#6571=CARTESIAN_POINT('Ctrl Pts',(2.87402908059543,8.52692561074655,41.0000000001423));
#6572=CARTESIAN_POINT('Ctrl Pts',(2.65881253607983,8.6148040787019,41.0000000002772));
#6573=CARTESIAN_POINT('Ctrl Pts',(2.44044383832918,8.69458707493378,41.0000000004492));
#6574=CARTESIAN_POINT('Ctrl Pts',(2.22231600244174,8.77428207008618,41.0000000006211));
#6575=CARTESIAN_POINT('Ctrl Pts',(2.00104232228005,8.84589974169386,41.0000000008299));
#6576=CARTESIAN_POINT('Ctrl Pts',(1.7771081911341,8.90924713910613,41.0000000010417));
#6577=CARTESIAN_POINT('Ctrl Pts',(1.68378602518799,8.93564649280585,41.0000000011299));
#6578=CARTESIAN_POINT('Ctrl Pts',(1.59000159191918,8.96060895524057,41.0000000012185));
#6579=CARTESIAN_POINT('Ctrl Pts',(1.49578924006413,8.98411799583308,41.0000000013043));
#6580=CARTESIAN_POINT('Ctrl Pts',(1.25524857059078,9.04414070253186,41.0000000015232));
#6581=CARTESIAN_POINT('Ctrl Pts',(1.01251589773861,9.09454429414961,41.0000000017484));
#6582=CARTESIAN_POINT('Ctrl Pts',(0.76820016672557,9.13514988513683,41.0000000019793));
#6583=CARTESIAN_POINT('Ctrl Pts',(0.536620181879849,9.17363877861283,41.0000000021981));
#6584=CARTESIAN_POINT('Ctrl Pts',(0.303617010831695,9.20332442179769,41.0000000024218));
#6585=CARTESIAN_POINT('Ctrl Pts',(0.0696911729663927,9.22400494119402,41.0000000026355));
#6586=CARTESIAN_POINT('Ctrl Pts',(0.0568264165626158,9.22514226679587,41.0000000026472));
#6587=CARTESIAN_POINT('Ctrl Pts',(0.0439588666883048,9.22625234401779,41.0000000026589));
#6588=CARTESIAN_POINT('Ctrl Pts',(0.0310886056810596,9.22733513476082,41.0000000026706));
#6589=CARTESIAN_POINT('Ctrl Pts',(-0.202827533057684,9.24701478457744,41.0000000028828));
#6590=CARTESIAN_POINT('Ctrl Pts',(-0.437145765931463,9.25764355835819,41.0000000030831));
#6591=CARTESIAN_POINT('Ctrl Pts',(-0.67136821933291,9.25908089155915,41.0000000032747));
#6592=CARTESIAN_POINT('Ctrl Pts',(-0.903745408142327,9.26050690108031,41.0000000034649));
#6593=CARTESIAN_POINT('Ctrl Pts',(-1.13602898712758,9.25288594253036,41.0000000036466));
#6594=CARTESIAN_POINT('Ctrl Pts',(-1.36774645356555,9.2360314598335,41.0000000038097));
#6595=CARTESIAN_POINT('Ctrl Pts',(-1.39579468533335,9.23399130962698,41.0000000038295));
#6596=CARTESIAN_POINT('Ctrl Pts',(-1.42383463199815,9.23181580881055,41.0000000038489));
#6597=CARTESIAN_POINT('Ctrl Pts',(-1.45186546204207,9.22950457459554,41.0000000038681));
#6598=CARTESIAN_POINT('Ctrl Pts',(-1.46752715396098,9.22821321653832,41.0000000038788));
#6599=CARTESIAN_POINT('Ctrl Pts',(-1.48318599986501,9.22687948499179,41.0000000038894));
#6600=CARTESIAN_POINT('Ctrl Pts',(-1.49884187245959,9.22550347973493,41.0000000038998));
#6601=CARTESIAN_POINT('',(-1.49999999999979,8.80590566956423,41.2373901136988));
#6602=CARTESIAN_POINT('Ctrl Pts',(-1.49884187245958,9.22550347973493,41.0000000038998));
#6603=CARTESIAN_POINT('Ctrl Pts',(-1.49880105544791,9.08814520995161,41.0791519940465));
#6604=CARTESIAN_POINT('Ctrl Pts',(-1.49876002069487,8.9506537148343,41.1583740091614));
#6605=CARTESIAN_POINT('Ctrl Pts',(-1.49871900815063,8.81350645802299,41.2373901150069));
#6606=CARTESIAN_POINT('Ctrl Pts',(-4.88145132902577,-7.48051454664877,42.1902020699597));
#6607=CARTESIAN_POINT('Ctrl Pts',(-5.72356099293831,-6.92975323743743,42.1453559271018));
#6608=CARTESIAN_POINT('Ctrl Pts',(-6.47135903978526,-6.23613928599942,42.1005097842439));
#6609=CARTESIAN_POINT('Ctrl Pts',(-7.08533515862126,-5.4376466115531,42.055663641386));
#6610=CARTESIAN_POINT('Ctrl Pts',(-7.83672050628265,-4.4604494903827,42.0007808314382));
#6611=CARTESIAN_POINT('Ctrl Pts',(-8.38768183429253,-3.3261763536917,41.9458980214904));
#6612=CARTESIAN_POINT('Ctrl Pts',(-8.67905085562079,-2.12994236074705,41.8910152115426));
#6613=CARTESIAN_POINT('Ctrl Pts',(-9.26178889827732,0.262525625142258,41.781249591647));
#6614=CARTESIAN_POINT('Ctrl Pts',(-8.80615771420738,2.90283703604618,41.6714839717514));
#6615=CARTESIAN_POINT('Ctrl Pts',(-7.44491841585468,4.94951967583655,41.5617183518558));
#6616=CARTESIAN_POINT('Ctrl Pts',(-6.10421828356422,6.96532078387404,41.4536089391368));
#6617=CARTESIAN_POINT('Ctrl Pts',(-3.88503253985051,8.40527200085447,41.3454995264178));
#6618=CARTESIAN_POINT('Ctrl Pts',(-1.49871900815111,8.8135064602935,41.2373901136988));
#6619=CARTESIAN_POINT('Origin',(0.,0.,49.5209142803763));
#6620=CARTESIAN_POINT('Ctrl Pts',(-10.145370456017,-0.000680629176985897,
40.6553773210455));
#6621=CARTESIAN_POINT('Ctrl Pts',(-10.1457155182797,0.869451041274945,40.6212610669187));
#6622=CARTESIAN_POINT('Ctrl Pts',(-10.035534106917,1.73966802700016,40.5871448127918));
#6623=CARTESIAN_POINT('Ctrl Pts',(-9.8140769168102,2.58096796675009,40.553028558665));
#6624=CARTESIAN_POINT('Ctrl Pts',(-9.33340427997341,4.40700874788365,40.4789792590137));
#6625=CARTESIAN_POINT('Ctrl Pts',(-8.32850405614009,6.09681940413475,40.4049299593623));
#6626=CARTESIAN_POINT('Ctrl Pts',(-6.95509217455169,7.38935107081835,40.330880659711));
#6627=CARTESIAN_POINT('Ctrl Pts',(-5.58168029296329,8.68188273750193,40.2568313600597));
#6628=CARTESIAN_POINT('Ctrl Pts',(-3.8397567536198,9.57713541461799,40.1827820604084));
#6629=CARTESIAN_POINT('Ctrl Pts',(-1.98669731851255,9.95008451193393,40.1087327607571));
#6630=CARTESIAN_POINT('Ctrl Pts',(-0.751324361774388,10.1987172434779,40.0593665609895));
#6631=CARTESIAN_POINT('Ctrl Pts',(0.533442326414355,10.2152150506663,40.010000361222));
#6632=CARTESIAN_POINT('Ctrl Pts',(1.77169849170766,9.99327706251878,39.9606341614545));
#6633=CARTESIAN_POINT('Ctrl Pts',(4.24821082229425,9.54940108622381,39.8619017619194));
#6634=CARTESIAN_POINT('Ctrl Pts',(6.53868106129912,8.1517819285855,39.7631693623843));
#6635=CARTESIAN_POINT('Ctrl Pts',(8.07175949428666,6.15349978550757,39.6644369628492));
#6636=CARTESIAN_POINT('Ctrl Pts',(8.83829871078044,5.1543587139686,39.6150707630817));
#6637=CARTESIAN_POINT('Ctrl Pts',(9.41548997576988,4.00505189606972,39.5657045633141));
#6638=CARTESIAN_POINT('Ctrl Pts',(9.75893748915374,2.79294617728725,39.5163383635466));
#6639=CARTESIAN_POINT('Ctrl Pts',(10.4458325159214,0.368734739722331,39.4176059640115));
#6640=CARTESIAN_POINT('Ctrl Pts',(10.1977525362668,-2.30667230137695,39.3188735644764));
#6641=CARTESIAN_POINT('Ctrl Pts',(9.0718887336004,-4.55448968197873,39.2201411649413));
#6642=CARTESIAN_POINT('Ctrl Pts',(8.22749088160057,-6.24035271743005,39.14609186529));
#6643=CARTESIAN_POINT('Ctrl Pts',(6.88933962915656,-7.68569656885154,39.0720425656387));
#6644=CARTESIAN_POINT('Ctrl Pts',(5.27545317839223,-8.66765799294275,38.9979932659874));
#6645=CARTESIAN_POINT('Ctrl Pts',(3.66156672762789,-9.64961941703395,38.9239439663361));
#6646=CARTESIAN_POINT('Ctrl Pts',(1.77194507854325,-10.1681984137949,38.8498946666848));
#6647=CARTESIAN_POINT('Ctrl Pts',(-0.114504212480576,-10.1465908051197,
38.7758453670335));
#6648=CARTESIAN_POINT('Ctrl Pts',(-2.00095350350442,-10.1249831964445,38.7017960673822));
#6649=CARTESIAN_POINT('Ctrl Pts',(-3.88423043646742,-9.56318898233324,38.6277467677309));
#6650=CARTESIAN_POINT('Ctrl Pts',(-5.47404002920271,-8.54513169857283,38.5536974680796));
#6651=CARTESIAN_POINT('Ctrl Pts',(-7.06384962193799,-7.52707441481243,38.4796481684282));
#6652=CARTESIAN_POINT('Ctrl Pts',(-8.36019187444558,-6.05275406140292,38.4055988687769));
#6653=CARTESIAN_POINT('Ctrl Pts',(-9.16874756176025,-4.34743006685398,38.3315495691256));
#6654=CARTESIAN_POINT('Ctrl Pts',(-9.8099648493363,-2.99503932447403,38.272825486401));
#6655=CARTESIAN_POINT('Ctrl Pts',(-10.1444068242194,-1.4973673888416,38.2141014036764));
#6656=CARTESIAN_POINT('Ctrl Pts',(-10.1467764459764,-6.83578013463224E-5,
38.1553773209518));
#6657=CARTESIAN_POINT('Ctrl Pts',(4.87441515462562,8.1220146403419,43.3261860641659));
#6658=CARTESIAN_POINT('Ctrl Pts',(4.87420788969701,8.07915127121085,43.2893267805824));
#6659=CARTESIAN_POINT('Ctrl Pts',(4.87398056315861,8.03625512723849,43.2525048671288));
#6660=CARTESIAN_POINT('Ctrl Pts',(4.87373176331259,7.99332522003933,43.2157214507701));
#6661=CARTESIAN_POINT('Ctrl Pts',(4.84730042505537,8.14783636725658,43.2967439294975));
#6662=CARTESIAN_POINT('Ctrl Pts',(4.84710817002264,8.10499932394439,43.2598546290097));
#6663=CARTESIAN_POINT('Ctrl Pts',(4.84689730621962,8.06213187930848,43.2229999923486));
#6664=CARTESIAN_POINT('Ctrl Pts',(4.84666652418207,8.01923311654115,43.1861810648655));
#6665=CARTESIAN_POINT('Ctrl Pts',(4.82018569548511,8.17365809417126,43.267301794829));
#6666=CARTESIAN_POINT('Ctrl Pts',(4.82000845034827,8.13084737667792,43.230382477437));
#6667=CARTESIAN_POINT('Ctrl Pts',(4.81981404928063,8.08800863137847,43.1934951175683));
#6668=CARTESIAN_POINT('Ctrl Pts',(4.81960128505154,8.04514101304297,43.1566406789609));
#6669=CARTESIAN_POINT('Ctrl Pts',(4.79307096591486,8.19947982108594,43.2378596601605));
#6670=CARTESIAN_POINT('Ctrl Pts',(4.7929087306739,8.15669542941146,43.2009103258642));
#6671=CARTESIAN_POINT('Ctrl Pts',(4.79273079234164,8.11388538344846,43.1639902427881));
#6672=CARTESIAN_POINT('Ctrl Pts',(4.79253604592102,8.0710489095448,43.1271002930562));
#6673=CARTESIAN_POINT('',(4.79307096591486,8.19947982108592,43.2378596601605));
#6674=CARTESIAN_POINT('Ctrl Pts',(4.79307096591486,8.19947982108594,43.2378596601605));
#6675=CARTESIAN_POINT('Ctrl Pts',(4.82018569548511,8.17365809417126,43.267301794829));
#6676=CARTESIAN_POINT('Ctrl Pts',(4.84730042505537,8.14783636725658,43.2967439294975));
#6677=CARTESIAN_POINT('Ctrl Pts',(4.87441515462562,8.1220146403419,43.3261860641659));
#6678=CARTESIAN_POINT('Ctrl Pts',(4.87373176331259,7.99332522003933,43.2157214507702));
#6679=CARTESIAN_POINT('Ctrl Pts',(4.84719938238453,8.06161355158749,43.2230397543837));
#6680=CARTESIAN_POINT('Ctrl Pts',(4.82024360084664,8.13049254776842,43.2304446130441));
#6681=CARTESIAN_POINT('Ctrl Pts',(4.79307096591487,8.19947982108592,43.2378596601605));
#6682=CARTESIAN_POINT('Ctrl Pts',(4.88344855160094,7.97860699476255,43.2082269711552));
#6683=CARTESIAN_POINT('Ctrl Pts',(4.88474833520506,8.41074044012758,43.0045806205654));
#6684=CARTESIAN_POINT('Ctrl Pts',(4.88584069823586,8.83963233934744,42.7968205000982));
#6685=CARTESIAN_POINT('Ctrl Pts',(4.88679428160492,9.26816155069426,42.585264096528));
#6686=CARTESIAN_POINT('Ctrl Pts',(4.75563236773396,8.05304379317769,43.3624989517752));
#6687=CARTESIAN_POINT('Ctrl Pts',(4.75649889013671,8.48556787159601,43.1570442435741));
#6688=CARTESIAN_POINT('Ctrl Pts',(4.75722713215724,8.91468574722046,42.947702993318));
#6689=CARTESIAN_POINT('Ctrl Pts',(4.75786285440328,9.34335953322288,42.7347236246921));
#6690=CARTESIAN_POINT('Ctrl Pts',(4.62781618386698,8.12748059159284,43.5167709323952));
#6691=CARTESIAN_POINT('Ctrl Pts',(4.62824944506835,8.56039530306444,43.3095078665828));
#6692=CARTESIAN_POINT('Ctrl Pts',(4.62861356607862,8.98973915509349,43.0985854865378));
#6693=CARTESIAN_POINT('Ctrl Pts',(4.62893142720164,9.41855751575151,42.8841831528563));
#6694=CARTESIAN_POINT('Ctrl Pts',(4.5,8.20191739000799,43.6710429130152));
#6695=CARTESIAN_POINT('Ctrl Pts',(4.5,8.63522273453287,43.4619714895915));
#6696=CARTESIAN_POINT('Ctrl Pts',(4.5,9.06479256296651,43.2494679797576));
#6697=CARTESIAN_POINT('Ctrl Pts',(4.5,9.49375549828012,43.0336426810204));
#6698=CARTESIAN_POINT('',(4.88592084877187,8.89236563137371,42.7697154074324));
#6699=CARTESIAN_POINT('Ctrl Pts',(4.88592116277857,8.89236964227318,42.7697236293225));
#6700=CARTESIAN_POINT('Ctrl Pts',(4.88518465009786,8.58872552307364,42.9178773692297));
#6701=CARTESIAN_POINT('Ctrl Pts',(4.88436856017096,8.28447827354036,43.0640826788274));
#6702=CARTESIAN_POINT('Ctrl Pts',(4.88344855160094,7.97860699476255,43.2082269711552));
#6703=CARTESIAN_POINT('',(4.5,8.92790226716554,43.3160851464976));
#6704=CARTESIAN_POINT('Ctrl Pts',(4.79307096591486,8.19947982108593,43.2378596601605));
#6705=CARTESIAN_POINT('Ctrl Pts',(4.76358964383107,8.27432762402959,43.2459051356133));
#6706=CARTESIAN_POINT('Ctrl Pts',(4.7338535853855,8.34930008310147,43.253957430657));
#6707=CARTESIAN_POINT('Ctrl Pts',(4.70412061738646,8.4237803670498,43.2619568848154));
#6708=CARTESIAN_POINT('Ctrl Pts',(4.69821950320452,8.43856249912274,43.263544539717));
#6709=CARTESIAN_POINT('Ctrl Pts',(4.69231852119788,8.45332515113923,43.2651299778437));
#6710=CARTESIAN_POINT('Ctrl Pts',(4.68641970225787,8.46806336283353,43.2667125324182));
#6711=CARTESIAN_POINT('Ctrl Pts',(4.62497787692049,8.62157589439557,43.2831963476938));
#6712=CARTESIAN_POINT('Ctrl Pts',(4.56279054530468,8.77491279713203,43.2996536610235));
#6713=CARTESIAN_POINT('Ctrl Pts',(4.5,8.92789165885736,43.3160745103478));
#6714=CARTESIAN_POINT('',(4.5,9.49375549828012,43.0336426810204));
#6715=CARTESIAN_POINT('Ctrl Pts',(4.5,8.92790816834973,43.3160970689458));
#6716=CARTESIAN_POINT('Ctrl Pts',(4.5,9.11681775748174,43.2225926655393));
#6717=CARTESIAN_POINT('Ctrl Pts',(4.5,9.3053451677982,43.1284380876019));
#6718=CARTESIAN_POINT('Ctrl Pts',(4.5,9.49375549772095,43.0336426813017));
#6719=CARTESIAN_POINT('',(4.85494043244074,8.9093177325737,42.806564815121));
#6720=CARTESIAN_POINT('Ctrl Pts',(4.5,9.49375549828012,43.0336426810204));
#6721=CARTESIAN_POINT('Ctrl Pts',(4.61858120070721,9.29850208203914,42.9596223783078));
#6722=CARTESIAN_POINT('Ctrl Pts',(4.7369389416555,9.10369960710218,42.8839166385903));
#6723=CARTESIAN_POINT('Ctrl Pts',(4.85494114484151,8.90951130912429,42.8064804365134));
#6724=CARTESIAN_POINT('Ctrl Pts',(4.85494043244075,8.90931773257369,42.806564815121));
#6725=CARTESIAN_POINT('Ctrl Pts',(4.86526685656776,8.90369057059321,42.7942704071825));
#6726=CARTESIAN_POINT('Ctrl Pts',(4.87559369648035,8.89803989745557,42.7819872327498));
#6727=CARTESIAN_POINT('Ctrl Pts',(4.88592084877186,8.89236563137372,42.7697154074324));
#6728=CARTESIAN_POINT('Origin',(1.89561540491184,-11.342691137321,43.6));
#6729=CARTESIAN_POINT('',(1.89561540491184,-11.342691137321,43.6));
#6730=CARTESIAN_POINT('Ctrl Pts',(1.89561540491181,-11.3426911373242,43.5999999999968));
#6731=CARTESIAN_POINT('Ctrl Pts',(1.89795531043434,-11.1364757908853,43.8030088192558));
#6732=CARTESIAN_POINT('Ctrl Pts',(1.9,-10.9361784915939,44.));
#6733=CARTESIAN_POINT('Origin',(4.5,10.1830052442584,43.6));
#6734=CARTESIAN_POINT('',(4.5,10.1830052442584,43.6));
#6735=CARTESIAN_POINT('',(4.5,10.1830052442584,43.6));
#6736=CARTESIAN_POINT('',(4.9,9.95991967839098,44.));
#6737=CARTESIAN_POINT('',(4.9,9.95991967839098,44.));
#6738=CARTESIAN_POINT('Ctrl Pts',(4.90000000000001,9.95991967839099,44.));
#6739=CARTESIAN_POINT('Ctrl Pts',(4.88401440918788,10.1881182854312,43.8022963601926));
#6740=CARTESIAN_POINT('Ctrl Pts',(4.86532674084099,10.4201053595853,43.6));
#6741=CARTESIAN_POINT('Origin',(4.7,5.70087712549569,43.8));
#6742=CARTESIAN_POINT('',(4.9,5.70087712549569,44.));
#6743=CARTESIAN_POINT('',(4.5,9.24663430633551,43.6));
#6744=CARTESIAN_POINT('',(4.5,5.70087712549569,43.6));
#6745=CARTESIAN_POINT('Ctrl Pts',(4.5,9.24663430633551,43.6));
#6746=CARTESIAN_POINT('Ctrl Pts',(4.56297320991514,9.18417305962999,43.6629732099152));
#6747=CARTESIAN_POINT('Ctrl Pts',(4.62593703508783,9.12167677621764,43.7259370250476));
#6748=CARTESIAN_POINT('Ctrl Pts',(4.68888031906671,9.05915515886108,43.788880289165));
#6749=CARTESIAN_POINT('Ctrl Pts',(4.75183840364634,8.99661884005523,43.8518383538785));
#6750=CARTESIAN_POINT('Ctrl Pts',(4.81478743161941,8.93404575806439,43.9147873523465));
#6751=CARTESIAN_POINT('Ctrl Pts',(4.87771524480135,8.87144656115206,43.9777151262617));
#6752=CARTESIAN_POINT('Origin',(0.,0.,43.8));
#6753=CARTESIAN_POINT('Origin',(0.,0.,44.));
#6754=CARTESIAN_POINT('Origin',(1.69780770245592,-11.1722226941562,4.));
#6755=CARTESIAN_POINT('Ctrl Pts',(1.5,-11.0017542509914,40.9964601770783));
#6756=CARTESIAN_POINT('Ctrl Pts',(1.6324446707179,-11.1158935718694,40.8654749428246));
#6757=CARTESIAN_POINT('Ctrl Pts',(1.76441854172295,-11.2296271628739,40.7331433509434));
#6758=CARTESIAN_POINT('Ctrl Pts',(1.89561540491184,-11.342691137321,40.6));
#6759=CARTESIAN_POINT('Ctrl Pts',(-1.89951674607654,10.2250705894189,42.8961929931072));
#6760=CARTESIAN_POINT('Ctrl Pts',(-1.89948958082827,9.93445062229058,43.0631962101838));
#6761=CARTESIAN_POINT('Ctrl Pts',(-1.89945898465392,9.64330755358643,43.230434002085));
#6762=CARTESIAN_POINT('Ctrl Pts',(-1.89942363453548,9.35263675173318,43.397314556096));
#6763=CARTESIAN_POINT('Ctrl Pts',(-1.76634449738436,10.2949667408846,43.0173641993531));
#6764=CARTESIAN_POINT('Ctrl Pts',(-1.76632638721885,10.004436014361,43.1845284097287));
#6765=CARTESIAN_POINT('Ctrl Pts',(-1.76630598976928,9.71338963846566,43.3519409722339));
#6766=CARTESIAN_POINT('Ctrl Pts',(-1.76628242302366,9.42282476820129,43.5190135477923));
#6767=CARTESIAN_POINT('Ctrl Pts',(-1.63317224869218,10.3648628923502,43.1385354055991));
#6768=CARTESIAN_POINT('Ctrl Pts',(-1.63316319360942,10.0744214064315,43.3058606092738));
#6769=CARTESIAN_POINT('Ctrl Pts',(-1.63315299488464,9.78347172334489,43.4734479423827));
#6770=CARTESIAN_POINT('Ctrl Pts',(-1.63314121151183,9.49301278466941,43.6407125394886));
#6771=CARTESIAN_POINT('Ctrl Pts',(-1.5,10.4347590438159,43.259706611845));
#6772=CARTESIAN_POINT('Ctrl Pts',(-1.5,10.144406798502,43.4271928088187));
#6773=CARTESIAN_POINT('Ctrl Pts',(-1.5,9.85355380822412,43.5949549125316));
#6774=CARTESIAN_POINT('Ctrl Pts',(-1.5,9.56320080113752,43.7624115311848));
#6775=CARTESIAN_POINT('',(-1.5,10.4347590435695,43.2597066119871));
#6776=CARTESIAN_POINT('',(-1.5,10.0685765163843,43.4709274159996));
#6777=CARTESIAN_POINT('Ctrl Pts',(-1.5,10.4347590438159,43.259706611845));
#6778=CARTESIAN_POINT('Ctrl Pts',(-1.5,10.3127618626193,43.3300792170165));
#6779=CARTESIAN_POINT('Ctrl Pts',(-1.5,10.1906762786666,43.4005005314471));
#6780=CARTESIAN_POINT('Ctrl Pts',(-1.5,10.0685765237491,43.4709274287846));
#6781=CARTESIAN_POINT('',(-1.89680868245275,9.35501865519368,43.3991288452812));
#6782=CARTESIAN_POINT('Ctrl Pts',(-1.50000000000001,10.0684197156781,43.4710178753687));
#6783=CARTESIAN_POINT('Ctrl Pts',(-1.56640680150962,9.94952607594384,43.45892350248));
#6784=CARTESIAN_POINT('Ctrl Pts',(-1.63273453978582,9.83058261696524,43.4468486655659));
#6785=CARTESIAN_POINT('Ctrl Pts',(-1.69893455726229,9.71158975013589,43.4348439111346));
#6786=CARTESIAN_POINT('Ctrl Pts',(-1.76516523771224,9.59254176738273,43.4228335962596));
#6787=CARTESIAN_POINT('Ctrl Pts',(-1.83119149956569,9.47353763007372,43.4109325573274));
#6788=CARTESIAN_POINT('Ctrl Pts',(-1.8968086824533,9.35501865700639,43.399128844242));
#6789=CARTESIAN_POINT('',(-1.89942363453549,9.35263675173319,43.397314556096));
#6790=CARTESIAN_POINT('Ctrl Pts',(-1.89680868245276,9.35501865519369,43.3991288452812));
#6791=CARTESIAN_POINT('Ctrl Pts',(-1.89768035992307,9.35422477053857,43.398524008065));
#6792=CARTESIAN_POINT('Ctrl Pts',(-1.89855201063597,9.35343080272056,43.3979192449816));
#6793=CARTESIAN_POINT('Ctrl Pts',(-1.89942363453548,9.35263675173318,43.397314556096));
#6794=CARTESIAN_POINT('',(-1.89949167902917,9.96686111189471,43.044553769589));
#6795=CARTESIAN_POINT('Ctrl Pts',(-1.89942363453548,9.35263675173318,43.397314556096));
#6796=CARTESIAN_POINT('Ctrl Pts',(-1.89944851991517,9.557259921013,43.2798358563601));
#6797=CARTESIAN_POINT('Ctrl Pts',(-1.89947104937309,9.76211713253996,43.1621801195139));
#6798=CARTESIAN_POINT('Ctrl Pts',(-1.89949168446688,9.96686113487407,43.0445538096283));
#6799=CARTESIAN_POINT('',(-1.89436212465975,9.96783733831741,43.0502146232179));
#6800=CARTESIAN_POINT('Ctrl Pts',(-1.8994916694972,9.96671260705672,43.0446391394919));
#6801=CARTESIAN_POINT('Ctrl Pts',(-1.897781722568,9.96703824361837,43.0465260595657));
#6802=CARTESIAN_POINT('Ctrl Pts',(-1.8960718710585,9.96736340950094,43.0484131518063));
#6803=CARTESIAN_POINT('Ctrl Pts',(-1.89436211521318,9.96768810493349,43.0503004158307));
#6804=CARTESIAN_POINT('Ctrl Pts',(-1.89436212465976,9.96783733831704,43.0502146232181));
#6805=CARTESIAN_POINT('Ctrl Pts',(-1.82943264624058,10.0447133385434,43.0848094252193));
#6806=CARTESIAN_POINT('Ctrl Pts',(-1.7644861326121,10.1216095083262,43.119361072213));
#6807=CARTESIAN_POINT('Ctrl Pts',(-1.63303689688121,10.277244386687,43.1891903571223));
#6808=CARTESIAN_POINT('Ctrl Pts',(-1.5665199170421,10.3559999763155,43.2244731374619));
#6809=CARTESIAN_POINT('Ctrl Pts',(-1.5,10.4347590435695,43.2597066119871));
#6810=CARTESIAN_POINT('Origin',(4.68266337042049,10.3015553019218,4.));
#6811=CARTESIAN_POINT('',(4.5,10.1830052442584,40.9670041855486));
#6812=CARTESIAN_POINT('',(4.5,10.1830052442584,4.));
#6813=CARTESIAN_POINT('Ctrl Pts',(4.86532674084098,10.4201053595853,40.6));
#6814=CARTESIAN_POINT('Ctrl Pts',(4.74392471206185,10.3413144258633,40.7227539450238));
#6815=CARTESIAN_POINT('Ctrl Pts',(4.62207397148775,10.2622322744274,40.8451949117471));
#6816=CARTESIAN_POINT('Ctrl Pts',(4.50000000000001,10.1830052442584,40.9670041855486));
#6817=CARTESIAN_POINT('Ctrl Pts',(-1.89680868245263,9.35501865502126,43.3991288451122));
#6818=CARTESIAN_POINT('Ctrl Pts',(-1.89681394923256,9.36293976029,43.4068930291083));
#6819=CARTESIAN_POINT('Ctrl Pts',(-1.89681917504861,9.37086067553772,43.4146574055225));
#6820=CARTESIAN_POINT('Ctrl Pts',(-1.89694841001968,9.56826951796451,43.6081742824847));
#6821=CARTESIAN_POINT('Ctrl Pts',(-1.89706532465579,9.76330548299011,43.7995824952672));
#6822=CARTESIAN_POINT('Ctrl Pts',(-1.89717594678503,9.96442739603682,43.9971759494735));
#6823=CARTESIAN_POINT('Ctrl Pts',(-1.76453912163509,9.46051780863279,43.2922988976526));
#6824=CARTESIAN_POINT('Ctrl Pts',(-1.76454263282176,9.46842920681661,43.3000729111814));
#6825=CARTESIAN_POINT('Ctrl Pts',(-1.76454611669912,9.47634047831966,43.3078470529889));
#6826=CARTESIAN_POINT('Ctrl Pts',(-1.76463227408628,9.67353705106043,43.5016319091634));
#6827=CARTESIAN_POINT('Ctrl Pts',(-1.76471021715785,9.86837497841573,43.6932902100488));
#6828=CARTESIAN_POINT('Ctrl Pts',(-1.76478396452335,10.0693032521139,43.8911262863532));
#6829=CARTESIAN_POINT('Ctrl Pts',(-1.63226956081754,9.56601696224432,43.185468950193));
#6830=CARTESIAN_POINT('Ctrl Pts',(-1.6322713164108,9.57391865334298,43.1932527932547));
#6831=CARTESIAN_POINT('Ctrl Pts',(-1.63227305834949,9.58182028110137,43.2010367004556));
#6832=CARTESIAN_POINT('Ctrl Pts',(-1.6323161359334,9.77880458367381,43.3950895406165));
#6833=CARTESIAN_POINT('Ctrl Pts',(-1.63235510749794,9.97344447334097,43.5869979294929));
#6834=CARTESIAN_POINT('Ctrl Pts',(-1.63239198226168,10.1741791081909,43.7850766232329));
#6835=CARTESIAN_POINT('Ctrl Pts',(-1.5,9.67151611585585,43.0786390027335));
#6836=CARTESIAN_POINT('Ctrl Pts',(-1.5,9.67940809986958,43.0864326753278));
#6837=CARTESIAN_POINT('Ctrl Pts',(-1.5,9.68730008388331,43.0942263479221));
#6838=CARTESIAN_POINT('Ctrl Pts',(-1.5,9.88407211676973,43.2885471672952));
#6839=CARTESIAN_POINT('Ctrl Pts',(-1.5,10.0785139687666,43.4807056442745));
#6840=CARTESIAN_POINT('Ctrl Pts',(-1.5,10.279054964268,43.6790269601126));
#6841=CARTESIAN_POINT('',(-1.5,10.1991364225582,43.6));
#6842=CARTESIAN_POINT('Ctrl Pts',(-1.5,10.0685765257245,43.4709274065504));
#6843=CARTESIAN_POINT('Ctrl Pts',(-1.5,10.111807937182,43.5136598801319));
#6844=CARTESIAN_POINT('Ctrl Pts',(-1.5,10.1553259958747,43.5566821901483));
#6845=CARTESIAN_POINT('Ctrl Pts',(-1.5,10.1991364249099,43.5999999976217));
#6846=CARTESIAN_POINT('',(-1.89717594678352,9.96442739329909,43.9971759467838));
#6847=CARTESIAN_POINT('Ctrl Pts',(-1.50000000057497,10.1991364222176,43.600000000575));
#6848=CARTESIAN_POINT('Ctrl Pts',(-1.56616405117722,10.1599382885699,43.6661640511772));
#6849=CARTESIAN_POINT('Ctrl Pts',(-1.63234024553515,10.1207825616823,43.7323402455351));
#6850=CARTESIAN_POINT('Ctrl Pts',(-1.76474053531851,10.0425414711368,43.8647405353185));
#6851=CARTESIAN_POINT('Ctrl Pts',(-1.83095548995366,10.0034615249776,43.9309554899537));
#6852=CARTESIAN_POINT('Ctrl Pts',(-1.89717594724254,9.96442739302822,43.9971759472426));
#6853=CARTESIAN_POINT('Ctrl Pts',(-1.89717594678352,9.96442739329911,43.9971759467838));
#6854=CARTESIAN_POINT('Ctrl Pts',(-1.89706532465473,9.7633054812202,43.7995824935303));
#6855=CARTESIAN_POINT('Ctrl Pts',(-1.89694841001911,9.56826951710472,43.6081742816418));
#6856=CARTESIAN_POINT('Ctrl Pts',(-1.89681917504861,9.37086067553772,43.4146574055225));
#6857=CARTESIAN_POINT('Ctrl Pts',(-1.89681394923256,9.36293976029,43.4068930291083));
#6858=CARTESIAN_POINT('Ctrl Pts',(-1.89680868245275,9.35501865519371,43.3991288452812));
#6859=CARTESIAN_POINT('Origin',(-4.5,-10.1830052442584,43.6));
#6860=CARTESIAN_POINT('',(-4.5,-10.1830052442584,43.6));
#6861=CARTESIAN_POINT('',(-4.5,-10.1830052442584,43.6));
#6862=CARTESIAN_POINT('',(-4.9,-9.95991967839098,44.));
#6863=CARTESIAN_POINT('',(-4.9,-9.95991967839099,44.));
#6864=CARTESIAN_POINT('Ctrl Pts',(-4.90000000000001,-9.95991967839099,44.));
#6865=CARTESIAN_POINT('Ctrl Pts',(-4.88401440918788,-10.1881182854312,43.8022963601926));
#6866=CARTESIAN_POINT('Ctrl Pts',(-4.86532674084099,-10.4201053595853,43.6));
#6867=CARTESIAN_POINT('Origin',(-4.7,-5.70087712549569,43.8));
#6868=CARTESIAN_POINT('',(-4.9,-8.88461530188561,44.));
#6869=CARTESIAN_POINT('',(-4.9,-5.70087712549569,44.));
#6870=CARTESIAN_POINT('',(-4.5,-9.49375549828012,43.6));
#6871=CARTESIAN_POINT('',(-4.5,-5.70087712549569,43.6));
#6872=CARTESIAN_POINT('',(-4.85494043244074,-8.9093177325737,43.9549404324407));
#6873=CARTESIAN_POINT('',(-4.5,-9.49375549828012,43.6));
#6874=CARTESIAN_POINT('Origin',(0.,0.,39.1000000000001));
#6875=CARTESIAN_POINT('Origin',(-1.89561540491184,11.342691137321,43.6));
#6876=CARTESIAN_POINT('',(-1.5,11.0017542509914,43.6));
#6877=CARTESIAN_POINT('',(-1.89561540491185,11.342691137321,43.6));
#6878=CARTESIAN_POINT('',(-1.9,10.9361784915939,44.));
#6879=CARTESIAN_POINT('Ctrl Pts',(-1.89561540491181,11.3426911373244,43.5999999999967));
#6880=CARTESIAN_POINT('Ctrl Pts',(-1.89795531043434,11.1364757908853,43.8030088192558));
#6881=CARTESIAN_POINT('Ctrl Pts',(-1.9,10.9361784915939,44.));
#6882=CARTESIAN_POINT('',(-1.5,11.0017542509914,43.6));
#6883=CARTESIAN_POINT('Origin',(0.,0.,43.8));
#6884=CARTESIAN_POINT('Origin',(0.,0.,44.));
#6885=CARTESIAN_POINT('Origin',(-1.7,3.67423461417477,43.8));
#6886=CARTESIAN_POINT('',(-1.5,3.67423461417477,43.6));
#6887=CARTESIAN_POINT('',(-1.9,9.96676421783797,44.));
#6888=CARTESIAN_POINT('',(-1.9,3.67423461417477,44.));
#6889=CARTESIAN_POINT('Ctrl Pts',(-1.9,9.96676421783797,44.));
#6890=CARTESIAN_POINT('Ctrl Pts',(-1.89858780783934,9.96559580556874,43.9985878078396));
#6891=CARTESIAN_POINT('Ctrl Pts',(-1.89717594678352,9.96442739329909,43.9971759467838));
#6892=CARTESIAN_POINT('Origin',(-1.69780770245592,11.1722226941562,4.));
#6893=CARTESIAN_POINT('',(-1.5,11.0017542509914,40.9964601770783));
#6894=CARTESIAN_POINT('',(-1.5,11.0017542509914,4.));
#6895=CARTESIAN_POINT('Ctrl Pts',(-1.5,11.0017542509914,40.9964601770783));
#6896=CARTESIAN_POINT('Ctrl Pts',(-1.6324446707179,11.1158935718694,40.8654749428246));
#6897=CARTESIAN_POINT('Ctrl Pts',(-1.76441854172295,11.2296271628739,40.7331433509434));
#6898=CARTESIAN_POINT('Ctrl Pts',(-1.89561540491184,11.342691137321,40.6));
#6899=CARTESIAN_POINT('Origin',(-4.68266337042049,-10.3015553019218,4.));
#6900=CARTESIAN_POINT('',(-4.5,-10.1830052442584,40.9670041855486));
#6901=CARTESIAN_POINT('',(-4.5,-10.1830052442584,4.));
#6902=CARTESIAN_POINT('Ctrl Pts',(-4.86532674084098,-10.4201053595853,40.6));
#6903=CARTESIAN_POINT('Ctrl Pts',(-4.74392471206242,-10.3413144258637,40.7227539450233));
#6904=CARTESIAN_POINT('Ctrl Pts',(-4.62207397148801,-10.2622322744275,40.8451949117468));
#6905=CARTESIAN_POINT('Ctrl Pts',(-4.5,-10.1830052442584,40.9670041855486));
#6906=CARTESIAN_POINT('Origin',(0.,0.,40.8));
#6907=CARTESIAN_POINT('',(-1.5,10.998181667894,41.));
#6908=CARTESIAN_POINT('Ctrl Pts',(-1.5,11.0017542509914,40.9964601770783));
#6909=CARTESIAN_POINT('Ctrl Pts',(-1.5,10.9999676746612,40.9982303759562));
#6910=CARTESIAN_POINT('Ctrl Pts',(-1.5,10.998181667894,41.));
#6911=CARTESIAN_POINT('',(4.5,10.1469207151727,41.));
#6912=CARTESIAN_POINT('Origin',(0.,0.,41.));
#6913=CARTESIAN_POINT('Ctrl Pts',(4.5,10.1469207151726,41.));
#6914=CARTESIAN_POINT('Ctrl Pts',(4.5,10.1649362033323,40.9835313756755));
#6915=CARTESIAN_POINT('Ctrl Pts',(4.5,10.1830052442582,40.9670041855487));
#6916=CARTESIAN_POINT('Origin',(0.,0.,40.8));
#6917=CARTESIAN_POINT('',(-4.5,-10.1469207151727,41.));
#6918=CARTESIAN_POINT('Origin',(0.,0.,41.));
#6919=CARTESIAN_POINT('Ctrl Pts',(-4.5,-10.1469207151725,41.0000000000001));
#6920=CARTESIAN_POINT('Ctrl Pts',(-4.5,-10.1649362033324,40.9835313756755));
#6921=CARTESIAN_POINT('Ctrl Pts',(-4.5,-10.1830052442584,40.9670041855485));
#6922=CARTESIAN_POINT('Origin',(-4.67747021622037,-9.20153661542691,49.5209142803763));
#6923=CARTESIAN_POINT('',(-4.85494043244074,-8.9093177325737,43.5397962116888));
#6924=CARTESIAN_POINT('',(-4.85494043244074,-8.9093177325737,49.5209142803763));
#6925=CARTESIAN_POINT('',(-4.5,-9.49375549828011,43.3580434992523));
#6926=CARTESIAN_POINT('',(-4.5,-9.49375549828012,49.5209142803763));
#6927=CARTESIAN_POINT('Ctrl Pts',(-4.5,-9.49375549828012,43.3580434992523));
#6928=CARTESIAN_POINT('Ctrl Pts',(-4.61846480605371,-9.29869373513079,43.4173505032625));
#6929=CARTESIAN_POINT('Ctrl Pts',(-4.73682884116853,-9.10391733603433,43.4779715928537));
#6930=CARTESIAN_POINT('Ctrl Pts',(-4.85494175079639,-8.90955305058937,43.5398964102622));
#6931=CARTESIAN_POINT('Ctrl Pts',(-4.89224427737116,-9.26758458071513,43.779588584213));
#6932=CARTESIAN_POINT('Ctrl Pts',(-4.8913287063718,-8.60851067978344,43.4311759812434));
#6933=CARTESIAN_POINT('Ctrl Pts',(-4.89020085688224,-7.94967521510374,43.088353302309));
#6934=CARTESIAN_POINT('Ctrl Pts',(-4.88862702661978,-7.2809051848025,42.7504208669642));
#6935=CARTESIAN_POINT('Ctrl Pts',(-4.76149618491411,-9.34297488657013,43.6390735558928));
#6936=CARTESIAN_POINT('Ctrl Pts',(-4.76088580424787,-8.68407330051309,43.2890203132615));
#6937=CARTESIAN_POINT('Ctrl Pts',(-4.76013390458816,-8.02537215741814,42.9442749624089));
#6938=CARTESIAN_POINT('Ctrl Pts',(-4.75908468441319,-7.35654113199415,42.6038884080651));
#6939=CARTESIAN_POINT('Ctrl Pts',(-4.63074809245706,-9.41836519242512,43.4985585275726));
#6940=CARTESIAN_POINT('Ctrl Pts',(-4.63044290212394,-8.75963592124274,43.1468646452796));
#6941=CARTESIAN_POINT('Ctrl Pts',(-4.63006695229408,-8.10106909973254,42.8001966225088));
#6942=CARTESIAN_POINT('Ctrl Pts',(-4.6295423422066,-7.43217707918579,42.4573559491661));
#6943=CARTESIAN_POINT('Ctrl Pts',(-4.5,-9.49375549828012,43.3580434992523));
#6944=CARTESIAN_POINT('Ctrl Pts',(-4.5,-8.83519854197239,43.0047089772977));
#6945=CARTESIAN_POINT('Ctrl Pts',(-4.5,-8.17676604204694,42.6561182826087));
#6946=CARTESIAN_POINT('Ctrl Pts',(-4.5,-7.50781302637744,42.310823490267));
#6947=CARTESIAN_POINT('',(-4.71443647309893,-7.38260990376131,42.5533843637667));
#6948=CARTESIAN_POINT('Ctrl Pts',(-4.68533169629232,-7.40111526364227,42.5212325319601));
#6949=CARTESIAN_POINT('Ctrl Pts',(-4.69503433167641,-7.39497293731937,42.5319640663682));
#6950=CARTESIAN_POINT('Ctrl Pts',(-4.70473596998186,-7.38880451600531,42.5426813965776));
#6951=CARTESIAN_POINT('Ctrl Pts',(-4.71443647309893,-7.38260990376131,42.5533843637667));
#6952=CARTESIAN_POINT('',(-4.79937687381074,-7.42852914796158,42.6977911358725));
#6953=CARTESIAN_POINT('Ctrl Pts',(-4.71443647309893,-7.38260990376131,42.5533843637667));
#6954=CARTESIAN_POINT('Ctrl Pts',(-4.74266747647358,-7.3980261600059,42.6015332294157));
#6955=CARTESIAN_POINT('Ctrl Pts',(-4.77098143899966,-7.4133234677958,42.6496634597632));
#6956=CARTESIAN_POINT('Ctrl Pts',(-4.799376916472,-7.42850692599529,42.6977775058004));
#6957=CARTESIAN_POINT('',(-4.88948531003629,-7.66539381452711,42.9457975615104));
#6958=CARTESIAN_POINT('Ctrl Pts',(-4.79937691646979,-7.42850692599627,42.6977775057978));
#6959=CARTESIAN_POINT('Ctrl Pts',(-4.82929685550145,-7.50755415100761,42.7804182105055));
#6960=CARTESIAN_POINT('Ctrl Pts',(-4.859346701801,-7.58646012843408,42.8630694518686));
#6961=CARTESIAN_POINT('Ctrl Pts',(-4.88948636199756,-7.66531490792637,42.9457305806658));
#6962=CARTESIAN_POINT('',(-4.89169263792469,-8.8891918754504,43.5802117560651));
#6963=CARTESIAN_POINT('Ctrl Pts',(-4.88948655226397,-7.66540461902004,42.9457764034593));
#6964=CARTESIAN_POINT('Ctrl Pts',(-4.89035646398284,-8.07557522510265,43.1552843344913));
#6965=CARTESIAN_POINT('Ctrl Pts',(-4.89107394184102,-8.48271300879905,43.3667019754339));
#6966=CARTESIAN_POINT('Ctrl Pts',(-4.89169374412158,-8.88920158446676,43.5801932669189));
#6967=CARTESIAN_POINT('Ctrl Pts',(-4.89169263792468,-8.8891918754504,43.5802117560651));
#6968=CARTESIAN_POINT('Ctrl Pts',(-4.8794415174288,-8.89593362619397,43.566757066817));
#6969=CARTESIAN_POINT('Ctrl Pts',(-4.86719072266968,-8.90264220127862,43.5532851450711));
#6970=CARTESIAN_POINT('Ctrl Pts',(-4.85494043244075,-8.9093177325737,43.5397962116888));
#6971=CARTESIAN_POINT('Ctrl Pts',(-4.5,-9.49375549803533,43.358043499121));
#6972=CARTESIAN_POINT('Ctrl Pts',(-4.5,-8.9813198721812,43.083107223436));
#6973=CARTESIAN_POINT('Ctrl Pts',(-4.5,-8.46895960066639,42.8110431882593));
#6974=CARTESIAN_POINT('Ctrl Pts',(-4.5,-7.95165955065801,42.5411692372444));
#6975=CARTESIAN_POINT('Origin',(-1.69718106232987,10.2012981909435,49.5209142803763));
#6976=CARTESIAN_POINT('',(-1.5,10.4347590435695,42.3560794658914));
#6977=CARTESIAN_POINT('',(-1.5,10.4347590435695,49.5209142803763));
#6978=CARTESIAN_POINT('',(-1.89436212465975,9.96783733831741,42.6018206168293));
#6979=CARTESIAN_POINT('',(-1.89436212465975,9.96783733831741,49.5209142803763));
#6980=CARTESIAN_POINT('Ctrl Pts',(-1.89436212465982,9.9678373383169,42.6018206168291));
#6981=CARTESIAN_POINT('Ctrl Pts',(-1.82825550954932,10.0461070592808,42.5603717901467));
#6982=CARTESIAN_POINT('Ctrl Pts',(-1.76211458894167,10.1244173976884,42.5190328858343));
#6983=CARTESIAN_POINT('Ctrl Pts',(-1.63066226915522,10.2800559275472,42.4371262591451));
#6984=CARTESIAN_POINT('Ctrl Pts',(-1.56534212762951,10.3573944698699,42.3965497426312));
#6985=CARTESIAN_POINT('Ctrl Pts',(-1.5,10.4347590435695,42.3560794658914));
#6986=CARTESIAN_POINT('Ctrl Pts',(4.87779909511908,8.89245044776064,43.9961658392961));
#6987=CARTESIAN_POINT('Ctrl Pts',(4.87671467790145,8.62010571154979,43.7568637163648));
#6988=CARTESIAN_POINT('Ctrl Pts',(4.87558652011102,8.36425857192964,43.5344976820299));
#6989=CARTESIAN_POINT('Ctrl Pts',(4.87441515462562,8.12201464034189,43.3261860641659));
#6990=CARTESIAN_POINT('Ctrl Pts',(4.75186606341272,9.01051173395226,43.8641105595308));
#6991=CARTESIAN_POINT('Ctrl Pts',(4.75114311860097,8.73846285943452,43.6236789307916));
#6992=CARTESIAN_POINT('Ctrl Pts',(4.75039101340735,8.48288134758559,43.4001589761919));
#6993=CARTESIAN_POINT('Ctrl Pts',(4.74961010308375,8.24086819372648,43.1906683144764));
#6994=CARTESIAN_POINT('Ctrl Pts',(4.62593303170636,9.12857302014389,43.7320552797654));
#6995=CARTESIAN_POINT('Ctrl Pts',(4.62557155930048,8.85682000731925,43.4904941452184));
#6996=CARTESIAN_POINT('Ctrl Pts',(4.62519550670368,8.60150412324155,43.265820270354));
#6997=CARTESIAN_POINT('Ctrl Pts',(4.62480505154187,8.35972174711107,43.0551505647868));
#6998=CARTESIAN_POINT('Ctrl Pts',(4.5,9.24663430633551,43.6));
#6999=CARTESIAN_POINT('Ctrl Pts',(4.5,8.97517715520398,43.3573093596451));
#7000=CARTESIAN_POINT('Ctrl Pts',(4.5,8.7201268988975,43.131481564516));
#7001=CARTESIAN_POINT('Ctrl Pts',(4.5,8.47857530049565,42.9196328150972));
#7002=CARTESIAN_POINT('Ctrl Pts',(4.5,9.24663430633551,43.6));
#7003=CARTESIAN_POINT('Ctrl Pts',(4.5,9.13781254263417,43.5027101573595));
#7004=CARTESIAN_POINT('Ctrl Pts',(4.5,9.03162744627977,43.4081302555005));
#7005=CARTESIAN_POINT('Ctrl Pts',(4.5,8.92789165885736,43.3160745103478));
#7006=CARTESIAN_POINT('Ctrl Pts',(-1.89622682109315,8.47218984287727,41.7724634233957));
#7007=CARTESIAN_POINT('Ctrl Pts',(-1.89671863528442,9.05400641660633,42.0945372566636));
#7008=CARTESIAN_POINT('Ctrl Pts',(-1.8970739260875,9.63545804429068,42.4190502377387));
#7009=CARTESIAN_POINT('Ctrl Pts',(-1.89736262165847,10.2152327138025,42.7441483472998));
#7010=CARTESIAN_POINT('Ctrl Pts',(-1.7641512140621,8.54632149087095,41.6402203656747));
#7011=CARTESIAN_POINT('Ctrl Pts',(-1.76447909018962,9.12778288255816,41.9634536857112));
#7012=CARTESIAN_POINT('Ctrl Pts',(-1.764715950725,9.70891731535857,42.2888964716527));
#7013=CARTESIAN_POINT('Ctrl Pts',(-1.76490841443898,10.2884081570582,42.614792053497));
#7014=CARTESIAN_POINT('Ctrl Pts',(-1.63207560703105,8.62045313886463,41.5079773079537));
#7015=CARTESIAN_POINT('Ctrl Pts',(-1.63223954509481,9.20155934851,41.8323701147589));
#7016=CARTESIAN_POINT('Ctrl Pts',(-1.6323579753625,9.78237658642646,42.1587427055666));
#7017=CARTESIAN_POINT('Ctrl Pts',(-1.63245420721949,10.3615836003138,42.4854357596942));
#7018=CARTESIAN_POINT('Ctrl Pts',(-1.5,8.69458478685831,41.3757342502327));
#7019=CARTESIAN_POINT('Ctrl Pts',(-1.5,9.27533581446183,41.7012865438065));
#7020=CARTESIAN_POINT('Ctrl Pts',(-1.5,9.85583585749434,42.0285889394805));
#7021=CARTESIAN_POINT('Ctrl Pts',(-1.5,10.4347590435695,42.3560794658914));
#7022=CARTESIAN_POINT('',(-1.89723474499331,9.96729097522944,42.6052183248253));
#7023=CARTESIAN_POINT('',(-1.89643512542953,8.72911842492123,41.9148616030295));
#7024=CARTESIAN_POINT('Ctrl Pts',(-1.89723495114117,9.96729210265129,42.6052163111685));
#7025=CARTESIAN_POINT('Ctrl Pts',(-1.89701540440592,9.55516299504697,42.3744473198436));
#7026=CARTESIAN_POINT('Ctrl Pts',(-1.89675723239571,9.14228216063921,42.1441068184438));
#7027=CARTESIAN_POINT('Ctrl Pts',(-1.89643537629619,8.729119760092,41.9148591963728));
#7028=CARTESIAN_POINT('',(-1.72190150946741,8.58859100444851,41.60823522474));
#7029=CARTESIAN_POINT('Ctrl Pts',(-1.89643545646699,8.7292226759754,41.9149163003885));
#7030=CARTESIAN_POINT('Ctrl Pts',(-1.86716925583876,8.70600300047949,41.863804555453));
#7031=CARTESIAN_POINT('Ctrl Pts',(-1.83799097941932,8.68268021107725,41.8126959217668));
#7032=CARTESIAN_POINT('Ctrl Pts',(-1.80890369197548,8.65924511851166,41.7615872929992));
#7033=CARTESIAN_POINT('Ctrl Pts',(-1.77981232967047,8.63580674290537,41.7104715043832));
#7034=CARTESIAN_POINT('Ctrl Pts',(-1.75081053731042,8.6122443282062,41.6593473162678));
#7035=CARTESIAN_POINT('Ctrl Pts',(-1.72190151112619,8.58859237758881,41.60823596906));
#7036=CARTESIAN_POINT('',(-1.67090788471647,8.59865728418061,41.5468588187486));
#7037=CARTESIAN_POINT('Ctrl Pts',(-1.72190151112619,8.58859237758881,41.60823596906));
#7038=CARTESIAN_POINT('Ctrl Pts',(-1.70489048062111,8.59200185294251,41.5877961283971));
#7039=CARTESIAN_POINT('Ctrl Pts',(-1.68789248759598,8.5953567703799,41.5673369503352));
#7040=CARTESIAN_POINT('Ctrl Pts',(-1.67090788471647,8.59865728418061,41.5468588187486));
#7041=CARTESIAN_POINT('',(-1.5,8.71770983130854,41.388698507531));
#7042=CARTESIAN_POINT('Ctrl Pts',(-1.67090788482214,8.59865728410603,41.5468588188459));
#7043=CARTESIAN_POINT('Ctrl Pts',(-1.61399181174455,8.6388252020814,41.4944507643121));
#7044=CARTESIAN_POINT('Ctrl Pts',(-1.55701703095446,8.67850760933733,41.4417243013573));
#7045=CARTESIAN_POINT('Ctrl Pts',(-1.5,8.71771198404004,41.3886996882483));
#7046=CARTESIAN_POINT('Ctrl Pts',(-1.5,8.71770984249643,41.3886984875761));
#7047=CARTESIAN_POINT('Ctrl Pts',(-1.5,9.29074566820435,41.7099752463725));
#7048=CARTESIAN_POINT('Ctrl Pts',(-1.5,9.8635199934049,42.0329357712794));
#7049=CARTESIAN_POINT('Ctrl Pts',(-1.5,10.4347590432212,42.3560794656944));
#7050=CARTESIAN_POINT('Ctrl Pts',(-1.89436230586509,9.96779138089402,42.6017922228748));
#7051=CARTESIAN_POINT('Ctrl Pts',(-1.89531981222367,9.96760946214078,42.6029248811461));
#7052=CARTESIAN_POINT('Ctrl Pts',(-1.89627735233153,9.96742739523991,42.6040574859501));
#7053=CARTESIAN_POINT('Ctrl Pts',(-1.89723492614476,9.96724518014965,42.6051900372251));
#7054=CARTESIAN_POINT('Origin',(4.67747021622037,9.20153661542691,49.5209142803763));
#7055=CARTESIAN_POINT('',(4.85494043244074,8.9093177325737,42.2897962116888));
#7056=CARTESIAN_POINT('',(4.85494043244074,8.9093177325737,49.5209142803763));
#7057=CARTESIAN_POINT('',(4.5,9.49375549828012,42.1080434992523));
#7058=CARTESIAN_POINT('',(4.5,9.49375549828012,49.5209142803763));
#7059=CARTESIAN_POINT('Ctrl Pts',(4.5,9.49375549828013,42.1080434992523));
#7060=CARTESIAN_POINT('Ctrl Pts',(4.61846480604356,9.29869373514751,42.1673505032575));
#7061=CARTESIAN_POINT('Ctrl Pts',(4.73682880129774,9.103850158894,42.2279372060136));
#7062=CARTESIAN_POINT('Ctrl Pts',(4.85494142654122,8.90941183970306,42.2898254877516));
#7063=CARTESIAN_POINT('Ctrl Pts',(4.89224427737115,9.26758458071514,42.529588584213));
#7064=CARTESIAN_POINT('Ctrl Pts',(4.89132804302818,8.60803317179739,42.180923551584));
#7065=CARTESIAN_POINT('Ctrl Pts',(4.89019553547492,7.94741398158937,41.8372106910768));
#7066=CARTESIAN_POINT('Ctrl Pts',(4.88862702661978,7.2809051848025,41.5004208669642));
#7067=CARTESIAN_POINT('Ctrl Pts',(4.7614961849141,9.34297488657014,42.3890735558928));
#7068=CARTESIAN_POINT('Ctrl Pts',(4.76088536201878,8.68359591737151,42.0387666949364));
#7069=CARTESIAN_POINT('Ctrl Pts',(4.76013035698328,8.02311071766813,41.6931240533525));
#7070=CARTESIAN_POINT('Ctrl Pts',(4.75908468441319,7.35654113199415,41.3538884080651));
#7071=CARTESIAN_POINT('Ctrl Pts',(4.63074809245705,9.41836519242513,42.2485585275726));
#7072=CARTESIAN_POINT('Ctrl Pts',(4.63044268100939,8.75915866294562,41.8966098382888));
#7073=CARTESIAN_POINT('Ctrl Pts',(4.63006517849164,8.09880745374688,41.5490374156283));
#7074=CARTESIAN_POINT('Ctrl Pts',(4.6295423422066,7.43217707918579,41.2073559491661));
#7075=CARTESIAN_POINT('Ctrl Pts',(4.5,9.49375549828013,42.1080434992523));
#7076=CARTESIAN_POINT('Ctrl Pts',(4.5,8.83472140851974,41.7544529816411));
#7077=CARTESIAN_POINT('Ctrl Pts',(4.5,8.17450418982564,41.404950777904));
#7078=CARTESIAN_POINT('Ctrl Pts',(4.5,7.50781302637744,41.060823490267));
#7079=CARTESIAN_POINT('',(4.5,7.61163317416561,41.1144847681206));
#7080=CARTESIAN_POINT('Ctrl Pts',(4.5,9.49375549808003,42.108043499145));
#7081=CARTESIAN_POINT('Ctrl Pts',(4.5,8.86894798064907,41.7728165102405));
#7082=CARTESIAN_POINT('Ctrl Pts',(4.5,8.24307703328248,41.441264213406));
#7083=CARTESIAN_POINT('Ctrl Pts',(4.5,7.61163409730195,41.114482984424));
#7084=CARTESIAN_POINT('Ctrl Pts',(4.5,7.61164065454058,41.114486377894));
#7085=CARTESIAN_POINT('Ctrl Pts',(4.5548465519946,7.54674207861989,41.159306401879));
#7086=CARTESIAN_POINT('Ctrl Pts',(4.60936915289386,7.4811559578613,41.2035223222274));
#7087=CARTESIAN_POINT('Ctrl Pts',(4.6635383704205,7.41486683121211,41.2471061432138));
#7088=CARTESIAN_POINT('',(4.88907397477597,7.47602369782429,41.5993017081326));
#7089=CARTESIAN_POINT('Ctrl Pts',(4.71443647309893,7.38260990376131,41.3033843637667));
#7090=CARTESIAN_POINT('Ctrl Pts',(4.7433621976311,7.39840553013458,41.3527180982365));
#7091=CARTESIAN_POINT('Ctrl Pts',(4.77237502427644,7.41408622675023,41.4020374690885));
#7092=CARTESIAN_POINT('Ctrl Pts',(4.80147341031217,7.42965683017971,41.4513447218416));
#7093=CARTESIAN_POINT('Ctrl Pts',(4.83058815352834,7.44523618636851,41.500679691858));
#7094=CARTESIAN_POINT('Ctrl Pts',(4.8597890116264,7.46069961364249,41.5500002805885));
#7095=CARTESIAN_POINT('Ctrl Pts',(4.8890743412045,7.47603428316686,41.599299644553));
#7096=CARTESIAN_POINT('',(4.89169263792468,8.8891918754504,42.3302117560651));
#7097=CARTESIAN_POINT('Ctrl Pts',(4.88907432428256,7.47602670295839,41.5992957926915));
#7098=CARTESIAN_POINT('Ctrl Pts',(4.8901307350273,7.94924702654557,41.8397613396971));
#7099=CARTESIAN_POINT('Ctrl Pts',(4.89097748201969,8.41972672975317,42.0836310160399));
#7100=CARTESIAN_POINT('Ctrl Pts',(4.89169360014298,8.88920019436174,42.3301959136028));
#7101=CARTESIAN_POINT('Ctrl Pts',(4.89169263792468,8.8891918754504,42.3302117560651));
#7102=CARTESIAN_POINT('Ctrl Pts',(4.87944151742812,8.89593362619435,42.3167570668163));
#7103=CARTESIAN_POINT('Ctrl Pts',(4.86719072266899,8.90264220127899,42.3032851450703));
#7104=CARTESIAN_POINT('Ctrl Pts',(4.85494043244075,8.9093177325737,42.2897962116888));
#7105=CARTESIAN_POINT('Origin',(5.51846392442366E-23,-4.44099473260746E-9,
43.056625));
#7106=CARTESIAN_POINT('',(-6.00345115700784,-6.61457095150594,42.7864973164744));
#7107=CARTESIAN_POINT('Ctrl Pts',(-6.00382849425419,-6.61122159971701,42.7863873888972));
#7108=CARTESIAN_POINT('Ctrl Pts',(-5.63392574030704,-6.90953257083761,42.7576806586835));
#7109=CARTESIAN_POINT('Ctrl Pts',(-5.2409406864486,-7.17789495358506,42.7288908554892));
#7110=CARTESIAN_POINT('Ctrl Pts',(-4.82877444673707,-7.41191163481411,42.6998604262153));
#7111=CARTESIAN_POINT('Ctrl Pts',(-4.8189835789895,-7.41747062086363,42.6991708183185));
#7112=CARTESIAN_POINT('Ctrl Pts',(-4.80918392813285,-7.42300894959194,42.6984810303159));
#7113=CARTESIAN_POINT('Ctrl Pts',(-4.79937137074858,-7.4285292997266,42.6977913259645));
#7114=CARTESIAN_POINT('Ctrl Pts',(-4.88972159924232,-7.66551462241974,42.9457975604536));
#7115=CARTESIAN_POINT('Ctrl Pts',(-5.07458077080051,-7.51901079627472,42.9215116113191));
#7116=CARTESIAN_POINT('Ctrl Pts',(-5.25349474181776,-7.36560230899641,42.8971701195946));
#7117=CARTESIAN_POINT('Ctrl Pts',(-5.4259880735138,-7.2056303146965,42.8727538148092));
#7118=CARTESIAN_POINT('Ctrl Pts',(-5.59705106799195,-7.04698482905068,42.8485399732095));
#7119=CARTESIAN_POINT('Ctrl Pts',(-5.76179990083836,-6.88188368633987,42.824252554124));
#7120=CARTESIAN_POINT('Ctrl Pts',(-5.91972957040671,-6.71062953110735,42.799872762527));
#7121=CARTESIAN_POINT('Ctrl Pts',(-5.94859090161177,-6.67933317680029,42.7954174043799));
#7122=CARTESIAN_POINT('Ctrl Pts',(-5.97722437225241,-6.64783126254165,42.7909589612836));
#7123=CARTESIAN_POINT('Ctrl Pts',(-6.00562673191419,-6.61612554763829,42.7864973185285));
#7124=CARTESIAN_POINT('Origin',(-4.5,-11.4017542509914,44.));
#7125=CARTESIAN_POINT('',(-4.49999999999983,-8.91113041870877,41.));
#7126=CARTESIAN_POINT('',(-4.5,-5.70087712549569,41.));
#7127=CARTESIAN_POINT('',(-4.50000000000001,-9.09375549828012,41.0975420530546));
#7128=CARTESIAN_POINT('Ctrl Pts',(-4.50014046165613,-8.91117773394013,40.9999999906898));
#7129=CARTESIAN_POINT('Ctrl Pts',(-4.5001328954841,-8.9720630216656,41.0324747601405));
#7130=CARTESIAN_POINT('Ctrl Pts',(-4.5001236959653,-9.03294439142201,41.0649941623483));
#7131=CARTESIAN_POINT('Ctrl Pts',(-4.50011505222557,-9.09379513528594,41.0975420472857));
#7132=CARTESIAN_POINT('Ctrl Pts',(-4.50006537532299,-9.49378922169154,41.3121144590124));
#7133=CARTESIAN_POINT('Ctrl Pts',(-4.50008057423812,-9.36064772901394,41.2404921973843));
#7134=CARTESIAN_POINT('Ctrl Pts',(-4.50009712006456,-9.22722275202051,41.168910122022));
#7135=CARTESIAN_POINT('Ctrl Pts',(-4.50011505222561,-9.09379513528618,41.0975420472859));
#7136=CARTESIAN_POINT('Ctrl Pts',(-4.30587570510214,-7.82645571367315,42.8796150911247));
#7137=CARTESIAN_POINT('Ctrl Pts',(-5.21912088109284,-7.32401624937897,42.8331868324942));
#7138=CARTESIAN_POINT('Ctrl Pts',(-7.70216335840571,-5.34003348470212,42.6939020566028));
#7139=CARTESIAN_POINT('Ctrl Pts',(-9.69619062789292,-0.173192581618651,
42.4617607634504));
#7140=CARTESIAN_POINT('Ctrl Pts',(-7.52202993539785,6.11468975883698,42.1831912116676));
#7141=CARTESIAN_POINT('Ctrl Pts',(-3.71904374352463,8.38501860025536,41.9974781771457));
#7142=CARTESIAN_POINT('Ctrl Pts',(-1.67118124207937,8.77502865419812,41.9046216598847));
#7143=CARTESIAN_POINT('Ctrl Pts',(-4.50116682168932,-8.18069141860935,43.113146289283));
#7144=CARTESIAN_POINT('Ctrl Pts',(-5.4557466822343,-7.65546403895387,43.0667180306525));
#7145=CARTESIAN_POINT('Ctrl Pts',(-8.05115059343355,-5.58154282917342,42.9274332547611));
#7146=CARTESIAN_POINT('Ctrl Pts',(-10.1352698981723,-0.180653435219047,
42.6952919616088));
#7147=CARTESIAN_POINT('Ctrl Pts',(-7.8624091130629,6.391877380341,42.4167224098259));
#7148=CARTESIAN_POINT('Ctrl Pts',(-3.88712293079676,8.76486371192186,42.231009375304));
#7149=CARTESIAN_POINT('Ctrl Pts',(-1.74651174804651,9.17245395502867,42.138152858043));
#7150=CARTESIAN_POINT('Ctrl Pts',(-4.69643686747254,-8.53493794767763,43.3466786712835));
#7151=CARTESIAN_POINT('Ctrl Pts',(-5.69235267149587,-7.98692510297899,43.3002504126531));
#7152=CARTESIAN_POINT('Ctrl Pts',(-8.40012309902811,-5.82307217907129,43.1609656367616));
#7153=CARTESIAN_POINT('Ctrl Pts',(-10.5743479807474,-0.188139954877412,
42.9288243436093));
#7154=CARTESIAN_POINT('Ctrl Pts',(-8.20280391798511,6.66904460785607,42.6502547918264));
#7155=CARTESIAN_POINT('Ctrl Pts',(-4.05522406904318,9.14469835138513,42.4645417573045));
#7156=CARTESIAN_POINT('Ctrl Pts',(-1.82186538882454,9.56987416457845,42.3716852400436));
#7157=CARTESIAN_POINT('Ctrl Pts',(-4.89169263792308,-8.88919187545171,43.5802117560654));
#7158=CARTESIAN_POINT('Ctrl Pts',(-5.9289452457069,-8.31839522528886,43.5337834974349));
#7159=CARTESIAN_POINT('Ctrl Pts',(-8.74908565646459,-6.06461514342515,43.3944987215435));
#7160=CARTESIAN_POINT('Ctrl Pts',(-11.0134253203524,-0.195643897050024,
43.1623574283911));
#7161=CARTESIAN_POINT('Ctrl Pts',(-8.54320937923886,6.94619803159972,42.8837878766083));
#7162=CARTESIAN_POINT('Ctrl Pts',(-4.22334013262528,9.52452593777927,42.6980748420864));
#7163=CARTESIAN_POINT('Ctrl Pts',(-1.89723474499191,9.96729097523008,42.6052183248254));
#7164=CARTESIAN_POINT('Ctrl Pts',(-1.89643921558168,8.72913719574345,41.9148611498688));
#7165=CARTESIAN_POINT('Ctrl Pts',(-2.83410345971388,8.52566635031344,41.9575936862193));
#7166=CARTESIAN_POINT('Ctrl Pts',(-5.6453578530275,7.4306494860047,42.0901503991275));
#7167=CARTESIAN_POINT('Ctrl Pts',(-9.0433385871051,3.36926920755966,42.3128927602887));
#7168=CARTESIAN_POINT('Ctrl Pts',(-9.14005146006134,-2.52984131321876,42.5608708634513));
#7169=CARTESIAN_POINT('Ctrl Pts',(-7.12988868830108,-5.5852255741846,42.7185418322591));
#7170=CARTESIAN_POINT('Ctrl Pts',(-6.00195520590378,-6.61292891067318,42.7865002728445));
#7171=CARTESIAN_POINT('Ctrl Pts',(-4.89169263792469,-8.8891918754504,43.5802117560651));
#7172=CARTESIAN_POINT('Ctrl Pts',(-5.92894524570776,-8.31839522528769,43.5337834974346));
#7173=CARTESIAN_POINT('Ctrl Pts',(-6.86899204929299,-7.56713519800017,43.4873552388042));
#7174=CARTESIAN_POINT('Ctrl Pts',(-7.6466458959423,-6.67503043005043,43.4409269801737));
#7175=CARTESIAN_POINT('Ctrl Pts',(-9.20195358924181,-4.89082089414994,43.3480704629128));
#7176=CARTESIAN_POINT('Ctrl Pts',(-10.1076894547969,-2.54323239559998,43.2552139456518));
#7177=CARTESIAN_POINT('Ctrl Pts',(-10.1488547307222,-0.179131158216752,
43.1623574283909));
#7178=CARTESIAN_POINT('Ctrl Pts',(-10.1900200066475,2.18497007916649,43.0695009111299));
#7179=CARTESIAN_POINT('Ctrl Pts',(-9.36661469294301,4.565584055383,42.976644393869));
#7180=CARTESIAN_POINT('Ctrl Pts',(-7.8749447244374,6.40047302003611,42.883787876608));
#7181=CARTESIAN_POINT('Ctrl Pts',(-6.38327475593213,8.23536198468881,42.7909313593471));
#7182=CARTESIAN_POINT('Ctrl Pts',(-4.22334013262604,9.52452593777837,42.6980748420862));
#7183=CARTESIAN_POINT('Ctrl Pts',(-1.89723474499333,9.96729097522943,42.6052183248253));
#7184=CARTESIAN_POINT('Origin',(-4.16333634234434E-16,0.,41.));
#7185=CARTESIAN_POINT('',(1.5,-9.43345236146988,41.));
#7186=CARTESIAN_POINT('Ctrl Pts',(1.89664165462158,-9.33189880257388,40.9999999923956));
#7187=CARTESIAN_POINT('Ctrl Pts',(1.76511996309148,-9.36877630480902,40.9999999920644));
#7188=CARTESIAN_POINT('Ctrl Pts',(1.63283073000543,-9.40280172605554,40.9999999899035));
#7189=CARTESIAN_POINT('Ctrl Pts',(1.49986457499967,-9.43394133978705,40.9999999886306));
#7190=CARTESIAN_POINT('Ctrl Pts',(-4.50014046165631,-8.91117773394182,40.9999999906907));
#7191=CARTESIAN_POINT('Ctrl Pts',(-4.273828659472,-9.00644961875956,40.9999999903701));
#7192=CARTESIAN_POINT('Ctrl Pts',(-4.04428195898021,-9.093296621467,40.9999999900834));
#7193=CARTESIAN_POINT('Ctrl Pts',(-3.8119591748541,-9.17150991468933,40.9999999898184));
#7194=CARTESIAN_POINT('Ctrl Pts',(-3.58148053557128,-9.24910236204019,40.9999999895554));
#7195=CARTESIAN_POINT('Ctrl Pts',(-3.34826909016292,-9.31819775407736,40.9999999893138));
#7196=CARTESIAN_POINT('Ctrl Pts',(-3.11276341674807,-9.37854201815878,40.9999999890906));
#7197=CARTESIAN_POINT('Ctrl Pts',(-3.02378649547394,-9.40134081853018,40.9999999890063));
#7198=CARTESIAN_POINT('Ctrl Pts',(-2.93448204265691,-9.42288993972509,40.9999999889248));
#7199=CARTESIAN_POINT('Ctrl Pts',(-2.84487363406312,-9.44317373272542,40.9999999888461));
#7200=CARTESIAN_POINT('Ctrl Pts',(-2.6069282177325,-9.49703514646961,40.9999999886373));
#7201=CARTESIAN_POINT('Ctrl Pts',(-2.36683893994224,-9.54197817421555,40.9999999884485));
#7202=CARTESIAN_POINT('Ctrl Pts',(-2.12511072488375,-9.5779211639445,40.9999999882906));
#7203=CARTESIAN_POINT('Ctrl Pts',(-1.9177525992617,-9.60875360515391,40.9999999881551));
#7204=CARTESIAN_POINT('Ctrl Pts',(-1.70918829788835,-9.63296256929097,40.9999999880425));
#7205=CARTESIAN_POINT('Ctrl Pts',(-1.49974435993362,-9.65046693153999,40.9999999879659));
#7206=CARTESIAN_POINT('Ctrl Pts',(-1.25888897000639,-9.67059651865569,40.9999999878778));
#7207=CARTESIAN_POINT('Ctrl Pts',(-1.01742150498256,-9.6818149330095,40.999999987826));
#7208=CARTESIAN_POINT('Ctrl Pts',(-0.775838040477122,-9.68407616214852,
40.9999999878055));
#7209=CARTESIAN_POINT('Ctrl Pts',(-0.536385805444572,-9.68631744290988,
40.9999999877852));
#7210=CARTESIAN_POINT('Ctrl Pts',(-0.296818991693833,-9.6797587725447,40.9999999877957));
#7211=CARTESIAN_POINT('Ctrl Pts',(-0.057632475498232,-9.66430559379983,
40.9999999878427));
#7212=CARTESIAN_POINT('Ctrl Pts',(-0.028214718180725,-9.66240499392768,
40.9999999878484));
#7213=CARTESIAN_POINT('Ctrl Pts',(0.00119726493279094,-9.66036978787998,
40.9999999878548));
#7214=CARTESIAN_POINT('Ctrl Pts',(0.0306025336224948,-9.65819974835753,
40.9999999878617));
#7215=CARTESIAN_POINT('Ctrl Pts',(0.271409281580962,-9.64042877792854,40.9999999879185));
#7216=CARTESIAN_POINT('Ctrl Pts',(0.511292704552596,-9.61365448893675,40.9999999880136));
#7217=CARTESIAN_POINT('Ctrl Pts',(0.749743738913566,-9.57782993440702,40.9999999881403));
#7218=CARTESIAN_POINT('Ctrl Pts',(0.901879053940001,-9.55497333450311,40.9999999882211));
#7219=CARTESIAN_POINT('Ctrl Pts',(1.05343112844287,-9.52843169084229,40.999999988315));
#7220=CARTESIAN_POINT('Ctrl Pts',(1.20426447765872,-9.49818218439347,40.9999999884227));
#7221=CARTESIAN_POINT('Ctrl Pts',(1.30311897723258,-9.47835699428863,40.9999999884932));
#7222=CARTESIAN_POINT('Ctrl Pts',(1.40166470074446,-9.45693896922206,40.9999999885697));
#7223=CARTESIAN_POINT('Ctrl Pts',(1.49986457501196,-9.43394133982343,40.9999999886527));
#7224=CARTESIAN_POINT('Ctrl Pts',(-1.72190150946739,8.58859100444851,41.60823522474));
#7225=CARTESIAN_POINT('Ctrl Pts',(-2.69496390765818,8.39350456810723,41.653314705917));
#7226=CARTESIAN_POINT('Ctrl Pts',(-5.51228410822199,7.31973602964283,41.7881982182398));
#7227=CARTESIAN_POINT('Ctrl Pts',(-8.87303601791081,3.29023029663591,42.0132729021744));
#7228=CARTESIAN_POINT('Ctrl Pts',(-8.96660999577703,-3.01086568970603,42.2833813424161));
#7229=CARTESIAN_POINT('Ctrl Pts',(-6.38959396859238,-6.31287661189176,42.463101388186));
#7230=CARTESIAN_POINT('Ctrl Pts',(-4.71443647309889,-7.38260990376133,42.5533843637667));
#7231=CARTESIAN_POINT('Ctrl Pts',(-1.72874611642579,8.64611341771656,41.7081085107781));
#7232=CARTESIAN_POINT('Ctrl Pts',(-2.70832563685181,8.45025150730063,41.7531879919551));
#7233=CARTESIAN_POINT('Ctrl Pts',(-5.54478200124925,7.37088267681428,41.8880715042779));
#7234=CARTESIAN_POINT('Ctrl Pts',(-8.92980354097557,3.31657660027715,42.1131461882125));
#7235=CARTESIAN_POINT('Ctrl Pts',(-9.02730080305067,-3.02600922011115,42.3832546284542));
#7236=CARTESIAN_POINT('Ctrl Pts',(-6.43502890755882,-6.35114035812896,42.5629746742241));
#7237=CARTESIAN_POINT('Ctrl Pts',(-4.74938954044143,-7.42880470602244,42.6532576498048));
#7238=CARTESIAN_POINT('Ctrl Pts',(-1.7355907233842,8.7036358309846,41.8079817968162));
#7239=CARTESIAN_POINT('Ctrl Pts',(-2.72168736604544,8.50699844649404,41.8530612779932));
#7240=CARTESIAN_POINT('Ctrl Pts',(-5.57727989427651,7.42202932398573,41.987944790316));
#7241=CARTESIAN_POINT('Ctrl Pts',(-8.98657106404033,3.34292290391841,42.2130194742506));
#7242=CARTESIAN_POINT('Ctrl Pts',(-9.08799161032432,-3.04115275051626,42.4831279144923));
#7243=CARTESIAN_POINT('Ctrl Pts',(-6.48046384652525,-6.38940410436617,42.6628479602622));
#7244=CARTESIAN_POINT('Ctrl Pts',(-4.78434260778397,-7.47499950828354,42.7531309358429));
#7245=CARTESIAN_POINT('Ctrl Pts',(-1.7424353303426,8.76115824425264,41.9078550828543));
#7246=CARTESIAN_POINT('Ctrl Pts',(-2.73504909523906,8.56374538568744,41.9529345640314));
#7247=CARTESIAN_POINT('Ctrl Pts',(-5.60977778730377,7.47317597115718,42.0878180763542));
#7248=CARTESIAN_POINT('Ctrl Pts',(-9.0433385871051,3.36926920755966,42.3128927602887));
#7249=CARTESIAN_POINT('Ctrl Pts',(-9.14868241759795,-3.05629628092137,42.5830012005304));
#7250=CARTESIAN_POINT('Ctrl Pts',(-6.52589878549169,-6.42766785060337,42.7627212463004));
#7251=CARTESIAN_POINT('Ctrl Pts',(-4.81929567512651,-7.52119431054465,42.8530042218811));
#7252=CARTESIAN_POINT('Ctrl Pts',(-4.71443647309889,-7.38260990376133,42.5533843637667));
#7253=CARTESIAN_POINT('Ctrl Pts',(-6.38959396859238,-6.31287661189176,42.463101388186));
#7254=CARTESIAN_POINT('Ctrl Pts',(-8.96660999577703,-3.01086568970603,42.2833813424161));
#7255=CARTESIAN_POINT('Ctrl Pts',(-8.87303601791081,3.29023029663591,42.0132729021744));
#7256=CARTESIAN_POINT('Ctrl Pts',(-5.51228410822199,7.31973602964283,41.7881982182398));
#7257=CARTESIAN_POINT('Ctrl Pts',(-2.69496390765818,8.39350456810723,41.653314705917));
#7258=CARTESIAN_POINT('Ctrl Pts',(-1.72190150946739,8.58859100444851,41.60823522474));
#7259=CARTESIAN_POINT('Origin',(0.,0.,44.));
#7260=CARTESIAN_POINT('Ctrl Pts',(-1.67083881092357,8.59855873630461,41.5468567081616));
#7261=CARTESIAN_POINT('Ctrl Pts',(-3.56942715772971,8.22770472193248,41.634728879108));
#7262=CARTESIAN_POINT('Ctrl Pts',(-7.1847041854889,6.14442868862264,41.814015438126));
#7263=CARTESIAN_POINT('Ctrl Pts',(-9.08232903406507,1.26347735249342,42.0386424975952));
#7264=CARTESIAN_POINT('Ctrl Pts',(-8.34606312555459,-3.78472313671541,42.2666522811572));
#7265=CARTESIAN_POINT('Ctrl Pts',(-6.40263377784036,-6.30689648376243,42.4034405435393));
#7266=CARTESIAN_POINT('Ctrl Pts',(-4.70715497257775,-7.38725472108121,42.4947612854636));
#7267=CARTESIAN_POINT('Ctrl Pts',(-4.7071549725528,-7.38725472103419,42.4947612855553));
#7268=CARTESIAN_POINT('Ctrl Pts',(-6.40263377780462,-6.30689648372114,42.4034405436311));
#7269=CARTESIAN_POINT('Ctrl Pts',(-8.34606312550587,-3.78472313668846,42.266652281249));
#7270=CARTESIAN_POINT('Ctrl Pts',(-9.08232903400945,1.26347735249014,42.038642497687));
#7271=CARTESIAN_POINT('Ctrl Pts',(-7.15697176562402,6.2157602753712,41.8107326755998));
#7272=CARTESIAN_POINT('Ctrl Pts',(-3.43614926359492,8.3034902485875,41.628154418387));
#7273=CARTESIAN_POINT('Ctrl Pts',(-1.45757646685171,8.63737871650599,41.5370099719049));
#7274=CARTESIAN_POINT('Ctrl Pts',(-4.73430975509434,-7.43842399364747,42.3948879994866));
#7275=CARTESIAN_POINT('Ctrl Pts',(-6.44153262772601,-6.35183335201116,42.3035672575623));
#7276=CARTESIAN_POINT('Ctrl Pts',(-8.39909718844037,-3.81405278104684,42.1667789951803));
#7277=CARTESIAN_POINT('Ctrl Pts',(-9.14286578204403,1.26704079160797,41.9387692116183));
#7278=CARTESIAN_POINT('Ctrl Pts',(-7.20741455566902,6.25298112728091,41.7108593895311));
#7279=CARTESIAN_POINT('Ctrl Pts',(-3.46315865267395,8.3564265661863,41.5282811323183));
#7280=CARTESIAN_POINT('Ctrl Pts',(-1.47171764456774,8.69355436752539,41.4371366858362));
#7281=CARTESIAN_POINT('Ctrl Pts',(-4.76146453763588,-7.48959326626074,42.2950147134179));
#7282=CARTESIAN_POINT('Ctrl Pts',(-6.4804314776474,-6.39677022030117,42.2036939714936));
#7283=CARTESIAN_POINT('Ctrl Pts',(-8.45213125137488,-3.84338242540523,42.0669057091116));
#7284=CARTESIAN_POINT('Ctrl Pts',(-9.20340253007862,1.27060423072581,41.8388959255496));
#7285=CARTESIAN_POINT('Ctrl Pts',(-7.25785734571403,6.29020197919063,41.6109861034624));
#7286=CARTESIAN_POINT('Ctrl Pts',(-3.49016804175299,8.40936288378509,41.4284078462496));
#7287=CARTESIAN_POINT('Ctrl Pts',(-1.48585882228377,8.74973001854479,41.3372633997675));
#7288=CARTESIAN_POINT('Ctrl Pts',(-4.78861932017742,-7.54076253887402,42.1951414273492));
#7289=CARTESIAN_POINT('Ctrl Pts',(-6.5193303275688,-6.44170708859119,42.1038206854249));
#7290=CARTESIAN_POINT('Ctrl Pts',(-8.50516531430938,-3.87271206976362,41.9670324230429));
#7291=CARTESIAN_POINT('Ctrl Pts',(-9.26393927811321,1.27416766984364,41.7390226394809));
#7292=CARTESIAN_POINT('Ctrl Pts',(-7.30830013575904,6.32742283110034,41.5111128173937));
#7293=CARTESIAN_POINT('Ctrl Pts',(-3.51717743083203,8.46229920138388,41.3285345601809));
#7294=CARTESIAN_POINT('Ctrl Pts',(-1.49999999999981,8.80590566956419,41.2373901136988));
#7295=CARTESIAN_POINT('Ctrl Pts',(-1.49999999999998,8.80590566956416,41.2373901136988));
#7296=CARTESIAN_POINT('Ctrl Pts',(-1.49999999999998,8.77661199318229,41.2876487146716));
#7297=CARTESIAN_POINT('Ctrl Pts',(-1.5,8.74731496989807,41.3379105937066));
#7298=CARTESIAN_POINT('Ctrl Pts',(-1.5,8.71791601413992,41.3883447988981));
#7299=CARTESIAN_POINT('Ctrl Pts',(-1.5,8.71781292274536,41.388521653194));
#7300=CARTESIAN_POINT('Ctrl Pts',(-1.5,8.71770983130854,41.388698507531));
#7301=CARTESIAN_POINT('Ctrl Pts',(5.14413877190172,-8.35285215543069,43.8057589057745));
#7302=CARTESIAN_POINT('Ctrl Pts',(4.10124889462527,-8.99512022778411,43.7560809406973));
#7303=CARTESIAN_POINT('Ctrl Pts',(2.93702726848147,-9.43961340480383,43.7064029756201));
#7304=CARTESIAN_POINT('Ctrl Pts',(1.73145948632744,-9.65579364331448,43.6567250105429));
#7305=CARTESIAN_POINT('Ctrl Pts',(5.20287887970546,-8.44838619741995,43.8705058760553));
#7306=CARTESIAN_POINT('Ctrl Pts',(4.14806116229974,-9.09798822743994,43.8208279109781));
#7307=CARTESIAN_POINT('Ctrl Pts',(2.97052623417459,-9.54755335587425,43.7711499459009));
#7308=CARTESIAN_POINT('Ctrl Pts',(1.75117435291876,-9.7661950811624,43.7214719808237));
#7309=CARTESIAN_POINT('Ctrl Pts',(5.26162015349754,-8.54391947864181,43.9352529101606));
#7310=CARTESIAN_POINT('Ctrl Pts',(4.19487469092401,-9.20085561187214,43.8855749450834));
#7311=CARTESIAN_POINT('Ctrl Pts',(3.00402652822606,-9.65549285532244,43.8358969800062));
#7312=CARTESIAN_POINT('Ctrl Pts',(1.77089058299647,-9.87659623758412,43.786219014929));
#7313=CARTESIAN_POINT('Ctrl Pts',(5.32036248131553,-8.63945207347767,44.0000000000002));
#7314=CARTESIAN_POINT('Ctrl Pts',(4.24168935925063,-9.30372244148579,43.950322034923));
#7315=CARTESIAN_POINT('Ctrl Pts',(3.03752802275026,-9.76343194781391,43.9006440698458));
#7316=CARTESIAN_POINT('Ctrl Pts',(1.79060804514715,-9.98699714084078,43.8509661047686));
#7317=CARTESIAN_POINT('Origin',(0.,0.,44.));
#7318=CARTESIAN_POINT('Ctrl Pts',(4.88592084877187,8.89236563137407,42.7697154074322));
#7319=CARTESIAN_POINT('Ctrl Pts',(5.92372280392003,8.3221441155533,42.7232791389635));
#7320=CARTESIAN_POINT('Ctrl Pts',(8.74576355661417,6.0697077390927,42.5839703335573));
#7321=CARTESIAN_POINT('Ctrl Pts',(11.0136458304275,0.200800807903228,42.3517889912136));
#7322=CARTESIAN_POINT('Ctrl Pts',(8.54586811908673,-6.94345953051757,42.0731713804012));
#7323=CARTESIAN_POINT('Ctrl Pts',(4.22589803193689,-9.52349288796056,41.8874263065262));
#7324=CARTESIAN_POINT('Ctrl Pts',(1.89949167902651,-9.96686111189553,41.7945537695887));
#7325=CARTESIAN_POINT('Ctrl Pts',(4.69137271528173,8.53772259326526,43.0032484918472));
#7326=CARTESIAN_POINT('Ctrl Pts',(5.68778531587629,7.99020621387702,42.9568122233785));
#7327=CARTESIAN_POINT('Ctrl Pts',(8.39725932505074,5.82749190045929,42.8175034179723));
#7328=CARTESIAN_POINT('Ctrl Pts',(10.5745703489245,0.192499688329613,42.5853220756286));
#7329=CARTESIAN_POINT('Ctrl Pts',(8.20498362411879,-6.66687422779975,42.3067044648161));
#7330=CARTESIAN_POINT('Ctrl Pts',(4.05716845435665,-9.14393342556022,42.1209593909412));
#7331=CARTESIAN_POINT('Ctrl Pts',(1.8234970039796,-9.56956340225192,42.0280868540037));
#7332=CARTESIAN_POINT('Ctrl Pts',(4.4968384763503,8.18307146397564,43.2367808734809));
#7333=CARTESIAN_POINT('Ctrl Pts',(5.45186078166665,7.6582586053063,43.1903446050121));
#7334=CARTESIAN_POINT('Ctrl Pts',(8.04876435999833,5.58526197412419,43.051035799606));
#7335=CARTESIAN_POINT('Ctrl Pts',(10.13549475092,0.184181130203509,42.8188544572622));
#7336=CARTESIAN_POINT('Ctrl Pts',(7.86408780315127,-6.39030218609597,42.5402368464498));
#7337=CARTESIAN_POINT('Ctrl Pts',(3.88842362086712,-8.76438026846429,42.3544917725749));
#7338=CARTESIAN_POINT('Ctrl Pts',(1.74748646441443,-9.17226830852681,42.2616192356374));
#7339=CARTESIAN_POINT('Ctrl Pts',(4.30232466464177,7.82840834013828,43.4703120712724));
#7340=CARTESIAN_POINT('Ctrl Pts',(5.2159552796976,7.32629662614239,43.4238758028036));
#7341=CARTESIAN_POINT('Ctrl Pts',(7.70028297232048,5.34301124263723,43.2845669973974));
#7342=CARTESIAN_POINT('Ctrl Pts',(9.69641888826571,0.175836879053306,43.0523856550537));
#7343=CARTESIAN_POINT('Ctrl Pts',(7.52317522395882,-6.11374962137425,42.7737680442413));
#7344=CARTESIAN_POINT('Ctrl Pts',(3.71965627796823,-8.38483632100828,42.5880229703664));
#7345=CARTESIAN_POINT('Ctrl Pts',(1.67145253825785,-8.77497698414548,42.4951504334289));
#7346=CARTESIAN_POINT('Ctrl Pts',(1.8994916790785,-9.9668611118853,41.794553769591));
#7347=CARTESIAN_POINT('Ctrl Pts',(4.22589803196898,-9.52349288794102,41.8874263065278));
#7348=CARTESIAN_POINT('Ctrl Pts',(6.38588307552273,-8.23347620922512,41.9802988434646));
#7349=CARTESIAN_POINT('Ctrl Pts',(7.87717188252249,-6.39775781347465,42.0731713804014));
#7350=CARTESIAN_POINT('Ctrl Pts',(9.36846068953336,-4.56203941771049,42.1660439173388));
#7351=CARTESIAN_POINT('Ctrl Pts',(10.1910532599803,-2.18061930490363,42.2589164542763));
#7352=CARTESIAN_POINT('Ctrl Pts',(10.1487730904411,0.18387213773765,42.3517889912138));
#7353=CARTESIAN_POINT('Ctrl Pts',(10.1064929209019,2.54836358037894,42.4446615281512));
#7354=CARTESIAN_POINT('Ctrl Pts',(9.19934001137655,4.89592635285465,42.5375340650887));
#7355=CARTESIAN_POINT('Ctrl Pts',(7.64271537367075,6.67953011099568,42.6304066020262));
#7356=CARTESIAN_POINT('Ctrl Pts',(6.86440305487394,7.57133199000194,42.6768428704916));
#7357=CARTESIAN_POINT('Ctrl Pts',(5.9237228040554,8.32214411544484,42.723279138957));
#7358=CARTESIAN_POINT('Ctrl Pts',(4.88592084899605,8.89236563125053,42.7697154074224));
#7359=CARTESIAN_POINT('Origin',(0.,0.,49.5209142803763));
#7360=CARTESIAN_POINT('Ctrl Pts',(4.89169270504406,8.88919184228769,42.3302117502964));
#7361=CARTESIAN_POINT('Ctrl Pts',(6.13244292104951,8.20641113981233,42.2746747755579));
#7362=CARTESIAN_POINT('Ctrl Pts',(7.22796621796522,7.26044400824648,42.2191378008194));
#7363=CARTESIAN_POINT('Ctrl Pts',(8.08378666739072,6.13241467862046,42.1636008260809));
#7364=CARTESIAN_POINT('Ctrl Pts',(8.93960711681629,5.00438534899432,42.1080638513425));
#7365=CARTESIAN_POINT('Ctrl Pts',(9.55572471875161,3.69429382130796,42.052526876604));
#7366=CARTESIAN_POINT('Ctrl Pts',(9.87890272438547,2.31562561732295,41.9969899018655));
#7367=CARTESIAN_POINT('Ctrl Pts',(10.2020807300193,0.936957413337947,41.941452927127));
#7368=CARTESIAN_POINT('Ctrl Pts',(10.2323191393517,-0.510287466945708,41.8859159523885));
#7369=CARTESIAN_POINT('Ctrl Pts',(9.96697071359546,-1.9012326181876,41.83037897765));
#7370=CARTESIAN_POINT('Ctrl Pts',(9.70162228783922,-3.29217776942949,41.7748420029116));
#7371=CARTESIAN_POINT('Ctrl Pts',(9.14068702699434,-4.62682319162961,41.7193050281731));
#7372=CARTESIAN_POINT('Ctrl Pts',(8.33274476289241,-5.78967874937795,41.6637680534346));
#7373=CARTESIAN_POINT('Ctrl Pts',(7.52480249879048,-6.95253430712628,41.6082310786961));
#7374=CARTESIAN_POINT('Ctrl Pts',(6.4698532314315,-7.94360000042284,41.5526941039576));
#7375=CARTESIAN_POINT('Ctrl Pts',(5.25877931153411,-8.67754779704151,41.4971571292192));
#7376=CARTESIAN_POINT('Ctrl Pts',(4.22704389551241,-9.3028109810978,41.4498441924983));
#7377=CARTESIAN_POINT('Ctrl Pts',(3.08199883980758,-9.74146727280897,41.4025312557774));
#7378=CARTESIAN_POINT('Ctrl Pts',(1.89702413741995,-9.96768309446935,41.3552183190566));
#7379=CARTESIAN_POINT('Ctrl Pts',(4.30587570605954,7.82645571540678,41.629615092268));
#7380=CARTESIAN_POINT('Ctrl Pts',(5.39828958881889,7.22544312812849,41.5740781175295));
#7381=CARTESIAN_POINT('Ctrl Pts',(7.32744744407386,5.55997490358215,41.4630041680525));
#7382=CARTESIAN_POINT('Ctrl Pts',(8.95507350249462,2.09992459950263,41.2963932438371));
#7383=CARTESIAN_POINT('Ctrl Pts',(9.03531280563738,-1.72252596268243,41.1297823196217));
#7384=CARTESIAN_POINT('Ctrl Pts',(7.55411709413992,-5.24773187031778,40.9631713954062));
#7385=CARTESIAN_POINT('Ctrl Pts',(4.76804450916568,-7.86560370313316,40.7965604711908));
#7386=CARTESIAN_POINT('Ctrl Pts',(1.15712730730362,-9.12535829646583,40.6299495469753));
#7387=CARTESIAN_POINT('Ctrl Pts',(-2.65173144306588,-8.80622424403476,40.4633386227598));
#7388=CARTESIAN_POINT('Ctrl Pts',(-6.37937135846577,-6.76564997329406,40.2782153736316));
#7389=CARTESIAN_POINT('Ctrl Pts',(-8.98652183277569,-2.79140383342779,40.0745797995904));
#7390=CARTESIAN_POINT('Ctrl Pts',(-9.10206572752522,2.39132832692379,39.8524319006366));
#7391=CARTESIAN_POINT('Ctrl Pts',(-6.44836294751003,6.8547101088622,39.6302840016826));
#7392=CARTESIAN_POINT('Ctrl Pts',(-2.35900161396082,8.95692185494202,39.4328192026125));
#7393=CARTESIAN_POINT('Ctrl Pts',(2.73097425729465,9.02278041317133,39.2106713036585));
#7394=CARTESIAN_POINT('Ctrl Pts',(6.76426979336307,6.56225000335472,39.0132065045884));
#7395=CARTESIAN_POINT('Ctrl Pts',(9.30555717594103,1.50325615823088,38.7663755057506));
#7396=CARTESIAN_POINT('Ctrl Pts',(8.81465430570322,-3.79649903713941,38.5442276067968));
#7397=CARTESIAN_POINT('Ctrl Pts',(4.88804605769747,-8.0384800620753,38.297396607959));
#7398=CARTESIAN_POINT('Ctrl Pts',(-0.102682459732592,-9.40863713637846,
38.0752487090051));
#7399=CARTESIAN_POINT('Ctrl Pts',(-5.07693231142428,-7.92531443220235,37.8531008100511));
#7400=CARTESIAN_POINT('Ctrl Pts',(-8.50120787302296,-4.03167915488179,37.6309529110972));
#7401=CARTESIAN_POINT('Ctrl Pts',(-9.34892221913202,1.08246013516346,37.4088050121433));
#7402=CARTESIAN_POINT('Ctrl Pts',(-7.35199870199465,5.87447899616695,37.1866571131894));
#7403=CARTESIAN_POINT('Ctrl Pts',(-3.1304560061364,8.87117393009313,36.9645092142354));
#7404=CARTESIAN_POINT('Ctrl Pts',(2.63450528517454,9.22829522093163,36.7176782153977));
#7405=CARTESIAN_POINT('Ctrl Pts',(7.05742947828191,6.25412425340191,36.4955303164438));
#7406=CARTESIAN_POINT('Ctrl Pts',(9.11985151954512,1.60470146501935,36.2733824174899));
#7407=CARTESIAN_POINT('Ctrl Pts',(8.92550163026332,-2.99055707822842,36.0759176184197));
#7408=CARTESIAN_POINT('Ctrl Pts',(5.97842451507658,-7.26705326386245,35.8537697194658));
#7409=CARTESIAN_POINT('Ctrl Pts',(1.62130600472268,-9.15632616985027,35.6501341454247));
#7410=CARTESIAN_POINT('Ctrl Pts',(-2.61641591484218,-8.81715016486467,35.4650108962964));
#7411=CARTESIAN_POINT('Ctrl Pts',(-5.97487482967166,-6.99336448980956,35.2983999720809));
#7412=CARTESIAN_POINT('Ctrl Pts',(-8.30254720724161,-3.95890729973284,35.1317890478655));
#7413=CARTESIAN_POINT('Ctrl Pts',(-9.19473774106639,-0.241206377373378,
34.96517812365));
#7414=CARTESIAN_POINT('Ctrl Pts',(-8.49864066715734,3.51806488791963,34.7985671994346));
#7415=CARTESIAN_POINT('Ctrl Pts',(-6.33352902466469,6.67054797210595,34.6319562752192));
#7416=CARTESIAN_POINT('Ctrl Pts',(-3.07475625444191,8.667641581957,34.4653453510037));
#7417=CARTESIAN_POINT('Ctrl Pts',(1.1380556136397,9.22919007046404,34.2802221018755));
#7418=CARTESIAN_POINT('Ctrl Pts',(5.59105087593008,7.57006518780705,34.0765865278343));
#7419=CARTESIAN_POINT('Ctrl Pts',(8.75265796112503,3.45665655990176,33.8544386288804));
#7420=CARTESIAN_POINT('Ctrl Pts',(9.21079203354729,-1.27297236864244,33.6508030548393));
#7421=CARTESIAN_POINT('Ctrl Pts',(7.58602959283333,-5.19985467941856,33.465679805711));
#7422=CARTESIAN_POINT('Ctrl Pts',(4.81785715725885,-7.83563705037021,33.2990688814956));
#7423=CARTESIAN_POINT('Ctrl Pts',(1.21482703355687,-9.11739430049532,33.1324579572801));
#7424=CARTESIAN_POINT('Ctrl Pts',(-2.59698192689985,-8.82377064573568,32.9658470330647));
#7425=CARTESIAN_POINT('Ctrl Pts',(-5.96061584420291,-7.00535389111069,32.7992361088492));
#7426=CARTESIAN_POINT('Ctrl Pts',(-8.29395191402797,-3.97661427174203,32.6326251846338));
#7427=CARTESIAN_POINT('Ctrl Pts',(-9.19439713920687,-0.260399141421859,
32.4660142604183));
#7428=CARTESIAN_POINT('Ctrl Pts',(-8.73509316300649,2.24648755085954,32.3549403109414));
#7429=CARTESIAN_POINT('Ctrl Pts',(-8.26059243954399,3.39949808192415,32.2994033362029));
#7430=CARTESIAN_POINT('Ctrl Pts',(4.55910313852135,8.28578125778112,41.9324271542952));
#7431=CARTESIAN_POINT('Ctrl Pts',(5.71562952760407,7.6494233002065,41.8768901795567));
#7432=CARTESIAN_POINT('Ctrl Pts',(7.75797653234196,5.88606536193515,41.7658162300798));
#7433=CARTESIAN_POINT('Ctrl Pts',(9.4809951185954,2.22276844625395,41.5992053058643));
#7434=CARTESIAN_POINT('Ctrl Pts',(9.56575063485772,-1.82412876565488,41.4325943816489));
#7435=CARTESIAN_POINT('Ctrl Pts',(7.9974036593424,-5.55624828781079,41.2659834574334));
#7436=CARTESIAN_POINT('Ctrl Pts',(5.04760778015176,-8.32769124141142,41.099372533218));
#7437=CARTESIAN_POINT('Ctrl Pts',(1.22460429494739,-9.66123036654665,40.9327616090025));
#7438=CARTESIAN_POINT('Ctrl Pts',(-2.80788263392544,-9.32316324954907,40.766150684787));
#7439=CARTESIAN_POINT('Ctrl Pts',(-6.75429391073116,-7.16258239306403,40.5810274356589));
#7440=CARTESIAN_POINT('Ctrl Pts',(-9.51432530129063,-2.95484759967065,40.3773918616176));
#7441=CARTESIAN_POINT('Ctrl Pts',(-9.63638893604572,2.53220454918142,40.1552439626638));
#7442=CARTESIAN_POINT('Ctrl Pts',(-6.82664096248485,7.2575268899673,39.9330960637098));
#7443=CARTESIAN_POINT('Ctrl Pts',(-2.49705757287821,9.48296521478417,39.7356312646397));
#7444=CARTESIAN_POINT('Ctrl Pts',(2.89178941103345,9.55243089826705,39.5134833656857));
#7445=CARTESIAN_POINT('Ctrl Pts',(7.16178199886917,6.94721974063171,39.3160185666156));
#7446=CARTESIAN_POINT('Ctrl Pts',(9.85202764691928,1.5910475638752,39.0691875677779));
#7447=CARTESIAN_POINT('Ctrl Pts',(9.33202984321282,-4.01986788804797,38.8470396688239));
#7448=CARTESIAN_POINT('Ctrl Pts',(5.1746466242281,-8.51072450188123,38.6002086699863));
#7449=CARTESIAN_POINT('Ctrl Pts',(-0.109192091437512,-9.96107813883105,
38.3780607710323));
#7450=CARTESIAN_POINT('Ctrl Pts',(-5.37543886096215,-8.39040528357073,38.1559128720784));
#7451=CARTESIAN_POINT('Ctrl Pts',(-9.00057853067399,-4.26797286295885,37.9337649731244));
#7452=CARTESIAN_POINT('Ctrl Pts',(-9.89780691774244,1.1464962573005,37.7116170741706));
#7453=CARTESIAN_POINT('Ctrl Pts',(-7.78338548547824,6.21978574714721,37.4894691752166));
#7454=CARTESIAN_POINT('Ctrl Pts',(-3.31381376999879,9.39222184964827,37.2673212762627));
#7455=CARTESIAN_POINT('Ctrl Pts',(2.78966656249397,9.77001780771768,37.020490277425));
#7456=CARTESIAN_POINT('Ctrl Pts',(7.47213939185552,6.6209868300519,36.798342378471));
#7457=CARTESIAN_POINT('Ctrl Pts',(9.65542311225633,1.6984589105324,36.5761944795171));
#7458=CARTESIAN_POINT('Ctrl Pts',(9.44942692685334,-3.16660915232947,36.3787296804469));
#7459=CARTESIAN_POINT('Ctrl Pts',(6.32908814202645,-7.69405756940535,36.156581781493));
#7460=CARTESIAN_POINT('Ctrl Pts',(1.71603656148711,-9.6940402835373,35.9529462074519));
#7461=CARTESIAN_POINT('Ctrl Pts',(-2.7704940469302,-9.33473250902156,35.7678229583236));
#7462=CARTESIAN_POINT('Ctrl Pts',(-6.3260582123985,-7.40368825628356,35.6012120341082));
#7463=CARTESIAN_POINT('Ctrl Pts',(-8.79024940776588,-4.19093820933039,35.4346011098927));
#7464=CARTESIAN_POINT('Ctrl Pts',(-9.73463678829653,-0.254899762014202,
35.2679901856773));
#7465=CARTESIAN_POINT('Ctrl Pts',(-8.99747507430428,3.72506881015868,35.1013792614618));
#7466=CARTESIAN_POINT('Ctrl Pts',(-6.70507375676128,7.06254544942519,34.9347683372464));
#7467=CARTESIAN_POINT('Ctrl Pts',(-3.25485389090776,9.17673585589062,34.7681574130309));
#7468=CARTESIAN_POINT('Ctrl Pts',(1.20535001244583,9.77104162030634,34.5830341639027));
#7469=CARTESIAN_POINT('Ctrl Pts',(5.91972674199673,8.0142706438792,34.3793985898615));
#7470=CARTESIAN_POINT('Ctrl Pts',(9.26676364232879,3.65917386774483,34.1572506909077));
#7471=CARTESIAN_POINT('Ctrl Pts',(9.75155641547775,-1.34818772312846,33.9536151168665));
#7472=CARTESIAN_POINT('Ctrl Pts',(8.03119240665405,-5.5055615266253,33.7684918677383));
#7473=CARTESIAN_POINT('Ctrl Pts',(5.10034680398141,-8.29596758204579,33.6018809435228));
#7474=CARTESIAN_POINT('Ctrl Pts',(1.28569237818047,-9.65280169511604,33.4352700193074));
#7475=CARTESIAN_POINT('Ctrl Pts',(-2.7499192898032,-9.34174271912069,33.2686590950919));
#7476=CARTESIAN_POINT('Ctrl Pts',(-6.31096259922849,-7.41638236479498,33.1020481708765));
#7477=CARTESIAN_POINT('Ctrl Pts',(-8.7811503227048,-4.20968532099495,32.935437246661));
#7478=CARTESIAN_POINT('Ctrl Pts',(-9.73427718036826,-0.275219480391308,
32.7688263224456));
#7479=CARTESIAN_POINT('Ctrl Pts',(-9.24787623799324,2.37884043196874,32.6577523729686));
#7480=CARTESIAN_POINT('Ctrl Pts',(-8.74545543878989,3.59952797566744,32.6022153982301));
#7481=CARTESIAN_POINT('Ctrl Pts',(4.81229543945773,8.74512485317016,42.2352411812769));
#7482=CARTESIAN_POINT('Ctrl Pts',(6.03293684150161,8.0734264021133,42.1797042065385));
#7483=CARTESIAN_POINT('Ctrl Pts',(8.18848014183727,6.21218751863697,42.0686302570615));
#7484=CARTESIAN_POINT('Ctrl Pts',(10.0069063306565,2.34565159887073,41.9020193328461));
#7485=CARTESIAN_POINT('Ctrl Pts',(10.096194948374,-1.92569142158964,41.7354084086306));
#7486=CARTESIAN_POINT('Ctrl Pts',(8.44071246990785,-5.86473066702295,41.5687974844151));
#7487=CARTESIAN_POINT('Ctrl Pts',(5.32720521489836,-8.78975672487531,41.4021865601997));
#7488=CARTESIAN_POINT('Ctrl Pts',(1.29212146501646,-10.1970961814381,41.2355756359843));
#7489=CARTESIAN_POINT('Ctrl Pts',(-2.9639945773707,-9.8401128738052,41.0689647117687));
#7490=CARTESIAN_POINT('Ctrl Pts',(-7.1291857620805,-7.5595421522786,40.8838414626406));
#7491=CARTESIAN_POINT('Ctrl Pts',(-10.0421153127477,-3.11833073471478,40.6802058885994));
#7492=CARTESIAN_POINT('Ctrl Pts',(-10.1707215714516,2.67304025464102,40.4580579896455));
#7493=CARTESIAN_POINT('Ctrl Pts',(-7.2049484726969,7.66031431224515,40.2359100906915));
#7494=CARTESIAN_POINT('Ctrl Pts',(-2.63515281255262,10.0089970423956,40.0384452916214));
#7495=CARTESIAN_POINT('Ctrl Pts',(3.05256433879139,10.082092310047,39.8162973926675));
#7496=CARTESIAN_POINT('Ctrl Pts',(7.55926436900258,7.33221855211854,39.6188325935973));
#7497=CARTESIAN_POINT('Ctrl Pts',(10.3984903080086,1.67887990769907,39.3720015947596));
#7498=CARTESIAN_POINT('Ctrl Pts',(9.84942105716965,-4.2431973155328,39.1498536958056));
#7499=CARTESIAN_POINT('Ctrl Pts',(5.46128210215928,-8.98294632869201,38.903022696968));
#7500=CARTESIAN_POINT('Ctrl Pts',(-0.115660133527679,-10.5135184183065,
38.680874798014));
#7501=CARTESIAN_POINT('Ctrl Pts',(-5.6739097503853,-8.85551758114603,38.4587268990601));
#7502=CARTESIAN_POINT('Ctrl Pts',(-9.49993031057165,-4.50430363271909,38.2365790001062));
#7503=CARTESIAN_POINT('Ctrl Pts',(-10.4466952272199,1.21049092344911,38.0144311011523));
#7504=CARTESIAN_POINT('Ctrl Pts',(-8.21479731766797,6.56505928585092,37.7922832021983));
#7505=CARTESIAN_POINT('Ctrl Pts',(-3.49721034330188,9.91325481461343,37.5701353032444));
#7506=CARTESIAN_POINT('Ctrl Pts',(2.94478672798658,10.3117508938022,37.3233043044067));
#7507=CARTESIAN_POINT('Ctrl Pts',(7.88682078769997,6.98787980853713,37.1011564054527));
#7508=CARTESIAN_POINT('Ctrl Pts',(10.1909864623773,1.79225646015983,36.8790085064988));
#7509=CARTESIAN_POINT('Ctrl Pts',(9.97336433447887,-3.34262141738226,36.6815437074286));
#7510=CARTESIAN_POINT('Ctrl Pts',(6.67978313686285,-8.12103454278304,36.4593958084747));
#7511=CARTESIAN_POINT('Ctrl Pts',(1.81080737448994,-10.231746083679,36.2557602344336));
#7512=CARTESIAN_POINT('Ctrl Pts',(-2.92453288487262,-9.8523253157848,36.0706369853053));
#7513=CARTESIAN_POINT('Ctrl Pts',(-6.67720994388491,-7.81403755119495,35.9040260610899));
#7514=CARTESIAN_POINT('Ctrl Pts',(-9.27793307434319,-4.42300531529631,35.7374151368745));
#7515=CARTESIAN_POINT('Ctrl Pts',(-10.2745336200648,-0.268633749414851,
35.570804212659));
#7516=CARTESIAN_POINT('Ctrl Pts',(-9.49632396564942,3.93203473451145,35.4041932884436));
#7517=CARTESIAN_POINT('Ctrl Pts',(-7.0766471755306,7.45451410463578,35.2375823642281));
#7518=CARTESIAN_POINT('Ctrl Pts',(-3.43498944684537,9.68581545545566,35.0709714400126));
#7519=CARTESIAN_POINT('Ctrl Pts',(1.27260348301791,10.3128970486666,34.8858481908844));
#7520=CARTESIAN_POINT('Ctrl Pts',(6.24836845889669,8.45849986185479,34.6822126168433));
#7521=CARTESIAN_POINT('Ctrl Pts',(9.78085294431701,3.86172942209392,34.4600647178894));
#7522=CARTESIAN_POINT('Ctrl Pts',(10.2923252772194,-1.42336221594726,34.2564291438483));
#7523=CARTESIAN_POINT('Ctrl Pts',(8.47637725021218,-5.81123419870707,34.07130589472));
#7524=CARTESIAN_POINT('Ctrl Pts',(5.38287047580985,-8.7562758430583,33.9046949705045));
#7525=CARTESIAN_POINT('Ctrl Pts',(1.3565978630593,-10.1882025810431,33.7380840462891));
#7526=CARTESIAN_POINT('Ctrl Pts',(-2.90281733535078,-9.85972516550884,33.5714731220736));
#7527=CARTESIAN_POINT('Ctrl Pts',(-6.66127764747692,-7.82743630428431,33.4048621978582));
#7528=CARTESIAN_POINT('Ctrl Pts',(-9.26833012791392,-4.44279252441197,33.2382512736427));
#7529=CARTESIAN_POINT('Ctrl Pts',(-10.2741549067463,-0.290080421742407,
33.0716403494273));
#7530=CARTESIAN_POINT('Ctrl Pts',(-9.76066817798814,2.51115443306738,32.9605663999503));
#7531=CARTESIAN_POINT('Ctrl Pts',(-9.23033243055833,3.79952093237335,32.9050294252118));
#7532=CARTESIAN_POINT('Ctrl Pts',(5.06546641986225,9.20447952958104,42.5380562110164));
#7533=CARTESIAN_POINT('Ctrl Pts',(6.35022437254504,8.49744354280408,42.482519236278));
#7534=CARTESIAN_POINT('Ctrl Pts',(8.61896834212073,6.53832903042484,42.371445286801));
#7535=CARTESIAN_POINT('Ctrl Pts',(10.5328113242191,2.46855869061296,42.2048343625855));
#7536=CARTESIAN_POINT('Ctrl Pts',(10.626643319564,-2.02722967366776,42.0382234383702));
#7537=CARTESIAN_POINT('Ctrl Pts',(8.88403490840045,-6.17319240306539,41.8716125141546));
#7538=CARTESIAN_POINT('Ctrl Pts',(5.60682349400387,-9.25180888832445,41.7050015899393));
#7539=CARTESIAN_POINT('Ctrl Pts',(1.35966309617591,-10.7329583043515,41.5383906657237));
#7540=CARTESIAN_POINT('Ctrl Pts',(-3.12008267609269,-10.3570690681978,41.3717797415083));
#7541=CARTESIAN_POINT('Ctrl Pts',(-7.50405901438471,-7.95651862843205,41.18665649238));
#7542=CARTESIAN_POINT('Ctrl Pts',(-10.5698972491564,-3.2818378564925,40.9830209183389));
#7543=CARTESIAN_POINT('Ctrl Pts',(-10.7050600552669,2.81385134021787,40.760873019385));
#7544=CARTESIAN_POINT('Ctrl Pts',(-7.58327400853698,8.06308395790856,40.538725120431));
#7545=CARTESIAN_POINT('Ctrl Pts',(-2.77327197920142,10.5350219663213,40.3412603213609));
#7546=CARTESIAN_POINT('Ctrl Pts',(3.21331482661743,10.6117604809883,40.119112422407));
#7547=CARTESIAN_POINT('Ctrl Pts',(7.95672867252033,7.71723513397224,39.9216476233368));
#7548=CARTESIAN_POINT('Ctrl Pts',(10.9449483333278,1.76673717691247,39.6748166244991));
#7549=CARTESIAN_POINT('Ctrl Pts',(10.3668219184095,-4.46650280577432,39.4526687255452));
#7550=CARTESIAN_POINT('Ctrl Pts',(5.74793888072521,-9.45515449761259,39.2058377267075));
#7551=CARTESIAN_POINT('Ctrl Pts',(-0.122102874250687,-11.0659583750985,
38.9836898277535));
#7552=CARTESIAN_POINT('Ctrl Pts',(-5.97235900761245,-9.32064302522145,38.7615419287996));
#7553=CARTESIAN_POINT('Ctrl Pts',(-9.99927071142739,-4.74065700052339,38.5393940298457));
#7554=CARTESIAN_POINT('Ctrl Pts',(-10.9955858497245,1.27446038118645,38.3172461308918));
#7555=CARTESIAN_POINT('Ctrl Pts',(-8.64622448134882,6.91031269251986,38.0950982319378));
#7556=CARTESIAN_POINT('Ctrl Pts',(-3.68063056678475,10.4342787910469,37.8729503329839));
#7557=CARTESIAN_POINT('Ctrl Pts',(3.09988191417785,10.8534904832706,37.6261193341462));
#7558=CARTESIAN_POINT('Ctrl Pts',(8.30148492169773,7.3547913608398,37.4039714351922));
#7559=CARTESIAN_POINT('Ctrl Pts',(10.7265449106341,1.88607842897152,37.1818235362384));
#7560=CARTESIAN_POINT('Ctrl Pts',(10.4973092222901,-3.51860950080606,36.9843587371681));
#7561=CARTESIAN_POINT('Ctrl Pts',(7.03049729019688,-8.54799497776819,36.7622108382142));
#7562=CARTESIAN_POINT('Ctrl Pts',(1.90560269893383,-10.7694469397092,36.5585752641731));
#7563=CARTESIAN_POINT('Ctrl Pts',(-3.07854784902581,-10.3699245979259,36.3734520150448));
#7564=CARTESIAN_POINT('Ctrl Pts',(-7.02834249350542,-8.22440246441419,36.2068410908294));
#7565=CARTESIAN_POINT('Ctrl Pts',(-9.76560556839961,-4.65509449219881,36.040230166614));
#7566=CARTESIAN_POINT('Ctrl Pts',(-10.814429218507,-0.282392442168263,35.8736192423985));
#7567=CARTESIAN_POINT('Ctrl Pts',(-9.99518177491054,4.13897758503259,35.7070083181831));
#7568=CARTESIAN_POINT('Ctrl Pts',(-7.44823812593014,7.84646530788153,35.5403973939676));
#7569=CARTESIAN_POINT('Ctrl Pts',(-3.61514811097249,10.1948862350414,35.3737864697522));
#7570=CARTESIAN_POINT('Ctrl Pts',(1.33983206735651,10.8547549518698,35.1886632206239));
#7571=CARTESIAN_POINT('Ctrl Pts',(6.57698946961912,8.90274363069333,34.9850276465828));
#7572=CARTESIAN_POINT('Ctrl Pts',(10.2949323897163,4.06430828830682,34.7628797476289));
#7573=CARTESIAN_POINT('Ctrl Pts',(10.8330969795829,-1.49851186486621,34.5592441735878));
#7574=CARTESIAN_POINT('Ctrl Pts',(8.92157559091066,-6.11688614364293,34.3741209244595));
#7575=CARTESIAN_POINT('Ctrl Pts',(5.6654149082602,-9.21657065239943,34.207510000244));
#7576=CARTESIAN_POINT('Ctrl Pts',(1.42752778410668,-10.7235996206974,34.0408990760286));
#7577=CARTESIAN_POINT('Ctrl Pts',(-3.0556914929896,-10.3777140326344,33.8742881518131));
#7578=CARTESIAN_POINT('Ctrl Pts',(-7.01157347959809,-8.23850582426659,33.7076772275977));
#7579=CARTESIAN_POINT('Ctrl Pts',(-9.7554987187245,-4.67592177315183,33.5410663033822));
#7580=CARTESIAN_POINT('Ctrl Pts',(-10.8140313383686,-0.304966068734976,
33.3744553791668));
#7581=CARTESIAN_POINT('Ctrl Pts',(-10.2734656222254,2.64344480815468,33.2633814296898));
#7582=CARTESIAN_POINT('Ctrl Pts',(-9.71521803833592,3.99949145877585,33.2078444549513));
#7583=CARTESIAN_POINT('',(-1.77827770763588,-8.75395356714824,33.));
#7584=CARTESIAN_POINT('Ctrl Pts',(-1.77827770763593,-8.75395356714824,33.));
#7585=CARTESIAN_POINT('Ctrl Pts',(0.467742245147763,-9.21020995259783,33.1020867814258));
#7586=CARTESIAN_POINT('Ctrl Pts',(5.33243976768109,-8.3085601109661,33.3070162546457));
#7587=CARTESIAN_POINT('Ctrl Pts',(9.61886859841013,-2.21957489624432,33.6142739063257));
#7588=CARTESIAN_POINT('Ctrl Pts',(8.63381323464823,3.88345310317236,33.8702263849476));
#7589=CARTESIAN_POINT('Ctrl Pts',(5.85909598645661,6.91156349004899,34.0495499031064));
#7590=CARTESIAN_POINT('Ctrl Pts',(3.88489885499658,8.10523580077593,34.151915531166));
#7591=CARTESIAN_POINT('Ctrl Pts',(1.35324687763353,9.03307931855169,34.2714600988568));
#7592=CARTESIAN_POINT('Ctrl Pts',(-2.41336538354136,9.02212703079292,34.4336395593144));
#7593=CARTESIAN_POINT('Ctrl Pts',(-6.5339705247614,6.66353716148089,34.6384340091694));
#7594=CARTESIAN_POINT('Ctrl Pts',(-9.39130371353634,1.90241326030201,34.8774566623512));
#7595=CARTESIAN_POINT('Ctrl Pts',(-8.70114540607702,-4.66182737684188,35.1505788739272));
#7596=CARTESIAN_POINT('Ctrl Pts',(-2.97795106627568,-9.4119987906019,35.4578252229206));
#7597=CARTESIAN_POINT('Ctrl Pts',(4.43881849831285,-8.81788625877061,35.7651410814381));
#7598=CARTESIAN_POINT('Ctrl Pts',(8.7737455179282,-3.84547682983945,36.038156180484));
#7599=CARTESIAN_POINT('Ctrl Pts',(9.17988257289199,1.69187482100177,36.2771968551598));
#7600=CARTESIAN_POINT('Ctrl Pts',(7.16142009833231,5.99331627318515,36.4819696872553));
#7601=CARTESIAN_POINT('Ctrl Pts',(3.71217218404188,8.4300282420921,36.6641240449107));
#7602=CARTESIAN_POINT('Ctrl Pts',(-0.875871460893618,9.31167817157853,36.8688690217373));
#7603=CARTESIAN_POINT('Ctrl Pts',(-5.48839147337775,7.74778739157655,37.0738337939111));
#7604=CARTESIAN_POINT('Ctrl Pts',(-8.65010828436815,3.50615122048254,37.3013665581983));
#7605=CARTESIAN_POINT('Ctrl Pts',(-9.26054792138241,-1.20131128892283,37.5061844578961));
#7606=CARTESIAN_POINT('Ctrl Pts',(-7.46477248284287,-5.60886069603712,37.7110690623883));
#7607=CARTESIAN_POINT('Ctrl Pts',(-3.73779322277463,-8.55538096028105,37.9158844103601));
#7608=CARTESIAN_POINT('Ctrl Pts',(0.960621823802236,-9.28829735566774,38.1207344828566));
#7609=CARTESIAN_POINT('Ctrl Pts',(5.4085046330728,-7.61009219662061,38.3255869354676));
#7610=CARTESIAN_POINT('Ctrl Pts',(8.45573428421647,-3.96193778242321,38.5303973726658));
#7611=CARTESIAN_POINT('Ctrl Pts',(9.30874919394354,0.715681909514548,38.7352621390247));
#7612=CARTESIAN_POINT('Ctrl Pts',(7.7518512902799,5.20654104494096,38.9401134527225));
#7613=CARTESIAN_POINT('Ctrl Pts',(4.47790854752534,8.08645392571856,39.1278473585134));
#7614=CARTESIAN_POINT('Ctrl Pts',(0.719232926130624,9.12516424558453,39.2985806619679));
#7615=CARTESIAN_POINT('Ctrl Pts',(-3.94668265163433,8.60770086533855,39.503361287138));
#7616=CARTESIAN_POINT('Ctrl Pts',(-8.06120448590308,5.1813816820117,39.725367903392));
#7617=CARTESIAN_POINT('Ctrl Pts',(-9.33149077515812,-0.228197629160289,
39.9643161564073));
#7618=CARTESIAN_POINT('Ctrl Pts',(-8.0151483339839,-4.79080123614205,40.1691871591964));
#7619=CARTESIAN_POINT('Ctrl Pts',(-5.32353722247008,-7.42150555824149,40.3312696456282));
#7620=CARTESIAN_POINT('Ctrl Pts',(-2.86198440517768,-8.52082063477222,40.4507957313996));
#7621=CARTESIAN_POINT('Ctrl Pts',(-0.613177043964128,-9.04008081954249,
40.5531840117318));
#7622=CARTESIAN_POINT('Ctrl Pts',(3.48378557926524,-8.80327561550527,40.7324320719591));
#7623=CARTESIAN_POINT('Ctrl Pts',(8.45135023829057,-5.11186663334139,40.98845683429));
#7624=CARTESIAN_POINT('Ctrl Pts',(9.60700772153449,2.21696264600649,41.2946566695193));
#7625=CARTESIAN_POINT('Ctrl Pts',(6.79377227676886,6.22940750819235,41.4978988324943));
#7626=CARTESIAN_POINT('Ctrl Pts',(4.88906560232379,7.47601091557528,41.5993015831843));
#7627=CARTESIAN_POINT('Ctrl Pts',(-1.77837920369568,-8.75400012672858,33.));
#7628=CARTESIAN_POINT('Ctrl Pts',(-2.00577014157891,-8.7259307073703,33.0000000000292));
#7629=CARTESIAN_POINT('Ctrl Pts',(-2.2317399587644,-8.68913031971845,32.9999999999929));
#7630=CARTESIAN_POINT('Ctrl Pts',(-2.45577858879982,-8.64368301007362,32.9999999998832));
#7631=CARTESIAN_POINT('Ctrl Pts',(-2.48356205895773,-8.63804700002002,32.9999999998696));
#7632=CARTESIAN_POINT('Ctrl Pts',(-2.51131584469299,-8.63227794532392,32.9999999998549));
#7633=CARTESIAN_POINT('Ctrl Pts',(-2.53903898457902,-8.62637595188464,32.9999999998391));
#7634=CARTESIAN_POINT('Ctrl Pts',(-2.76129793040158,-8.57905913115442,32.9999999997123));
#7635=CARTESIAN_POINT('Ctrl Pts',(-2.98158703498139,-8.52320223224209,32.9999999995132));
#7636=CARTESIAN_POINT('Ctrl Pts',(-3.19948640139389,-8.45909034229799,32.9999999992509));
#7637=CARTESIAN_POINT('Ctrl Pts',(-3.4189178208054,-8.3945276809043,32.9999999989867));
#7638=CARTESIAN_POINT('Ctrl Pts',(-3.63592640038889,-8.32159339241374,32.9999999986584));
#7639=CARTESIAN_POINT('Ctrl Pts',(-3.85007933120524,-8.24052567412324,32.9999999982898));
#7640=CARTESIAN_POINT('Ctrl Pts',(-4.06439251672007,-8.1593972913221,32.9999999979208));
#7641=CARTESIAN_POINT('Ctrl Pts',(-4.27584641737824,-8.07012310085626,32.9999999975115));
#7642=CARTESIAN_POINT('Ctrl Pts',(-4.48399379153262,-7.97289168676388,32.9999999970993));
#7643=CARTESIAN_POINT('Ctrl Pts',(-4.58244800665163,-7.92690099099715,32.9999999969043));
#7644=CARTESIAN_POINT('Ctrl Pts',(-4.68016219391551,-7.87912930845344,32.9999999967089));
#7645=CARTESIAN_POINT('Ctrl Pts',(-4.77708733916616,-7.8295928887647,32.999999996518));
#7646=CARTESIAN_POINT('Ctrl Pts',(-4.9935266020324,-7.71897529686181,32.9999999960918));
#7647=CARTESIAN_POINT('Ctrl Pts',(-5.20518441359334,-7.59999463434013,32.9999999956853));
#7648=CARTESIAN_POINT('Ctrl Pts',(-5.41157872768069,-7.47300475810665,32.9999999952758));
#7649=CARTESIAN_POINT('Ctrl Pts',(-5.61797304176803,-7.34601488187316,32.9999999948664));
#7650=CARTESIAN_POINT('Ctrl Pts',(-5.81910461556129,-7.21101550537765,32.999999994454));
#7651=CARTESIAN_POINT('Ctrl Pts',(-6.01448253702046,-7.06830074344887,32.9999999940322));
#7652=CARTESIAN_POINT('Ctrl Pts',(-6.20238373675563,-6.93104738961001,32.9999999936265));
#7653=CARTESIAN_POINT('Ctrl Pts',(-6.38496390490199,-6.78665744610472,32.9999999932122));
#7654=CARTESIAN_POINT('Ctrl Pts',(-6.56194660401068,-6.63555045655047,32.9999999927968));
#7655=CARTESIAN_POINT('Ctrl Pts',(-6.74675648309435,-6.47776065783648,32.999999992363));
#7656=CARTESIAN_POINT('Ctrl Pts',(-6.92546360766488,-6.31264640433843,32.9999999919279));
#7657=CARTESIAN_POINT('Ctrl Pts',(-7.09772177988076,-6.1406341835535,32.9999999915144));
#7658=CARTESIAN_POINT('Ctrl Pts',(-7.26997995209665,-5.96862196276857,32.9999999911009));
#7659=CARTESIAN_POINT('Ctrl Pts',(-7.43578977146309,-5.78971123726888,32.9999999907091));
#7660=CARTESIAN_POINT('Ctrl Pts',(-7.59476418957227,-5.60428409521152,32.9999999903756));
#7661=CARTESIAN_POINT('Ctrl Pts',(-7.74952702369217,-5.4237693283146,32.9999999900509));
#7662=CARTESIAN_POINT('Ctrl Pts',(-7.89723478013549,-5.23775066766919,32.9999999897794));
#7663=CARTESIAN_POINT('Ctrl Pts',(-8.03762962624086,-5.04669113918,32.999999989538));
#7664=CARTESIAN_POINT('Ctrl Pts',(-8.17959249355364,-4.85349773326681,32.999999989294));
#7665=CARTESIAN_POINT('Ctrl Pts',(-8.31407870955306,-4.65514984348064,32.9999999890807));
#7666=CARTESIAN_POINT('Ctrl Pts',(-8.44079451807108,-4.45208050481559,32.9999999888871));
#7667=CARTESIAN_POINT('Ctrl Pts',(-8.50563994694775,-4.34816199211033,32.999999988788));
#7668=CARTESIAN_POINT('Ctrl Pts',(-8.56845000132275,-4.24300634559499,32.9999999886943));
#7669=CARTESIAN_POINT('Ctrl Pts',(-8.62918192167776,-4.13666756273557,32.9999999886056));
#7670=CARTESIAN_POINT('Ctrl Pts',(-8.74726562006791,-3.929908469841,32.9999999884331));
#7671=CARTESIAN_POINT('Ctrl Pts',(-8.85749567374721,-3.7186784613043,32.9999999882791));
#7672=CARTESIAN_POINT('Ctrl Pts',(-8.95977477564724,-3.50346972243104,32.9999999881498));
#7673=CARTESIAN_POINT('Ctrl Pts',(-9.06254587216834,-3.28722576189503,32.99999998802));
#7674=CARTESIAN_POINT('Ctrl Pts',(-9.15728963472672,-3.06696412692782,32.9999999879153));
#7675=CARTESIAN_POINT('Ctrl Pts',(-9.24386262236816,-2.843156713267,32.9999999878531));
#7676=CARTESIAN_POINT('Ctrl Pts',(-9.30223486882582,-2.69225350586739,32.9999999878111));
#7677=CARTESIAN_POINT('Ctrl Pts',(-9.35689159425423,-2.53973775673219,32.9999999877887));
#7678=CARTESIAN_POINT('Ctrl Pts',(-9.40777640110551,-2.38574915672175,32.9999999877938));
#7679=CARTESIAN_POINT('Ctrl Pts',(-9.48393806893413,-2.15526722450834,32.9999999878015));
#7680=CARTESIAN_POINT('Ctrl Pts',(-9.55137005289937,-1.92233842409348,32.9999999878674));
#7681=CARTESIAN_POINT('Ctrl Pts',(-9.61002731977099,-1.68749884598603,32.9999999879671));
#7682=CARTESIAN_POINT('Ctrl Pts',(-9.66937830694448,-1.44988189703086,32.9999999880681));
#7683=CARTESIAN_POINT('Ctrl Pts',(-9.71974611757392,-1.21030814951097,32.9999999882037));
#7684=CARTESIAN_POINT('Ctrl Pts',(-9.76104107436442,-0.96930104672618,32.9999999883598));
#7685=CARTESIAN_POINT('Ctrl Pts',(-9.80029936121575,-0.740180429834938,
32.9999999885082));
#7686=CARTESIAN_POINT('Ctrl Pts',(-9.83135754022852,-0.509763663545343,
32.9999999886753));
#7687=CARTESIAN_POINT('Ctrl Pts',(-9.8540992856689,-0.278481390619822,32.9999999888577));
#7688=CARTESIAN_POINT('Ctrl Pts',(-9.8779213715935,-0.0362121156904883,
32.9999999890487));
#7689=CARTESIAN_POINT('Ctrl Pts',(-9.89261874576316,0.20700733260011,32.9999999892564));
#7690=CARTESIAN_POINT('Ctrl Pts',(-9.89828877930506,0.450691601922104,32.9999999894866));
#7691=CARTESIAN_POINT('Ctrl Pts',(-9.90397714293428,0.695163653873826,32.9999999897175));
#7692=CARTESIAN_POINT('Ctrl Pts',(-9.90057972636362,0.940104178210949,32.9999999899709));
#7693=CARTESIAN_POINT('Ctrl Pts',(-9.8881428128467,1.18502712173263,32.9999999902619));
#7694=CARTESIAN_POINT('Ctrl Pts',(-9.88479694907129,1.25091797185234,32.9999999903402));
#7695=CARTESIAN_POINT('Ctrl Pts',(-9.88079655624769,1.31680754162023,32.9999999904212));
#7696=CARTESIAN_POINT('Ctrl Pts',(-9.8761418921004,1.38268632272408,32.9999999905054));
#7697=CARTESIAN_POINT('Ctrl Pts',(-9.85863469200312,1.6304706883522,32.9999999908222));
#7698=CARTESIAN_POINT('Ctrl Pts',(-9.83193117662283,1.87731530161624,32.9999999911686));
#7699=CARTESIAN_POINT('Ctrl Pts',(-9.79618931353216,2.12270750689866,32.999999991527));
#7700=CARTESIAN_POINT('Ctrl Pts',(-9.7602415592789,2.36951329507993,32.9999999918875));
#7701=CARTESIAN_POINT('Ctrl Pts',(-9.715151042884,2.61485054020959,32.9999999922601));
#7702=CARTESIAN_POINT('Ctrl Pts',(-9.66102626837547,2.85820595191218,32.9999999926363));
#7703=CARTESIAN_POINT('Ctrl Pts',(-9.60696670186966,3.10126817587417,32.999999993012));
#7704=CARTESIAN_POINT('Ctrl Pts',(-9.54389459619711,3.34235400230163,32.9999999933914));
#7705=CARTESIAN_POINT('Ctrl Pts',(-9.47186637135781,3.58095037793511,32.9999999937748));
#7706=CARTESIAN_POINT('Ctrl Pts',(-9.44344126301521,3.67510968621547,32.9999999939262));
#7707=CARTESIAN_POINT('Ctrl Pts',(-9.4136207689727,3.76888121669869,32.9999999940782));
#7708=CARTESIAN_POINT('Ctrl Pts',(-9.38240615488288,3.86223301658396,32.9999999942313));
#7709=CARTESIAN_POINT('Ctrl Pts',(-1.73053539840806,-8.58685550622908,32.7003801418857));
#7710=CARTESIAN_POINT('Ctrl Pts',(0.472611859653526,-9.03086254876234,32.8024669233115));
#7711=CARTESIAN_POINT('Ctrl Pts',(5.24158983361431,-8.13933704529114,33.0073963965313));
#7712=CARTESIAN_POINT('Ctrl Pts',(9.43566282943431,-2.1619640211664,33.3146540482114));
#7713=CARTESIAN_POINT('Ctrl Pts',(8.46047501206352,3.8211997687367,33.5706065268333));
#7714=CARTESIAN_POINT('Ctrl Pts',(5.7349918500243,6.78637734466194,33.749930044992));
#7715=CARTESIAN_POINT('Ctrl Pts',(3.7972789381849,7.95390901136613,33.8522956730517));
#7716=CARTESIAN_POINT('Ctrl Pts',(1.31332585682894,8.85992400568636,33.9718402407425));
#7717=CARTESIAN_POINT('Ctrl Pts',(-2.38021337788257,8.84348248076068,34.1340197012001));
#7718=CARTESIAN_POINT('Ctrl Pts',(-6.417325809431,6.52440182411625,34.338814151055));
#7719=CARTESIAN_POINT('Ctrl Pts',(-9.21203164717931,1.8512984616946,34.5778368042369));
#7720=CARTESIAN_POINT('Ctrl Pts',(-8.52532296734268,-4.58457877613675,34.8509590158128));
#7721=CARTESIAN_POINT('Ctrl Pts',(-2.9059440275657,-9.23395340957643,35.1582053648063));
#7722=CARTESIAN_POINT('Ctrl Pts',(4.36607204769894,-8.6401371152291,35.4655212233238));
#7723=CARTESIAN_POINT('Ctrl Pts',(8.60939277498314,-3.75760958582095,35.7385363223696));
#7724=CARTESIAN_POINT('Ctrl Pts',(8.99927037630824,1.67295550059661,35.9775769970455));
#7725=CARTESIAN_POINT('Ctrl Pts',(7.01344633358061,5.88791164258318,36.182349829141));
#7726=CARTESIAN_POINT('Ctrl Pts',(3.62741078792984,8.27214038136703,36.3645041867964));
#7727=CARTESIAN_POINT('Ctrl Pts',(-0.872978680234411,9.12974490988963,36.569249163623));
#7728=CARTESIAN_POINT('Ctrl Pts',(-5.39366786846925,7.5892048897632,36.7742139357967));
#7729=CARTESIAN_POINT('Ctrl Pts',(-8.487639933936,3.42505262159423,37.001746700084));
#7730=CARTESIAN_POINT('Ctrl Pts',(-9.07911374090124,-1.19202894553517,37.2065645997817));
#7731=CARTESIAN_POINT('Ctrl Pts',(-7.31149692191991,-5.51137208398883,37.411449204274));
#7732=CARTESIAN_POINT('Ctrl Pts',(-3.65234513497138,-8.39510056720447,37.6162645522458));
#7733=CARTESIAN_POINT('Ctrl Pts',(0.956049849852807,-9.10668929366617,37.8211146247422));
#7734=CARTESIAN_POINT('Ctrl Pts',(5.31512206261765,-7.45430133066038,38.0259670773533));
#7735=CARTESIAN_POINT('Ctrl Pts',(8.29772591408216,-3.87229307119395,38.2307775145515));
#7736=CARTESIAN_POINT('Ctrl Pts',(9.12711522718188,0.715891699202306,38.4356422809103));
#7737=CARTESIAN_POINT('Ctrl Pts',(7.59361661372066,5.11729030546378,38.6404935946082));
#7738=CARTESIAN_POINT('Ctrl Pts',(4.37881516582216,7.93638908727614,38.8282275003991));
#7739=CARTESIAN_POINT('Ctrl Pts',(0.691469718866392,8.94926314090095,38.9989608038536));
#7740=CARTESIAN_POINT('Ctrl Pts',(-3.88316340240392,8.43477339997963,39.2037414290237));
#7741=CARTESIAN_POINT('Ctrl Pts',(-7.91269425475351,5.06868209909929,39.4257480452777));
#7742=CARTESIAN_POINT('Ctrl Pts',(-9.15015364096093,-0.237896989894266,
39.6646962982929));
#7743=CARTESIAN_POINT('Ctrl Pts',(-7.8524361226626,-4.71001266452488,39.8695673010821));
#7744=CARTESIAN_POINT('Ctrl Pts',(-5.20904875633799,-7.28561798406132,40.0316497875139));
#7745=CARTESIAN_POINT('Ctrl Pts',(-2.79357564288125,-8.35988482134516,40.1511758732853));
#7746=CARTESIAN_POINT('Ctrl Pts',(-0.587599669129705,-8.86566943487726,
40.2535641536174));
#7747=CARTESIAN_POINT('Ctrl Pts',(3.42954063678127,-8.62725552701541,40.4328122138448));
#7748=CARTESIAN_POINT('Ctrl Pts',(8.29516759165081,-4.99992477161886,40.6888369761757));
#7749=CARTESIAN_POINT('Ctrl Pts',(9.42183209260133,2.21743367604347,40.9962690468102));
#7750=CARTESIAN_POINT('Ctrl Pts',(6.61899783563164,6.16638235417826,41.2007376171485));
#7751=CARTESIAN_POINT('Ctrl Pts',(4.71443647309891,7.38260990376132,41.3033843637667));
#7752=CARTESIAN_POINT('Ctrl Pts',(-1.74644950148401,-8.6425548598688,32.8002534279238));
#7753=CARTESIAN_POINT('Ctrl Pts',(0.470988654818271,-9.0906450167075,32.9023402093496));
#7754=CARTESIAN_POINT('Ctrl Pts',(5.2718731449699,-8.19574473384946,33.1072696825695));
#7755=CARTESIAN_POINT('Ctrl Pts',(9.49673141909292,-2.18116764619237,33.4145273342495));
#7756=CARTESIAN_POINT('Ctrl Pts',(8.51825441959175,3.84195088021525,33.6704798128714));
#7757=CARTESIAN_POINT('Ctrl Pts',(5.77635989550174,6.82810605979096,33.8498033310302));
#7758=CARTESIAN_POINT('Ctrl Pts',(3.82648557712212,8.00435127450273,33.9521689590898));
#7759=CARTESIAN_POINT('Ctrl Pts',(1.3266328637638,8.91764244330814,34.0717135267806));
#7760=CARTESIAN_POINT('Ctrl Pts',(-2.3912640464355,8.90303066410477,34.2338929872382));
#7761=CARTESIAN_POINT('Ctrl Pts',(-6.4562073812078,6.57078026990446,34.4386874370931));
#7762=CARTESIAN_POINT('Ctrl Pts',(-9.27178900263165,1.86833672789707,34.677710090275));
#7763=CARTESIAN_POINT('Ctrl Pts',(-8.58393044692079,-4.61032830970513,34.9508323018509));
#7764=CARTESIAN_POINT('Ctrl Pts',(-2.92994637380237,-9.29330186991826,35.2580786508444));
#7765=CARTESIAN_POINT('Ctrl Pts',(4.39032086457025,-8.69938682974293,35.5653945093619));
#7766=CARTESIAN_POINT('Ctrl Pts',(8.66417702263149,-3.78689866716045,35.8384096084078));
#7767=CARTESIAN_POINT('Ctrl Pts',(9.05947444183616,1.67926194073166,36.0774502830836));
#7768=CARTESIAN_POINT('Ctrl Pts',(7.06277092183118,5.9230465194505,36.2822231151791));
#7769=CARTESIAN_POINT('Ctrl Pts',(3.65566458663385,8.32476966827539,36.4643774728345));
#7770=CARTESIAN_POINT('Ctrl Pts',(-0.873942940454147,9.1903893304526,36.6691224496611));
#7771=CARTESIAN_POINT('Ctrl Pts',(-5.42524240343875,7.64206572370098,36.8740872218349));
#7772=CARTESIAN_POINT('Ctrl Pts',(-8.54179605074672,3.45208548789033,37.1016199861221));
#7773=CARTESIAN_POINT('Ctrl Pts',(-9.13959180106163,-1.19512305999773,37.3064378858198));
#7774=CARTESIAN_POINT('Ctrl Pts',(-7.36258877556089,-5.54386828800492,37.5113224903121));
#7775=CARTESIAN_POINT('Ctrl Pts',(-3.6808278309058,-8.44852736489666,37.7161378382839));
#7776=CARTESIAN_POINT('Ctrl Pts',(0.957573841169286,-9.16722531433336,37.9209879107803));
#7777=CARTESIAN_POINT('Ctrl Pts',(5.3462495861027,-7.50623161931379,38.1258403633914));
#7778=CARTESIAN_POINT('Ctrl Pts',(8.3503953707936,-3.9021746416037,38.3306508005897));
#7779=CARTESIAN_POINT('Ctrl Pts',(9.1876598827691,0.715821769306387,38.5355155669484));
#7780=CARTESIAN_POINT('Ctrl Pts',(7.64636150590707,5.14704055195617,38.7403668806463));
#7781=CARTESIAN_POINT('Ctrl Pts',(4.41184629305655,7.98641070009027,38.9281007864372));
#7782=CARTESIAN_POINT('Ctrl Pts',(0.700724121287804,9.00789684246214,39.0988340898917));
#7783=CARTESIAN_POINT('Ctrl Pts',(-3.90433648548073,8.49241588843261,39.3036147150618));
#7784=CARTESIAN_POINT('Ctrl Pts',(-7.96219766513669,5.10624862673676,39.5256213313158));
#7785=CARTESIAN_POINT('Ctrl Pts',(-9.21059935236001,-0.234663869649607,
39.7645695843311));
#7786=CARTESIAN_POINT('Ctrl Pts',(-7.90667352643637,-4.73694218839727,39.9694405871202));
#7787=CARTESIAN_POINT('Ctrl Pts',(-5.24721157838202,-7.33091384212137,40.131523073552));
#7788=CARTESIAN_POINT('Ctrl Pts',(-2.81637856364673,-8.41353009248751,40.2510491593234));
#7789=CARTESIAN_POINT('Ctrl Pts',(-0.59612546074118,-8.923806563099,40.3534374396556));
#7790=CARTESIAN_POINT('Ctrl Pts',(3.44762228427593,-8.68592888984536,40.5326854998829));
#7791=CARTESIAN_POINT('Ctrl Pts',(8.34722847386407,-5.03723872552637,40.7887102622138));
#7792=CARTESIAN_POINT('Ctrl Pts',(9.48510753393909,2.22710776528756,41.0961423328484));
#7793=CARTESIAN_POINT('Ctrl Pts',(6.66586821090231,6.20355998467621,41.3006109031866));
#7794=CARTESIAN_POINT('Ctrl Pts',(4.74938954044144,7.42880470602243,41.4032576498048));
#7795=CARTESIAN_POINT('Ctrl Pts',(-1.76236360455997,-8.69825421350852,32.9001267139619));
#7796=CARTESIAN_POINT('Ctrl Pts',(0.469365449983019,-9.15042748465267,33.0022134953877));
#7797=CARTESIAN_POINT('Ctrl Pts',(5.30215645632549,-8.25215242240778,33.2071429686075));
#7798=CARTESIAN_POINT('Ctrl Pts',(9.55780000875153,-2.20037127121835,33.5144006202876));
#7799=CARTESIAN_POINT('Ctrl Pts',(8.57603382711999,3.8627019916938,33.7703530989095));
#7800=CARTESIAN_POINT('Ctrl Pts',(5.81772794097918,6.86983477491998,33.9496766170682));
#7801=CARTESIAN_POINT('Ctrl Pts',(3.85569221605935,8.05479353763933,34.0520422451279));
#7802=CARTESIAN_POINT('Ctrl Pts',(1.33993987069867,8.97536088092991,34.1715868128187));
#7803=CARTESIAN_POINT('Ctrl Pts',(-2.40231471498843,8.96257884744884,34.3337662732763));
#7804=CARTESIAN_POINT('Ctrl Pts',(-6.4950889529846,6.61715871569267,34.5385607231312));
#7805=CARTESIAN_POINT('Ctrl Pts',(-9.33154635808399,1.88537499409954,34.7775833763131));
#7806=CARTESIAN_POINT('Ctrl Pts',(-8.64253792649891,-4.63607784327351,35.050705587889));
#7807=CARTESIAN_POINT('Ctrl Pts',(-2.95394872003902,-9.35265033026008,35.3579519368825));
#7808=CARTESIAN_POINT('Ctrl Pts',(4.41456968144155,-8.75863654425678,35.6652677954));
#7809=CARTESIAN_POINT('Ctrl Pts',(8.71896127027985,-3.81618774849995,35.9382828944459));
#7810=CARTESIAN_POINT('Ctrl Pts',(9.11967850736407,1.68556838086671,36.1773235691217));
#7811=CARTESIAN_POINT('Ctrl Pts',(7.11209551008174,5.95818139631783,36.3820964012172));
#7812=CARTESIAN_POINT('Ctrl Pts',(3.68391838533787,8.37739895518374,36.5642507588726));
#7813=CARTESIAN_POINT('Ctrl Pts',(-0.874907200673886,9.25103375101557,36.7689957356992));
#7814=CARTESIAN_POINT('Ctrl Pts',(-5.45681693840825,7.69492655763876,36.973960507873));
#7815=CARTESIAN_POINT('Ctrl Pts',(-8.59595216755744,3.47911835418644,37.2014932721602));
#7816=CARTESIAN_POINT('Ctrl Pts',(-9.20006986122201,-1.19821717446028,37.406311171858));
#7817=CARTESIAN_POINT('Ctrl Pts',(-7.41368062920189,-5.57636449202102,37.6111957763502));
#7818=CARTESIAN_POINT('Ctrl Pts',(-3.70931052684021,-8.50195416258886,37.816011124322));
#7819=CARTESIAN_POINT('Ctrl Pts',(0.95909783248576,-9.22776133500055,38.0208611968185));
#7820=CARTESIAN_POINT('Ctrl Pts',(5.37737710958775,-7.55816190796721,38.2257136494295));
#7821=CARTESIAN_POINT('Ctrl Pts',(8.40306482750503,-3.93205621201345,38.4305240866278));
#7822=CARTESIAN_POINT('Ctrl Pts',(9.24820453835632,0.715751839410467,38.6353888529865));
#7823=CARTESIAN_POINT('Ctrl Pts',(7.69910639809349,5.17679079844856,38.8402401666845));
#7824=CARTESIAN_POINT('Ctrl Pts',(4.44487742029095,8.03643231290442,39.0279740724753));
#7825=CARTESIAN_POINT('Ctrl Pts',(0.709978523709212,9.06653054402333,39.1987073759298));
#7826=CARTESIAN_POINT('Ctrl Pts',(-3.92550956855753,8.55005837688558,39.4034880010999));
#7827=CARTESIAN_POINT('Ctrl Pts',(-8.01170107551989,5.14381515437423,39.6254946173539));
#7828=CARTESIAN_POINT('Ctrl Pts',(-9.27104506375906,-0.231430749404947,
39.8644428703692));
#7829=CARTESIAN_POINT('Ctrl Pts',(-7.96091093021014,-4.76387171226966,40.0693138731583));
#7830=CARTESIAN_POINT('Ctrl Pts',(-5.28537440042605,-7.37620970018144,40.2313963595901));
#7831=CARTESIAN_POINT('Ctrl Pts',(-2.83918148441221,-8.46717536362987,40.3509224453615));
#7832=CARTESIAN_POINT('Ctrl Pts',(-0.604651252352652,-8.98194369132075,
40.4533107256937));
#7833=CARTESIAN_POINT('Ctrl Pts',(3.46570393177059,-8.74460225267531,40.632558785921));
#7834=CARTESIAN_POINT('Ctrl Pts',(8.39928935607732,-5.07455267943389,40.8885835482519));
#7835=CARTESIAN_POINT('Ctrl Pts',(9.54838297527686,2.23678185453166,41.1960156188865));
#7836=CARTESIAN_POINT('Ctrl Pts',(6.71273858617297,6.24073761517415,41.4004841892247));
#7837=CARTESIAN_POINT('Ctrl Pts',(4.78434260778398,7.47499950828353,41.5031309358429));
#7838=CARTESIAN_POINT('Ctrl Pts',(-1.77827770763593,-8.75395356714824,33.));
#7839=CARTESIAN_POINT('Ctrl Pts',(0.467742245147763,-9.21020995259783,33.1020867814258));
#7840=CARTESIAN_POINT('Ctrl Pts',(5.33243976768109,-8.3085601109661,33.3070162546457));
#7841=CARTESIAN_POINT('Ctrl Pts',(9.61886859841013,-2.21957489624432,33.6142739063257));
#7842=CARTESIAN_POINT('Ctrl Pts',(8.63381323464823,3.88345310317236,33.8702263849476));
#7843=CARTESIAN_POINT('Ctrl Pts',(5.85909598645661,6.91156349004899,34.0495499031064));
#7844=CARTESIAN_POINT('Ctrl Pts',(3.88489885499658,8.10523580077593,34.151915531166));
#7845=CARTESIAN_POINT('Ctrl Pts',(1.35324687763353,9.03307931855169,34.2714600988568));
#7846=CARTESIAN_POINT('Ctrl Pts',(-2.41336538354136,9.02212703079292,34.4336395593144));
#7847=CARTESIAN_POINT('Ctrl Pts',(-6.5339705247614,6.66353716148089,34.6384340091694));
#7848=CARTESIAN_POINT('Ctrl Pts',(-9.39130371353634,1.90241326030201,34.8774566623512));
#7849=CARTESIAN_POINT('Ctrl Pts',(-8.70114540607702,-4.66182737684188,35.1505788739272));
#7850=CARTESIAN_POINT('Ctrl Pts',(-2.97795106627568,-9.4119987906019,35.4578252229206));
#7851=CARTESIAN_POINT('Ctrl Pts',(4.43881849831285,-8.81788625877061,35.7651410814381));
#7852=CARTESIAN_POINT('Ctrl Pts',(8.7737455179282,-3.84547682983945,36.038156180484));
#7853=CARTESIAN_POINT('Ctrl Pts',(9.17988257289199,1.69187482100177,36.2771968551598));
#7854=CARTESIAN_POINT('Ctrl Pts',(7.16142009833231,5.99331627318515,36.4819696872553));
#7855=CARTESIAN_POINT('Ctrl Pts',(3.71217218404188,8.4300282420921,36.6641240449107));
#7856=CARTESIAN_POINT('Ctrl Pts',(-0.875871460893618,9.31167817157853,36.8688690217373));
#7857=CARTESIAN_POINT('Ctrl Pts',(-5.48839147337775,7.74778739157655,37.0738337939111));
#7858=CARTESIAN_POINT('Ctrl Pts',(-8.65010828436815,3.50615122048254,37.3013665581983));
#7859=CARTESIAN_POINT('Ctrl Pts',(-9.26054792138241,-1.20131128892283,37.5061844578961));
#7860=CARTESIAN_POINT('Ctrl Pts',(-7.46477248284287,-5.60886069603712,37.7110690623883));
#7861=CARTESIAN_POINT('Ctrl Pts',(-3.73779322277463,-8.55538096028105,37.9158844103601));
#7862=CARTESIAN_POINT('Ctrl Pts',(0.960621823802236,-9.28829735566774,38.1207344828566));
#7863=CARTESIAN_POINT('Ctrl Pts',(5.4085046330728,-7.61009219662061,38.3255869354676));
#7864=CARTESIAN_POINT('Ctrl Pts',(8.45573428421647,-3.96193778242321,38.5303973726658));
#7865=CARTESIAN_POINT('Ctrl Pts',(9.30874919394354,0.715681909514548,38.7352621390247));
#7866=CARTESIAN_POINT('Ctrl Pts',(7.7518512902799,5.20654104494096,38.9401134527225));
#7867=CARTESIAN_POINT('Ctrl Pts',(4.47790854752534,8.08645392571856,39.1278473585134));
#7868=CARTESIAN_POINT('Ctrl Pts',(0.719232926130624,9.12516424558453,39.2985806619679));
#7869=CARTESIAN_POINT('Ctrl Pts',(-3.94668265163433,8.60770086533855,39.503361287138));
#7870=CARTESIAN_POINT('Ctrl Pts',(-8.06120448590308,5.1813816820117,39.725367903392));
#7871=CARTESIAN_POINT('Ctrl Pts',(-9.33149077515812,-0.228197629160289,
39.9643161564073));
#7872=CARTESIAN_POINT('Ctrl Pts',(-8.0151483339839,-4.79080123614205,40.1691871591964));
#7873=CARTESIAN_POINT('Ctrl Pts',(-5.32353722247008,-7.42150555824149,40.3312696456282));
#7874=CARTESIAN_POINT('Ctrl Pts',(-2.86198440517768,-8.52082063477222,40.4507957313996));
#7875=CARTESIAN_POINT('Ctrl Pts',(-0.613177043964128,-9.04008081954249,
40.5531840117318));
#7876=CARTESIAN_POINT('Ctrl Pts',(3.48378557926524,-8.80327561550527,40.7324320719591));
#7877=CARTESIAN_POINT('Ctrl Pts',(8.45135023829057,-5.11186663334139,40.98845683429));
#7878=CARTESIAN_POINT('Ctrl Pts',(9.61165841661462,2.24645594377575,41.2958889049246));
#7879=CARTESIAN_POINT('Ctrl Pts',(6.75960896144363,6.2779152456721,41.5003574752629));
#7880=CARTESIAN_POINT('Ctrl Pts',(4.81929567512652,7.52119431054464,41.6030042218811));
#7881=CARTESIAN_POINT('Ctrl Pts',(-8.76007015621638,-1.25991240113033E-6,
39.6544830200151));
#7882=CARTESIAN_POINT('Ctrl Pts',(-8.76042057392004,1.42912442526862,39.5896109319392));
#7883=CARTESIAN_POINT('Ctrl Pts',(-7.85081674524348,5.12037182530164,39.4223389098195));
#7884=CARTESIAN_POINT('Ctrl Pts',(-3.88316340240392,8.43477339997963,39.2037414290237));
#7885=CARTESIAN_POINT('Ctrl Pts',(0.691469718866392,8.94926314090095,38.9989608038536));
#7886=CARTESIAN_POINT('Ctrl Pts',(4.37881516582216,7.93638908727614,38.8282275003991));
#7887=CARTESIAN_POINT('Ctrl Pts',(7.59361661372066,5.11729030546378,38.6404935946082));
#7888=CARTESIAN_POINT('Ctrl Pts',(9.12711522718188,0.715891699202306,38.4356422809103));
#7889=CARTESIAN_POINT('Ctrl Pts',(8.29772591408216,-3.87229307119395,38.2307775145515));
#7890=CARTESIAN_POINT('Ctrl Pts',(5.31512206261765,-7.45430133066038,38.0259670773533));
#7891=CARTESIAN_POINT('Ctrl Pts',(0.956049849852807,-9.10668929366617,37.8211146247422));
#7892=CARTESIAN_POINT('Ctrl Pts',(-3.65234513497138,-8.39510056720447,37.6162645522458));
#7893=CARTESIAN_POINT('Ctrl Pts',(-7.31149692191991,-5.51137208398883,37.411449204274));
#7894=CARTESIAN_POINT('Ctrl Pts',(-8.63970531702638,-2.26576604752563,37.2574964647478));
#7895=CARTESIAN_POINT('Ctrl Pts',(-8.76019089602249,-0.381878629206715,
37.171856082355));
#7896=CARTESIAN_POINT('Ctrl Pts',(-8.75965450568259,-2.59349176801038E-7,
37.1544972653007));
#7897=CARTESIAN_POINT('Ctrl Pts',(-1.77827770763579,-8.75395356714827,33.));
#7898=CARTESIAN_POINT('Ctrl Pts',(-1.22608515066706,-8.85142262015254,33.));
#7899=CARTESIAN_POINT('Ctrl Pts',(-0.66459746354716,-8.89426728879969,33.0000550112584));
#7900=CARTESIAN_POINT('Ctrl Pts',(-0.103886851960411,-8.8844245883893,33.0000501720377));
#7901=CARTESIAN_POINT('Ctrl Pts',(0.0627348343636075,-8.8814997153684,33.0000487340069));
#7902=CARTESIAN_POINT('Ctrl Pts',(0.229018701860992,-8.87392920401514,33.0000386247785));
#7903=CARTESIAN_POINT('Ctrl Pts',(0.394934587268533,-8.8617840456497,33.0000271853675));
#7904=CARTESIAN_POINT('Ctrl Pts',(0.5616830402257,-8.84957794275977,33.0000156885535));
#7905=CARTESIAN_POINT('Ctrl Pts',(0.728060315221768,-8.83275109934947,33.000002848455));
#7906=CARTESIAN_POINT('Ctrl Pts',(0.89403277297978,-8.81132316655311,32.9999961318756));
#7907=CARTESIAN_POINT('Ctrl Pts',(0.978026880382682,-8.80047907764201,32.999992732799));
#7908=CARTESIAN_POINT('Ctrl Pts',(1.06191721502858,-8.78845578271374,32.9999909022202));
#7909=CARTESIAN_POINT('Ctrl Pts',(1.14569848896985,-8.7752508271645,32.999991608986));
#7910=CARTESIAN_POINT('Ctrl Pts',(1.71364389262131,-8.68573567113008,32.9999964000847));
#7911=CARTESIAN_POINT('Ctrl Pts',(2.2727573870173,-8.54247404600813,33.0000561246237));
#7912=CARTESIAN_POINT('Ctrl Pts',(2.81218147725061,-8.34757388509132,33.0000438213903));
#7913=CARTESIAN_POINT('Ctrl Pts',(2.86028933129077,-8.33019196117737,33.000042724142));
#7914=CARTESIAN_POINT('Ctrl Pts',(2.90824054722126,-8.31239930993996,33.0000410539297));
#7915=CARTESIAN_POINT('Ctrl Pts',(2.95602740270902,-8.29419742356813,33.00003872065));
#7916=CARTESIAN_POINT('Ctrl Pts',(3.1341364597087,-8.22635615667136,33.0000300241529));
#7917=CARTESIAN_POINT('Ctrl Pts',(3.30977416719472,-8.15290967570001,33.0000178093442));
#7918=CARTESIAN_POINT('Ctrl Pts',(3.48273705147549,-8.07388052190432,33.0000063923575));
#7919=CARTESIAN_POINT('Ctrl Pts',(3.65431989157062,-7.99548192954177,32.9999950664653));
#7920=CARTESIAN_POINT('Ctrl Pts',(3.82327093803236,-7.91158921240727,32.9999845260453));
#7921=CARTESIAN_POINT('Ctrl Pts',(3.98936935324075,-7.82217844585295,32.9999789869323));
#7922=CARTESIAN_POINT('Ctrl Pts',(4.15262138610366,-7.73429988673779,32.9999735427416));
#7923=CARTESIAN_POINT('Ctrl Pts',(4.31311815216026,-7.64109056088388,32.9999729302152));
#7924=CARTESIAN_POINT('Ctrl Pts',(4.470621521268,-7.54248627356402,32.9999811496187));
#7925=CARTESIAN_POINT('Ctrl Pts',(4.51775748672815,-7.51297701095166,32.9999836094361));
#7926=CARTESIAN_POINT('Ctrl Pts',(4.56462513661657,-7.4829842892174,32.9999868602271));
#7927=CARTESIAN_POINT('Ctrl Pts',(4.61121749193708,-7.45250569082296,32.9999910091058));
#7928=CARTESIAN_POINT('Origin',(0.,0.,44.));
#7929=CARTESIAN_POINT('Ctrl Pts',(-8.75890144850913,0.000212019509937093,
37.0954628398457));
#7930=CARTESIAN_POINT('Ctrl Pts',(-8.75951106877013,-0.397914313795837,
37.1135579355527));
#7931=CARTESIAN_POINT('Ctrl Pts',(-8.63677720140576,-2.24552074869023,37.1975397290234));
#7932=CARTESIAN_POINT('Ctrl Pts',(-7.35859498589062,-5.40119992023751,37.3473556850583));
#7933=CARTESIAN_POINT('Ctrl Pts',(-3.8979311346612,-8.25280770843557,37.5449512864095));
#7934=CARTESIAN_POINT('Ctrl Pts',(0.50664822894419,-9.11449349408181,37.7425810635145));
#7935=CARTESIAN_POINT('Ctrl Pts',(4.7871722324904,-7.77111443914764,37.9401808321002));
#7936=CARTESIAN_POINT('Ctrl Pts',(7.91318737945289,-4.55145512682857,38.1377903089499));
#7937=CARTESIAN_POINT('Ctrl Pts',(9.12379759215724,-0.231932924532061,38.3353883562587));
#7938=CARTESIAN_POINT('Ctrl Pts',(8.13379241805434,4.14465506957216,38.5330000128228));
#7939=CARTESIAN_POINT('Ctrl Pts',(5.17427217678883,7.51912587213992,38.7306700990715));
#7940=CARTESIAN_POINT('Ctrl Pts',(0.968134986551485,9.07585542080813,38.9282053934924));
#7941=CARTESIAN_POINT('Ctrl Pts',(-3.47505235950515,8.44018154263314,39.1259048690221));
#7942=CARTESIAN_POINT('Ctrl Pts',(-7.07516247508223,5.76678245504193,39.3233857883687));
#7943=CARTESIAN_POINT('Ctrl Pts',(-8.5752619995454,2.54423561703012,39.4799546182465));
#7944=CARTESIAN_POINT('Ctrl Pts',(-8.75936556355024,0.546911395242843,39.5706548156677));
#7945=CARTESIAN_POINT('Ctrl Pts',(-8.75911169732273,0.00071520962542905,
39.5954557678004));
#7946=CARTESIAN_POINT('Origin',(0.,0.,0.));
#7947=CARTESIAN_POINT('',(-7.5,9.18485099360515E-16,16.2595));
#7948=CARTESIAN_POINT('Origin',(0.,0.,16.2595));
#7949=CARTESIAN_POINT('',(-7.5,-9.18485099360515E-16,31.7405));
#7950=CARTESIAN_POINT('',(-7.5,-9.18485099360515E-16,0.));
#7951=CARTESIAN_POINT('Origin',(0.,0.,31.7405));
#7952=CARTESIAN_POINT('Origin',(0.,0.,15.62975));
#7953=CARTESIAN_POINT('',(-8.7595,-1.07272936371312E-15,15.));
#7954=CARTESIAN_POINT('',(-8.12975,-9.95607231536819E-16,15.62975));
#7955=CARTESIAN_POINT('Origin',(0.,0.,15.));
#7956=CARTESIAN_POINT('Origin',(0.,0.,15.));
#7957=CARTESIAN_POINT('Origin',(1.55412950504571E-15,0.,15.));
#7958=CARTESIAN_POINT('',(-1.77827770763598,8.75395356714823,15.));
#7959=CARTESIAN_POINT('Ctrl Pts',(-9.38240614978599,-3.86223303069224,15.0000000069158));
#7960=CARTESIAN_POINT('Ctrl Pts',(-9.4617772428356,-3.62486234364652,15.0000000073335));
#7961=CARTESIAN_POINT('Ctrl Pts',(-9.53229737992438,-3.38430462748051,15.0000000077401));
#7962=CARTESIAN_POINT('Ctrl Pts',(-9.59381893094583,-3.14106751777268,15.0000000081387));
#7963=CARTESIAN_POINT('Ctrl Pts',(-9.61327430569884,-3.06414700707955,15.0000000082648));
#7964=CARTESIAN_POINT('Ctrl Pts',(-9.63182938518055,-2.98695859400917,15.00000000839));
#7965=CARTESIAN_POINT('Ctrl Pts',(-9.64947842670874,-2.90951852914268,15.0000000085142));
#7966=CARTESIAN_POINT('Ctrl Pts',(-9.70426194464378,-2.66914064937353,15.0000000088998));
#7967=CARTESIAN_POINT('Ctrl Pts',(-9.7501217865399,-2.42720672802722,15.0000000092514));
#7968=CARTESIAN_POINT('Ctrl Pts',(-9.78705014402891,-2.18421488969105,15.000000009584));
#7969=CARTESIAN_POINT('Ctrl Pts',(-9.82415891400058,-1.94003592136047,15.0000000099182));
#7970=CARTESIAN_POINT('Ctrl Pts',(-9.8522487682857,-1.6947880153723,15.0000000102333));
#7971=CARTESIAN_POINT('Ctrl Pts',(-9.87125995600386,-1.44896975505405,15.000000010536));
#7972=CARTESIAN_POINT('Ctrl Pts',(-9.89018863825457,-1.20421830606674,15.0000000108373));
#7973=CARTESIAN_POINT('Ctrl Pts',(-9.90011726246797,-0.958900799465235,
15.0000000111262));
#7974=CARTESIAN_POINT('Ctrl Pts',(-9.90093548978332,-0.713512312737467,
15.0000000114003));
#7975=CARTESIAN_POINT('Ctrl Pts',(-9.90174218474411,-0.47158240894974,15.0000000116705));
#7976=CARTESIAN_POINT('Ctrl Pts',(-9.89369338906099,-0.229582937433182,
15.0000000119262));
#7977=CARTESIAN_POINT('Ctrl Pts',(-9.87663430143336,0.0119997937742962,
15.0000000121558));
#7978=CARTESIAN_POINT('Ctrl Pts',(-9.87035766185625,0.100886595046563,15.0000000122403));
#7979=CARTESIAN_POINT('Ctrl Pts',(-9.86286076493684,0.189716819865559,15.0000000123212));
#7980=CARTESIAN_POINT('Ctrl Pts',(-9.85413422993628,0.278465598757715,15.0000000123975));
#7981=CARTESIAN_POINT('Ctrl Pts',(-9.83277542808706,0.495684412707839,15.0000000125844));
#7982=CARTESIAN_POINT('Ctrl Pts',(-9.80405218568691,0.712416589074431,15.0000000127446));
#7983=CARTESIAN_POINT('Ctrl Pts',(-9.76800893260214,0.9282880127384,15.0000000128602));
#7984=CARTESIAN_POINT('Ctrl Pts',(-9.72828239844465,1.16621946319995,15.0000000129876));
#7985=CARTESIAN_POINT('Ctrl Pts',(-9.67980906513673,1.40224085194324,15.000000013058));
#7986=CARTESIAN_POINT('Ctrl Pts',(-9.62279183956861,1.63589409659554,15.0000000130926));
#7987=CARTESIAN_POINT('Ctrl Pts',(-9.56542380275386,1.87098494515117,15.0000000131274));
#7988=CARTESIAN_POINT('Ctrl Pts',(-9.49940619442362,2.10367905339113,15.000000013126));
#7989=CARTESIAN_POINT('Ctrl Pts',(-9.42489501067196,2.33349622588286,15.0000000131004));
#7990=CARTESIAN_POINT('Ctrl Pts',(-9.35069328846552,2.56235891646014,15.0000000130749));
#7991=CARTESIAN_POINT('Ctrl Pts',(-9.26806810734709,2.78836911039376,15.0000000130254));
#7992=CARTESIAN_POINT('Ctrl Pts',(-9.17712735752004,3.01102996958832,15.000000012953));
#7993=CARTESIAN_POINT('Ctrl Pts',(-9.08762247994995,3.23017521503396,15.0000000128818));
#7994=CARTESIAN_POINT('Ctrl Pts',(-8.99006221297702,3.44607654357527,15.0000000127884));
#7995=CARTESIAN_POINT('Ctrl Pts',(-8.88450936335801,3.65823045216309,15.0000000126638));
#7996=CARTESIAN_POINT('Ctrl Pts',(-8.80404062204833,3.8199670424078,15.0000000125688));
#7997=CARTESIAN_POINT('Ctrl Pts',(-8.71892588060556,3.97952515061423,15.0000000124553));
#7998=CARTESIAN_POINT('Ctrl Pts',(-8.62917866954519,4.13666711329382,15.0000000123151));
#7999=CARTESIAN_POINT('Ctrl Pts',(-8.57336466901323,4.23439406753524,15.0000000122279));
#8000=CARTESIAN_POINT('Ctrl Pts',(-8.51575873228325,4.33118627081538,15.0000000121303));
#8001=CARTESIAN_POINT('Ctrl Pts',(-8.45638807234747,4.42699657269238,15.0000000120194));
#8002=CARTESIAN_POINT('Ctrl Pts',(-8.33208987226718,4.62758467606433,15.0000000117874));
#8003=CARTESIAN_POINT('Ctrl Pts',(-8.20051351544455,4.82313846489955,15.0000000114959));
#8004=CARTESIAN_POINT('Ctrl Pts',(-8.06202968711358,5.01332788691224,15.0000000111742));
#8005=CARTESIAN_POINT('Ctrl Pts',(-7.91903514065237,5.20971219019294,15.0000000108421));
#8006=CARTESIAN_POINT('Ctrl Pts',(-7.76867549880403,5.40037766443277,15.0000000104778));
#8007=CARTESIAN_POINT('Ctrl Pts',(-7.61131348090549,5.58492568203351,15.0000000101011));
#8008=CARTESIAN_POINT('Ctrl Pts',(-7.45849593471894,5.7641441210187,15.0000000097353));
#8009=CARTESIAN_POINT('Ctrl Pts',(-7.29907394332665,5.93759361057934,15.0000000093578));
#8010=CARTESIAN_POINT('Ctrl Pts',(-7.13334563794159,6.10486977286239,15.0000000089747));
#8011=CARTESIAN_POINT('Ctrl Pts',(-6.96910661231477,6.27064274592292,15.000000008595));
#8012=CARTESIAN_POINT('Ctrl Pts',(-6.79867360857992,6.43035321308042,15.0000000082097));
#8013=CARTESIAN_POINT('Ctrl Pts',(-6.62231124752776,6.5835635001493,15.0000000078127));
#8014=CARTESIAN_POINT('Ctrl Pts',(-6.44911823504625,6.73402049676871,15.0000000074227));
#8015=CARTESIAN_POINT('Ctrl Pts',(-6.27020658881629,6.87820910159805,15.0000000070215));
#8016=CARTESIAN_POINT('Ctrl Pts',(-6.08580932912073,7.01566755326034,15.0000000065909));
#8017=CARTESIAN_POINT('Ctrl Pts',(-6.06212591293082,7.03332229349299,15.0000000065356));
#8018=CARTESIAN_POINT('Ctrl Pts',(-6.0383519871728,7.05086594470669,15.0000000064798));
#8019=CARTESIAN_POINT('Ctrl Pts',(-6.01448803011009,7.06829746728631,15.0000000064234));
#8020=CARTESIAN_POINT('Ctrl Pts',(-6.00468990739277,7.0754545450893,15.0000000064003));
#8021=CARTESIAN_POINT('Ctrl Pts',(-5.99487660734218,7.08259272030113,15.000000006377));
#8022=CARTESIAN_POINT('Ctrl Pts',(-5.985048188345,7.08971194967802,15.0000000063537));
#8023=CARTESIAN_POINT('Ctrl Pts',(-5.79836606974856,7.22493540964989,15.0000000059106));
#8024=CARTESIAN_POINT('Ctrl Pts',(-5.60691682348503,7.35283114432421,15.0000000054314));
#8025=CARTESIAN_POINT('Ctrl Pts',(-5.41117388678034,7.47325293079402,15.0000000049552));
#8026=CARTESIAN_POINT('Ctrl Pts',(-5.2079324208198,7.5982878404962,15.0000000044606));
#8027=CARTESIAN_POINT('Ctrl Pts',(-5.00006144525459,7.71526576081969,15.0000000039693));
#8028=CARTESIAN_POINT('Ctrl Pts',(-4.78806215916529,7.82397208705298,15.0000000035106));
#8029=CARTESIAN_POINT('Ctrl Pts',(-4.58280672692274,7.92922038477184,15.0000000030664));
#8030=CARTESIAN_POINT('Ctrl Pts',(-4.37368069677455,8.02671492528579,15.0000000026527));
#8031=CARTESIAN_POINT('Ctrl Pts',(-4.16112274988829,8.11621127438042,15.0000000022825));
#8032=CARTESIAN_POINT('Ctrl Pts',(-3.95038158892961,8.20494267579848,15.0000000019154));
#8033=CARTESIAN_POINT('Ctrl Pts',(-3.73626630989914,8.28581216855924,15.000000001591));
#8034=CARTESIAN_POINT('Ctrl Pts',(-3.51919825433073,8.35853090322641,15.0000000013083));
#8035=CARTESIAN_POINT('Ctrl Pts',(-3.30599510979858,8.42995487602996,15.0000000010306));
#8036=CARTESIAN_POINT('Ctrl Pts',(-3.08994284979614,8.49351580796928,15.000000000793));
#8037=CARTESIAN_POINT('Ctrl Pts',(-2.87144332279627,8.54888965185257,15.000000000581));
#8038=CARTESIAN_POINT('Ctrl Pts',(-2.84153030957932,8.55647043953984,15.000000000552));
#8039=CARTESIAN_POINT('Ctrl Pts',(-2.81157144076305,8.56389770441242,15.0000000005234));
#8040=CARTESIAN_POINT('Ctrl Pts',(-2.78156776009139,8.57117053896974,15.0000000004953));
#8041=CARTESIAN_POINT('Ctrl Pts',(-2.70094798943958,8.59071261650402,15.0000000004196));
#8042=CARTESIAN_POINT('Ctrl Pts',(-2.62009560031925,8.60911774480787,15.0000000003507));
#8043=CARTESIAN_POINT('Ctrl Pts',(-2.53903145000055,8.62637559777402,15.0000000002901));
#8044=CARTESIAN_POINT('Ctrl Pts',(-2.31651397619514,8.67374763375091,15.0000000001238));
#8045=CARTESIAN_POINT('Ctrl Pts',(-2.09240112298888,8.71247898429644,15.000000000021));
#8046=CARTESIAN_POINT('Ctrl Pts',(-1.86719410418484,8.7425819467464,15.0000000000028));
#8047=CARTESIAN_POINT('Ctrl Pts',(-1.83760629370836,8.74653688897013,15.0000000000004));
#8048=CARTESIAN_POINT('Ctrl Pts',(-1.80799959486585,8.75034282440274,14.9999999999995));
#8049=CARTESIAN_POINT('Ctrl Pts',(-1.77837514428757,8.75399971431938,15.));
#8050=CARTESIAN_POINT('Ctrl Pts',(-1.77827770763591,8.75395356714824,15.));
#8051=CARTESIAN_POINT('Ctrl Pts',(-1.22608515066712,8.85142262015254,15.));
#8052=CARTESIAN_POINT('Ctrl Pts',(-0.664605446075563,8.89429268837732,14.9999451851402));
#8053=CARTESIAN_POINT('Ctrl Pts',(-0.103905743554366,8.88448919382358,14.9999503390809));
#8054=CARTESIAN_POINT('Ctrl Pts',(0.0627240488242853,8.88157577286985,14.9999518707387));
#8055=CARTESIAN_POINT('Ctrl Pts',(0.229015723298583,8.8740172806225,14.9999620850544));
#8056=CARTESIAN_POINT('Ctrl Pts',(0.394939238522948,8.8618844300817,14.9999736375398));
#8057=CARTESIAN_POINT('Ctrl Pts',(0.561687801692112,8.84969124943405,14.9999852474695));
#8058=CARTESIAN_POINT('Ctrl Pts',(0.728065041484191,8.83287803886316,14.9999982086325));
#8059=CARTESIAN_POINT('Ctrl Pts',(0.894037443833492,8.81146416254639,15.0000050518));
#8060=CARTESIAN_POINT('Ctrl Pts',(0.978014581858797,8.80062937301719,15.0000085142409));
#8061=CARTESIAN_POINT('Ctrl Pts',(1.06188798375781,8.78861596150056,15.0000104102317));
#8062=CARTESIAN_POINT('Ctrl Pts',(1.14565238106196,8.77542143796893,15.0000097712013));
#8063=CARTESIAN_POINT('Ctrl Pts',(1.71352548526701,8.68597036713736,15.0000054389533));
#8064=CARTESIAN_POINT('Ctrl Pts',(2.27256940547689,8.54278950707358,14.9999462468901));
#8065=CARTESIAN_POINT('Ctrl Pts',(2.81193546765301,8.34797364373306,14.9999590294179));
#8066=CARTESIAN_POINT('Ctrl Pts',(2.8600997093649,8.33057700165775,14.9999601708704));
#8067=CARTESIAN_POINT('Ctrl Pts',(2.90810700384399,8.31276860844155,14.9999618863292));
#8068=CARTESIAN_POINT('Ctrl Pts',(2.95594960534906,8.29454995264734,14.9999642661533));
#8069=CARTESIAN_POINT('Ctrl Pts',(3.13405196167815,8.22672785635616,14.9999731254598));
#8070=CARTESIAN_POINT('Ctrl Pts',(3.30968386134977,8.15329995194029,14.9999854990802));
#8071=CARTESIAN_POINT('Ctrl Pts',(3.48264204291133,8.07428834245948,14.999997068211));
#8072=CARTESIAN_POINT('Ctrl Pts',(3.65421772546121,7.99590829299526,15.0000085448667));
#8073=CARTESIAN_POINT('Ctrl Pts',(3.82316277793331,7.91203326309937,15.0000192295159));
#8074=CARTESIAN_POINT('Ctrl Pts',(3.98925659005983,7.82263889579763,15.0000249038234));
#8075=CARTESIAN_POINT('Ctrl Pts',(4.15250290982497,7.7347770947895,15.0000304808511));
#8076=CARTESIAN_POINT('Ctrl Pts',(4.31299534618112,7.64158336101236,15.0000312175611));
#8077=CARTESIAN_POINT('Ctrl Pts',(4.47049600653142,7.54299307864339,15.0000231112643));
#8078=CARTESIAN_POINT('Ctrl Pts',(4.51765336740492,7.51347410701525,15.0000206841535));
#8079=CARTESIAN_POINT('Ctrl Pts',(4.56454230530528,7.48347107826508,15.0000174643293));
#8080=CARTESIAN_POINT('Ctrl Pts',(4.61115583804976,7.45298155974405,15.0000133444581));
#8081=CARTESIAN_POINT('Origin',(0.,0.,32.37025));
#8082=CARTESIAN_POINT('',(-8.7595,1.07272936371312E-15,33.));
#8083=CARTESIAN_POINT('',(-8.12975,9.95607231536819E-16,32.37025));
#8084=CARTESIAN_POINT('Origin',(0.,0.,33.));
#8085=CARTESIAN_POINT('Origin',(0.,0.,33.));
#8086=CARTESIAN_POINT('Origin',(0.,0.,-1.52091428037634));
#8087=CARTESIAN_POINT('Origin',(0.,0.,4.));
#8088=CARTESIAN_POINT('Ctrl Pts',(4.30587570605955,-7.82645571540679,6.370384907732));
#8089=CARTESIAN_POINT('Ctrl Pts',(5.39828958881889,-7.22544312812849,6.42592188247048));
#8090=CARTESIAN_POINT('Ctrl Pts',(7.32749743008258,-5.56001549524282,6.53699583194745));
#8091=CARTESIAN_POINT('Ctrl Pts',(8.95502390979909,-2.09993757404452,6.7036067561629));
#8092=CARTESIAN_POINT('Ctrl Pts',(9.03539354284459,1.72257688808567,6.87021768037834));
#8093=CARTESIAN_POINT('Ctrl Pts',(7.55395921052967,5.24760848911621,7.0368286045938));
#8094=CARTESIAN_POINT('Ctrl Pts',(4.76835216617844,7.86586573061759,7.20343952880924));
#8095=CARTESIAN_POINT('Ctrl Pts',(1.15651573813894,9.12480413993775,7.37005045302469));
#8096=CARTESIAN_POINT('Ctrl Pts',(-2.65052527405802,8.80736906174312,7.53666137724015));
#8097=CARTESIAN_POINT('Ctrl Pts',(-6.38193052643308,6.76301610690538,7.72178462636842));
#8098=CARTESIAN_POINT('Ctrl Pts',(-8.98101506187382,2.79730628284053,7.92542020040952));
#8099=CARTESIAN_POINT('Ctrl Pts',(-9.13361408760967,-3.2688428792391,8.18459274918912));
#8100=CARTESIAN_POINT('Ctrl Pts',(-5.74552588796566,-7.50469463290723,8.40674064814303));
#8101=CARTESIAN_POINT('Ctrl Pts',(-1.50656263079755,-8.9595088670882,8.60420544721319));
#8102=CARTESIAN_POINT('Ctrl Pts',(2.72879322289293,-9.02952024163688,8.78932869634148));
#8103=CARTESIAN_POINT('Ctrl Pts',(6.76498479332101,-6.55901759216075,8.98679349541163));
#8104=CARTESIAN_POINT('Ctrl Pts',(9.30504034398467,-1.5043336925358,9.23362449424934));
#8105=CARTESIAN_POINT('Ctrl Pts',(8.81504377734037,3.79666990276319,9.45577239320327));
#8106=CARTESIAN_POINT('Ctrl Pts',(4.88829257507497,8.03817906693219,9.70260339204097));
#8107=CARTESIAN_POINT('Ctrl Pts',(-0.102429312406514,9.40949059522969,9.9247512909949));
#8108=CARTESIAN_POINT('Ctrl Pts',(-5.07678405984055,7.92447872793147,10.1468991899488));
#8109=CARTESIAN_POINT('Ctrl Pts',(-8.50195880605367,4.03290660816851,10.3690470889028));
#8110=CARTESIAN_POINT('Ctrl Pts',(-9.34712900066503,-1.08471980451314,10.5911949878567));
#8111=CARTESIAN_POINT('Ctrl Pts',(-7.35567655581223,-5.87000767741936,10.8133428868106));
#8112=CARTESIAN_POINT('Ctrl Pts',(-3.12389430017634,-8.878567569811,11.0354907857646));
#8113=CARTESIAN_POINT('Ctrl Pts',(1.4685402364793,-9.14304599610439,11.2329555848347));
#8114=CARTESIAN_POINT('Ctrl Pts',(6.14616344206795,-7.1485763563838,11.4551034837886));
#8115=CARTESIAN_POINT('Ctrl Pts',(9.18830911327751,-2.77196644179461,11.6772513827426));
#8116=CARTESIAN_POINT('Ctrl Pts',(8.91737846493727,2.99707587040559,11.9240823815803));
#8117=CARTESIAN_POINT('Ctrl Pts',(5.98265963611729,7.26443028498502,12.1462302805342));
#8118=CARTESIAN_POINT('Ctrl Pts',(1.6190126235192,9.15779066215304,12.3498658545753));
#8119=CARTESIAN_POINT('Ctrl Pts',(-2.6154106140945,8.81638437037605,12.5349891037036));
#8120=CARTESIAN_POINT('Ctrl Pts',(-5.97536139672827,6.99375223858313,12.701600027919));
#8121=CARTESIAN_POINT('Ctrl Pts',(-8.30231284332751,3.95871276027571,12.8682109521345));
#8122=CARTESIAN_POINT('Ctrl Pts',(-9.19484512263292,0.241296486943994,13.0348218763499));
#8123=CARTESIAN_POINT('Ctrl Pts',(-8.49859177647522,-3.51809907400425,13.2014328005654));
#8124=CARTESIAN_POINT('Ctrl Pts',(-6.3335440901821,-6.67053624637713,13.3680437247808));
#8125=CARTESIAN_POINT('Ctrl Pts',(-3.07475744207135,-8.66765264657762,13.5346546489963));
#8126=CARTESIAN_POINT('Ctrl Pts',(1.13803685960596,-9.22894121307274,13.7197778981246));
#8127=CARTESIAN_POINT('Ctrl Pts',(5.59090376047724,-7.5702077405508,13.9234134721657));
#8128=CARTESIAN_POINT('Ctrl Pts',(8.75281346359209,-3.45670422529218,14.1455613711196));
#8129=CARTESIAN_POINT('Ctrl Pts',(9.21086199532373,1.27296096064671,14.3491969451607));
#8130=CARTESIAN_POINT('Ctrl Pts',(7.58595661135047,5.19984869140349,14.534320194289));
#8131=CARTESIAN_POINT('Ctrl Pts',(4.81790906819204,7.83563913296029,14.7009311185044));
#8132=CARTESIAN_POINT('Ctrl Pts',(1.21479139656388,9.1173894609095,14.8675420427199));
#8133=CARTESIAN_POINT('Ctrl Pts',(-2.59695666399813,8.82377316098635,15.0341529669353));
#8134=CARTESIAN_POINT('Ctrl Pts',(-5.9606363465554,7.00534656053883,15.2007638911508));
#8135=CARTESIAN_POINT('Ctrl Pts',(-8.29392686712347,3.97662218014444,15.3673748153662));
#8136=CARTESIAN_POINT('Ctrl Pts',(-9.19445857816366,0.260372380848704,15.5339857395817));
#8137=CARTESIAN_POINT('Ctrl Pts',(-8.73509316300647,-2.24648755085963,15.6450596890586));
#8138=CARTESIAN_POINT('Ctrl Pts',(-8.26059243954397,-3.39949808192421,15.7005966637971));
#8139=CARTESIAN_POINT('Ctrl Pts',(4.56485908836084,-8.29622189115248,6.06068981955362));
#8140=CARTESIAN_POINT('Ctrl Pts',(5.7228427783232,-7.65906052222183,6.1162267942921));
#8141=CARTESIAN_POINT('Ctrl Pts',(7.76781560269565,-5.89352053585628,6.22730074376907));
#8142=CARTESIAN_POINT('Ctrl Pts',(9.49289693534318,-2.22557448519597,6.39391166798452));
#8143=CARTESIAN_POINT('Ctrl Pts',(9.57789325821051,1.82649222498841,6.56052259219997));
#8144=CARTESIAN_POINT('Ctrl Pts',(8.00731236119569,5.56313017950598,6.72713351641541));
#8145=CARTESIAN_POINT('Ctrl Pts',(5.05428846910163,8.33847243652679,6.89374444063086));
#8146=CARTESIAN_POINT('Ctrl Pts',(1.2254898020027,9.67282346369254,7.06035536484632));
#8147=CARTESIAN_POINT('Ctrl Pts',(-2.81015346722901,9.33612708562005,7.22696628906176));
#8148=CARTESIAN_POINT('Ctrl Pts',(-6.76552874826313,7.16881263704329,7.41208953819004));
#8149=CARTESIAN_POINT('Ctrl Pts',(-9.52048530920278,2.96481992091379,7.61572511223114));
#8150=CARTESIAN_POINT('Ctrl Pts',(-9.68193136055261,-3.46561905767334,7.87489766101072));
#8151=CARTESIAN_POINT('Ctrl Pts',(-6.0901618696924,-7.95566347116405,8.09704555996466));
#8152=CARTESIAN_POINT('Ctrl Pts',(-1.59656620190268,-9.49762022635502,8.29451035903481));
#8153=CARTESIAN_POINT('Ctrl Pts',(2.89313314026376,-9.57161471799938,8.4796336081631));
#8154=CARTESIAN_POINT('Ctrl Pts',(7.17157536739372,-6.952543676552,8.67709840723325));
#8155=CARTESIAN_POINT('Ctrl Pts',(9.86390130101024,-1.594185363659,8.92392940607096));
#8156=CARTESIAN_POINT('Ctrl Pts',(9.34420282931629,4.02512629908476,9.14607730502489));
#8157=CARTESIAN_POINT('Ctrl Pts',(5.18142248597735,8.52113971939503,9.39290830386259));
#8158=CARTESIAN_POINT('Ctrl Pts',(-0.109071753869981,9.97454005189624,9.61505620281653));
#8159=CARTESIAN_POINT('Ctrl Pts',(-5.38206682681013,8.4000910766429,9.83720410177045));
#8160=CARTESIAN_POINT('Ctrl Pts',(-9.01272549727348,4.27464502738188,10.0593520007244));
#8161=CARTESIAN_POINT('Ctrl Pts',(-9.90838223901111,-1.15034709793317,10.2814998996783));
#8162=CARTESIAN_POINT('Ctrl Pts',(-7.79709001113132,-6.22289505884583,10.5036477986322));
#8163=CARTESIAN_POINT('Ctrl Pts',(-3.31102541814511,-9.41190275444703,10.7257956975862));
#8164=CARTESIAN_POINT('Ctrl Pts',(1.55720588356939,-9.69202366687534,10.9232604966563));
#8165=CARTESIAN_POINT('Ctrl Pts',(6.51562361715867,-7.57753870751878,11.1454083956103));
#8166=CARTESIAN_POINT('Ctrl Pts',(9.74022637466106,-2.93794755874859,11.3675562945642));
#8167=CARTESIAN_POINT('Ctrl Pts',(9.45272462682881,3.1775207207058,11.6143872934019));
#8168=CARTESIAN_POINT('Ctrl Pts',(6.34154843504081,7.70098325679136,11.8365351923558));
#8169=CARTESIAN_POINT('Ctrl Pts',(1.71575863515267,9.70781503390221,12.040170766397));
#8170=CARTESIAN_POINT('Ctrl Pts',(-2.7729305884841,9.3456856111956,12.2252940155252));
#8171=CARTESIAN_POINT('Ctrl Pts',(-6.33455654548913,7.4134260679477,12.3919049397407));
#8172=CARTESIAN_POINT('Ctrl Pts',(-8.80108660574964,4.19600614252285,12.5585158639561));
#8173=CARTESIAN_POINT('Ctrl Pts',(-9.74702272125558,0.255306529625526,12.7251267881716));
#8174=CARTESIAN_POINT('Ctrl Pts',(-9.00876192872951,-3.72981032231319,12.891737712387));
#8175=CARTESIAN_POINT('Ctrl Pts',(-6.71353506979271,-7.07144326513243,13.0583486366025));
#8176=CARTESIAN_POINT('Ctrl Pts',(-3.25894882997886,-9.18831947997938,13.2249595608179));
#8177=CARTESIAN_POINT('Ctrl Pts',(1.20685974804992,-9.78309429921534,13.4100828099462));
#8178=CARTESIAN_POINT('Ctrl Pts',(5.92704172260723,-8.02451871190314,13.6137183839873));
#8179=CARTESIAN_POINT('Ctrl Pts',(9.27861428928307,-3.66382767470882,13.8358662829412));
#8180=CARTESIAN_POINT('Ctrl Pts',(9.76392234788775,1.34988530917596,14.0395018569823));
#8181=CARTESIAN_POINT('Ctrl Pts',(8.04123375063479,5.51250400330513,14.2246251061106));
#8182=CARTESIAN_POINT('Ctrl Pts',(5.1068229202675,8.30643327132746,14.3912360303261));
#8183=CARTESIAN_POINT('Ctrl Pts',(1.28726539275633,9.66496656447332,14.5578469545415));
#8184=CARTESIAN_POINT('Ctrl Pts',(-2.75336883333131,9.3535190761305,14.7244578787569));
#8185=CARTESIAN_POINT('Ctrl Pts',(-6.31894784203616,7.42571741453812,14.8910688029724));
#8186=CARTESIAN_POINT('Ctrl Pts',(-8.79219796616354,4.21499149169751,15.0576797271878));
#8187=CARTESIAN_POINT('Ctrl Pts',(-9.74661397628521,0.275527976952512,15.2242906514033));
#8188=CARTESIAN_POINT('Ctrl Pts',(-9.25953197855423,-2.38184885957899,15.3353646008803));
#8189=CARTESIAN_POINT('Ctrl Pts',(-8.75647654766244,-3.60407472648195,15.3909015756187));
#8190=CARTESIAN_POINT('Ctrl Pts',(4.8238057570785,-8.76600693352691,5.75099267890931));
#8191=CARTESIAN_POINT('Ctrl Pts',(6.04736187327854,-8.0927018782117,5.80652965364779));
#8192=CARTESIAN_POINT('Ctrl Pts',(8.20810714809368,-6.22705870872331,5.91760360312476));
#8193=CARTESIAN_POINT('Ctrl Pts',(10.0307590876756,-2.35125247471421,6.08421452734021));
#8194=CARTESIAN_POINT('Ctrl Pts',(10.1203997513838,1.93036560219422,6.25082545155566));
#8195=CARTESIAN_POINT('Ctrl Pts',(8.46068876089635,5.87861629699068,6.4174363757711));
#8196=CARTESIAN_POINT('Ctrl Pts',(5.34026047893878,8.81105609113006,6.58404729998655));
#8197=CARTESIAN_POINT('Ctrl Pts',(1.29450585923904,10.2208362535965,6.750658224202));
#8198=CARTESIAN_POINT('Ctrl Pts',(-2.96974063719988,9.86489620211837,6.91726914841745));
#8199=CARTESIAN_POINT('Ctrl Pts',(-7.14909489667648,7.5746377548445,7.10239239754572));
#8200=CARTESIAN_POINT('Ctrl Pts',(-10.0599414674999,3.13237467754518,7.30602797158684));
#8201=CARTESIAN_POINT('Ctrl Pts',(-10.230262527781,-3.66235262880089,7.5652005203664));
#8202=CARTESIAN_POINT('Ctrl Pts',(-6.43483177502389,-8.40660479649742,7.78734841932035));
#8203=CARTESIAN_POINT('Ctrl Pts',(-1.68661095149341,-10.0357234597246,7.98481321839049));
#8204=CARTESIAN_POINT('Ctrl Pts',(3.05743098878691,-10.1137206080606,8.16993646751879));
#8205=CARTESIAN_POINT('Ctrl Pts',(7.57813477015437,-7.34610015284433,8.36740126658894));
#8206=CARTESIAN_POINT('Ctrl Pts',(10.4227540947142,-1.68407981348644,8.61423226542665));
#8207=CARTESIAN_POINT('Ctrl Pts',(9.8733782600355,4.25354148251986,8.83638016438057));
#8208=CARTESIAN_POINT('Ctrl Pts',(5.47458888893476,9.00407675048705,9.08321116321828));
#8209=CARTESIAN_POINT('Ctrl Pts',(-0.115670727490363,10.5395887428493,9.30535906217222));
#8210=CARTESIAN_POINT('Ctrl Pts',(-5.68731232769374,8.87572584414842,9.52750696112614));
#8211=CARTESIAN_POINT('Ctrl Pts',(-9.52347245331617,4.51642218175439,9.74965486008007));
#8212=CARTESIAN_POINT('Ctrl Pts',(-10.4696392639801,-1.21593107134465,9.971802759034));
#8213=CARTESIAN_POINT('Ctrl Pts',(-8.23852962042504,-6.57574771284373,10.1939506579879));
#8214=CARTESIAN_POINT('Ctrl Pts',(-3.49819713601131,-9.94522233765448,10.4160985569419));
#8215=CARTESIAN_POINT('Ctrl Pts',(1.64582911706275,-10.2410069411199,10.613563356012));
#8216=CARTESIAN_POINT('Ctrl Pts',(6.88504996425643,-8.00652850112426,10.835711254966));
#8217=CARTESIAN_POINT('Ctrl Pts',(10.2921296351159,-3.10397075252006,11.0578591539199));
#8218=CARTESIAN_POINT('Ctrl Pts',(9.98808347021756,3.35792399402177,11.3046901527576));
#8219=CARTESIAN_POINT('Ctrl Pts',(6.70047000249553,8.13750764774004,11.5268380517115));
#8220=CARTESIAN_POINT('Ctrl Pts',(1.81254673123699,10.2578307295796,11.7304736257526));
#8221=CARTESIAN_POINT('Ctrl Pts',(-2.93040950117527,9.87499778176942,11.9155968748809));
#8222=CARTESIAN_POINT('Ctrl Pts',(-6.69371861228915,7.83312658073742,12.0822077990964));
#8223=CARTESIAN_POINT('Ctrl Pts',(-9.29984099966936,4.43333735355459,12.2488187233118));
#8224=CARTESIAN_POINT('Ctrl Pts',(-10.2991980043391,0.269359007952168,12.4154296475273));
#8225=CARTESIAN_POINT('Ctrl Pts',(-9.51894721954869,-3.94148185856147,12.5820405717427));
#8226=CARTESIAN_POINT('Ctrl Pts',(-7.0935560308891,-7.47232016120686,12.7486514959582));
#8227=CARTESIAN_POINT('Ctrl Pts',(-3.44317984879011,-9.70897097797419,12.9152624201736));
#8228=CARTESIAN_POINT('Ctrl Pts',(1.275639862372,-10.3372514383127,13.1003856693019));
#8229=CARTESIAN_POINT('Ctrl Pts',(6.26314399307753,-8.47885451676147,13.304021243343));
#8230=CARTESIAN_POINT('Ctrl Pts',(9.80439800030415,-3.87099109807655,13.5261691422969));
#8231=CARTESIAN_POINT('Ctrl Pts',(10.3169873807808,1.42676695111729,13.729804716338));
#8232=CARTESIAN_POINT('Ctrl Pts',(8.49653391434762,5.82512359863618,13.9149279654663));
#8233=CARTESIAN_POINT('Ctrl Pts',(5.39577233293111,8.77720413412603,14.0815388896817));
#8234=CARTESIAN_POINT('Ctrl Pts',(1.35978134089658,10.2125368664323,14.2481498138972));
#8235=CARTESIAN_POINT('Ctrl Pts',(-2.90973991153203,9.88327583257105,14.4147607381126));
#8236=CARTESIAN_POINT('Ctrl Pts',(-6.67722619968888,7.84611488439554,14.5813716623281));
#8237=CARTESIAN_POINT('Ctrl Pts',(-9.29044962355717,4.45339858832587,14.7479825865435));
#8238=CARTESIAN_POINT('Ctrl Pts',(-10.2987669529772,0.290726009319123,14.914593510759));
#8239=CARTESIAN_POINT('Ctrl Pts',(-9.78398006016984,-2.51716953770361,15.0256674602359));
#8240=CARTESIAN_POINT('Ctrl Pts',(-9.25237527905957,-3.80861277056528,15.0812044349744));
#8241=CARTESIAN_POINT('Ctrl Pts',(5.08273038584865,-9.23580343402437,5.44129450651999));
#8242=CARTESIAN_POINT('Ctrl Pts',(6.37186051788317,-8.52635774906463,5.49683148125847));
#8243=CARTESIAN_POINT('Ctrl Pts',(8.64838276481769,-6.56061689670564,5.60790543073543));
#8244=CARTESIAN_POINT('Ctrl Pts',(10.5686148133594,-2.47695521468849,5.77451635495089));
#8245=CARTESIAN_POINT('Ctrl Pts',(10.6629104428646,2.03421374805833,5.94112727916634));
#8246=CARTESIAN_POINT('Ctrl Pts',(8.91407925251674,6.19408107379734,6.10773820338178));
#8247=CARTESIAN_POINT('Ctrl Pts',(5.62625404200799,9.28362597557954,6.27434912759723));
#8248=CARTESIAN_POINT('Ctrl Pts',(1.36354720574634,10.7688452310777,6.44096005181268));
#8249=CARTESIAN_POINT('Ctrl Pts',(-3.12930315199262,10.3936721107589,6.60757097602813));
#8250=CARTESIAN_POINT('Ctrl Pts',(-7.53264182514038,7.98048016700697,6.7926942251564));
#8251=CARTESIAN_POINT('Ctrl Pts',(-10.5993892646459,3.29995421876489,6.99632979919751));
#8252=CARTESIAN_POINT('Ctrl Pts',(-10.7786021768313,-3.85906059969361,7.2555023479771));
#8253=CARTESIAN_POINT('Ctrl Pts',(-6.77952217400815,-8.85752966200679,7.47765024693102));
#8254=CARTESIAN_POINT('Ctrl Pts',(-1.77668050410542,-10.5738219205148,7.67511504600118));
#8255=CARTESIAN_POINT('Ctrl Pts',(3.22170355314392,-10.6558334856534,7.86023829512946));
#8256=CARTESIAN_POINT('Ctrl Pts',(7.98467550166237,-7.73967500727322,8.05770309419962));
#8257=CARTESIAN_POINT('Ctrl Pts',(10.9816020976893,-1.77400002969971,8.30453409303733));
#8258=CARTESIAN_POINT('Ctrl Pts',(10.4025636640461,4.48193191135871,8.52668199199124));
#8259=CARTESIAN_POINT('Ctrl Pts',(5.76777731957725,9.48699967105594,8.77351299082896));
#8260=CARTESIAN_POINT('Ctrl Pts',(-0.122243541298801,11.1046370960595,8.99566088978288));
#8261=CARTESIAN_POINT('Ctrl Pts',(-5.99253546632088,9.35137420927272,9.21780878873682));
#8262=CARTESIAN_POINT('Ctrl Pts',(-10.0342076435702,4.75822270184918,9.43995668769076));
#8263=CARTESIAN_POINT('Ctrl Pts',(-11.0308986907893,-1.28148898602807,9.66210458664469));
#8264=CARTESIAN_POINT('Ctrl Pts',(-8.67998506767199,-6.92857954399013,9.8842524855986));
#8265=CARTESIAN_POINT('Ctrl Pts',(-3.68539333044694,-10.4785326468886,10.1064003845526));
#8266=CARTESIAN_POINT('Ctrl Pts',(1.73442684343145,-10.7899937091957,10.3038651836227));
#8267=CARTESIAN_POINT('Ctrl Pts',(7.25445603195959,-8.43553490451769,10.5260130825766));
#8268=CARTESIAN_POINT('Ctrl Pts',(10.8440245900363,-3.27001930711374,10.7481609815306));
#8269=CARTESIAN_POINT('Ctrl Pts',(10.5234500636602,3.53830228339676,10.9949919803683));
#8270=CARTESIAN_POINT('Ctrl Pts',(7.05941137053266,8.57401493263723,11.2171398793222));
#8271=CARTESIAN_POINT('Ctrl Pts',(1.90936017743742,10.8078413238273,11.4207754533633));
#8272=CARTESIAN_POINT('Ctrl Pts',(-3.08786373495553,10.4043166466193,11.6058987024916));
#8273=CARTESIAN_POINT('Ctrl Pts',(-7.05286084708268,8.25284324509316,11.772509626707));
#8274=CARTESIAN_POINT('Ctrl Pts',(-9.79858384572883,4.6706913842519,11.9391205509225));
#8275=CARTESIAN_POINT('Ctrl Pts',(-10.8513720147706,0.283437029638434,12.1057314751379));
#8276=CARTESIAN_POINT('Ctrl Pts',(-10.0291417334357,-4.15312954004522,12.2723423993534));
#8277=CARTESIAN_POINT('Ctrl Pts',(-7.47359511990085,-7.87317901554698,12.4389533235688));
#8278=CARTESIAN_POINT('Ctrl Pts',(-3.62743476021029,-10.2296133601333,12.6055642477843));
#8279=CARTESIAN_POINT('Ctrl Pts',(1.34439424771503,-10.8914111382975,12.7906874969125));
#8280=CARTESIAN_POINT('Ctrl Pts',(6.5992248559952,-8.93320536744951,12.9943230709537));
#8281=CARTESIAN_POINT('Ctrl Pts',(10.3301715254608,-4.07817862552692,13.2164709699076));
#8282=CARTESIAN_POINT('Ctrl Pts',(10.8700553520389,1.50362290662139,13.4201065439487));
#8283=CARTESIAN_POINT('Ctrl Pts',(8.95184803523659,6.13772176604631,13.605229793077));
#8284=CARTESIAN_POINT('Ctrl Pts',(5.68474321139248,9.24796109144561,13.7718407172924));
#8285=CARTESIAN_POINT('Ctrl Pts',(1.43232255417201,10.7601031947525,13.9384516415079));
#8286=CARTESIAN_POINT('Ctrl Pts',(-3.06608629301847,10.4130392299816,14.1050625657233));
#8287=CARTESIAN_POINT('Ctrl Pts',(-7.03548469122458,8.26652846545358,14.2716734899388));
#8288=CARTESIAN_POINT('Ctrl Pts',(-9.78868968954617,4.6918284783426,14.4382844141542));
#8289=CARTESIAN_POINT('Ctrl Pts',(-10.8509185920417,0.305949586055526,14.6048953383696));
#8290=CARTESIAN_POINT('Ctrl Pts',(-10.3084338357488,-2.65246579212289,14.7159692878466));
#8291=CARTESIAN_POINT('Ctrl Pts',(-9.74828292037023,-4.01312762712372,14.7715062625851));
#8292=CARTESIAN_POINT('Ctrl Pts',(-1.77827770763598,8.75395356714822,15.));
#8293=CARTESIAN_POINT('Ctrl Pts',(0.46774224514769,9.21020995259784,14.8979132185742));
#8294=CARTESIAN_POINT('Ctrl Pts',(5.33217172247011,8.30941281949135,14.6929903347864));
#8295=CARTESIAN_POINT('Ctrl Pts',(9.61945551326337,2.21953291283174,14.3857296690202));
#8296=CARTESIAN_POINT('Ctrl Pts',(8.63399216047681,-3.88416808144326,14.1297470905));
#8297=CARTESIAN_POINT('Ctrl Pts',(5.85879389251624,-6.91128079757443,13.9504555319328));
#8298=CARTESIAN_POINT('Ctrl Pts',(3.88489863676042,-8.10526703615122,13.8480797691612));
#8299=CARTESIAN_POINT('Ctrl Pts',(1.35307090945426,-9.03327144404214,13.7285277659829));
#8300=CARTESIAN_POINT('Ctrl Pts',(-2.41155994393417,-9.02164540760024,13.5664207551425));
#8301=CARTESIAN_POINT('Ctrl Pts',(-6.53532593988538,-6.66349106793982,13.3615002912357));
#8302=CARTESIAN_POINT('Ctrl Pts',(-9.39068854596105,-1.90254481611192,13.122586297037));
#8303=CARTESIAN_POINT('Ctrl Pts',(-8.70208435730863,4.66211251284443,12.849398906708));
#8304=CARTESIAN_POINT('Ctrl Pts',(-2.97730474871528,9.41208241389636,12.5421729146411));
#8305=CARTESIAN_POINT('Ctrl Pts',(4.43796345025263,8.81818915094356,12.2348782360399));
#8306=CARTESIAN_POINT('Ctrl Pts',(8.77618041595523,3.84556878874334,11.9617986534497));
#8307=CARTESIAN_POINT('Ctrl Pts',(9.17868725395326,-1.69180480426005,11.722846194455));
#8308=CARTESIAN_POINT('Ctrl Pts',(7.49838537293786,-5.27574582587929,11.5521010775567));
#8309=CARTESIAN_POINT('Ctrl Pts',(5.22152174042696,-7.36593872498061,11.4155796540358));
#8310=CARTESIAN_POINT('Ctrl Pts',(2.03670797447657,-9.07229317532699,11.256219721757));
#8311=CARTESIAN_POINT('Ctrl Pts',(-2.01744479395208,-9.12914387200561,11.0855355067426));
#8312=CARTESIAN_POINT('Ctrl Pts',(-6.11805840044579,-6.88780634268713,10.8807083732613));
#8313=CARTESIAN_POINT('Ctrl Pts',(-8.65178053960603,-3.51375081957932,10.6986471673205));
#8314=CARTESIAN_POINT('Ctrl Pts',(-9.25911720977226,1.20636161737693,10.4937698938338));
#8315=CARTESIAN_POINT('Ctrl Pts',(-7.46562915889709,5.60640352837517,10.2889541176213));
#8316=CARTESIAN_POINT('Ctrl Pts',(-3.73727968141067,8.55679364371425,10.0841021173568));
#8317=CARTESIAN_POINT('Ctrl Pts',(0.960276319432217,9.28745688621423,9.87926929240624));
#8318=CARTESIAN_POINT('Ctrl Pts',(5.40887554400713,7.61076728367749,9.67441662692075));
#8319=CARTESIAN_POINT('Ctrl Pts',(8.45485200388262,3.96072528706432,9.4695729998755));
#8320=CARTESIAN_POINT('Ctrl Pts',(9.31007524229883,-0.715238908349895,9.26474390539372));
#8321=CARTESIAN_POINT('Ctrl Pts',(7.75049363904256,-5.20657536228962,9.05990279836817));
#8322=CARTESIAN_POINT('Ctrl Pts',(4.18213509171679,-8.34740522044393,8.85506183882213));
#8323=CARTESIAN_POINT('Ctrl Pts',(-0.469353978273694,-9.32524581294661,
8.65023302900396));
#8324=CARTESIAN_POINT('Ctrl Pts',(-5.0011332094081,-7.88530907046923,8.44539627325139));
#8325=CARTESIAN_POINT('Ctrl Pts',(-8.23410468130813,-4.40049134244865,8.2404929980358));
#8326=CARTESIAN_POINT('Ctrl Pts',(-9.33590248948638,0.225173401085223,8.03575370819372));
#8327=CARTESIAN_POINT('Ctrl Pts',(-8.01160243672997,4.78729765604137,7.83080617624672));
#8328=CARTESIAN_POINT('Ctrl Pts',(-4.05550876704237,8.68179614853254,7.59197214461145));
#8329=CARTESIAN_POINT('Ctrl Pts',(2.48725239260952,9.55471427173456,7.31867632756085));
#8330=CARTESIAN_POINT('Ctrl Pts',(8.45238098751342,5.1054222636327,7.01158830073965));
#8331=CARTESIAN_POINT('Ctrl Pts',(9.60550538941145,-2.21380117853601,6.7053194691277));
#8332=CARTESIAN_POINT('Ctrl Pts',(6.79375416282242,-6.22936943678393,6.50210087673414));
#8333=CARTESIAN_POINT('Ctrl Pts',(4.88906519005323,-7.4760102853894,6.4006984070037));
#8334=CARTESIAN_POINT('',(-4.5,9.09375549828012,6.90245794694541));
#8335=CARTESIAN_POINT('Ctrl Pts',(-4.50026689669606,9.49351902294098,6.68788554107866));
#8336=CARTESIAN_POINT('Ctrl Pts',(-4.50030677281409,9.36035345457696,6.75950780330694));
#8337=CARTESIAN_POINT('Ctrl Pts',(-4.5003481413861,9.22690431013214,6.83108987898807));
#8338=CARTESIAN_POINT('Ctrl Pts',(-4.50039082172069,9.09345266342353,6.90245795386119));
#8339=CARTESIAN_POINT('',(-4.49999999999983,8.91113041870874,7.));
#8340=CARTESIAN_POINT('Ctrl Pts',(-4.50045003457487,8.91080248199239,7.00000001054064));
#8341=CARTESIAN_POINT('Ctrl Pts',(-4.50043122810361,8.97169865501046,6.96752524109373));
#8342=CARTESIAN_POINT('Ctrl Pts',(-4.50041075226773,9.03259096029069,6.93500583886127));
#8343=CARTESIAN_POINT('Ctrl Pts',(-4.50039082172066,9.09345266342329,6.90245795386132));
#8344=CARTESIAN_POINT('',(1.5,9.43345236146984,7.));
#8345=CARTESIAN_POINT('Ctrl Pts',(-4.50045003457505,8.91080248199409,7.00000001053968));
#8346=CARTESIAN_POINT('Ctrl Pts',(-4.27405460720365,9.00617670310879,7.00000001085905));
#8347=CARTESIAN_POINT('Ctrl Pts',(-4.04442247766551,9.09313232003856,7.00000001114178));
#8348=CARTESIAN_POINT('Ctrl Pts',(-3.81202611512233,9.17144650615965,7.00000001140034));
#8349=CARTESIAN_POINT('Ctrl Pts',(-3.58170840421476,9.24906021698374,7.00000001165658));
#8350=CARTESIAN_POINT('Ctrl Pts',(-3.34867505651788,9.31818652666599,7.00000001188912));
#8351=CARTESIAN_POINT('Ctrl Pts',(-3.11337674099179,9.37855844042494,7.00000001210095));
#8352=CARTESIAN_POINT('Ctrl Pts',(-3.02406931884789,9.40147258656174,7.00000001218135));
#8353=CARTESIAN_POINT('Ctrl Pts',(-2.93443556320637,9.42312506284192,7.00000001225868));
#8354=CARTESIAN_POINT('Ctrl Pts',(-2.84450004840027,9.44349929292757,7.00000001233273));
#8355=CARTESIAN_POINT('Ctrl Pts',(-2.60640378129334,9.49743825284823,7.00000001252876));
#8356=CARTESIAN_POINT('Ctrl Pts',(-2.36619191617652,9.54242183264819,7.0000000127026));
#8357=CARTESIAN_POINT('Ctrl Pts',(-2.1243619913754,9.57837596358457,7.00000001284357));
#8358=CARTESIAN_POINT('Ctrl Pts',(-1.91710605332841,9.60918979748049,7.00000001296439));
#8359=CARTESIAN_POINT('Ctrl Pts',(-1.7086614805597,9.63337063455362,7.00000001306093));
#8360=CARTESIAN_POINT('Ctrl Pts',(-1.49934923255475,9.65084235160716,7.00000001312022));
#8361=CARTESIAN_POINT('Ctrl Pts',(-1.25851847063904,9.67094498282003,7.00000001318843));
#8362=CARTESIAN_POINT('Ctrl Pts',(-1.01709019518406,9.68212118739208,7.0000000132187));
#8363=CARTESIAN_POINT('Ctrl Pts',(-0.775552511319134,9.68433264213514,7.00000001321618));
#8364=CARTESIAN_POINT('Ctrl Pts',(-0.535978172416345,9.68652612101433,7.00000001321368));
#8365=CARTESIAN_POINT('Ctrl Pts',(-0.296295584201124,9.67989988852948,7.00000001317894));
#8366=CARTESIAN_POINT('Ctrl Pts',(-0.0569928288842844,9.66436672535721,
7.00000001310643));
#8367=CARTESIAN_POINT('Ctrl Pts',(-0.0277664004417167,9.66246963528259,
7.00000001309757));
#8368=CARTESIAN_POINT('Ctrl Pts',(0.0014543412147841,9.66043962796419,7.00000001308814));
#8369=CARTESIAN_POINT('Ctrl Pts',(0.0306684879169281,9.65827649423248,7.00000001307811));
#8370=CARTESIAN_POINT('Ctrl Pts',(0.271547295075892,9.64044085185243,7.00000001299541));
#8371=CARTESIAN_POINT('Ctrl Pts',(0.511504314445242,9.6135939141125,7.00000001287331));
#8372=CARTESIAN_POINT('Ctrl Pts',(0.750037792024718,9.5776964540763,7.00000001271866));
#8373=CARTESIAN_POINT('Ctrl Pts',(0.902013528127587,9.55482527067435,7.00000001262012));
#8374=CARTESIAN_POINT('Ctrl Pts',(1.0534112393204,9.52827920365315,7.00000001250817));
#8375=CARTESIAN_POINT('Ctrl Pts',(1.2040979138218,9.49803752934787,7.00000001238224));
#8376=CARTESIAN_POINT('Ctrl Pts',(1.3029404595997,9.47820057902157,7.00000001229964));
#8377=CARTESIAN_POINT('Ctrl Pts',(1.40147701206846,9.45677335210627,7.00000001221099));
#8378=CARTESIAN_POINT('Ctrl Pts',(1.49967018410067,9.43376879600716,7.0000000121157));
#8379=CARTESIAN_POINT('',(1.5,10.0347590435695,6.66058344634525));
#8380=CARTESIAN_POINT('Ctrl Pts',(1.4996701844892,9.4337687959501,7.00000001209655));
#8381=CARTESIAN_POINT('Ctrl Pts',(1.49967264279182,9.63412334394967,6.88707792450202));
#8382=CARTESIAN_POINT('Ctrl Pts',(1.49967546963856,9.83494769389566,6.77371941740181));
#8383=CARTESIAN_POINT('Ctrl Pts',(1.49967855741186,10.035124965158,6.66058345326081));
#8384=CARTESIAN_POINT('Ctrl Pts',(1.49967855741187,10.0351249651576,6.66058345326103));
#8385=CARTESIAN_POINT('Ctrl Pts',(1.49968061774839,10.1686945338775,6.58509275523256));
#8386=CARTESIAN_POINT('Ctrl Pts',(1.4996827873202,10.3021481047064,6.50960387529187));
#8387=CARTESIAN_POINT('Ctrl Pts',(1.49968498680202,10.4351535958359,6.43431224945456));
#8388=CARTESIAN_POINT('Ctrl Pts',(-1.73053539840811,8.58685550622907,15.2996198581143));
#8389=CARTESIAN_POINT('Ctrl Pts',(0.472611859653447,9.03086254876234,15.1975330766885));
#8390=CARTESIAN_POINT('Ctrl Pts',(5.2413282781315,8.14017362060508,14.9926101929008));
#8391=CARTESIAN_POINT('Ctrl Pts',(9.43623829705418,2.16192196362003,14.6853495271345));
#8392=CARTESIAN_POINT('Ctrl Pts',(8.46064938519297,-3.82190115028095,14.4293669486144));
#8393=CARTESIAN_POINT('Ctrl Pts',(5.73469604335918,-6.7860996779421,14.2500753900472));
#8394=CARTESIAN_POINT('Ctrl Pts',(3.79727867689942,-7.95393964057606,14.1476996272755));
#8395=CARTESIAN_POINT('Ctrl Pts',(1.31315301086506,-8.86011213837998,14.0281476240973));
#8396=CARTESIAN_POINT('Ctrl Pts',(-2.37844222716436,-8.843012931997,13.8660406132568));
#8397=CARTESIAN_POINT('Ctrl Pts',(-6.41865486542454,-6.52435457285227,13.6611201493501));
#8398=CARTESIAN_POINT('Ctrl Pts',(-9.21142861041065,-1.85142839707747,13.4222061551513));
#8399=CARTESIAN_POINT('Ctrl Pts',(-8.5262432752453,4.58485980302573,13.1490187648224));
#8400=CARTESIAN_POINT('Ctrl Pts',(-2.90531011926584,9.23403443257473,12.8417927727554));
#8401=CARTESIAN_POINT('Ctrl Pts',(4.36523404247702,8.64043542688596,12.5344980941542));
#8402=CARTESIAN_POINT('Ctrl Pts',(8.61178058542353,3.75769607531,12.2614185115641));
#8403=CARTESIAN_POINT('Ctrl Pts',(8.99809834752027,-1.67288503248527,12.0224660525693));
#8404=CARTESIAN_POINT('Ctrl Pts',(7.34496211197703,-5.18476912341992,11.8517209356711));
#8405=CARTESIAN_POINT('Ctrl Pts',(5.1090960595441,-7.23097448907975,11.7151995121502));
#8406=CARTESIAN_POINT('Ctrl Pts',(1.98347132132077,-8.89941185973738,11.5558395798713));
#8407=CARTESIAN_POINT('Ctrl Pts',(-1.99213397925719,-8.94902296521323,11.385155364857));
#8408=CARTESIAN_POINT('Ctrl Pts',(-6.0098201171991,-6.74495070790735,11.1803282313757));
#8409=CARTESIAN_POINT('Ctrl Pts',(-8.48929125825519,-3.43250228905118,10.9982670254348));
#8410=CARTESIAN_POINT('Ctrl Pts',(-9.07770313420736,1.1969791531197,10.7933897519481));
#8411=CARTESIAN_POINT('Ctrl Pts',(-7.3123407015681,5.50896387183596,10.5885739757357));
#8412=CARTESIAN_POINT('Ctrl Pts',(-3.65183941571846,8.39648507314903,10.3837219754712));
#8413=CARTESIAN_POINT('Ctrl Pts',(0.955709774564614,9.10586564879098,10.1788891505206));
#8414=CARTESIAN_POINT('Ctrl Pts',(5.3154868013439,7.45496276240349,9.97403648503509));
#8415=CARTESIAN_POINT('Ctrl Pts',(8.29685891087798,3.87110542869075,9.76919285798985));
#8416=CARTESIAN_POINT('Ctrl Pts',(9.12841622636005,-0.715459297688684,9.56436376350806));
#8417=CARTESIAN_POINT('Ctrl Pts',(7.5922852432639,-5.11732190207133,9.35952265648252));
#8418=CARTESIAN_POINT('Ctrl Pts',(4.08838345999237,-8.19183129997878,9.15468169693647));
#8419=CARTESIAN_POINT('Ctrl Pts',(-0.474366466126782,-9.14366475715028,
8.94985288711831));
#8420=CARTESIAN_POINT('Ctrl Pts',(-4.91606853881627,-7.72479680759302,8.74501613136573));
#8421=CARTESIAN_POINT('Ctrl Pts',(-8.0810588493591,-4.30267602454061,8.54011285615014));
#8422=CARTESIAN_POINT('Ctrl Pts',(-9.15448436446285,0.234938097314917,8.33537356630807));
#8423=CARTESIAN_POINT('Ctrl Pts',(-7.84896430441635,4.70657167159259,8.13042603436107));
#8424=CARTESIAN_POINT('Ctrl Pts',(-3.96370697345235,8.51954477031242,7.8915920027258));
#8425=CARTESIAN_POINT('Ctrl Pts',(2.45347348725086,9.36562792198245,7.61829618567518));
#8426=CARTESIAN_POINT('Ctrl Pts',(8.29616859358104,4.9936038353135,7.31120815885401));
#8427=CARTESIAN_POINT('Ctrl Pts',(9.42035374177895,-2.2142932950741,7.00370681572264));
#8428=CARTESIAN_POINT('Ctrl Pts',(6.61899783563166,-6.16638235417823,6.79926238285147));
#8429=CARTESIAN_POINT('Ctrl Pts',(4.71443647309893,-7.3826099037613,6.69661563623328));
#8430=CARTESIAN_POINT('Ctrl Pts',(-1.74644950148407,8.64255485986879,15.1997465720762));
#8431=CARTESIAN_POINT('Ctrl Pts',(0.470988654818189,9.09064501670751,15.0976597906504));
#8432=CARTESIAN_POINT('Ctrl Pts',(5.27160942624437,8.1965866869005,14.8927369068626));
#8433=CARTESIAN_POINT('Ctrl Pts',(9.49731070245724,2.18112561335727,14.5854762410964));
#8434=CARTESIAN_POINT('Ctrl Pts',(8.51843031028758,-3.84265679400172,14.3294936625763));
#8435=CARTESIAN_POINT('Ctrl Pts',(5.7760619930782,-6.82782671781954,14.1502021040091));
#8436=CARTESIAN_POINT('Ctrl Pts',(3.82648533018642,-8.00438210576778,14.0478263412374));
#8437=CARTESIAN_POINT('Ctrl Pts',(1.32645897706146,-8.91783190693403,13.9282743380592));
#8438=CARTESIAN_POINT('Ctrl Pts',(-2.38948146608763,-8.90255709053142,13.7661673272187));
#8439=CARTESIAN_POINT('Ctrl Pts',(-6.45754522357815,-6.57073340454812,13.5612468633119));
#8440=CARTESIAN_POINT('Ctrl Pts',(-9.27118192226078,-1.86846720342228,13.3223328691132));
#8441=CARTESIAN_POINT('Ctrl Pts',(-8.58485696926642,4.61061070629863,13.0491454787842));
#8442=CARTESIAN_POINT('Ctrl Pts',(-2.92930832908232,9.29338375968194,12.7419194867173));
#8443=CARTESIAN_POINT('Ctrl Pts',(4.38947717840221,8.6996866682385,12.4346248081161));
#8444=CARTESIAN_POINT('Ctrl Pts',(8.66658052893411,3.78698697978778,12.1615452255259));
#8445=CARTESIAN_POINT('Ctrl Pts',(9.05829464966459,-1.67919162307686,11.9225927665312));
#8446=CARTESIAN_POINT('Ctrl Pts',(7.39610319896398,-5.21509469090637,11.751847649633));
#8447=CARTESIAN_POINT('Ctrl Pts',(5.14657128650505,-7.27596256771337,11.6153262261121));
#8448=CARTESIAN_POINT('Ctrl Pts',(2.0012168723727,-8.95703896493391,11.4559662938332));
#8449=CARTESIAN_POINT('Ctrl Pts',(-2.00057091748881,-9.00906326747737,11.2852820788188));
#8450=CARTESIAN_POINT('Ctrl Pts',(-6.045899544948,-6.79256925283394,11.0804549453376));
#8451=CARTESIAN_POINT('Ctrl Pts',(-8.5434543520388,-3.45958513256056,10.8983937393967));
#8452=CARTESIAN_POINT('Ctrl Pts',(-9.13817449272899,1.20010664120545,10.69351646591));
#8453=CARTESIAN_POINT('Ctrl Pts',(-7.3634368540111,5.54144375734902,10.4887006896975));
#8454=CARTESIAN_POINT('Ctrl Pts',(-3.68031950428253,8.44992126333743,10.2838486894331));
#8455=CARTESIAN_POINT('Ctrl Pts',(0.957231956187148,9.1663960612654,10.0790158644825));
#8456=CARTESIAN_POINT('Ctrl Pts',(5.34661638223165,7.50689760282815,9.87416319899698));
#8457=CARTESIAN_POINT('Ctrl Pts',(8.34952327521286,3.90097871481528,9.66931957195174));
#8458=CARTESIAN_POINT('Ctrl Pts',(9.18896923167298,-0.715385834575756,9.46449047746994));
#8459=CARTESIAN_POINT('Ctrl Pts',(7.64502137519012,-5.14707305547743,9.25964937044441));
#8460=CARTESIAN_POINT('Ctrl Pts',(4.11963400390051,-8.24368927346717,9.05480841089835));
#8461=CARTESIAN_POINT('Ctrl Pts',(-0.472695636842419,-9.20419177574906,
8.84997960108021));
#8462=CARTESIAN_POINT('Ctrl Pts',(-4.94442342901355,-7.77830089521843,8.64514284532762));
#8463=CARTESIAN_POINT('Ctrl Pts',(-8.13207412667545,-4.33528113050995,8.44023957011203));
#8464=CARTESIAN_POINT('Ctrl Pts',(-9.21495707280403,0.231683198571688,8.23550028026995));
#8465=CARTESIAN_POINT('Ctrl Pts',(-7.90317701518755,4.73348033307551,8.03055274832296));
#8466=CARTESIAN_POINT('Ctrl Pts',(-3.99430757131569,8.57362856305248,7.79171871668768));
#8467=CARTESIAN_POINT('Ctrl Pts',(2.46473312237042,9.42865670523313,7.51842289963708));
#8468=CARTESIAN_POINT('Ctrl Pts',(8.3482393915585,5.03087664475324,7.21133487281588));
#8469=CARTESIAN_POINT('Ctrl Pts',(9.48361778946123,-2.22394745761898,6.90383352968453));
#8470=CARTESIAN_POINT('Ctrl Pts',(6.66586821090233,-6.20355998467618,6.69938909681335));
#8471=CARTESIAN_POINT('Ctrl Pts',(4.74938954044147,-7.42880470602241,6.59674235019517));
#8472=CARTESIAN_POINT('Ctrl Pts',(-1.76236360456002,8.69825421350851,15.0998732860381));
#8473=CARTESIAN_POINT('Ctrl Pts',(0.469365449982947,9.15042748465268,14.9977865046123));
#8474=CARTESIAN_POINT('Ctrl Pts',(5.30189057435725,8.25299975319592,14.7928636208245));
#8475=CARTESIAN_POINT('Ctrl Pts',(9.5583831078603,2.2003292630945,14.4856029550583));
#8476=CARTESIAN_POINT('Ctrl Pts',(8.5762112353822,-3.86341243772249,14.2296203765382));
#8477=CARTESIAN_POINT('Ctrl Pts',(5.81742794279722,-6.86955375769699,14.0503288179709));
#8478=CARTESIAN_POINT('Ctrl Pts',(3.85569198347342,-8.0548245709595,13.9479530551993));
#8479=CARTESIAN_POINT('Ctrl Pts',(1.33976494325785,-8.97555167548808,13.8284010520211));
#8480=CARTESIAN_POINT('Ctrl Pts',(-2.40052070501089,-8.96210124906583,13.6662940411806));
#8481=CARTESIAN_POINT('Ctrl Pts',(-6.49643558173177,-6.61711223624397,13.4613735772738));
#8482=CARTESIAN_POINT('Ctrl Pts',(-9.33093523411091,-1.8855060097671,13.2224595830751));
#8483=CARTESIAN_POINT('Ctrl Pts',(-8.64347066328753,4.63636160957153,12.9492721927461));
#8484=CARTESIAN_POINT('Ctrl Pts',(-2.9533065388988,9.35273308678915,12.6420462006792));
#8485=CARTESIAN_POINT('Ctrl Pts',(4.41372031432743,8.75893790959103,12.334751522078));
#8486=CARTESIAN_POINT('Ctrl Pts',(8.72138047244466,3.81627788426556,12.0616719394878));
#8487=CARTESIAN_POINT('Ctrl Pts',(9.11849095180893,-1.68549821366846,11.8227194804931));
#8488=CARTESIAN_POINT('Ctrl Pts',(7.44724428595092,-5.24542025839283,11.6519743635948));
#8489=CARTESIAN_POINT('Ctrl Pts',(5.18404651346601,-7.32095064634699,11.515452940074));
#8490=CARTESIAN_POINT('Ctrl Pts',(2.01896242342463,-9.01466607013045,11.3560930077951));
#8491=CARTESIAN_POINT('Ctrl Pts',(-2.00900785572045,-9.06910356974149,11.1854087927807));
#8492=CARTESIAN_POINT('Ctrl Pts',(-6.08197897269689,-6.84018779776054,10.9805816592995));
#8493=CARTESIAN_POINT('Ctrl Pts',(-8.59761744582242,-3.48666797606994,10.7985204533586));
#8494=CARTESIAN_POINT('Ctrl Pts',(-9.19864585125062,1.20323412929119,10.5936431798719));
#8495=CARTESIAN_POINT('Ctrl Pts',(-7.41453300645409,5.57392364286209,10.3888274036594));
#8496=CARTESIAN_POINT('Ctrl Pts',(-3.70879959284661,8.50335745352585,10.183975403395));
#8497=CARTESIAN_POINT('Ctrl Pts',(0.958754137809685,9.22692647373981,9.97914257844436));
#8498=CARTESIAN_POINT('Ctrl Pts',(5.37774596311938,7.55883244325282,9.77428991295887));
#8499=CARTESIAN_POINT('Ctrl Pts',(8.40218763954774,3.9308520009398,9.56944628591362));
#8500=CARTESIAN_POINT('Ctrl Pts',(9.2495222369859,-0.715312371462824,9.36461719143183));
#8501=CARTESIAN_POINT('Ctrl Pts',(7.69775750711634,-5.17682420888352,9.15977608440629));
#8502=CARTESIAN_POINT('Ctrl Pts',(4.15088454780865,-8.29554724695555,8.95493512486025));
#8503=CARTESIAN_POINT('Ctrl Pts',(-0.471024807558055,-9.26471879434784,
8.75010631504209));
#8504=CARTESIAN_POINT('Ctrl Pts',(-4.97277831921083,-7.83180498284383,8.54526955928949));
#8505=CARTESIAN_POINT('Ctrl Pts',(-8.18308940399178,-4.3678862364793,8.34036628407392));
#8506=CARTESIAN_POINT('Ctrl Pts',(-9.27542978114521,0.228428299828454,8.13562699423183));
#8507=CARTESIAN_POINT('Ctrl Pts',(-7.95738972595876,4.76038899455844,7.93067946228484));
#8508=CARTESIAN_POINT('Ctrl Pts',(-4.02490816917903,8.6277123557925,7.69184543064956));
#8509=CARTESIAN_POINT('Ctrl Pts',(2.47599275748997,9.49168548848386,7.41854961359896));
#8510=CARTESIAN_POINT('Ctrl Pts',(8.40031018953596,5.06814945419296,7.11146158677776));
#8511=CARTESIAN_POINT('Ctrl Pts',(9.54688183714349,-2.23360162016385,6.80396024364642));
#8512=CARTESIAN_POINT('Ctrl Pts',(6.71273858617299,-6.24073761517412,6.59951581077524));
#8513=CARTESIAN_POINT('Ctrl Pts',(4.78434260778401,-7.47499950828351,6.49686906415705));
#8514=CARTESIAN_POINT('Ctrl Pts',(-1.77827770763598,8.75395356714822,15.));
#8515=CARTESIAN_POINT('Ctrl Pts',(0.46774224514769,9.21020995259784,14.8979132185742));
#8516=CARTESIAN_POINT('Ctrl Pts',(5.33217172247011,8.30941281949135,14.6929903347864));
#8517=CARTESIAN_POINT('Ctrl Pts',(9.61945551326337,2.21953291283174,14.3857296690202));
#8518=CARTESIAN_POINT('Ctrl Pts',(8.63399216047681,-3.88416808144326,14.1297470905));
#8519=CARTESIAN_POINT('Ctrl Pts',(5.85879389251624,-6.91128079757443,13.9504555319328));
#8520=CARTESIAN_POINT('Ctrl Pts',(3.88489863676042,-8.10526703615122,13.8480797691612));
#8521=CARTESIAN_POINT('Ctrl Pts',(1.35307090945426,-9.03327144404214,13.7285277659829));
#8522=CARTESIAN_POINT('Ctrl Pts',(-2.41155994393417,-9.02164540760024,13.5664207551425));
#8523=CARTESIAN_POINT('Ctrl Pts',(-6.53532593988538,-6.66349106793982,13.3615002912357));
#8524=CARTESIAN_POINT('Ctrl Pts',(-9.39068854596105,-1.90254481611192,13.122586297037));
#8525=CARTESIAN_POINT('Ctrl Pts',(-8.70208435730863,4.66211251284443,12.849398906708));
#8526=CARTESIAN_POINT('Ctrl Pts',(-2.97730474871528,9.41208241389636,12.5421729146411));
#8527=CARTESIAN_POINT('Ctrl Pts',(4.43796345025263,8.81818915094356,12.2348782360399));
#8528=CARTESIAN_POINT('Ctrl Pts',(8.77618041595523,3.84556878874334,11.9617986534497));
#8529=CARTESIAN_POINT('Ctrl Pts',(9.17868725395326,-1.69180480426005,11.722846194455));
#8530=CARTESIAN_POINT('Ctrl Pts',(7.49838537293786,-5.27574582587929,11.5521010775567));
#8531=CARTESIAN_POINT('Ctrl Pts',(5.22152174042696,-7.36593872498061,11.4155796540358));
#8532=CARTESIAN_POINT('Ctrl Pts',(2.03670797447657,-9.07229317532699,11.256219721757));
#8533=CARTESIAN_POINT('Ctrl Pts',(-2.01744479395208,-9.12914387200561,11.0855355067426));
#8534=CARTESIAN_POINT('Ctrl Pts',(-6.11805840044579,-6.88780634268713,10.8807083732613));
#8535=CARTESIAN_POINT('Ctrl Pts',(-8.65178053960603,-3.51375081957932,10.6986471673205));
#8536=CARTESIAN_POINT('Ctrl Pts',(-9.25911720977226,1.20636161737693,10.4937698938338));
#8537=CARTESIAN_POINT('Ctrl Pts',(-7.46562915889709,5.60640352837517,10.2889541176213));
#8538=CARTESIAN_POINT('Ctrl Pts',(-3.73727968141067,8.55679364371425,10.0841021173568));
#8539=CARTESIAN_POINT('Ctrl Pts',(0.960276319432217,9.28745688621423,9.87926929240624));
#8540=CARTESIAN_POINT('Ctrl Pts',(5.40887554400713,7.61076728367749,9.67441662692075));
#8541=CARTESIAN_POINT('Ctrl Pts',(8.45485200388262,3.96072528706432,9.4695729998755));
#8542=CARTESIAN_POINT('Ctrl Pts',(9.31007524229883,-0.715238908349895,9.26474390539372));
#8543=CARTESIAN_POINT('Ctrl Pts',(7.75049363904256,-5.20657536228962,9.05990279836817));
#8544=CARTESIAN_POINT('Ctrl Pts',(4.18213509171679,-8.34740522044393,8.85506183882213));
#8545=CARTESIAN_POINT('Ctrl Pts',(-0.469353978273694,-9.32524581294661,
8.65023302900396));
#8546=CARTESIAN_POINT('Ctrl Pts',(-5.0011332094081,-7.88530907046923,8.44539627325139));
#8547=CARTESIAN_POINT('Ctrl Pts',(-8.23410468130813,-4.40049134244865,8.2404929980358));
#8548=CARTESIAN_POINT('Ctrl Pts',(-9.33590248948638,0.225173401085223,8.03575370819372));
#8549=CARTESIAN_POINT('Ctrl Pts',(-8.01160243672997,4.78729765604137,7.83080617624672));
#8550=CARTESIAN_POINT('Ctrl Pts',(-4.05550876704237,8.68179614853254,7.59197214461145));
#8551=CARTESIAN_POINT('Ctrl Pts',(2.48725239260952,9.55471427173456,7.31867632756085));
#8552=CARTESIAN_POINT('Ctrl Pts',(8.45238098751342,5.1054222636327,7.01158830073965));
#8553=CARTESIAN_POINT('Ctrl Pts',(9.61014588482578,-2.24325578270872,6.7040869576083));
#8554=CARTESIAN_POINT('Ctrl Pts',(6.75960896144366,-6.27791524567207,6.49964252473713));
#8555=CARTESIAN_POINT('Ctrl Pts',(4.81929567512655,-7.52119431054462,6.39699577811894));
#8556=CARTESIAN_POINT('Ctrl Pts',(3.64719448344809,7.96409521853586,41.2996198581143));
#8557=CARTESIAN_POINT('Ctrl Pts',(5.62567338900701,7.05804159261004,41.2007747636679));
#8558=CARTESIAN_POINT('Ctrl Pts',(8.86474814008307,3.71226525459487,41.0031803550568));
#8559=CARTESIAN_POINT('Ctrl Pts',(9.03556759071112,-3.28366260215352,40.7067699660151));
#8560=CARTESIAN_POINT('Ctrl Pts',(4.41061342717144,-8.54066087135095,40.4103015789205));
#8561=CARTESIAN_POINT('Ctrl Pts',(-1.76531618827818,-9.18211265213779,40.1469105508206));
#8562=CARTESIAN_POINT('Ctrl Pts',(-6.31824654754701,-6.58342085803515,39.9162697690188));
#8563=CARTESIAN_POINT('Ctrl Pts',(-8.693967260464,-2.78417144021905,39.718755076453));
#8564=CARTESIAN_POINT('Ctrl Pts',(-8.96893550757296,1.69853751646095,39.5210432257025));
#8565=CARTESIAN_POINT('Ctrl Pts',(-7.07516247508223,5.76678245504193,39.3233857883687));
#8566=CARTESIAN_POINT('Ctrl Pts',(-3.47505235950515,8.44018154263314,39.1259048690221));
#8567=CARTESIAN_POINT('Ctrl Pts',(0.968134986551485,9.07585542080813,38.9282053934924));
#8568=CARTESIAN_POINT('Ctrl Pts',(5.17427217678883,7.51912587213992,38.7306700990715));
#8569=CARTESIAN_POINT('Ctrl Pts',(8.13379241805434,4.14465506957216,38.5330000128228));
#8570=CARTESIAN_POINT('Ctrl Pts',(9.12379759215724,-0.231932924532061,38.3353883562587));
#8571=CARTESIAN_POINT('Ctrl Pts',(7.91318737945289,-4.55145512682857,38.1377903089499));
#8572=CARTESIAN_POINT('Ctrl Pts',(4.7871722324904,-7.77111443914764,37.9401808321002));
#8573=CARTESIAN_POINT('Ctrl Pts',(0.50664822894419,-9.11449349408181,37.7425810635145));
#8574=CARTESIAN_POINT('Ctrl Pts',(-3.8979311346612,-8.25280770843557,37.5449512864095));
#8575=CARTESIAN_POINT('Ctrl Pts',(-7.35859498589062,-5.40119992023751,37.3473556850583));
#8576=CARTESIAN_POINT('Ctrl Pts',(-9.04438298849793,-1.23919076152911,37.1497641850225));
#8577=CARTESIAN_POINT('Ctrl Pts',(-8.59452452559071,2.72057062520765,36.9740298962375));
#8578=CARTESIAN_POINT('Ctrl Pts',(-6.38232761264977,6.54110524653805,36.7764701827429));
#8579=CARTESIAN_POINT('Ctrl Pts',(-2.47413136906826,8.93599550004985,36.5789254697928));
#8580=CARTESIAN_POINT('Ctrl Pts',(2.52403238105446,8.77161988934901,36.3592288812391));
#8581=CARTESIAN_POINT('Ctrl Pts',(6.38887898265881,6.51380598518068,36.1616992742849));
#8582=CARTESIAN_POINT('Ctrl Pts',(9.12556158192263,2.04223603586149,35.9311145931371));
#8583=CARTESIAN_POINT('Ctrl Pts',(8.66991971437924,-4.1526138163104,35.6676453917576));
#8584=CARTESIAN_POINT('Ctrl Pts',(3.55725736282872,-8.93254655124143,35.3712651278685));
#8585=CARTESIAN_POINT('Ctrl Pts',(-3.44625183511421,-8.9763601591269,35.0747893452458));
#8586=CARTESIAN_POINT('Ctrl Pts',(-8.03179068442102,-4.78679170156748,34.8113000484798));
#8587=CARTESIAN_POINT('Ctrl Pts',(-9.11949486318651,0.339892516769833,34.580820291933));
#8588=CARTESIAN_POINT('Ctrl Pts',(-7.8589526191515,4.63899318458,34.3831648330237));
#8589=CARTESIAN_POINT('Ctrl Pts',(-4.17179156471638,8.36779386296694,34.1525716386323));
#8590=CARTESIAN_POINT('Ctrl Pts',(1.94667933722864,9.4130226488309,33.8891939136543));
#8591=CARTESIAN_POINT('Ctrl Pts',(7.81723324990958,5.59579654045896,33.5927102660919));
#8592=CARTESIAN_POINT('Ctrl Pts',(9.53688013395986,-1.18757541878906,33.296322537187));
#8593=CARTESIAN_POINT('Ctrl Pts',(7.31725607757735,-5.28237377543124,33.0986524167443));
#8594=CARTESIAN_POINT('Ctrl Pts',(5.65961895006562,-6.68562290217285,33.));
#8595=CARTESIAN_POINT('Ctrl Pts',(3.66705896285789,8.01851101898734,41.1997465689749));
#8596=CARTESIAN_POINT('Ctrl Pts',(5.65905610374275,7.10752256337858,41.1009014745285));
#8597=CARTESIAN_POINT('Ctrl Pts',(8.92123957141241,3.74138940602163,40.9033070659174));
#8598=CARTESIAN_POINT('Ctrl Pts',(9.09685613787222,-3.30056831717468,40.6068966768756));
#8599=CARTESIAN_POINT('Ctrl Pts',(4.44417126352262,-8.59464936218297,40.3104282897812));
#8600=CARTESIAN_POINT('Ctrl Pts',(-1.77213555725834,-9.24357054210799,40.0470372616811));
#8601=CARTESIAN_POINT('Ctrl Pts',(-6.35644398739869,-6.63013638804188,39.8163964798794));
#8602=CARTESIAN_POINT('Ctrl Pts',(-8.74981985142745,-2.80708767119306,39.6188817873136));
#8603=CARTESIAN_POINT('Ctrl Pts',(-9.02895302115717,1.7050285198204,39.4211699365631));
#8604=CARTESIAN_POINT('Ctrl Pts',(-7.12483035748544,5.80108642409625,39.2235124992293));
#8605=CARTESIAN_POINT('Ctrl Pts',(-3.50238993853693,8.49399856282755,39.0260315798827));
#8606=CARTESIAN_POINT('Ctrl Pts',(0.969754826837517,9.13619451763808,38.828332104353));
#8607=CARTESIAN_POINT('Ctrl Pts',(5.20443715579252,7.57140959847683,38.6307968099321));
#8608=CARTESIAN_POINT('Ctrl Pts',(8.18523825363584,4.17624612066076,38.4331267236834));
#8609=CARTESIAN_POINT('Ctrl Pts',(9.18406642796339,-0.22867431704234,38.2355150671193));
#8610=CARTESIAN_POINT('Ctrl Pts',(7.96774207667734,-4.5773075087122,38.0379170198105));
#8611=CARTESIAN_POINT('Ctrl Pts',(4.82280866182868,-7.81983222788708,37.8403075429609));
#8612=CARTESIAN_POINT('Ctrl Pts',(0.514770928786935,-9.1743134338706,37.6427077743751));
#8613=CARTESIAN_POINT('Ctrl Pts',(-3.9192970562264,-8.30925836900545,37.4450779972701));
#8614=CARTESIAN_POINT('Ctrl Pts',(-7.40427110554083,-5.44066776202798,37.247482395919));
#8615=CARTESIAN_POINT('Ctrl Pts',(-9.10335634473069,-1.25210583778718,37.049890895883));
#8616=CARTESIAN_POINT('Ctrl Pts',(-8.65261009426393,2.73399568042915,36.8741566070981));
#8617=CARTESIAN_POINT('Ctrl Pts',(-6.42783441060431,6.5808773665498,36.6765968936035));
#8618=CARTESIAN_POINT('Ctrl Pts',(-2.49513071294585,8.9936063115567,36.4790521806533));
#8619=CARTESIAN_POINT('Ctrl Pts',(2.53606886193504,8.83076979929024,36.2593555920998));
#8620=CARTESIAN_POINT('Ctrl Pts',(6.42757858464546,6.56009965400646,36.0618259851455));
#8621=CARTESIAN_POINT('Ctrl Pts',(9.18464870771271,2.06048765311255,35.8312413039977));
#8622=CARTESIAN_POINT('Ctrl Pts',(8.72925375834437,-4.17543981770952,35.5677721026182));
#8623=CARTESIAN_POINT('Ctrl Pts',(3.58539522655344,-8.98956627067993,35.2713918387291));
#8624=CARTESIAN_POINT('Ctrl Pts',(-3.46426046114601,-9.03734370751132,34.9749160561064));
#8625=CARTESIAN_POINT('Ctrl Pts',(-8.08222713803134,-4.8225624085864,34.7114267593404));
#8626=CARTESIAN_POINT('Ctrl Pts',(-9.17979198426946,0.337347872900015,34.4809470027936));
#8627=CARTESIAN_POINT('Ctrl Pts',(-7.9131957170452,4.66545110562798,34.2832915438843));
#8628=CARTESIAN_POINT('Ctrl Pts',(-4.20368429771173,8.42076807501314,34.0526983494929));
#8629=CARTESIAN_POINT('Ctrl Pts',(1.95457314604385,9.47609794271831,33.7893206245148));
#8630=CARTESIAN_POINT('Ctrl Pts',(7.86583075484528,5.63678789251228,33.4928369769525));
#8631=CARTESIAN_POINT('Ctrl Pts',(9.60037360858657,-1.19039996759894,33.1964492480475));
#8632=CARTESIAN_POINT('Ctrl Pts',(7.36826573538231,-5.3133573248042,32.9987791276049));
#8633=CARTESIAN_POINT('Ctrl Pts',(5.70043724389918,-6.72672696242867,32.9001267108606));
#8634=CARTESIAN_POINT('Ctrl Pts',(3.68692344226769,8.07292681943882,41.0998732798355));
#8635=CARTESIAN_POINT('Ctrl Pts',(5.69243881847848,7.15700353414712,41.0010281853891));
#8636=CARTESIAN_POINT('Ctrl Pts',(8.97773100274175,3.77051355744838,40.803433776778));
#8637=CARTESIAN_POINT('Ctrl Pts',(9.1581446850333,-3.31747403219582,40.5070233877362));
#8638=CARTESIAN_POINT('Ctrl Pts',(4.4777290998738,-8.64863785301501,40.2105550006418));
#8639=CARTESIAN_POINT('Ctrl Pts',(-1.7789549262385,-9.30502843207818,39.9471639725417));
#8640=CARTESIAN_POINT('Ctrl Pts',(-6.39464142725037,-6.67685191804863,39.71652319074));
#8641=CARTESIAN_POINT('Ctrl Pts',(-8.80567244239092,-2.83000390216706,39.5190084981742));
#8642=CARTESIAN_POINT('Ctrl Pts',(-9.08897053474137,1.71151952317985,39.3212966474237));
#8643=CARTESIAN_POINT('Ctrl Pts',(-7.17449823988866,5.83539039315058,39.1236392100899));
#8644=CARTESIAN_POINT('Ctrl Pts',(-3.5297275175687,8.54781558302194,38.9261582907433));
#8645=CARTESIAN_POINT('Ctrl Pts',(0.971374667123554,9.19653361446804,38.7284588152136));
#8646=CARTESIAN_POINT('Ctrl Pts',(5.2346021347962,7.62369332481374,38.5309235207927));
#8647=CARTESIAN_POINT('Ctrl Pts',(8.23668408921734,4.20783717174936,38.333253434544));
#8648=CARTESIAN_POINT('Ctrl Pts',(9.24433526376953,-0.225415709552616,38.1356417779799));
#8649=CARTESIAN_POINT('Ctrl Pts',(8.0222967739018,-4.60315989059583,37.9380437306711));
#8650=CARTESIAN_POINT('Ctrl Pts',(4.85844509116696,-7.86855001662652,37.7404342538214));
#8651=CARTESIAN_POINT('Ctrl Pts',(0.522893628629681,-9.23413337365938,37.5428344852357));
#8652=CARTESIAN_POINT('Ctrl Pts',(-3.94066297779161,-8.36570902957533,37.3452047081307));
#8653=CARTESIAN_POINT('Ctrl Pts',(-7.44994722519102,-5.48013560381846,37.1476091067795));
#8654=CARTESIAN_POINT('Ctrl Pts',(-9.16232970096346,-1.26502091404524,36.9500176067437));
#8655=CARTESIAN_POINT('Ctrl Pts',(-8.71069566293716,2.74742073565065,36.7742833179587));
#8656=CARTESIAN_POINT('Ctrl Pts',(-6.47334120855886,6.62064948656155,36.5767236044641));
#8657=CARTESIAN_POINT('Ctrl Pts',(-2.51613005682344,9.05121712306355,36.3791788915139));
#8658=CARTESIAN_POINT('Ctrl Pts',(2.54810534281562,8.88991970923146,36.1594823029603));
#8659=CARTESIAN_POINT('Ctrl Pts',(6.46627818663211,6.60639332283223,35.961952696006));
#8660=CARTESIAN_POINT('Ctrl Pts',(9.2437358335028,2.07873927036362,35.7313680148583));
#8661=CARTESIAN_POINT('Ctrl Pts',(8.78858780230951,-4.19826581910864,35.4678988134788));
#8662=CARTESIAN_POINT('Ctrl Pts',(3.61353309027816,-9.04658599011841,35.1715185495896));
#8663=CARTESIAN_POINT('Ctrl Pts',(-3.48226908717782,-9.09832725589575,34.875042766967));
#8664=CARTESIAN_POINT('Ctrl Pts',(-8.13266359164166,-4.85833311560532,34.611553470201));
#8665=CARTESIAN_POINT('Ctrl Pts',(-9.24008910535241,0.334803229030195,34.3810737136542));
#8666=CARTESIAN_POINT('Ctrl Pts',(-7.96743881493889,4.69190902667595,34.1834182547449));
#8667=CARTESIAN_POINT('Ctrl Pts',(-4.23557703070708,8.47374228705934,33.9528250603535));
#8668=CARTESIAN_POINT('Ctrl Pts',(1.96246695485908,9.53917323660572,33.6894473353754));
#8669=CARTESIAN_POINT('Ctrl Pts',(7.91442825978098,5.67777924456558,33.3929636878131));
#8670=CARTESIAN_POINT('Ctrl Pts',(9.66386708321326,-1.19322451640881,33.0965759589081));
#8671=CARTESIAN_POINT('Ctrl Pts',(7.41927539318727,-5.34434087417716,32.8989058384655));
#8672=CARTESIAN_POINT('Ctrl Pts',(5.74125553773275,-6.7678310226845,32.8002534217212));
#8673=CARTESIAN_POINT('Ctrl Pts',(3.70678792167749,8.1273426198903,40.9999999906961));
#8674=CARTESIAN_POINT('Ctrl Pts',(5.72582153321422,7.20648450491565,40.9011548962496));
#8675=CARTESIAN_POINT('Ctrl Pts',(9.0342224340711,3.79963770887513,40.7035604876386));
#8676=CARTESIAN_POINT('Ctrl Pts',(9.21943323219439,-3.33437974721697,40.4071500985968));
#8677=CARTESIAN_POINT('Ctrl Pts',(4.51128693622498,-8.70262634384704,40.1106817115024));
#8678=CARTESIAN_POINT('Ctrl Pts',(-1.78577429521866,-9.36648632204838,39.8472906834023));
#8679=CARTESIAN_POINT('Ctrl Pts',(-6.43283886710205,-6.72356744805537,39.6166499016006));
#8680=CARTESIAN_POINT('Ctrl Pts',(-8.86152503335437,-2.85292013314106,39.4191352090348));
#8681=CARTESIAN_POINT('Ctrl Pts',(-9.14898804832558,1.7180105265393,39.2214233582843));
#8682=CARTESIAN_POINT('Ctrl Pts',(-7.22416612229187,5.86969436220491,39.0237659209505));
#8683=CARTESIAN_POINT('Ctrl Pts',(-3.55706509660048,8.60163260321634,38.8262850016039));
#8684=CARTESIAN_POINT('Ctrl Pts',(0.972994507409585,9.25687271129799,38.6285855260742));
#8685=CARTESIAN_POINT('Ctrl Pts',(5.2647671137999,7.67597705115064,38.4310502316533));
#8686=CARTESIAN_POINT('Ctrl Pts',(8.28812992479883,4.23942822283796,38.2333801454046));
#8687=CARTESIAN_POINT('Ctrl Pts',(9.30460409957568,-0.222157102062895,38.0357684888405));
#8688=CARTESIAN_POINT('Ctrl Pts',(8.07685147112625,-4.62901227247946,37.8381704415316));
#8689=CARTESIAN_POINT('Ctrl Pts',(4.89408152050524,-7.91726780536595,37.640560964682));
#8690=CARTESIAN_POINT('Ctrl Pts',(0.531016328472426,-9.29395331344816,37.4429611960963));
#8691=CARTESIAN_POINT('Ctrl Pts',(-3.96202889935682,-8.42215969014521,37.2453314189913));
#8692=CARTESIAN_POINT('Ctrl Pts',(-7.49562334484122,-5.51960344560894,37.0477358176401));
#8693=CARTESIAN_POINT('Ctrl Pts',(-9.22130305719621,-1.27793599030331,36.8501443176042));
#8694=CARTESIAN_POINT('Ctrl Pts',(-8.76878123161039,2.76084579087214,36.6744100288193));
#8695=CARTESIAN_POINT('Ctrl Pts',(-6.51884800651339,6.66042160657331,36.4768503153247));
#8696=CARTESIAN_POINT('Ctrl Pts',(-2.53712940070103,9.10882793457039,36.2793056023745));
#8697=CARTESIAN_POINT('Ctrl Pts',(2.5601418236962,8.94906961917268,36.0596090138209));
#8698=CARTESIAN_POINT('Ctrl Pts',(6.50497778861876,6.652686991658,35.8620794068666));
#8699=CARTESIAN_POINT('Ctrl Pts',(9.30282295929288,2.09699088761468,35.6314947257189));
#8700=CARTESIAN_POINT('Ctrl Pts',(8.84792184627464,-4.22109182050776,35.3680255243393));
#8701=CARTESIAN_POINT('Ctrl Pts',(3.64167095400288,-9.10360570955691,35.0716452604503));
#8702=CARTESIAN_POINT('Ctrl Pts',(-3.50027771320962,-9.15931080428017,34.7751694778276));
#8703=CARTESIAN_POINT('Ctrl Pts',(-8.18310004525198,-4.89410382262425,34.5116801810615));
#8704=CARTESIAN_POINT('Ctrl Pts',(-9.30038622643535,0.332258585160377,34.2812004245147));
#8705=CARTESIAN_POINT('Ctrl Pts',(-8.0216819128326,4.71836694772393,34.0835449656055));
#8706=CARTESIAN_POINT('Ctrl Pts',(-4.26746976370243,8.52671649910554,33.8529517712141));
#8707=CARTESIAN_POINT('Ctrl Pts',(1.97036076367428,9.60224853049312,33.5895740462361));
#8708=CARTESIAN_POINT('Ctrl Pts',(7.96302576471669,5.71877059661891,33.2930903986736));
#8709=CARTESIAN_POINT('Ctrl Pts',(9.72736055783996,-1.19604906521869,32.9967026697688));
#8710=CARTESIAN_POINT('Ctrl Pts',(7.47028505099222,-5.37532442355012,32.7990325493261));
#8711=CARTESIAN_POINT('Ctrl Pts',(5.78207383156631,-6.80893508294032,32.7003801325818));
#8712=CARTESIAN_POINT('',(4.50000000000001,7.68946323123092,41.));
#8713=CARTESIAN_POINT('Ctrl Pts',(4.5,7.61163317416561,41.1144847681206));
#8714=CARTESIAN_POINT('Ctrl Pts',(4.5,7.61309765173535,41.1123336212164));
#8715=CARTESIAN_POINT('Ctrl Pts',(4.5,7.61456204195095,41.1101824298028));
#8716=CARTESIAN_POINT('Ctrl Pts',(4.5,7.64052653078315,41.0720374973563));
#8717=CARTESIAN_POINT('Ctrl Pts',(4.5,7.66500630821794,41.0360254754291));
#8718=CARTESIAN_POINT('Ctrl Pts',(4.50000000000001,7.68946323123092,41.));
#8719=CARTESIAN_POINT('Ctrl Pts',(4.49793524050287,7.68892207406863,41.0000632592083));
#8720=CARTESIAN_POINT('Ctrl Pts',(4.36056192634488,7.77465080039228,41.000053317305));
#8721=CARTESIAN_POINT('Ctrl Pts',(4.22098688716404,7.85649166237197,41.000037767395));
#8722=CARTESIAN_POINT('Ctrl Pts',(4.07918080687097,7.93439485234156,41.0000244508518));
#8723=CARTESIAN_POINT('Ctrl Pts',(3.95672552386096,8.00166740620803,41.0000129514783));
#8724=CARTESIAN_POINT('Ctrl Pts',(3.83260595607634,8.06600312200707,41.00000311755));
#8725=CARTESIAN_POINT('Ctrl Pts',(3.70678791981993,8.12734261479088,41.0000000000524));
#8726=CARTESIAN_POINT('Ctrl Pts',(5.65961895006562,-6.68562290217285,33.));
#8727=CARTESIAN_POINT('Ctrl Pts',(6.09057888942874,-6.33976803791996,33.));
#8728=CARTESIAN_POINT('Ctrl Pts',(6.48783395730388,-5.95389856071028,33.0000000000008));
#8729=CARTESIAN_POINT('Ctrl Pts',(7.38796482362908,-4.89774322316595,33.0000000000008));
#8730=CARTESIAN_POINT('Ctrl Pts',(7.83643038591608,-4.18829549087724,32.999999999986));
#8731=CARTESIAN_POINT('Ctrl Pts',(8.35097145235842,-3.04416547839341,32.999999999986));
#8732=CARTESIAN_POINT('Ctrl Pts',(8.49561024089189,-2.65000692363316,33.0000000000005));
#8733=CARTESIAN_POINT('Ctrl Pts',(8.72863682601309,-1.84277401940777,33.0000000000005));
#8734=CARTESIAN_POINT('Ctrl Pts',(8.81652501586362,-1.4306548224167,33.));
#8735=CARTESIAN_POINT('Ctrl Pts',(8.87502261575917,-1.01387781858836,33.));
#8736=CARTESIAN_POINT('Origin',(-1.55412950504571E-15,0.,33.));
#8737=CARTESIAN_POINT('Origin',(4.5,11.4017542509914,44.));
#8738=CARTESIAN_POINT('',(4.5,5.70087712549569,41.));
#8739=CARTESIAN_POINT('Origin',(-4.5,11.4017542509914,4.));
#8740=CARTESIAN_POINT('',(-4.5,5.70087712549569,7.));
#8741=CARTESIAN_POINT('Origin',(-4.16333634234434E-16,0.,7.));
#8742=CARTESIAN_POINT('',(1.5,3.67423461417477,7.));
#8743=CARTESIAN_POINT('Origin',(1.5,7.34846922834953,4.));
#8744=CARTESIAN_POINT('Origin',(0.,0.,4.));
#8745=CARTESIAN_POINT('Origin',(-4.16333634234434E-16,0.,41.));
#8746=CARTESIAN_POINT('',(-1.5,5.70087712549569,41.));
#8747=CARTESIAN_POINT('Ctrl Pts',(-5.3203624812643,-8.63945207350915,44.0000000000022));
#8748=CARTESIAN_POINT('Ctrl Pts',(-6.30826255088747,-8.03108172537356,43.9545025604587));
#8749=CARTESIAN_POINT('Ctrl Pts',(-8.96643965188656,-5.70035668890906,43.8180102418282));
#8750=CARTESIAN_POINT('Ctrl Pts',(-10.9785678832895,0.11088901549472,43.5905230441107));
#8751=CARTESIAN_POINT('Ctrl Pts',(-8.4190665920543,7.04046507414439,43.3175384068498));
#8752=CARTESIAN_POINT('Ctrl Pts',(-4.17886372776153,9.53245672004409,43.1355486486758));
#8753=CARTESIAN_POINT('Ctrl Pts',(-1.89949167902778,9.96686111189529,43.0445537695888));
#8754=CARTESIAN_POINT('Ctrl Pts',(-5.21513490674839,-8.46832056382383,44.1159841544258));
#8755=CARTESIAN_POINT('Ctrl Pts',(-6.18346650943264,-7.87198272937614,44.0704867148823));
#8756=CARTESIAN_POINT('Ctrl Pts',(-8.78898080316209,-5.58737043161521,43.9339943962518));
#8757=CARTESIAN_POINT('Ctrl Pts',(-10.7611915266934,0.10883985150801,43.7065071985344));
#8758=CARTESIAN_POINT('Ctrl Pts',(-8.2522757564994,6.90117664914724,43.4335225612734));
#8759=CARTESIAN_POINT('Ctrl Pts',(-4.09599537599466,9.3437704801217,43.2515328030995));
#8760=CARTESIAN_POINT('Ctrl Pts',(-1.86174894057124,9.76954329278237,43.1605379240125));
#8761=CARTESIAN_POINT('Ctrl Pts',(-5.10991070504421,-8.29718685800134,44.2319681308749));
#8762=CARTESIAN_POINT('Ctrl Pts',(-6.05867358987971,-7.71288115188357,44.1864706913314));
#8763=CARTESIAN_POINT('Ctrl Pts',(-8.61152412510419,-5.47438056210648,44.0499783727009));
#8764=CARTESIAN_POINT('Ctrl Pts',(-10.5438150164285,0.106795039009183,43.8224911749834));
#8765=CARTESIAN_POINT('Ctrl Pts',(-8.08548204552763,6.76189149217462,43.5495065377225));
#8766=CARTESIAN_POINT('Ctrl Pts',(-4.01312320224941,9.15508580131283,43.3675167795485));
#8767=CARTESIAN_POINT('Ctrl Pts',(-1.82400223076277,9.57222612730644,43.2765219004615));
#8768=CARTESIAN_POINT('Ctrl Pts',(-5.00469055601218,-8.12605050389457,44.3479518795053));
#8769=CARTESIAN_POINT('Ctrl Pts',(-5.93388442042101,-7.55377646305732,44.3024544399618));
#8770=CARTESIAN_POINT('Ctrl Pts',(-8.43407005092964,-5.36138634332923,44.1659621213314));
#8771=CARTESIAN_POINT('Ctrl Pts',(-10.3264383127406,0.104755460459679,43.9384749236139));
#8772=CARTESIAN_POINT('Ctrl Pts',(-7.91868486937432,6.6226102605001,43.665490286353));
#8773=CARTESIAN_POINT('Ctrl Pts',(-3.93024642814612,8.9664029927955,43.483500528179));
#8774=CARTESIAN_POINT('Ctrl Pts',(-1.78625074270618,9.37490974023027,43.392505649092));
#8775=CARTESIAN_POINT('',(-5.32036248131453,-8.63945207347785,44.));
#8776=CARTESIAN_POINT('Ctrl Pts',(-1.89941497732181,9.35261167432311,43.3973145560966));
#8777=CARTESIAN_POINT('Ctrl Pts',(-2.06702196367,9.32308350030328,43.4018115844492));
#8778=CARTESIAN_POINT('Ctrl Pts',(-2.23395123245601,9.28888972021433,43.4063097975234));
#8779=CARTESIAN_POINT('Ctrl Pts',(-2.4000454167235,9.25011100779883,43.4108108420103));
#8780=CARTESIAN_POINT('Ctrl Pts',(-2.62937627425567,9.1965681615429,43.4170255592597));
#8781=CARTESIAN_POINT('Ctrl Pts',(-2.85628839592993,9.13447982224105,43.423223295347));
#8782=CARTESIAN_POINT('Ctrl Pts',(-3.08039588885698,9.06420487619526,43.4294082552013));
#8783=CARTESIAN_POINT('Ctrl Pts',(-3.30993750748481,8.99222591353921,43.4357431870572));
#8784=CARTESIAN_POINT('Ctrl Pts',(-3.53653739740055,8.91165842515797,43.442064715576));
#8785=CARTESIAN_POINT('Ctrl Pts',(-3.75977752552359,8.82283354968145,43.4483773590437));
#8786=CARTESIAN_POINT('Ctrl Pts',(-3.98475788887132,8.73331625309575,43.454739211785));
#8787=CARTESIAN_POINT('Ctrl Pts',(-4.20632650530654,8.63541208350894,43.4610920404113));
#8788=CARTESIAN_POINT('Ctrl Pts',(-4.42404325826431,8.52940807632019,43.4674404696983));
#8789=CARTESIAN_POINT('Ctrl Pts',(-4.6418286455327,8.42337065180431,43.4737909003016));
#8790=CARTESIAN_POINT('Ctrl Pts',(-4.855760339744,8.3092279779404,43.4801369287913));
#8791=CARTESIAN_POINT('Ctrl Pts',(-5.06537661605334,8.18721985510618,43.4864831843173));
#8792=CARTESIAN_POINT('Ctrl Pts',(-5.27343971465731,8.06611576653684,43.4927824164786));
#8793=CARTESIAN_POINT('Ctrl Pts',(-5.47725166836202,7.93726201317307,43.4990818723241));
#8794=CARTESIAN_POINT('Ctrl Pts',(-5.67633147681524,7.80085122828908,43.5053860788619));
#8795=CARTESIAN_POINT('Ctrl Pts',(-5.71237391736406,7.77615471264242,43.5065274250944));
#8796=CARTESIAN_POINT('Ctrl Pts',(-5.74826115938847,7.75121039392415,43.5076689270421));
#8797=CARTESIAN_POINT('Ctrl Pts',(-5.78399022205887,7.72601928047571,43.5088106115689));
#8798=CARTESIAN_POINT('Ctrl Pts',(-5.80694865618051,7.70983221942985,43.5095442241252));
#8799=CARTESIAN_POINT('Ctrl Pts',(-5.82983526542234,7.69354782787478,43.5102777042859));
#8800=CARTESIAN_POINT('Ctrl Pts',(-5.85264465045765,7.67716998229815,43.5110109066727));
#8801=CARTESIAN_POINT('Ctrl Pts',(-6.05145256684441,7.53441973502258,43.517401540992));
#8802=CARTESIAN_POINT('Ctrl Pts',(-6.24451003862052,7.38449302650767,43.5237747402104));
#8803=CARTESIAN_POINT('Ctrl Pts',(-6.43138953018469,7.22770494769235,43.5301350839713));
#8804=CARTESIAN_POINT('Ctrl Pts',(-6.61798351205044,7.07115640568614,43.5364857105619));
#8805=CARTESIAN_POINT('Ctrl Pts',(-6.79841895971818,6.90776710278762,43.5428235209453));
#8806=CARTESIAN_POINT('Ctrl Pts',(-6.97224751978059,6.73780433666258,43.5491530738056));
#8807=CARTESIAN_POINT('Ctrl Pts',(-7.13884259756409,6.57491418654725,43.5552192366427));
#8808=CARTESIAN_POINT('Ctrl Pts',(-7.29936952337764,6.40598573743864,43.5612778148941));
#8809=CARTESIAN_POINT('Ctrl Pts',(-7.45340646605706,6.2312184782889,43.5673328214978));
#8810=CARTESIAN_POINT('Ctrl Pts',(-7.61354183344638,6.04953206745294,43.5736275498284));
#8811=CARTESIAN_POINT('Ctrl Pts',(-7.76666378955929,5.8615351537783,43.5799184181052));
#8812=CARTESIAN_POINT('Ctrl Pts',(-7.9126068005268,5.66772155536008,43.5862099350089));
#8813=CARTESIAN_POINT('Ctrl Pts',(-8.06273366560203,5.46835176199633,43.5926818153892));
#8814=CARTESIAN_POINT('Ctrl Pts',(-8.20526460569186,5.26282648603786,43.5991543821187));
#8815=CARTESIAN_POINT('Ctrl Pts',(-8.33997135212349,5.0516530637174,43.60563254286));
#8816=CARTESIAN_POINT('Ctrl Pts',(-8.36098967780592,5.01870362441031,43.6066433318211));
#8817=CARTESIAN_POINT('Ctrl Pts',(-8.38182059727657,4.98561139076066,43.6076544153312));
#8818=CARTESIAN_POINT('Ctrl Pts',(-8.4024451805853,4.9524074959951,43.6086649248921));
#8819=CARTESIAN_POINT('Ctrl Pts',(-8.5307187046792,4.74589759800267,43.6149497365936));
#8820=CARTESIAN_POINT('Ctrl Pts',(-8.65112589823314,4.5349012641427,43.6212176256305));
#8821=CARTESIAN_POINT('Ctrl Pts',(-8.76357106724456,4.31996181485291,43.6274729453842));
#8822=CARTESIAN_POINT('Ctrl Pts',(-8.87734130487218,4.10248949090839,43.6338019786462));
#8823=CARTESIAN_POINT('Ctrl Pts',(-8.98296108514534,3.88098002683792,43.6401181446434));
#8824=CARTESIAN_POINT('Ctrl Pts',(-9.08029125235805,3.65596012601406,43.6464259524793));
#8825=CARTESIAN_POINT('Ctrl Pts',(-9.17808722349663,3.42986332214766,43.6527639483005));
#8826=CARTESIAN_POINT('Ctrl Pts',(-9.26751434610647,3.20022179425388,43.6590935057678));
#8827=CARTESIAN_POINT('Ctrl Pts',(-9.34838662569844,2.96754242590058,43.665419199033));
#8828=CARTESIAN_POINT('Ctrl Pts',(-9.42857049583674,2.73684369513604,43.6716910460721));
#8829=CARTESIAN_POINT('Ctrl Pts',(-9.50034474746489,2.50315798490737,43.6779590944155));
#8830=CARTESIAN_POINT('Ctrl Pts',(-9.56348054358786,2.2669618216303,43.6842278023957));
#8831=CARTESIAN_POINT('Ctrl Pts',(-9.61071135390804,2.09026750760969,43.6889173157264));
#8832=CARTESIAN_POINT('Ctrl Pts',(-9.65310689636928,1.91216786124843,43.6936071982083));
#8833=CARTESIAN_POINT('Ctrl Pts',(-9.69055265797702,1.73285907484998,43.6982993163137));
#8834=CARTESIAN_POINT('Ctrl Pts',(-9.70589665361125,1.65938445135324,43.7002219862404));
#8835=CARTESIAN_POINT('Ctrl Pts',(-9.72040934785404,1.58570678514698,43.7021450315463));
#8836=CARTESIAN_POINT('Ctrl Pts',(-9.73408204049282,1.51183953368816,43.7040685806503));
#8837=CARTESIAN_POINT('Ctrl Pts',(-9.74063241488044,1.47645088239446,43.7049901231085));
#8838=CARTESIAN_POINT('Ctrl Pts',(-9.74699068978348,1.44101432023037,43.7059118951756));
#8839=CARTESIAN_POINT('Ctrl Pts',(-9.75315110470322,1.40555973708042,43.7068331735857));
#8840=CARTESIAN_POINT('Ctrl Pts',(-9.79570958511044,1.16062604316667,43.7131977139093));
#8841=CARTESIAN_POINT('Ctrl Pts',(-9.82887567819456,0.914594268858209,43.719544953091));
#8842=CARTESIAN_POINT('Ctrl Pts',(-9.85249832889522,0.66798387343963,43.7258794117057));
#8843=CARTESIAN_POINT('Ctrl Pts',(-9.87057361266994,0.479285622110018,43.7307263333519));
#8844=CARTESIAN_POINT('Ctrl Pts',(-9.88306050257657,0.290247977422796,43.7355657722159));
#8845=CARTESIAN_POINT('Ctrl Pts',(-9.88987197612034,0.101096550104252,43.740399753475));
#8846=CARTESIAN_POINT('Ctrl Pts',(-9.89862703665193,-0.142027376777216,
43.7466130637463));
#8847=CARTESIAN_POINT('Ctrl Pts',(-9.8980076991114,-0.385339410419132,43.7528173575123));
#8848=CARTESIAN_POINT('Ctrl Pts',(-9.88824647289825,-0.628372465752823,
43.7590169352559));
#8849=CARTESIAN_POINT('Ctrl Pts',(-9.87833369596568,-0.875178800547046,
43.7653127663233));
#8850=CARTESIAN_POINT('Ctrl Pts',(-9.85899291325638,-1.12169804184112,43.7716037337917));
#8851=CARTESIAN_POINT('Ctrl Pts',(-9.83041407233271,-1.36744152207746,43.7778943415739));
#8852=CARTESIAN_POINT('Ctrl Pts',(-9.80683389517926,-1.57020253725488,43.783084672641));
#8853=CARTESIAN_POINT('Ctrl Pts',(-9.77696363823964,-1.77243560871545,43.7882747588419));
#8854=CARTESIAN_POINT('Ctrl Pts',(-9.74088362986467,-1.9738619239949,43.7934671300412));
#8855=CARTESIAN_POINT('Ctrl Pts',(-9.72509862620062,-2.06198593692966,43.7957387924409));
#8856=CARTESIAN_POINT('Ctrl Pts',(-9.7081247366204,-2.14995545637817,43.7980108922035));
#8857=CARTESIAN_POINT('Ctrl Pts',(-9.68996730597026,-2.23774670119583,43.8002836411805));
#8858=CARTESIAN_POINT('Ctrl Pts',(-9.6824400973425,-2.27414078294484,43.8012258149956));
#8859=CARTESIAN_POINT('Ctrl Pts',(-9.67470948287683,-2.310504223782,43.8021681003807));
#8860=CARTESIAN_POINT('Ctrl Pts',(-9.66677580190314,-2.34683531255551,43.8031105124285));
#8861=CARTESIAN_POINT('Ctrl Pts',(-9.66168058287133,-2.37016809535572,43.8037157542851));
#8862=CARTESIAN_POINT('Ctrl Pts',(-9.65650183170344,-2.3934863982954,43.804321019035));
#8863=CARTESIAN_POINT('Ctrl Pts',(-9.65124190926774,-2.41678011604601,43.8049260595666));
#8864=CARTESIAN_POINT('Ctrl Pts',(-9.5967160537455,-2.65824943506574,43.8111980822085));
#8865=CARTESIAN_POINT('Ctrl Pts',(-9.53341068608013,-2.89735910906653,43.8174533371989));
#8866=CARTESIAN_POINT('Ctrl Pts',(-9.46158696922263,-3.13363609478656,43.8236961499907));
#8867=CARTESIAN_POINT('Ctrl Pts',(-9.3863814701805,-3.38103805893863,43.8302329023613));
#8868=CARTESIAN_POINT('Ctrl Pts',(-9.30183679022414,-3.62533503310361,43.8367560132808));
#8869=CARTESIAN_POINT('Ctrl Pts',(-9.20819278700846,-3.86598125080575,43.8432704484052));
#8870=CARTESIAN_POINT('Ctrl Pts',(-9.11764189697192,-4.09867879094259,43.8495697081371));
#8871=CARTESIAN_POINT('Ctrl Pts',(-9.01858236626784,-4.32796337023461,43.8558608557412));
#8872=CARTESIAN_POINT('Ctrl Pts',(-8.9111796635655,-4.5533291836556,43.862148380891));
#8873=CARTESIAN_POINT('Ctrl Pts',(-8.8044683345904,-4.77724427006044,43.8683954319226));
#8874=CARTESIAN_POINT('Ctrl Pts',(-8.68952066729693,-4.9972914919007,43.8746389069869));
#8875=CARTESIAN_POINT('Ctrl Pts',(-8.56645240500797,-5.21295332960657,43.8808832096106));
#8876=CARTESIAN_POINT('Ctrl Pts',(-8.44541964482444,-5.42504820279578,43.8870242338512));
#8877=CARTESIAN_POINT('Ctrl Pts',(-8.31653241147466,-5.63290208116861,43.8931660585026));
#8878=CARTESIAN_POINT('Ctrl Pts',(-8.17985953905108,-5.83599360471029,43.8993128721866));
#8879=CARTESIAN_POINT('Ctrl Pts',(-8.16142666341558,-5.86338426921952,43.900141884193));
#8880=CARTESIAN_POINT('Ctrl Pts',(-8.1428521118643,-5.89068825787159,43.9009709869476));
#8881=CARTESIAN_POINT('Ctrl Pts',(-8.12413599876495,-5.91790424223505,43.9018001907259));
#8882=CARTESIAN_POINT('Ctrl Pts',(-8.03622085472908,-6.04574580702423,43.90569520724));
#8883=CARTESIAN_POINT('Ctrl Pts',(-7.94538110616149,-6.17135735564029,43.9095836664252));
#8884=CARTESIAN_POINT('Ctrl Pts',(-7.8516666242442,-6.29462582543468,43.9134666029424));
#8885=CARTESIAN_POINT('Ctrl Pts',(-7.70345060473365,-6.48958354755286,43.9196077391129));
#8886=CARTESIAN_POINT('Ctrl Pts',(-7.54804632264383,-6.6786818211085,43.9257350610813));
#8887=CARTESIAN_POINT('Ctrl Pts',(-7.3859606210663,-6.86169722401651,43.931852662051));
#8888=CARTESIAN_POINT('Ctrl Pts',(-7.22046773387542,-7.04855977347563,43.9380988604342));
#8889=CARTESIAN_POINT('Ctrl Pts',(-7.04800921297267,-7.22908150348279,43.9443349248351));
#8890=CARTESIAN_POINT('Ctrl Pts',(-6.86907799621971,-7.40299652053973,43.9505652120481));
#8891=CARTESIAN_POINT('Ctrl Pts',(-6.68917415579159,-7.57785689451163,43.9568293654861));
#8892=CARTESIAN_POINT('Ctrl Pts',(-6.50272655546963,-7.74603897139642,43.9630876787591));
#8893=CARTESIAN_POINT('Ctrl Pts',(-6.31019642195933,-7.90723760102675,43.9693445800946));
#8894=CARTESIAN_POINT('Ctrl Pts',(-6.11824972419426,-8.06794774066908,43.9755825207623));
#8895=CARTESIAN_POINT('Ctrl Pts',(-5.9202567502351,-8.22171708802394,43.981819058037));
#8896=CARTESIAN_POINT('Ctrl Pts',(-5.71664310587897,-8.36820251824704,43.9880585800099));
#8897=CARTESIAN_POINT('Ctrl Pts',(-5.58680073599109,-8.46161480146784,43.9920374603177));
#8898=CARTESIAN_POINT('Ctrl Pts',(-5.45467212230804,-8.55206425559598,43.9960175543483));
#8899=CARTESIAN_POINT('Ctrl Pts',(-5.3203624812643,-8.63945207350915,44.0000000000022));
#8900=CARTESIAN_POINT('Ctrl Pts',(-1.8994916790552,9.96686111188974,43.0445537695901));
#8901=CARTESIAN_POINT('Ctrl Pts',(-4.17886372777844,9.53245672003378,43.1355486486767));
#8902=CARTESIAN_POINT('Ctrl Pts',(-6.29896515991369,8.28646089708684,43.2265435277633));
#8903=CARTESIAN_POINT('Ctrl Pts',(-7.78559942452007,6.50853364251084,43.3175384068499));
#8904=CARTESIAN_POINT('Ctrl Pts',(-9.27223368913242,4.73060638792769,43.4085332859369));
#8905=CARTESIAN_POINT('Ctrl Pts',(-10.1254007862108,2.4207477017112,43.4995281650239));
#8906=CARTESIAN_POINT('Ctrl Pts',(-10.1495586884694,0.103569217722241,43.5905230441109));
#8907=CARTESIAN_POINT('Ctrl Pts',(-10.173716590728,-2.21360926626672,43.6815179231979));
#8908=CARTESIAN_POINT('Ctrl Pts',(-9.36886529816687,-4.53810754802816,43.7725128022849));
#8909=CARTESIAN_POINT('Ctrl Pts',(-7.91916948909136,-6.3488181025995,43.8635076813718));
#8910=CARTESIAN_POINT('Ctrl Pts',(-7.19432158456598,-7.25417337986972,43.9090051209146));
#8911=CARTESIAN_POINT('Ctrl Pts',(-6.30826255091752,-8.03108172534679,43.9545025604573));
#8912=CARTESIAN_POINT('Ctrl Pts',(-5.32036248131472,-8.63945207347773,44.));
#8913=CARTESIAN_POINT('Origin',(5.51846392442366E-23,-4.44099473260746E-9,
43.056625));
#8914=CARTESIAN_POINT('Origin',(5.51846392442366E-23,-4.44099473260746E-9,
44.));
#8915=CARTESIAN_POINT('Origin',(0.,0.,44.));
#8916=CARTESIAN_POINT('Origin',(0.,0.,44.));
#8917=CARTESIAN_POINT('Origin',(0.,0.,49.5209142803763));
#8918=CARTESIAN_POINT('Origin',(-1.5,7.34846922834953,44.));
#8919=UNCERTAINTY_MEASURE_WITH_UNIT(LENGTH_MEASURE(0.01),#8923,
'DISTANCE_ACCURACY_VALUE',
'Maximum model space distance between geometric entities at asserted c
onnectivities');
#8920=UNCERTAINTY_MEASURE_WITH_UNIT(LENGTH_MEASURE(0.01),#8923,
'DISTANCE_ACCURACY_VALUE',
'Maximum model space distance between geometric entities at asserted c
onnectivities');
#8921=(
GEOMETRIC_REPRESENTATION_CONTEXT(3)
GLOBAL_UNCERTAINTY_ASSIGNED_CONTEXT((#8919))
GLOBAL_UNIT_ASSIGNED_CONTEXT((#8923,#8925,#8926))
REPRESENTATION_CONTEXT('','3D')
);
#8922=(
GEOMETRIC_REPRESENTATION_CONTEXT(3)
GLOBAL_UNCERTAINTY_ASSIGNED_CONTEXT((#8920))
GLOBAL_UNIT_ASSIGNED_CONTEXT((#8923,#8925,#8926))
REPRESENTATION_CONTEXT('','3D')
);
#8923=(
LENGTH_UNIT()
NAMED_UNIT(*)
SI_UNIT(.MILLI.,.METRE.)
);
#8924=(
LENGTH_UNIT()
NAMED_UNIT(*)
SI_UNIT($,.METRE.)
);
#8925=(
NAMED_UNIT(*)
PLANE_ANGLE_UNIT()
SI_UNIT($,.RADIAN.)
);
#8926=(
NAMED_UNIT(*)
SI_UNIT($,.STERADIAN.)
SOLID_ANGLE_UNIT()
);
#8927=SHAPE_DEFINITION_REPRESENTATION(#8928,#8929);
#8928=PRODUCT_DEFINITION_SHAPE('',$,#8931);
#8929=SHAPE_REPRESENTATION('',(#2522),#8921);
#8930=PRODUCT_DEFINITION_CONTEXT('part definition',#8935,'design');
#8931=PRODUCT_DEFINITION('Kabelspule Modular','Kabelspule Modular v2',#8932,
#8930);
#8932=PRODUCT_DEFINITION_FORMATION('',$,#8937);
#8933=PRODUCT_RELATED_PRODUCT_CATEGORY('Kabelspule Modular v2',
'Kabelspule Modular v2',(#8937));
#8934=APPLICATION_PROTOCOL_DEFINITION('international standard',
'automotive_design',2009,#8935);
#8935=APPLICATION_CONTEXT(
'Core Data for Automotive Mechanical Design Process');
#8936=PRODUCT_CONTEXT('part definition',#8935,'mechanical');
#8937=PRODUCT('Kabelspule Modular','Kabelspule Modular v2',$,(#8936));
#8938=PRESENTATION_STYLE_ASSIGNMENT((#8939));
#8939=SURFACE_STYLE_USAGE(.BOTH.,#8940);
#8940=SURFACE_SIDE_STYLE('',(#8941));
#8941=SURFACE_STYLE_FILL_AREA(#8942);
#8942=FILL_AREA_STYLE('Plastic - Glossy (Black)',(#8943));
#8943=FILL_AREA_STYLE_COLOUR('Plastic - Glossy (Black)',#8944);
#8944=COLOUR_RGB('Plastic - Glossy (Black)',0.0980392156862745,0.0980392156862745,
0.0980392156862745);
ENDSEC;
END-ISO-10303-21;
