solid OpenSCAD_Model
  facet normal 0 0 -1
    outer loop
      vertex -40 0 0
      vertex -39.9211 2.51162 0
      vertex -39.9211 -2.51162 0
    endloop
  endfacet
  facet normal 0 0 -1
    outer loop
      vertex -39.9211 -2.51162 0
      vertex -39.9211 2.51162 0
      vertex -39.6846 5.01333 0
    endloop
  endfacet
  facet normal 0 0 -1
    outer loop
      vertex -39.9211 -2.51162 0
      vertex -39.6846 5.01333 0
      vertex -39.2915 7.49525 0
    endloop
  endfacet
  facet normal 0 0 -1
    outer loop
      vertex -39.9211 -2.51162 0
      vertex -39.2915 7.49525 0
      vertex -38.7433 9.94759 0
    endloop
  endfacet
  facet normal 0 0 -1
    outer loop
      vertex -39.9211 -2.51162 0
      vertex -38.7433 9.94759 0
      vertex -38.0423 12.3607 0
    endloop
  endfacet
  facet normal 0 0 -1
    outer loop
      vertex -39.9211 -2.51162 0
      vertex -38.0423 12.3607 0
      vertex -37.1911 14.725 0
    endloop
  endfacet
  facet normal 0 0 -1
    outer loop
      vertex -39.9211 -2.51162 0
      vertex -37.1911 14.725 0
      vertex -36.1931 17.0312 0
    endloop
  endfacet
  facet normal 0 0 -1
    outer loop
      vertex -39.9211 -2.51162 0
      vertex -36.1931 17.0312 0
      vertex -35.0523 19.2701 0
    endloop
  endfacet
  facet normal 0 0 -1
    outer loop
      vertex -39.9211 -2.51162 0
      vertex -35.0523 19.2701 0
      vertex -33.7731 21.4331 0
    endloop
  endfacet
  facet normal 0 0 -1
    outer loop
      vertex -39.9211 -2.51162 0
      vertex -33.7731 21.4331 0
      vertex -32.3607 23.5114 0
    endloop
  endfacet
  facet normal 0 0 -1
    outer loop
      vertex -39.9211 -2.51162 0
      vertex -32.3607 23.5114 0
      vertex -30.8205 25.497 0
    endloop
  endfacet
  facet normal 0 0 -1
    outer loop
      vertex -39.9211 -2.51162 0
      vertex -30.8205 25.497 0
      vertex -29.1587 27.3819 0
    endloop
  endfacet
  facet normal 0 0 -1
    outer loop
      vertex -39.9211 -2.51162 0
      vertex -29.1587 27.3819 0
      vertex -27.3819 29.1587 0
    endloop
  endfacet
  facet normal 0 0 -1
    outer loop
      vertex -39.9211 -2.51162 0
      vertex -27.3819 29.1587 0
      vertex -25.497 30.8205 0
    endloop
  endfacet
  facet normal 0 0 -1
    outer loop
      vertex -39.9211 -2.51162 0
      vertex -25.497 30.8205 0
      vertex -23.5114 32.3607 0
    endloop
  endfacet
  facet normal 0 0 -1
    outer loop
      vertex -39.9211 -2.51162 0
      vertex -23.5114 32.3607 0
      vertex -21.4331 33.7731 0
    endloop
  endfacet
  facet normal 0 0 -1
    outer loop
      vertex -39.9211 -2.51162 0
      vertex -21.4331 33.7731 0
      vertex -19.2701 35.0523 0
    endloop
  endfacet
  facet normal 0 0 -1
    outer loop
      vertex -39.9211 -2.51162 0
      vertex -19.2701 35.0523 0
      vertex -17.0312 36.1931 0
    endloop
  endfacet
  facet normal 0 0 -1
    outer loop
      vertex -19.2274 30.3047 0
      vertex -17.0312 36.1931 0
      vertex -14.725 37.1911 0
    endloop
  endfacet
  facet normal 0 0 -1
    outer loop
      vertex -17.1001 31.6236 0
      vertex -14.725 37.1911 0
      vertex -12.3607 38.0423 0
    endloop
  endfacet
  facet normal 0 0 -1
    outer loop
      vertex -15.1687 32.1629 0
      vertex -12.3607 38.0423 0
      vertex -9.94759 38.7433 0
    endloop
  endfacet
  facet normal 0 0 -1
    outer loop
      vertex -13.665 32.2417 0
      vertex -9.94759 38.7433 0
      vertex -7.49525 39.2915 0
    endloop
  endfacet
  facet normal 0 0 -1
    outer loop
      vertex -11.6877 31.9073 0
      vertex -7.49525 39.2915 0
      vertex -5.01333 39.6846 0
    endloop
  endfacet
  facet normal 0 0 -1
    outer loop
      vertex -10.2936 31.3383 0
      vertex -5.01333 39.6846 0
      vertex -2.51162 39.9211 0
    endloop
  endfacet
  facet normal 0 0 -1
    outer loop
      vertex -9.43429 30.8179 0
      vertex -2.51162 39.9211 0
      vertex 0 40 0
    endloop
  endfacet
  facet normal 0 0 -1
    outer loop
      vertex -8.28422 29.846 0
      vertex 0 40 0
      vertex 2.51162 39.9211 0
    endloop
  endfacet
  facet normal 0 0 -1
    outer loop
      vertex -7.33663 28.6758 0
      vertex 2.51162 39.9211 0
      vertex 5.01333 39.6846 0
    endloop
  endfacet
  facet normal 0 0 -1
    outer loop
      vertex -6.62509 27.3488 0
      vertex 5.01333 39.6846 0
      vertex 7.49525 39.2915 0
    endloop
  endfacet
  facet normal 0 0 -1
    outer loop
      vertex -6.17482 25.912 0
      vertex 7.49525 39.2915 0
      vertex 9.94759 38.7433 0
    endloop
  endfacet
  facet normal 0 0 -1
    outer loop
      vertex -6.00176 24.4163 0
      vertex 9.94759 38.7433 0
      vertex 12.3607 38.0423 0
    endloop
  endfacet
  facet normal 0 0 -1
    outer loop
      vertex -6.21137 22.4219 0
      vertex 12.3607 38.0423 0
      vertex 14.725 37.1911 0
    endloop
  endfacet
  facet normal 0 0 -1
    outer loop
      vertex -6.91037 20.5423 0
      vertex 14.725 37.1911 0
      vertex 17.0312 36.1931 0
    endloop
  endfacet
  facet normal 0 0 -1
    outer loop
      vertex 14.1675 32.247 0
      vertex 17.0312 36.1931 0
      vertex 19.2701 35.0523 0
    endloop
  endfacet
  facet normal 0 0 -1
    outer loop
      vertex 17.1001 31.6236 0
      vertex 19.2701 35.0523 0
      vertex 21.4331 33.7731 0
    endloop
  endfacet
  facet normal 0 0 -1
    outer loop
      vertex 18.8368 30.621 0
      vertex 21.4331 33.7731 0
      vertex 23.5114 32.3607 0
    endloop
  endfacet
  facet normal 0 0 -1
    outer loop
      vertex 20.5692 28.8144 0
      vertex 23.5114 32.3607 0
      vertex 25.497 30.8205 0
    endloop
  endfacet
  facet normal 0 0 -1
    outer loop
      vertex 21.4983 27.0373 0
      vertex 25.497 30.8205 0
      vertex 27.3819 29.1587 0
    endloop
  endfacet
  facet normal 0 0 -1
    outer loop
      vertex 21.9562 25.0849 0
      vertex 27.3819 29.1587 0
      vertex 29.1587 27.3819 0
    endloop
  endfacet
  facet normal 0 0 -1
    outer loop
      vertex 21.8252 22.5854 0
      vertex 29.1587 27.3819 0
      vertex 30.8205 25.497 0
    endloop
  endfacet
  facet normal 0 0 -1
    outer loop
      vertex 20.9282 20.2487 0
      vertex 30.8205 25.497 0
      vertex 32.3607 23.5114 0
    endloop
  endfacet
  facet normal 0 0 -1
    outer loop
      vertex 17.7064 17.1591 0
      vertex 32.3607 23.5114 0
      vertex 33.7731 21.4331 0
    endloop
  endfacet
  facet normal 0 0 -1
    outer loop
      vertex 6.2628 11.392 0
      vertex 33.7731 21.4331 0
      vertex 35.0523 19.2701 0
    endloop
  endfacet
  facet normal 0 0 -1
    outer loop
      vertex 7.64121 10.5172 0
      vertex 35.0523 19.2701 0
      vertex 36.1931 17.0312 0
    endloop
  endfacet
  facet normal 0 0 -1
    outer loop
      vertex 9.47659 8.89911 0
      vertex 36.1931 17.0312 0
      vertex 37.1911 14.725 0
    endloop
  endfacet
  facet normal 0 0 -1
    outer loop
      vertex 10.5172 7.64121 0
      vertex 37.1911 14.725 0
      vertex 38.0423 12.3607 0
    endloop
  endfacet
  facet normal 0 0 -1
    outer loop
      vertex 11.392 6.2628 0
      vertex 38.0423 12.3607 0
      vertex 38.7433 9.94759 0
    endloop
  endfacet
  facet normal 0 0 -1
    outer loop
      vertex 31.854 7.01045 0
      vertex 38.7433 9.94759 0
      vertex 39.2915 7.49525 0
    endloop
  endfacet
  facet normal 0 0 -1
    outer loop
      vertex 34.4721 4.70228 0
      vertex 39.2915 7.49525 0
      vertex 39.6846 5.01333 0
    endloop
  endfacet
  facet normal 0 0 -1
    outer loop
      vertex 35.6085 2.47214 0
      vertex 39.6846 5.01333 0
      vertex 39.9211 2.51162 0
    endloop
  endfacet
  facet normal 0 0 -1
    outer loop
      vertex 35.9842 0.502324 0
      vertex 39.9211 2.51162 0
      vertex 40 0 0
    endloop
  endfacet
  facet normal 0 0 -1
    outer loop
      vertex 35.7487 -1.98952 0
      vertex 40 0 0
      vertex 39.9211 -2.51162 0
    endloop
  endfacet
  facet normal 0 0 -1
    outer loop
      vertex 34.7546 -4.28661 0
      vertex 39.9211 -2.51162 0
      vertex 39.6846 -5.01333 0
    endloop
  endfacet
  facet normal 0 0 -1
    outer loop
      vertex 32.7023 -6.47214 0
      vertex 39.6846 -5.01333 0
      vertex 39.2915 -7.49525 0
    endloop
  endfacet
  facet normal 0 0 -1
    outer loop
      vertex 28.5023 -7.98421 0
      vertex 39.2915 -7.49525 0
      vertex 38.7433 -9.94759 0
    endloop
  endfacet
  facet normal 0 0 -1
    outer loop
      vertex 10.0167 -8.28651 0
      vertex 38.7433 -9.94759 0
      vertex 38.0423 -12.3607 0
    endloop
  endfacet
  facet normal 0 0 -1
    outer loop
      vertex 8.89911 -9.47659 0
      vertex 38.0423 -12.3607 0
      vertex 37.1911 -14.725 0
    endloop
  endfacet
  facet normal 0 0 -1
    outer loop
      vertex 6.96575 -10.9763 0
      vertex 37.1911 -14.725 0
      vertex 36.1931 -17.0312 0
    endloop
  endfacet
  facet normal 0 0 -1
    outer loop
      vertex 4.78562 -12.0871 0
      vertex 36.1931 -17.0312 0
      vertex 35.0523 -19.2701 0
    endloop
  endfacet
  facet normal 0 0 -1
    outer loop
      vertex 16.3123 -16.5902 0
      vertex 35.0523 -19.2701 0
      vertex 33.7731 -21.4331 0
    endloop
  endfacet
  facet normal 0 0 -1
    outer loop
      vertex 20.6634 -19.8216 0
      vertex 33.7731 -21.4331 0
      vertex 32.3607 -23.5114 0
    endloop
  endfacet
  facet normal 0 0 -1
    outer loop
      vertex 21.7053 -22.0974 0
      vertex 32.3607 -23.5114 0
      vertex 30.8205 -25.497 0
    endloop
  endfacet
  facet normal 0 0 -1
    outer loop
      vertex 21.993 -24.5837 0
      vertex 30.8205 -25.497 0
      vertex 29.1587 -27.3819 0
    endloop
  endfacet
  facet normal 0 0 -1
    outer loop
      vertex 21.6586 -26.561 0
      vertex 29.1587 -27.3819 0
      vertex 27.3819 -29.1587 0
    endloop
  endfacet
  facet normal 0 0 -1
    outer loop
      vertex 20.8429 -28.3929 0
      vertex 27.3819 -29.1587 0
      vertex 25.497 -30.8205 0
    endloop
  endfacet
  facet normal 0 0 -1
    outer loop
      vertex 19.5973 -29.9645 0
      vertex 25.497 -30.8205 0
      vertex 23.5114 -32.3607 0
    endloop
  endfacet
  facet normal 0 0 -1
    outer loop
      vertex 17.5571 -31.4144 0
      vertex 23.5114 -32.3607 0
      vertex 21.4331 -33.7731 0
    endloop
  endfacet
  facet normal 0 0 -1
    outer loop
      vertex 15.1687 -32.1629 0
      vertex 21.4331 -33.7731 0
      vertex 19.2701 -35.0523 0
    endloop
  endfacet
  facet normal 0 0 -1
    outer loop
      vertex 11.2114 -31.747 0
      vertex 19.2701 -35.0523 0
      vertex 17.0312 -36.1931 0
    endloop
  endfacet
  facet normal 0 0 -1
    outer loop
      vertex -6.00702 -23.9137 0
      vertex 17.0312 -36.1931 0
      vertex 14.725 -37.1911 0
    endloop
  endfacet
  facet normal 0 0 -1
    outer loop
      vertex -6.08582 -25.4174 0
      vertex 14.725 -37.1911 0
      vertex 12.3607 -38.0423 0
    endloop
  endfacet
  facet normal 0 0 -1
    outer loop
      vertex -6.2947 -26.4001 0
      vertex 12.3607 -38.0423 0
      vertex 9.94759 -38.7433 0
    endloop
  endfacet
  facet normal 0 0 -1
    outer loop
      vertex -6.83431 -27.8058 0
      vertex 9.94759 -38.7433 0
      vertex 7.49525 -39.2915 0
    endloop
  endfacet
  facet normal 0 0 -1
    outer loop
      vertex -7.62776 -29.0855 0
      vertex 7.49525 -39.2915 0
      vertex 5.01333 -39.6846 0
    endloop
  endfacet
  facet normal 0 0 -1
    outer loop
      vertex -8.28422 -29.846 0
      vertex 5.01333 -39.6846 0
      vertex 2.51162 -39.9211 0
    endloop
  endfacet
  facet normal 0 0 -1
    outer loop
      vertex -9.43429 -30.8179 0
      vertex 2.51162 -39.9211 0
      vertex 0 -40 0
    endloop
  endfacet
  facet normal 0 0 -1
    outer loop
      vertex -10.7461 -31.5571 0
      vertex 0 -40 0
      vertex -2.51162 -39.9211 0
    endloop
  endfacet
  facet normal 0 0 -1
    outer loop
      vertex -12.1732 -32.0373 0
      vertex -2.51162 -39.9211 0
      vertex -5.01333 -39.6846 0
    endloop
  endfacet
  facet normal 0 0 -1
    outer loop
      vertex -13.665 -32.2417 0
      vertex -5.01333 -39.6846 0
      vertex -7.49525 -39.2915 0
    endloop
  endfacet
  facet normal 0 0 -1
    outer loop
      vertex -15.1687 -32.1629 0
      vertex -7.49525 -39.2915 0
      vertex -9.94759 -38.7433 0
    endloop
  endfacet
  facet normal 0 0 -1
    outer loop
      vertex -16.6309 -31.8037 0
      vertex -9.94759 -38.7433 0
      vertex -12.3607 -38.0423 0
    endloop
  endfacet
  facet normal 0 0 -1
    outer loop
      vertex -18.8368 -30.621 0
      vertex -12.3607 -38.0423 0
      vertex -14.725 -37.1911 0
    endloop
  endfacet
  facet normal 0 0 -1
    outer loop
      vertex -39.9211 -2.51162 0
      vertex -14.725 -37.1911 0
      vertex -17.0312 -36.1931 0
    endloop
  endfacet
  facet normal 0 0 -1
    outer loop
      vertex -39.9211 -2.51162 0
      vertex -17.0312 -36.1931 0
      vertex -19.2701 -35.0523 0
    endloop
  endfacet
  facet normal 0 0 -1
    outer loop
      vertex -39.9211 -2.51162 0
      vertex -19.2701 -35.0523 0
      vertex -21.4331 -33.7731 0
    endloop
  endfacet
  facet normal 0 0 -1
    outer loop
      vertex -39.9211 -2.51162 0
      vertex -21.4331 -33.7731 0
      vertex -23.5114 -32.3607 0
    endloop
  endfacet
  facet normal 0 0 -1
    outer loop
      vertex -39.9211 -2.51162 0
      vertex -23.5114 -32.3607 0
      vertex -25.497 -30.8205 0
    endloop
  endfacet
  facet normal 0 0 -1
    outer loop
      vertex -39.9211 -2.51162 0
      vertex -25.497 -30.8205 0
      vertex -27.3819 -29.1587 0
    endloop
  endfacet
  facet normal 0 0 -1
    outer loop
      vertex -39.9211 -2.51162 0
      vertex -27.3819 -29.1587 0
      vertex -29.1587 -27.3819 0
    endloop
  endfacet
  facet normal 0 0 -1
    outer loop
      vertex -39.9211 -2.51162 0
      vertex -29.1587 -27.3819 0
      vertex -30.8205 -25.497 0
    endloop
  endfacet
  facet normal 0 0 -1
    outer loop
      vertex -39.9211 -2.51162 0
      vertex -30.8205 -25.497 0
      vertex -32.3607 -23.5114 0
    endloop
  endfacet
  facet normal 0 0 -1
    outer loop
      vertex -39.9211 -2.51162 0
      vertex -32.3607 -23.5114 0
      vertex -33.7731 -21.4331 0
    endloop
  endfacet
  facet normal 0 0 -1
    outer loop
      vertex -39.9211 -2.51162 0
      vertex -33.7731 -21.4331 0
      vertex -35.0523 -19.2701 0
    endloop
  endfacet
  facet normal 0 0 -1
    outer loop
      vertex -39.9211 -2.51162 0
      vertex -35.0523 -19.2701 0
      vertex -36.1931 -17.0312 0
    endloop
  endfacet
  facet normal 0 0 -1
    outer loop
      vertex -39.9211 -2.51162 0
      vertex -36.1931 -17.0312 0
      vertex -37.1911 -14.725 0
    endloop
  endfacet
  facet normal 0 0 -1
    outer loop
      vertex -39.9211 -2.51162 0
      vertex -37.1911 -14.725 0
      vertex -38.0423 -12.3607 0
    endloop
  endfacet
  facet normal 0 0 -1
    outer loop
      vertex -39.9211 -2.51162 0
      vertex -38.0423 -12.3607 0
      vertex -38.7433 -9.94759 0
    endloop
  endfacet
  facet normal 0 0 -1
    outer loop
      vertex -39.9211 -2.51162 0
      vertex -38.7433 -9.94759 0
      vertex -39.2915 -7.49525 0
    endloop
  endfacet
  facet normal 0 0 -1
    outer loop
      vertex -39.9211 -2.51162 0
      vertex -39.2915 -7.49525 0
      vertex -39.6846 -5.01333 0
    endloop
  endfacet
  facet normal 0 0 -1
    outer loop
      vertex 9.16321 17.8765 0
      vertex -4.01722 12.3637 0
      vertex 8.77263 18.1928 0
    endloop
  endfacet
  facet normal 0 0 -1
    outer loop
      vertex -35.9369 -1.00267 0
      vertex -39.9211 -2.51162 0
      vertex -35.9842 -0.502324 0
    endloop
  endfacet
  facet normal 0 0 -1
    outer loop
      vertex -20.9895 3.85403 0
      vertex -10.9763 6.96575 0
      vertex -20.7614 3.40623 0
    endloop
  endfacet
  facet normal 0 0 -1
    outer loop
      vertex -35.8583 -1.49905 0
      vertex -39.9211 -2.51162 0
      vertex -35.9369 -1.00267 0
    endloop
  endfacet
  facet normal 0 0 -1
    outer loop
      vertex -21.8359 5.09939 0
      vertex -8.28651 10.0167 0
      vertex -21.5279 4.70228 0
    endloop
  endfacet
  facet normal 0 0 -1
    outer loop
      vertex -35.7487 -1.98952 0
      vertex -39.9211 -2.51162 0
      vertex -35.8583 -1.49905 0
    endloop
  endfacet
  facet normal 0 0 -1
    outer loop
      vertex -35.6085 -2.47214 0
      vertex -39.9211 -2.51162 0
      vertex -35.7487 -1.98952 0
    endloop
  endfacet
  facet normal 0 0 -1
    outer loop
      vertex -35.4382 -2.945 0
      vertex -39.9211 -2.51162 0
      vertex -35.6085 -2.47214 0
    endloop
  endfacet
  facet normal 0 0 -1
    outer loop
      vertex -35.2386 -3.40623 0
      vertex -39.9211 -2.51162 0
      vertex -35.4382 -2.945 0
    endloop
  endfacet
  facet normal 0 0 -1
    outer loop
      vertex -35.0105 -3.85403 0
      vertex -39.9211 -2.51162 0
      vertex -35.2386 -3.40623 0
    endloop
  endfacet
  facet normal 0 0 -1
    outer loop
      vertex -23.2977 -6.47214 0
      vertex -6.96575 -10.9763 0
      vertex -23.7134 -6.75462 0
    endloop
  endfacet
  facet normal 0 0 -1
    outer loop
      vertex -34.1641 -5.09939 0
      vertex -39.9211 -2.51162 0
      vertex -34.4721 -4.70228 0
    endloop
  endfacet
  facet normal 0 0 -1
    outer loop
      vertex -33.8317 -5.47638 0
      vertex -39.9211 -2.51162 0
      vertex -34.1641 -5.09939 0
    endloop
  endfacet
  facet normal 0 0 -1
    outer loop
      vertex -33.4764 -5.83175 0
      vertex -39.9211 -2.51162 0
      vertex -33.8317 -5.47638 0
    endloop
  endfacet
  facet normal 0 0 -1
    outer loop
      vertex -8.77263 -18.1928 0
      vertex 6.17482 -25.912 0
      vertex -8.40269 -18.5329 0
    endloop
  endfacet
  facet normal 0 0 -1
    outer loop
      vertex -39.9211 -2.51162 0
      vertex -33.4764 -5.83175 0
      vertex -33.0994 -6.16411 0
    endloop
  endfacet
  facet normal 0 0 -1
    outer loop
      vertex -15.3342 -16.3607 0
      vertex -31.4062 -7.23862 0
      vertex -30.945 -7.43821 0
    endloop
  endfacet
  facet normal 0 0 -1
    outer loop
      vertex -39.9211 -2.51162 0
      vertex -33.0994 -6.16411 0
      vertex -32.7023 -6.47214 0
    endloop
  endfacet
  facet normal 0 0 -1
    outer loop
      vertex -30.4721 -7.60845 0
      vertex -14.8362 -16.2925 0
      vertex -30.945 -7.43821 0
    endloop
  endfacet
  facet normal 0 0 -1
    outer loop
      vertex -15.3342 -16.3607 0
      vertex -30.945 -7.43821 0
      vertex -14.8362 -16.2925 0
    endloop
  endfacet
  facet normal 0 0 -1
    outer loop
      vertex -15.1687 32.1629 0
      vertex -9.94759 38.7433 0
      vertex -14.6694 32.2207 0
    endloop
  endfacet
  facet normal 0 0 -1
    outer loop
      vertex 7.33663 -28.6758 0
      vertex -6.69164 -20.9948 0
      vertex -6.91037 -20.5423 0
    endloop
  endfacet
  facet normal 0 0 -1
    outer loop
      vertex -13.3306 -16.2768 0
      vertex -29.4991 -7.8583 0
      vertex -12.8313 -16.3345 0
    endloop
  endfacet
  facet normal 0 0 -1
    outer loop
      vertex -21.7053 22.0974 0
      vertex -39.9211 -2.51162 0
      vertex -21.8252 22.5854 0
    endloop
  endfacet
  facet normal 0 0 -1
    outer loop
      vertex 6.02806 -24.9181 0
      vertex -9.16321 -17.8765 0
      vertex -9.57287 -17.5853 0
    endloop
  endfacet
  facet normal 0 0 -1
    outer loop
      vertex 6.02806 -24.9181 0
      vertex -9.57287 -17.5853 0
      vertex -10 -17.3205 0
    endloop
  endfacet
  facet normal 0 0 -1
    outer loop
      vertex -26.9973 -7.93692 0
      vertex 6.21137 -22.4219 0
      vertex -27.4977 -7.98421 0
    endloop
  endfacet
  facet normal 0 0 -1
    outer loop
      vertex 6.50174 -21.4601 0
      vertex -26.9973 -7.93692 0
      vertex 6.69164 -20.9948 0
    endloop
  endfacet
  facet normal 0 0 -1
    outer loop
      vertex 7.43081 -19.683 0
      vertex -26.0105 -7.74866 0
      vertex -25.5279 -7.60845 0
    endloop
  endfacet
  facet normal 0 0 -1
    outer loop
      vertex 8.40269 -18.5329 0
      vertex -25.5279 -7.60845 0
      vertex -25.055 -7.43821 0
    endloop
  endfacet
  facet normal 0 0 -1
    outer loop
      vertex -6.2628 -11.392 0
      vertex -23.7134 -6.75462 0
      vertex -6.96575 -10.9763 0
    endloop
  endfacet
  facet normal 0 0 -1
    outer loop
      vertex 6.96575 -10.9763 0
      vertex 36.1931 -17.0312 0
      vertex 6.2628 -11.392 0
    endloop
  endfacet
  facet normal 0 0 -1
    outer loop
      vertex 11.7628 -5.53513 0
      vertex 23.2977 -6.47214 0
      vertex 23.7134 -6.75462 0
    endloop
  endfacet
  facet normal 0 0 -1
    outer loop
      vertex -10.9763 -6.96575 0
      vertex -21.8359 -5.09939 0
      vertex -11.392 -6.2628 0
    endloop
  endfacet
  facet normal 0 0 -1
    outer loop
      vertex -11.7628 -5.53513 0
      vertex -21.2454 -4.28661 0
      vertex -12.0871 -4.78562 0
    endloop
  endfacet
  facet normal 0 0 -1
    outer loop
      vertex -12.0871 -4.78562 0
      vertex -20.9895 -3.85403 0
      vertex -12.3637 -4.01722 0
    endloop
  endfacet
  facet normal 0 0 -1
    outer loop
      vertex -12.3637 -4.01722 0
      vertex -20.7614 -3.40623 0
      vertex -12.5916 -3.23297 0
    endloop
  endfacet
  facet normal 0 0 -1
    outer loop
      vertex -12.5916 -3.23297 0
      vertex -20.3915 -2.47214 0
      vertex -12.7697 -2.43596 0
    endloop
  endfacet
  facet normal 0 0 -1
    outer loop
      vertex -12.8975 1.62933 0
      vertex -20.0631 1.00267 0
      vertex -12.7697 2.43596 0
    endloop
  endfacet
  facet normal 0 0 -1
    outer loop
      vertex -12.7697 2.43596 0
      vertex -20.1417 1.49905 0
      vertex -12.5916 3.23297 0
    endloop
  endfacet
  facet normal 0 0 -1
    outer loop
      vertex -12.9743 -0.816277 0
      vertex -20.0631 -1.00267 0
      vertex -13 0 0
    endloop
  endfacet
  facet normal 0 0 -1
    outer loop
      vertex -12.8975 -1.62933 0
      vertex -20.1417 -1.49905 0
      vertex -12.9743 -0.816277 0
    endloop
  endfacet
  facet normal 0 0 -1
    outer loop
      vertex -12.0871 4.78562 0
      vertex -20.5618 2.945 0
      vertex -11.7628 5.53513 0
    endloop
  endfacet
  facet normal 0 0 -1
    outer loop
      vertex -20.1417 1.49905 0
      vertex -12.7697 2.43596 0
      vertex -20.0631 1.00267 0
    endloop
  endfacet
  facet normal 0 0 -1
    outer loop
      vertex 13.3306 16.2768 0
      vertex 3.23297 12.5916 0
      vertex 12.8313 16.3345 0
    endloop
  endfacet
  facet normal 0 0 -1
    outer loop
      vertex 10.8999 16.8738 0
      vertex 0.816277 12.9743 0
      vertex 10.4429 17.083 0
    endloop
  endfacet
  facet normal 0 0 -1
    outer loop
      vertex -25.5279 7.60845 0
      vertex -11.8486 16.5434 0
      vertex -25.055 7.43821 0
    endloop
  endfacet
  facet normal 0 0 -1
    outer loop
      vertex 8.77263 18.1928 0
      vertex -21.8359 5.09939 0
      vertex -22.1683 5.47638 0
    endloop
  endfacet
  facet normal 0 0 -1
    outer loop
      vertex -10.5172 7.64121 0
      vertex -21.2454 4.28661 0
      vertex -10.0167 8.28651 0
    endloop
  endfacet
  facet normal 0 0 -1
    outer loop
      vertex 6.69164 20.9948 0
      vertex -22.9006 6.16411 0
      vertex 6.50174 21.4601 0
    endloop
  endfacet
  facet normal 0 0 -1
    outer loop
      vertex 6.21137 22.4219 0
      vertex -22.9006 6.16411 0
      vertex -23.2977 6.47214 0
    endloop
  endfacet
  facet normal 0 0 -1
    outer loop
      vertex -7.43081 19.683 0
      vertex 17.0312 36.1931 0
      vertex -7.73045 19.2795 0
    endloop
  endfacet
  facet normal 0 0 -1
    outer loop
      vertex -11.8486 16.5434 0
      vertex -25.5279 7.60845 0
      vertex -12.3367 16.4235 0
    endloop
  endfacet
  facet normal 0 0 -1
    outer loop
      vertex -15.3342 16.3607 0
      vertex -26.5009 7.8583 0
      vertex -26.9973 7.93692 0
    endloop
  endfacet
  facet normal 0 0 -1
    outer loop
      vertex -16.3123 16.5902 0
      vertex -26.9973 7.93692 0
      vertex -27.4977 7.98421 0
    endloop
  endfacet
  facet normal 0 0 -1
    outer loop
      vertex -17.2539 16.9403 0
      vertex -28 8 0
      vertex -17.7064 17.1591 0
    endloop
  endfacet
  facet normal 0 0 -1
    outer loop
      vertex -18.1442 17.4058 0
      vertex -28.5023 7.98421 0
      vertex -29.0027 7.93692 0
    endloop
  endfacet
  facet normal 0 0 -1
    outer loop
      vertex -18.1442 17.4058 0
      vertex -29.0027 7.93692 0
      vertex -18.5657 17.6795 0
    endloop
  endfacet
  facet normal 0 0 -1
    outer loop
      vertex -7.33663 28.6758 0
      vertex 5.01333 39.6846 0
      vertex -7.0718 28.2487 0
    endloop
  endfacet
  facet normal 0 0 -1
    outer loop
      vertex -19.7158 18.6514 0
      vertex -30.4721 7.60845 0
      vertex -20.056 19.0213 0
    endloop
  endfacet
  facet normal 0 0 -1
    outer loop
      vertex -20.3722 19.4119 0
      vertex -31.4062 7.23862 0
      vertex -20.6634 19.8216 0
    endloop
  endfacet
  facet normal 0 0 -1
    outer loop
      vertex -20.9282 20.2487 0
      vertex -32.2866 6.75462 0
      vertex -21.1657 20.6916 0
    endloop
  endfacet
  facet normal 0 0 -1
    outer loop
      vertex -21.3749 21.1486 0
      vertex -33.0994 6.16411 0
      vertex -33.4764 5.83175 0
    endloop
  endfacet
  facet normal 0 0 -1
    outer loop
      vertex -34.7546 4.28661 0
      vertex -39.9211 -2.51162 0
      vertex -34.4721 4.70228 0
    endloop
  endfacet
  facet normal 0 0 -1
    outer loop
      vertex -21.3749 21.1486 0
      vertex -33.4764 5.83175 0
      vertex -21.555 21.6178 0
    endloop
  endfacet
  facet normal 0 0 -1
    outer loop
      vertex -8.28422 29.846 0
      vertex 2.51162 39.9211 0
      vertex -7.94404 29.4761 0
    endloop
  endfacet
  facet normal 0 0 -1
    outer loop
      vertex -35.0105 3.85403 0
      vertex -39.9211 -2.51162 0
      vertex -34.7546 4.28661 0
    endloop
  endfacet
  facet normal 0 0 -1
    outer loop
      vertex -35.2386 3.40623 0
      vertex -39.9211 -2.51162 0
      vertex -35.0105 3.85403 0
    endloop
  endfacet
  facet normal 0 0 -1
    outer loop
      vertex -35.4382 2.945 0
      vertex -39.9211 -2.51162 0
      vertex -35.2386 3.40623 0
    endloop
  endfacet
  facet normal 0 0 -1
    outer loop
      vertex -35.6085 2.47214 0
      vertex -39.9211 -2.51162 0
      vertex -35.4382 2.945 0
    endloop
  endfacet
  facet normal 0 0 -1
    outer loop
      vertex -35.7487 1.98952 0
      vertex -39.9211 -2.51162 0
      vertex -35.6085 2.47214 0
    endloop
  endfacet
  facet normal 0 0 -1
    outer loop
      vertex -35.8583 1.49905 0
      vertex -39.9211 -2.51162 0
      vertex -35.7487 1.98952 0
    endloop
  endfacet
  facet normal 0 0 -1
    outer loop
      vertex -35.9369 1.00267 0
      vertex -39.9211 -2.51162 0
      vertex -35.8583 1.49905 0
    endloop
  endfacet
  facet normal 0 0 -1
    outer loop
      vertex -35.9842 0.502324 0
      vertex -39.9211 -2.51162 0
      vertex -35.9369 1.00267 0
    endloop
  endfacet
  facet normal 0 0 -1
    outer loop
      vertex -21.993 -24.5837 0
      vertex -39.9211 -2.51162 0
      vertex -21.9982 -24.0812 0
    endloop
  endfacet
  facet normal 0 0 -1
    outer loop
      vertex -13.665 -32.2417 0
      vertex -7.49525 -39.2915 0
      vertex -14.1675 -32.247 0
    endloop
  endfacet
  facet normal 0 0 -1
    outer loop
      vertex -21.7886 -26.0755 0
      vertex -39.9211 -2.51162 0
      vertex -21.888 -25.5829 0
    endloop
  endfacet
  facet normal 0 0 -1
    outer loop
      vertex -39.9211 -2.51162 0
      vertex -21.993 -24.5837 0
      vertex -21.9562 -25.0849 0
    endloop
  endfacet
  facet normal 0 0 -1
    outer loop
      vertex -39.9211 -2.51162 0
      vertex -21.9562 -25.0849 0
      vertex -21.888 -25.5829 0
    endloop
  endfacet
  facet normal 0 0 -1
    outer loop
      vertex -17.1001 -31.6236 0
      vertex -12.3607 -38.0423 0
      vertex -17.5571 -31.4144 0
    endloop
  endfacet
  facet normal 0 0 -1
    outer loop
      vertex -39.9211 -2.51162 0
      vertex -21.7886 -26.0755 0
      vertex -21.6586 -26.561 0
    endloop
  endfacet
  facet normal 0 0 -1
    outer loop
      vertex -39.9211 -2.51162 0
      vertex -21.6586 -26.561 0
      vertex -21.4983 -27.0373 0
    endloop
  endfacet
  facet normal 0 0 -1
    outer loop
      vertex -39.9211 -2.51162 0
      vertex -21.4983 -27.0373 0
      vertex -21.3084 -27.5026 0
    endloop
  endfacet
  facet normal 0 0 -1
    outer loop
      vertex -39.9211 -2.51162 0
      vertex -21.3084 -27.5026 0
      vertex -21.0896 -27.9551 0
    endloop
  endfacet
  facet normal 0 0 -1
    outer loop
      vertex -39.9211 -2.51162 0
      vertex -21.0896 -27.9551 0
      vertex -20.8429 -28.3929 0
    endloop
  endfacet
  facet normal 0 0 -1
    outer loop
      vertex -39.9211 -2.51162 0
      vertex -20.8429 -28.3929 0
      vertex -20.5692 -28.8144 0
    endloop
  endfacet
  facet normal 0 0 -1
    outer loop
      vertex -39.9211 -2.51162 0
      vertex -20.5692 -28.8144 0
      vertex -14.725 -37.1911 0
    endloop
  endfacet
  facet normal 0 0 -1
    outer loop
      vertex -20.5692 -28.8144 0
      vertex -20.2695 -29.2179 0
      vertex -14.725 -37.1911 0
    endloop
  endfacet
  facet normal 0 0 -1
    outer loop
      vertex -19.5973 -29.9645 0
      vertex -14.725 -37.1911 0
      vertex -19.9452 -29.6018 0
    endloop
  endfacet
  facet normal 0 0 -1
    outer loop
      vertex -19.2274 -30.3047 0
      vertex -14.725 -37.1911 0
      vertex -19.5973 -29.9645 0
    endloop
  endfacet
  facet normal 0 0 -1
    outer loop
      vertex -18.8368 -30.621 0
      vertex -14.725 -37.1911 0
      vertex -19.2274 -30.3047 0
    endloop
  endfacet
  facet normal 0 0 -1
    outer loop
      vertex -18.4271 -30.9121 0
      vertex -12.3607 -38.0423 0
      vertex -18.8368 -30.621 0
    endloop
  endfacet
  facet normal 0 0 -1
    outer loop
      vertex -17.5571 -31.4144 0
      vertex -12.3607 -38.0423 0
      vertex -18 -31.1769 0
    endloop
  endfacet
  facet normal 0 0 -1
    outer loop
      vertex -18 -31.1769 0
      vertex -12.3607 -38.0423 0
      vertex -18.4271 -30.9121 0
    endloop
  endfacet
  facet normal 0 0 -1
    outer loop
      vertex -19.9452 -29.6018 0
      vertex -14.725 -37.1911 0
      vertex -20.2695 -29.2179 0
    endloop
  endfacet
  facet normal 0 0 -1
    outer loop
      vertex -16.6309 -31.8037 0
      vertex -12.3607 -38.0423 0
      vertex -17.1001 -31.6236 0
    endloop
  endfacet
  facet normal 0 0 -1
    outer loop
      vertex -16.1514 -31.954 0
      vertex -9.94759 -38.7433 0
      vertex -16.6309 -31.8037 0
    endloop
  endfacet
  facet normal 0 0 -1
    outer loop
      vertex -15.1687 -32.1629 0
      vertex -9.94759 -38.7433 0
      vertex -15.6633 -32.0739 0
    endloop
  endfacet
  facet normal 0 0 -1
    outer loop
      vertex -15.6633 -32.0739 0
      vertex -9.94759 -38.7433 0
      vertex -16.1514 -31.954 0
    endloop
  endfacet
  facet normal 0 0 -1
    outer loop
      vertex -14.6694 -32.2207 0
      vertex -7.49525 -39.2915 0
      vertex -15.1687 -32.1629 0
    endloop
  endfacet
  facet normal 0 0 -1
    outer loop
      vertex -14.1675 -32.247 0
      vertex -7.49525 -39.2915 0
      vertex -14.6694 -32.2207 0
    endloop
  endfacet
  facet normal 0 0 -1
    outer loop
      vertex -21.9719 -23.5793 0
      vertex -39.9211 -2.51162 0
      vertex -21.9142 -23.08 0
    endloop
  endfacet
  facet normal 0 0 -1
    outer loop
      vertex -13.1638 -32.2049 0
      vertex -5.01333 -39.6846 0
      vertex -13.665 -32.2417 0
    endloop
  endfacet
  facet normal 0 0 -1
    outer loop
      vertex -12.1732 -32.0373 0
      vertex -5.01333 -39.6846 0
      vertex -12.6658 -32.1367 0
    endloop
  endfacet
  facet normal 0 0 -1
    outer loop
      vertex -12.6658 -32.1367 0
      vertex -5.01333 -39.6846 0
      vertex -13.1638 -32.2049 0
    endloop
  endfacet
  facet normal 0 0 -1
    outer loop
      vertex -11.6877 -31.9073 0
      vertex -2.51162 -39.9211 0
      vertex -12.1732 -32.0373 0
    endloop
  endfacet
  facet normal 0 0 -1
    outer loop
      vertex -10.7461 -31.5571 0
      vertex -2.51162 -39.9211 0
      vertex -11.2114 -31.747 0
    endloop
  endfacet
  facet normal 0 0 -1
    outer loop
      vertex -11.2114 -31.747 0
      vertex -2.51162 -39.9211 0
      vertex -11.6877 -31.9073 0
    endloop
  endfacet
  facet normal 0 0 -1
    outer loop
      vertex -10.2936 -31.3383 0
      vertex 0 -40 0
      vertex -10.7461 -31.5571 0
    endloop
  endfacet
  facet normal 0 0 -1
    outer loop
      vertex -9.43429 -30.8179 0
      vertex 0 -40 0
      vertex -9.85578 -31.0916 0
    endloop
  endfacet
  facet normal 0 0 -1
    outer loop
      vertex -9.85578 -31.0916 0
      vertex 0 -40 0
      vertex -10.2936 -31.3383 0
    endloop
  endfacet
  facet normal 0 0 -1
    outer loop
      vertex -9.03082 -30.5183 0
      vertex 2.51162 -39.9211 0
      vertex -9.43429 -30.8179 0
    endloop
  endfacet
  facet normal 0 0 -1
    outer loop
      vertex -8.28422 -29.846 0
      vertex 2.51162 -39.9211 0
      vertex -8.64696 -30.1939 0
    endloop
  endfacet
  facet normal 0 0 -1
    outer loop
      vertex -8.64696 -30.1939 0
      vertex 2.51162 -39.9211 0
      vertex -9.03082 -30.5183 0
    endloop
  endfacet
  facet normal 0 0 -1
    outer loop
      vertex -7.94404 -29.4761 0
      vertex 5.01333 -39.6846 0
      vertex -8.28422 -29.846 0
    endloop
  endfacet
  facet normal 0 0 -1
    outer loop
      vertex -7.62776 -29.0855 0
      vertex 5.01333 -39.6846 0
      vertex -7.94404 -29.4761 0
    endloop
  endfacet
  facet normal 0 0 -1
    outer loop
      vertex -7.33663 -28.6758 0
      vertex 7.49525 -39.2915 0
      vertex -7.62776 -29.0855 0
    endloop
  endfacet
  facet normal 0 0 -1
    outer loop
      vertex -6.83431 -27.8058 0
      vertex 7.49525 -39.2915 0
      vertex -7.0718 -28.2487 0
    endloop
  endfacet
  facet normal 0 0 -1
    outer loop
      vertex -7.0718 -28.2487 0
      vertex 7.49525 -39.2915 0
      vertex -7.33663 -28.6758 0
    endloop
  endfacet
  facet normal 0 0 -1
    outer loop
      vertex -6.62509 -27.3488 0
      vertex 9.94759 -38.7433 0
      vertex -6.83431 -27.8058 0
    endloop
  endfacet
  facet normal 0 0 -1
    outer loop
      vertex -6.2947 -26.4001 0
      vertex 9.94759 -38.7433 0
      vertex -6.44499 -26.8796 0
    endloop
  endfacet
  facet normal 0 0 -1
    outer loop
      vertex -6.44499 -26.8796 0
      vertex 9.94759 -38.7433 0
      vertex -6.62509 -27.3488 0
    endloop
  endfacet
  facet normal 0 0 -1
    outer loop
      vertex -18.5657 -17.6795 0
      vertex -39.9211 -2.51162 0
      vertex -18.1442 -17.4058 0
    endloop
  endfacet
  facet normal 0 0 -1
    outer loop
      vertex -6.17482 -25.912 0
      vertex 12.3607 -38.0423 0
      vertex -6.2947 -26.4001 0
    endloop
  endfacet
  facet normal 0 0 -1
    outer loop
      vertex -6.08582 -25.4174 0
      vertex 12.3607 -38.0423 0
      vertex -6.17482 -25.912 0
    endloop
  endfacet
  facet normal 0 0 -1
    outer loop
      vertex -6.02806 -24.9181 0
      vertex 14.725 -37.1911 0
      vertex -6.08582 -25.4174 0
    endloop
  endfacet
  facet normal 0 0 -1
    outer loop
      vertex -6.00702 -23.9137 0
      vertex 14.725 -37.1911 0
      vertex -6.00176 -24.4163 0
    endloop
  endfacet
  facet normal 0 0 -1
    outer loop
      vertex -6.00176 -24.4163 0
      vertex 14.725 -37.1911 0
      vertex -6.02806 -24.9181 0
    endloop
  endfacet
  facet normal 0 0 -1
    outer loop
      vertex -6.04382 -23.4125 0
      vertex 17.0312 -36.1931 0
      vertex -6.00702 -23.9137 0
    endloop
  endfacet
  facet normal 0 0 -1
    outer loop
      vertex -6.21137 -22.4219 0
      vertex 17.0312 -36.1931 0
      vertex -6.11203 -22.9146 0
    endloop
  endfacet
  facet normal 0 0 -1
    outer loop
      vertex -6.11203 -22.9146 0
      vertex 17.0312 -36.1931 0
      vertex -6.04382 -23.4125 0
    endloop
  endfacet
  facet normal 0 0 -1
    outer loop
      vertex -21.7053 22.0974 0
      vertex -34.4721 4.70228 0
      vertex -39.9211 -2.51162 0
    endloop
  endfacet
  facet normal 0 0 -1
    outer loop
      vertex -6.34144 -21.9365 0
      vertex 17.0312 -36.1931 0
      vertex -6.21137 -22.4219 0
    endloop
  endfacet
  facet normal 0 0 -1
    outer loop
      vertex -16.3123 -16.5902 0
      vertex -32.2866 -6.75462 0
      vertex -31.854 -7.01045 0
    endloop
  endfacet
  facet normal 0 0 -1
    outer loop
      vertex -13.3306 -16.2768 0
      vertex -29.9895 -7.74866 0
      vertex -29.4991 -7.8583 0
    endloop
  endfacet
  facet normal 0 0 -1
    outer loop
      vertex -14.8362 -16.2925 0
      vertex -29.9895 -7.74866 0
      vertex -14.335 -16.2557 0
    endloop
  endfacet
  facet normal 0 0 -1
    outer loop
      vertex 6.2947 -26.4001 0
      vertex -7.43081 -19.683 0
      vertex -7.73045 -19.2795 0
    endloop
  endfacet
  facet normal 0 0 -1
    outer loop
      vertex 6.2947 -26.4001 0
      vertex -8.05484 -18.8957 0
      vertex -8.40269 -18.5329 0
    endloop
  endfacet
  facet normal 0 0 -1
    outer loop
      vertex 6.2947 -26.4001 0
      vertex -8.40269 -18.5329 0
      vertex 6.17482 -25.912 0
    endloop
  endfacet
  facet normal 0 0 -1
    outer loop
      vertex 6.11203 -22.9146 0
      vertex -28 -8 0
      vertex -27.4977 -7.98421 0
    endloop
  endfacet
  facet normal 0 0 -1
    outer loop
      vertex 17.5571 -31.4144 0
      vertex 21.4331 -33.7731 0
      vertex 17.1001 -31.6236 0
    endloop
  endfacet
  facet normal 0 0 -1
    outer loop
      vertex -29.0027 -7.93692 0
      vertex -10.4429 -17.083 0
      vertex -10.8999 -16.8738 0
    endloop
  endfacet
  facet normal 0 0 -1
    outer loop
      vertex -11.8486 -16.5434 0
      vertex -29.0027 -7.93692 0
      vertex -11.3691 -16.6937 0
    endloop
  endfacet
  facet normal 0 0 -1
    outer loop
      vertex -12.3367 -16.4235 0
      vertex -29.0027 -7.93692 0
      vertex -11.8486 -16.5434 0
    endloop
  endfacet
  facet normal 0 0 -1
    outer loop
      vertex -12.8313 -16.3345 0
      vertex -29.0027 -7.93692 0
      vertex -12.3367 -16.4235 0
    endloop
  endfacet
  facet normal 0 0 -1
    outer loop
      vertex -29.0027 -7.93692 0
      vertex -12.8313 -16.3345 0
      vertex -29.4991 -7.8583 0
    endloop
  endfacet
  facet normal 0 0 -1
    outer loop
      vertex -32.2866 -6.75462 0
      vertex -39.9211 -2.51162 0
      vertex -32.7023 -6.47214 0
    endloop
  endfacet
  facet normal 0 0 -1
    outer loop
      vertex -13.8325 -16.2505 0
      vertex -29.9895 -7.74866 0
      vertex -13.3306 -16.2768 0
    endloop
  endfacet
  facet normal 0 0 -1
    outer loop
      vertex -14.335 -16.2557 0
      vertex -29.9895 -7.74866 0
      vertex -13.8325 -16.2505 0
    endloop
  endfacet
  facet normal 0 0 -1
    outer loop
      vertex -14.8362 -16.2925 0
      vertex -30.4721 -7.60845 0
      vertex -29.9895 -7.74866 0
    endloop
  endfacet
  facet normal 0 0 -1
    outer loop
      vertex -7.15709 -20.1045 0
      vertex 7.0718 -28.2487 0
      vertex -6.91037 -20.5423 0
    endloop
  endfacet
  facet normal 0 0 -1
    outer loop
      vertex -15.8268 -16.4601 0
      vertex -31.854 -7.01045 0
      vertex -15.3342 -16.3607 0
    endloop
  endfacet
  facet normal 0 0 -1
    outer loop
      vertex -16.3123 -16.5902 0
      vertex -31.854 -7.01045 0
      vertex -15.8268 -16.4601 0
    endloop
  endfacet
  facet normal 0 0 -1
    outer loop
      vertex -16.3123 -16.5902 0
      vertex -39.9211 -2.51162 0
      vertex -32.2866 -6.75462 0
    endloop
  endfacet
  facet normal 0 0 -1
    outer loop
      vertex -17.2539 -16.9403 0
      vertex -39.9211 -2.51162 0
      vertex -16.7886 -16.7505 0
    endloop
  endfacet
  facet normal 0 0 -1
    outer loop
      vertex -16.7886 -16.7505 0
      vertex -39.9211 -2.51162 0
      vertex -16.3123 -16.5902 0
    endloop
  endfacet
  facet normal 0 0 -1
    outer loop
      vertex -18.1442 -17.4058 0
      vertex -39.9211 -2.51162 0
      vertex -17.7064 -17.1591 0
    endloop
  endfacet
  facet normal 0 0 -1
    outer loop
      vertex -17.7064 -17.1591 0
      vertex -39.9211 -2.51162 0
      vertex -17.2539 -16.9403 0
    endloop
  endfacet
  facet normal 0 0 -1
    outer loop
      vertex -18.9692 -17.9792 0
      vertex -39.9211 -2.51162 0
      vertex -18.5657 -17.6795 0
    endloop
  endfacet
  facet normal 0 0 -1
    outer loop
      vertex -19.353 -18.3036 0
      vertex -39.9211 -2.51162 0
      vertex -18.9692 -17.9792 0
    endloop
  endfacet
  facet normal 0 0 -1
    outer loop
      vertex -19.7158 -18.6514 0
      vertex -39.9211 -2.51162 0
      vertex -19.353 -18.3036 0
    endloop
  endfacet
  facet normal 0 0 -1
    outer loop
      vertex -20.056 -19.0213 0
      vertex -39.9211 -2.51162 0
      vertex -19.7158 -18.6514 0
    endloop
  endfacet
  facet normal 0 0 -1
    outer loop
      vertex -20.6634 -19.8216 0
      vertex -39.9211 -2.51162 0
      vertex -20.3722 -19.4119 0
    endloop
  endfacet
  facet normal 0 0 -1
    outer loop
      vertex -20.3722 -19.4119 0
      vertex -39.9211 -2.51162 0
      vertex -20.056 -19.0213 0
    endloop
  endfacet
  facet normal 0 0 -1
    outer loop
      vertex -20.9282 -20.2487 0
      vertex -39.9211 -2.51162 0
      vertex -20.6634 -19.8216 0
    endloop
  endfacet
  facet normal 0 0 -1
    outer loop
      vertex -21.1657 -20.6916 0
      vertex -39.9211 -2.51162 0
      vertex -20.9282 -20.2487 0
    endloop
  endfacet
  facet normal 0 0 -1
    outer loop
      vertex -21.3749 -21.1486 0
      vertex -39.9211 -2.51162 0
      vertex -21.1657 -20.6916 0
    endloop
  endfacet
  facet normal 0 0 -1
    outer loop
      vertex -21.7053 -22.0974 0
      vertex -39.9211 -2.51162 0
      vertex -21.555 -21.6178 0
    endloop
  endfacet
  facet normal 0 0 -1
    outer loop
      vertex -21.555 -21.6178 0
      vertex -39.9211 -2.51162 0
      vertex -21.3749 -21.1486 0
    endloop
  endfacet
  facet normal 0 0 -1
    outer loop
      vertex -21.9142 -23.08 0
      vertex -39.9211 -2.51162 0
      vertex -21.8252 -22.5854 0
    endloop
  endfacet
  facet normal 0 0 -1
    outer loop
      vertex -21.8252 -22.5854 0
      vertex -39.9211 -2.51162 0
      vertex -21.7053 -22.0974 0
    endloop
  endfacet
  facet normal 0 0 -1
    outer loop
      vertex -17.1001 31.6236 0
      vertex -12.3607 38.0423 0
      vertex -16.6309 31.8037 0
    endloop
  endfacet
  facet normal 0 0 -1
    outer loop
      vertex -21.9719 23.5793 0
      vertex -39.9211 -2.51162 0
      vertex -21.9982 24.0812 0
    endloop
  endfacet
  facet normal 0 0 -1
    outer loop
      vertex -39.9211 -2.51162 0
      vertex -21.9719 -23.5793 0
      vertex -21.9982 -24.0812 0
    endloop
  endfacet
  facet normal 0 0 -1
    outer loop
      vertex -19.2274 30.3047 0
      vertex -14.725 37.1911 0
      vertex -18.8368 30.621 0
    endloop
  endfacet
  facet normal 0 0 -1
    outer loop
      vertex -39.9211 -2.51162 0
      vertex -21.993 24.5837 0
      vertex -21.9982 24.0812 0
    endloop
  endfacet
  facet normal 0 0 -1
    outer loop
      vertex -21.7053 22.0974 0
      vertex -33.4764 5.83175 0
      vertex -33.8317 5.47638 0
    endloop
  endfacet
  facet normal 0 0 -1
    outer loop
      vertex -39.9211 -2.51162 0
      vertex -21.9719 23.5793 0
      vertex -21.9142 23.08 0
    endloop
  endfacet
  facet normal 0 0 -1
    outer loop
      vertex -39.9211 -2.51162 0
      vertex -21.9142 23.08 0
      vertex -21.8252 22.5854 0
    endloop
  endfacet
  facet normal 0 0 -1
    outer loop
      vertex -21.3749 21.1486 0
      vertex -32.7023 6.47214 0
      vertex -33.0994 6.16411 0
    endloop
  endfacet
  facet normal 0 0 -1
    outer loop
      vertex -33.4764 5.83175 0
      vertex -21.7053 22.0974 0
      vertex -21.555 21.6178 0
    endloop
  endfacet
  facet normal 0 0 -1
    outer loop
      vertex -21.1657 20.6916 0
      vertex -32.2866 6.75462 0
      vertex -21.3749 21.1486 0
    endloop
  endfacet
  facet normal 0 0 -1
    outer loop
      vertex -32.7023 6.47214 0
      vertex -21.3749 21.1486 0
      vertex -32.2866 6.75462 0
    endloop
  endfacet
  facet normal 0 0 -1
    outer loop
      vertex -20.9282 20.2487 0
      vertex -31.854 7.01045 0
      vertex -32.2866 6.75462 0
    endloop
  endfacet
  facet normal 0 0 -1
    outer loop
      vertex -20.6634 19.8216 0
      vertex -31.4062 7.23862 0
      vertex -20.9282 20.2487 0
    endloop
  endfacet
  facet normal 0 0 -1
    outer loop
      vertex -31.854 7.01045 0
      vertex -20.9282 20.2487 0
      vertex -31.4062 7.23862 0
    endloop
  endfacet
  facet normal 0 0 -1
    outer loop
      vertex -20.3722 19.4119 0
      vertex -30.945 7.43821 0
      vertex -31.4062 7.23862 0
    endloop
  endfacet
  facet normal 0 0 -1
    outer loop
      vertex -9.43429 30.8179 0
      vertex 0 40 0
      vertex -9.03082 30.5183 0
    endloop
  endfacet
  facet normal 0 0 -1
    outer loop
      vertex -20.056 19.0213 0
      vertex -30.4721 7.60845 0
      vertex -20.3722 19.4119 0
    endloop
  endfacet
  facet normal 0 0 -1
    outer loop
      vertex -30.945 7.43821 0
      vertex -20.3722 19.4119 0
      vertex -30.4721 7.60845 0
    endloop
  endfacet
  facet normal 0 0 -1
    outer loop
      vertex -19.7158 18.6514 0
      vertex -29.9895 7.74867 0
      vertex -30.4721 7.60845 0
    endloop
  endfacet
  facet normal 0 0 -1
    outer loop
      vertex -18.9692 17.9792 0
      vertex -29.0027 7.93692 0
      vertex -29.4991 7.8583 0
    endloop
  endfacet
  facet normal 0 0 -1
    outer loop
      vertex -29.9895 7.74867 0
      vertex -19.7158 18.6514 0
      vertex -19.353 18.3036 0
    endloop
  endfacet
  facet normal 0 0 -1
    outer loop
      vertex -18.1442 17.4058 0
      vertex -28 8 0
      vertex -28.5023 7.98421 0
    endloop
  endfacet
  facet normal 0 0 -1
    outer loop
      vertex -29.0027 7.93692 0
      vertex -18.9692 17.9792 0
      vertex -18.5657 17.6795 0
    endloop
  endfacet
  facet normal 0 0 -1
    outer loop
      vertex 12.0871 4.78562 0
      vertex 22.1683 5.47638 0
      vertex 12.3637 4.01722 0
    endloop
  endfacet
  facet normal 0 0 -1
    outer loop
      vertex -17.2539 16.9403 0
      vertex -27.4977 7.98421 0
      vertex -28 8 0
    endloop
  endfacet
  facet normal 0 0 -1
    outer loop
      vertex -28 8 0
      vertex -18.1442 17.4058 0
      vertex -17.7064 17.1591 0
    endloop
  endfacet
  facet normal 0 0 -1
    outer loop
      vertex -16.7886 16.7505 0
      vertex -27.4977 7.98421 0
      vertex -17.2539 16.9403 0
    endloop
  endfacet
  facet normal 0 0 -1
    outer loop
      vertex -16.3123 16.5902 0
      vertex -27.4977 7.98421 0
      vertex -16.7886 16.7505 0
    endloop
  endfacet
  facet normal 0 0 -1
    outer loop
      vertex -6.17482 25.912 0
      vertex 9.94759 38.7433 0
      vertex -6.08582 25.4174 0
    endloop
  endfacet
  facet normal 0 0 -1
    outer loop
      vertex -15.8268 16.4601 0
      vertex -26.9973 7.93692 0
      vertex -16.3123 16.5902 0
    endloop
  endfacet
  facet normal 0 0 -1
    outer loop
      vertex -15.3342 16.3607 0
      vertex -26.9973 7.93692 0
      vertex -15.8268 16.4601 0
    endloop
  endfacet
  facet normal 0 0 -1
    outer loop
      vertex -14.8362 16.2925 0
      vertex -26.0105 7.74867 0
      vertex -15.3342 16.3607 0
    endloop
  endfacet
  facet normal 0 0 -1
    outer loop
      vertex -26.5009 7.8583 0
      vertex -15.3342 16.3607 0
      vertex -26.0105 7.74867 0
    endloop
  endfacet
  facet normal 0 0 -1
    outer loop
      vertex -6.00702 23.9137 0
      vertex 12.3607 38.0423 0
      vertex -6.04382 23.4125 0
    endloop
  endfacet
  facet normal 0 0 -1
    outer loop
      vertex -26.0105 7.74867 0
      vertex -14.8362 16.2925 0
      vertex -14.335 16.2557 0
    endloop
  endfacet
  facet normal 0 0 -1
    outer loop
      vertex -6.34144 21.9365 0
      vertex 14.725 37.1911 0
      vertex -6.50174 21.4601 0
    endloop
  endfacet
  facet normal 0 0 -1
    outer loop
      vertex -25.5279 7.60845 0
      vertex -13.3306 16.2768 0
      vertex -12.8313 16.3345 0
    endloop
  endfacet
  facet normal 0 0 -1
    outer loop
      vertex -24.5938 7.23862 0
      vertex 6.44499 26.8796 0
      vertex -24.146 7.01045 0
    endloop
  endfacet
  facet normal 0 0 -1
    outer loop
      vertex -11.3691 16.6937 0
      vertex -25.055 7.43821 0
      vertex -11.8486 16.5434 0
    endloop
  endfacet
  facet normal 0 0 -1
    outer loop
      vertex -35.9842 -0.502324 0
      vertex -39.9211 -2.51162 0
      vertex -36 4.40873e-15 0
    endloop
  endfacet
  facet normal 0 0 -1
    outer loop
      vertex -10 17.3205 0
      vertex -24.5938 7.23862 0
      vertex -10.4429 17.083 0
    endloop
  endfacet
  facet normal 0 0 -1
    outer loop
      vertex -25.055 7.43821 0
      vertex -11.3691 16.6937 0
      vertex -24.5938 7.23862 0
    endloop
  endfacet
  facet normal 0 0 -1
    outer loop
      vertex -7.73045 19.2795 0
      vertex 17.0312 36.1931 0
      vertex -8.05484 18.8957 0
    endloop
  endfacet
  facet normal 0 0 -1
    outer loop
      vertex -11.3691 16.6937 0
      vertex -10.8999 16.8738 0
      vertex -24.5938 7.23862 0
    endloop
  endfacet
  facet normal 0 0 -1
    outer loop
      vertex -8.05484 18.8957 0
      vertex 17.0312 36.1931 0
      vertex -8.40269 18.5329 0
    endloop
  endfacet
  facet normal 0 0 -1
    outer loop
      vertex -10.8999 16.8738 0
      vertex -10.4429 17.083 0
      vertex -24.5938 7.23862 0
    endloop
  endfacet
  facet normal 0 0 -1
    outer loop
      vertex -8.40269 18.5329 0
      vertex 17.0312 36.1931 0
      vertex -8.77263 18.1928 0
    endloop
  endfacet
  facet normal 0 0 -1
    outer loop
      vertex -9.16321 17.8765 0
      vertex 17.0312 36.1931 0
      vertex -9.57287 17.5853 0
    endloop
  endfacet
  facet normal 0 0 -1
    outer loop
      vertex -8.77263 18.1928 0
      vertex 17.0312 36.1931 0
      vertex -9.16321 17.8765 0
    endloop
  endfacet
  facet normal 0 0 -1
    outer loop
      vertex -15.3342 -16.3607 0
      vertex -31.854 -7.01045 0
      vertex -31.4062 -7.23862 0
    endloop
  endfacet
  facet normal 0 0 -1
    outer loop
      vertex -6.69164 20.9948 0
      vertex 14.725 37.1911 0
      vertex -6.91037 20.5423 0
    endloop
  endfacet
  facet normal 0 0 -1
    outer loop
      vertex -6.50174 21.4601 0
      vertex 14.725 37.1911 0
      vertex -6.69164 20.9948 0
    endloop
  endfacet
  facet normal 0 0 -1
    outer loop
      vertex -6.91037 20.5423 0
      vertex 17.0312 36.1931 0
      vertex -7.15709 20.1045 0
    endloop
  endfacet
  facet normal 0 0 -1
    outer loop
      vertex -12.3367 16.4235 0
      vertex -25.5279 7.60845 0
      vertex -12.8313 16.3345 0
    endloop
  endfacet
  facet normal 0 0 -1
    outer loop
      vertex 10.4429 17.083 0
      vertex -0.816277 12.9743 0
      vertex 10 17.3205 0
    endloop
  endfacet
  facet normal 0 0 -1
    outer loop
      vertex -6.11203 22.9146 0
      vertex 12.3607 38.0423 0
      vertex -6.21137 22.4219 0
    endloop
  endfacet
  facet normal 0 0 -1
    outer loop
      vertex -6.04382 23.4125 0
      vertex 12.3607 38.0423 0
      vertex -6.11203 22.9146 0
    endloop
  endfacet
  facet normal 0 0 -1
    outer loop
      vertex -13.8325 16.2505 0
      vertex -26.0105 7.74867 0
      vertex -14.335 16.2557 0
    endloop
  endfacet
  facet normal 0 0 -1
    outer loop
      vertex -6.00176 24.4163 0
      vertex 12.3607 38.0423 0
      vertex -6.00702 23.9137 0
    endloop
  endfacet
  facet normal 0 0 -1
    outer loop
      vertex -6.02806 24.9181 0
      vertex 9.94759 38.7433 0
      vertex -6.00176 24.4163 0
    endloop
  endfacet
  facet normal 0 0 -1
    outer loop
      vertex -6.08582 25.4174 0
      vertex 9.94759 38.7433 0
      vertex -6.02806 24.9181 0
    endloop
  endfacet
  facet normal 0 0 -1
    outer loop
      vertex -6.2947 26.4001 0
      vertex 7.49525 39.2915 0
      vertex -6.17482 25.912 0
    endloop
  endfacet
  facet normal 0 0 -1
    outer loop
      vertex -6.44499 26.8796 0
      vertex 7.49525 39.2915 0
      vertex -6.2947 26.4001 0
    endloop
  endfacet
  facet normal 0 0 -1
    outer loop
      vertex -6.83431 27.8058 0
      vertex 5.01333 39.6846 0
      vertex -6.62509 27.3488 0
    endloop
  endfacet
  facet normal 0 0 -1
    outer loop
      vertex -7.0718 28.2487 0
      vertex 5.01333 39.6846 0
      vertex -6.83431 27.8058 0
    endloop
  endfacet
  facet normal 0 0 -1
    outer loop
      vertex -6.62509 27.3488 0
      vertex 7.49525 39.2915 0
      vertex -6.44499 26.8796 0
    endloop
  endfacet
  facet normal 0 0 -1
    outer loop
      vertex -7.62776 29.0855 0
      vertex 2.51162 39.9211 0
      vertex -7.33663 28.6758 0
    endloop
  endfacet
  facet normal 0 0 -1
    outer loop
      vertex -7.94404 29.4761 0
      vertex 2.51162 39.9211 0
      vertex -7.62776 29.0855 0
    endloop
  endfacet
  facet normal 0 0 -1
    outer loop
      vertex -18.9692 17.9792 0
      vertex -29.4991 7.8583 0
      vertex -29.9895 7.74867 0
    endloop
  endfacet
  facet normal 0 0 -1
    outer loop
      vertex -8.64696 30.1939 0
      vertex 0 40 0
      vertex -8.28422 29.846 0
    endloop
  endfacet
  facet normal 0 0 -1
    outer loop
      vertex -9.03082 30.5183 0
      vertex 0 40 0
      vertex -8.64696 30.1939 0
    endloop
  endfacet
  facet normal 0 0 -1
    outer loop
      vertex -18.9692 17.9792 0
      vertex -29.9895 7.74867 0
      vertex -19.353 18.3036 0
    endloop
  endfacet
  facet normal 0 0 -1
    outer loop
      vertex -9.85578 31.0916 0
      vertex -2.51162 39.9211 0
      vertex -9.43429 30.8179 0
    endloop
  endfacet
  facet normal 0 0 -1
    outer loop
      vertex -10.2936 31.3383 0
      vertex -2.51162 39.9211 0
      vertex -9.85578 31.0916 0
    endloop
  endfacet
  facet normal 0 0 -1
    outer loop
      vertex -10.7461 31.5571 0
      vertex -5.01333 39.6846 0
      vertex -10.2936 31.3383 0
    endloop
  endfacet
  facet normal 0 0 -1
    outer loop
      vertex -11.6877 31.9073 0
      vertex -5.01333 39.6846 0
      vertex -11.2114 31.747 0
    endloop
  endfacet
  facet normal 0 0 -1
    outer loop
      vertex -11.2114 31.747 0
      vertex -5.01333 39.6846 0
      vertex -10.7461 31.5571 0
    endloop
  endfacet
  facet normal 0 0 -1
    outer loop
      vertex -12.1732 32.0373 0
      vertex -7.49525 39.2915 0
      vertex -11.6877 31.9073 0
    endloop
  endfacet
  facet normal 0 0 -1
    outer loop
      vertex -13.1638 32.2049 0
      vertex -7.49525 39.2915 0
      vertex -12.6658 32.1367 0
    endloop
  endfacet
  facet normal 0 0 -1
    outer loop
      vertex -12.6658 32.1367 0
      vertex -7.49525 39.2915 0
      vertex -12.1732 32.0373 0
    endloop
  endfacet
  facet normal 0 0 -1
    outer loop
      vertex -13.665 32.2417 0
      vertex -7.49525 39.2915 0
      vertex -13.1638 32.2049 0
    endloop
  endfacet
  facet normal 0 0 -1
    outer loop
      vertex -14.1675 32.247 0
      vertex -9.94759 38.7433 0
      vertex -13.665 32.2417 0
    endloop
  endfacet
  facet normal 0 0 -1
    outer loop
      vertex -14.6694 32.2207 0
      vertex -9.94759 38.7433 0
      vertex -14.1675 32.247 0
    endloop
  endfacet
  facet normal 0 0 -1
    outer loop
      vertex 12.3637 4.01722 0
      vertex 21.8359 5.09939 0
      vertex 21.5279 4.70228 0
    endloop
  endfacet
  facet normal 0 0 -1
    outer loop
      vertex -15.6633 32.0739 0
      vertex -12.3607 38.0423 0
      vertex -15.1687 32.1629 0
    endloop
  endfacet
  facet normal 0 0 -1
    outer loop
      vertex -16.6309 31.8037 0
      vertex -12.3607 38.0423 0
      vertex -16.1514 31.954 0
    endloop
  endfacet
  facet normal 0 0 -1
    outer loop
      vertex -16.1514 31.954 0
      vertex -12.3607 38.0423 0
      vertex -15.6633 32.0739 0
    endloop
  endfacet
  facet normal 0 0 -1
    outer loop
      vertex -21.7053 22.0974 0
      vertex -34.1641 5.09939 0
      vertex -34.4721 4.70228 0
    endloop
  endfacet
  facet normal 0 0 -1
    outer loop
      vertex -21.7053 22.0974 0
      vertex -33.8317 5.47638 0
      vertex -34.1641 5.09939 0
    endloop
  endfacet
  facet normal 0 0 -1
    outer loop
      vertex -17.5571 31.4144 0
      vertex -14.725 37.1911 0
      vertex -17.1001 31.6236 0
    endloop
  endfacet
  facet normal 0 0 -1
    outer loop
      vertex -18.4271 30.9121 0
      vertex -14.725 37.1911 0
      vertex -18 31.1769 0
    endloop
  endfacet
  facet normal 0 0 -1
    outer loop
      vertex -18 31.1769 0
      vertex -14.725 37.1911 0
      vertex -17.5571 31.4144 0
    endloop
  endfacet
  facet normal 0 0 -1
    outer loop
      vertex -18.8368 30.621 0
      vertex -14.725 37.1911 0
      vertex -18.4271 30.9121 0
    endloop
  endfacet
  facet normal 0 0 -1
    outer loop
      vertex 21.8359 5.09939 0
      vertex 12.3637 4.01722 0
      vertex 22.1683 5.47638 0
    endloop
  endfacet
  facet normal 0 0 -1
    outer loop
      vertex -19.5973 29.9645 0
      vertex -17.0312 36.1931 0
      vertex -19.2274 30.3047 0
    endloop
  endfacet
  facet normal 0 0 -1
    outer loop
      vertex -21.0896 27.9551 0
      vertex -39.9211 -2.51162 0
      vertex -20.8429 28.3929 0
    endloop
  endfacet
  facet normal 0 0 -1
    outer loop
      vertex -19.9452 29.6018 0
      vertex -17.0312 36.1931 0
      vertex -19.5973 29.9645 0
    endloop
  endfacet
  facet normal 0 0 -1
    outer loop
      vertex -20.2695 29.2179 0
      vertex -17.0312 36.1931 0
      vertex -19.9452 29.6018 0
    endloop
  endfacet
  facet normal 0 0 -1
    outer loop
      vertex -20.5692 28.8144 0
      vertex -17.0312 36.1931 0
      vertex -20.2695 29.2179 0
    endloop
  endfacet
  facet normal 0 0 -1
    outer loop
      vertex -20.8429 28.3929 0
      vertex -17.0312 36.1931 0
      vertex -20.5692 28.8144 0
    endloop
  endfacet
  facet normal 0 0 -1
    outer loop
      vertex -39.9211 -2.51162 0
      vertex -17.0312 36.1931 0
      vertex -20.8429 28.3929 0
    endloop
  endfacet
  facet normal 0 0 -1
    outer loop
      vertex -21.3084 27.5026 0
      vertex -39.9211 -2.51162 0
      vertex -21.0896 27.9551 0
    endloop
  endfacet
  facet normal 0 0 -1
    outer loop
      vertex -21.4983 27.0373 0
      vertex -39.9211 -2.51162 0
      vertex -21.3084 27.5026 0
    endloop
  endfacet
  facet normal 0 0 -1
    outer loop
      vertex -21.6586 26.561 0
      vertex -39.9211 -2.51162 0
      vertex -21.4983 27.0373 0
    endloop
  endfacet
  facet normal 0 0 -1
    outer loop
      vertex -21.7886 26.0755 0
      vertex -39.9211 -2.51162 0
      vertex -21.6586 26.561 0
    endloop
  endfacet
  facet normal 0 0 -1
    outer loop
      vertex -21.888 25.5829 0
      vertex -39.9211 -2.51162 0
      vertex -21.7886 26.0755 0
    endloop
  endfacet
  facet normal 0 0 -1
    outer loop
      vertex -21.9562 25.0849 0
      vertex -39.9211 -2.51162 0
      vertex -21.888 25.5829 0
    endloop
  endfacet
  facet normal 0 0 -1
    outer loop
      vertex -13 0 0
      vertex -20.0158 -0.502324 0
      vertex -12.9743 0.816277 0
    endloop
  endfacet
  facet normal 0 0 -1
    outer loop
      vertex -39.9211 -2.51162 0
      vertex -21.9562 25.0849 0
      vertex -21.993 24.5837 0
    endloop
  endfacet
  facet normal 0 0 -1
    outer loop
      vertex -20.1417 -1.49905 0
      vertex -12.8975 -1.62933 0
      vertex -20.2513 -1.98952 0
    endloop
  endfacet
  facet normal 0 0 -1
    outer loop
      vertex -12.5916 -3.23297 0
      vertex -20.5618 -2.945 0
      vertex -20.3915 -2.47214 0
    endloop
  endfacet
  facet normal 0 0 -1
    outer loop
      vertex 12.3637 4.01722 0
      vertex 21.5279 4.70228 0
      vertex 12.5916 3.23297 0
    endloop
  endfacet
  facet normal 0 0 -1
    outer loop
      vertex -21.8359 -5.09939 0
      vertex -10.9763 -6.96575 0
      vertex -22.1683 -5.47638 0
    endloop
  endfacet
  facet normal 0 0 -1
    outer loop
      vertex 12.3637 -4.01722 0
      vertex 21.5279 -4.70228 0
      vertex 12.0871 -4.78562 0
    endloop
  endfacet
  facet normal 0 0 -1
    outer loop
      vertex -20.9895 -3.85403 0
      vertex -12.0871 -4.78562 0
      vertex -21.2454 -4.28661 0
    endloop
  endfacet
  facet normal 0 0 -1
    outer loop
      vertex -11.392 -6.2628 0
      vertex -21.5279 -4.70228 0
      vertex -11.7628 -5.53513 0
    endloop
  endfacet
  facet normal 0 0 -1
    outer loop
      vertex -21.2454 -4.28661 0
      vertex -11.7628 -5.53513 0
      vertex -21.5279 -4.70228 0
    endloop
  endfacet
  facet normal 0 0 -1
    outer loop
      vertex -22.9006 -6.16411 0
      vertex -8.89911 -9.47659 0
      vertex -23.2977 -6.47214 0
    endloop
  endfacet
  facet normal 0 0 -1
    outer loop
      vertex 2.43596 -12.7697 0
      vertex 14.335 -16.2557 0
      vertex 1.62933 -12.8975 0
    endloop
  endfacet
  facet normal 0 0 -1
    outer loop
      vertex -8.28651 -10.0167 0
      vertex -23.2977 -6.47214 0
      vertex -8.89911 -9.47659 0
    endloop
  endfacet
  facet normal 0 0 -1
    outer loop
      vertex -10.0167 -8.28651 0
      vertex -22.5236 -5.83175 0
      vertex -22.1683 -5.47638 0
    endloop
  endfacet
  facet normal 0 0 -1
    outer loop
      vertex -9.47659 -8.89911 0
      vertex -22.9006 -6.16411 0
      vertex -10.0167 -8.28651 0
    endloop
  endfacet
  facet normal 0 0 -1
    outer loop
      vertex -22.5236 -5.83175 0
      vertex -10.0167 -8.28651 0
      vertex -22.9006 -6.16411 0
    endloop
  endfacet
  facet normal 0 0 -1
    outer loop
      vertex -8.89911 -9.47659 0
      vertex -22.9006 -6.16411 0
      vertex -9.47659 -8.89911 0
    endloop
  endfacet
  facet normal 0 0 -1
    outer loop
      vertex 4.78562 -12.0871 0
      vertex 35.0523 -19.2701 0
      vertex 4.01722 -12.3637 0
    endloop
  endfacet
  facet normal 0 0 -1
    outer loop
      vertex -6.96575 -10.9763 0
      vertex -23.2977 -6.47214 0
      vertex -7.64121 -10.5172 0
    endloop
  endfacet
  facet normal 0 0 -1
    outer loop
      vertex 11.7628 -5.53513 0
      vertex 23.7134 -6.75462 0
      vertex 11.392 -6.2628 0
    endloop
  endfacet
  facet normal 0 0 -1
    outer loop
      vertex -23.2977 -6.47214 0
      vertex -8.28651 -10.0167 0
      vertex -7.64121 -10.5172 0
    endloop
  endfacet
  facet normal 0 0 -1
    outer loop
      vertex 17.7064 -17.1591 0
      vertex 33.7731 -21.4331 0
      vertex 18.1442 -17.4058 0
    endloop
  endfacet
  facet normal 0 0 -1
    outer loop
      vertex -34.7546 -4.28661 0
      vertex -39.9211 -2.51162 0
      vertex -35.0105 -3.85403 0
    endloop
  endfacet
  facet normal 0 0 -1
    outer loop
      vertex 12.8313 -16.3345 0
      vertex 0 -13 0
      vertex 13.3306 -16.2768 0
    endloop
  endfacet
  facet normal 0 0 -1
    outer loop
      vertex -23.7134 -6.75462 0
      vertex -6.2628 -11.392 0
      vertex -24.146 -7.01045 0
    endloop
  endfacet
  facet normal 0 0 -1
    outer loop
      vertex 0.816277 -12.9743 0
      vertex 13.3306 -16.2768 0
      vertex 0 -13 0
    endloop
  endfacet
  facet normal 0 0 -1
    outer loop
      vertex -24.146 -7.01045 0
      vertex -5.53513 -11.7628 0
      vertex -4.78562 -12.0871 0
    endloop
  endfacet
  facet normal 0 0 -1
    outer loop
      vertex -1.62933 -12.8975 0
      vertex 10.8999 -16.8738 0
      vertex -2.43596 -12.7697 0
    endloop
  endfacet
  facet normal 0 0 -1
    outer loop
      vertex -24.146 -7.01045 0
      vertex -4.78562 -12.0871 0
      vertex -4.01722 -12.3637 0
    endloop
  endfacet
  facet normal 0 0 -1
    outer loop
      vertex 21.993 24.5837 0
      vertex 29.1587 27.3819 0
      vertex 21.9982 24.0812 0
    endloop
  endfacet
  facet normal 0 0 -1
    outer loop
      vertex 12.8313 -16.3345 0
      vertex -0.816277 -12.9743 0
      vertex 0 -13 0
    endloop
  endfacet
  facet normal 0 0 -1
    outer loop
      vertex 18.1442 -17.4058 0
      vertex 33.7731 -21.4331 0
      vertex 18.5657 -17.6795 0
    endloop
  endfacet
  facet normal 0 0 -1
    outer loop
      vertex 1.62933 -12.8975 0
      vertex 13.8325 -16.2505 0
      vertex 0.816277 -12.9743 0
    endloop
  endfacet
  facet normal 0 0 -1
    outer loop
      vertex 14.335 -16.2557 0
      vertex 2.43596 -12.7697 0
      vertex 14.8362 -16.2925 0
    endloop
  endfacet
  facet normal 0 0 -1
    outer loop
      vertex 3.23297 -12.5916 0
      vertex 35.0523 -19.2701 0
      vertex 2.43596 -12.7697 0
    endloop
  endfacet
  facet normal 0 0 -1
    outer loop
      vertex 5.53513 -11.7628 0
      vertex 36.1931 -17.0312 0
      vertex 4.78562 -12.0871 0
    endloop
  endfacet
  facet normal 0 0 -1
    outer loop
      vertex 6.2628 -11.392 0
      vertex 36.1931 -17.0312 0
      vertex 5.53513 -11.7628 0
    endloop
  endfacet
  facet normal 0 0 -1
    outer loop
      vertex 7.64121 -10.5172 0
      vertex 37.1911 -14.725 0
      vertex 6.96575 -10.9763 0
    endloop
  endfacet
  facet normal 0 0 -1
    outer loop
      vertex 8.28651 -10.0167 0
      vertex 37.1911 -14.725 0
      vertex 7.64121 -10.5172 0
    endloop
  endfacet
  facet normal 0 0 -1
    outer loop
      vertex -10.5172 -7.64121 0
      vertex -22.1683 -5.47638 0
      vertex -10.9763 -6.96575 0
    endloop
  endfacet
  facet normal 0 0 -1
    outer loop
      vertex 8.89911 -9.47659 0
      vertex 37.1911 -14.725 0
      vertex 8.28651 -10.0167 0
    endloop
  endfacet
  facet normal 0 0 -1
    outer loop
      vertex 9.47659 -8.89911 0
      vertex 38.0423 -12.3607 0
      vertex 8.89911 -9.47659 0
    endloop
  endfacet
  facet normal 0 0 -1
    outer loop
      vertex 13.8325 -16.2505 0
      vertex 1.62933 -12.8975 0
      vertex 14.335 -16.2557 0
    endloop
  endfacet
  facet normal 0 0 -1
    outer loop
      vertex 10.5172 -7.64121 0
      vertex 38.7433 -9.94759 0
      vertex 10.0167 -8.28651 0
    endloop
  endfacet
  facet normal 0 0 -1
    outer loop
      vertex 10.0167 -8.28651 0
      vertex 38.0423 -12.3607 0
      vertex 9.47659 -8.89911 0
    endloop
  endfacet
  facet normal 0 0 -1
    outer loop
      vertex 24.146 -7.01045 0
      vertex 11.392 -6.2628 0
      vertex 23.7134 -6.75462 0
    endloop
  endfacet
  facet normal 0 0 -1
    outer loop
      vertex 34.4721 -4.70228 0
      vertex 39.6846 -5.01333 0
      vertex 34.1641 -5.09939 0
    endloop
  endfacet
  facet normal 0 0 -1
    outer loop
      vertex 12.7697 -2.43596 0
      vertex 20.3915 -2.47214 0
      vertex 20.5618 -2.945 0
    endloop
  endfacet
  facet normal 0 0 -1
    outer loop
      vertex 12.7697 -2.43596 0
      vertex 20.5618 -2.945 0
      vertex 12.5916 -3.23297 0
    endloop
  endfacet
  facet normal 0 0 -1
    outer loop
      vertex 35.7487 -1.98952 0
      vertex 39.9211 -2.51162 0
      vertex 35.6085 -2.47214 0
    endloop
  endfacet
  facet normal 0 0 -1
    outer loop
      vertex 20.7614 -3.40623 0
      vertex 12.5916 -3.23297 0
      vertex 20.5618 -2.945 0
    endloop
  endfacet
  facet normal 0 0 -1
    outer loop
      vertex -12.7697 -2.43596 0
      vertex -20.3915 -2.47214 0
      vertex -20.2513 -1.98952 0
    endloop
  endfacet
  facet normal 0 0 -1
    outer loop
      vertex 35.9842 0.502324 0
      vertex 40 0 0
      vertex 36 -8.81746e-15 0
    endloop
  endfacet
  facet normal 0 0 -1
    outer loop
      vertex 20.5618 2.945 0
      vertex 12.7697 2.43596 0
      vertex 20.7614 3.40623 0
    endloop
  endfacet
  facet normal 0 0 -1
    outer loop
      vertex 20.0631 -1.00267 0
      vertex 12.9743 -0.816277 0
      vertex 20.0158 -0.502324 0
    endloop
  endfacet
  facet normal 0 0 -1
    outer loop
      vertex -20.5618 -2.945 0
      vertex -12.5916 -3.23297 0
      vertex -20.7614 -3.40623 0
    endloop
  endfacet
  facet normal 0 0 -1
    outer loop
      vertex 6.00176 -24.4163 0
      vertex -28.5023 -7.98421 0
      vertex -28 -8 0
    endloop
  endfacet
  facet normal 0 0 -1
    outer loop
      vertex 6.00176 -24.4163 0
      vertex -28 -8 0
      vertex 6.00702 -23.9137 0
    endloop
  endfacet
  facet normal 0 0 -1
    outer loop
      vertex 32.2866 6.75462 0
      vertex 39.2915 7.49525 0
      vertex 32.7023 6.47214 0
    endloop
  endfacet
  facet normal 0 0 -1
    outer loop
      vertex 26.0105 7.74866 0
      vertex 11.7628 5.53513 0
      vertex 26.5009 7.8583 0
    endloop
  endfacet
  facet normal 0 0 -1
    outer loop
      vertex -12.8975 1.62933 0
      vertex -20.0158 0.502324 0
      vertex -20.0631 1.00267 0
    endloop
  endfacet
  facet normal 0 0 -1
    outer loop
      vertex 10.9763 6.96575 0
      vertex 38.0423 12.3607 0
      vertex 11.392 6.2628 0
    endloop
  endfacet
  facet normal 0 0 -1
    outer loop
      vertex 10.5172 7.64121 0
      vertex 38.0423 12.3607 0
      vertex 10.9763 6.96575 0
    endloop
  endfacet
  facet normal 0 0 -1
    outer loop
      vertex 10.0167 8.28651 0
      vertex 37.1911 14.725 0
      vertex 10.5172 7.64121 0
    endloop
  endfacet
  facet normal 0 0 -1
    outer loop
      vertex 9.47659 8.89911 0
      vertex 37.1911 14.725 0
      vertex 10.0167 8.28651 0
    endloop
  endfacet
  facet normal 0 0 -1
    outer loop
      vertex 8.89911 9.47659 0
      vertex 36.1931 17.0312 0
      vertex 9.47659 8.89911 0
    endloop
  endfacet
  facet normal 0 0 -1
    outer loop
      vertex 8.28651 10.0167 0
      vertex 36.1931 17.0312 0
      vertex 8.89911 9.47659 0
    endloop
  endfacet
  facet normal 0 0 -1
    outer loop
      vertex -10.5172 7.64121 0
      vertex -20.9895 3.85403 0
      vertex -21.2454 4.28661 0
    endloop
  endfacet
  facet normal 0 0 -1
    outer loop
      vertex -12.3637 4.01722 0
      vertex -20.3915 2.47214 0
      vertex -12.0871 4.78562 0
    endloop
  endfacet
  facet normal 0 0 -1
    outer loop
      vertex -20.5618 2.945 0
      vertex -12.0871 4.78562 0
      vertex -20.3915 2.47214 0
    endloop
  endfacet
  facet normal 0 0 -1
    outer loop
      vertex 6.96575 10.9763 0
      vertex 35.0523 19.2701 0
      vertex 7.64121 10.5172 0
    endloop
  endfacet
  facet normal 0 0 -1
    outer loop
      vertex 6.2628 11.392 0
      vertex 35.0523 19.2701 0
      vertex 6.96575 10.9763 0
    endloop
  endfacet
  facet normal 0 0 -1
    outer loop
      vertex 2.43596 12.7697 0
      vertex 12.8313 16.3345 0
      vertex 3.23297 12.5916 0
    endloop
  endfacet
  facet normal 0 0 -1
    outer loop
      vertex 5.53513 11.7628 0
      vertex 33.7731 21.4331 0
      vertex 6.2628 11.392 0
    endloop
  endfacet
  facet normal 0 0 -1
    outer loop
      vertex 4.78562 12.0871 0
      vertex 33.7731 21.4331 0
      vertex 5.53513 11.7628 0
    endloop
  endfacet
  facet normal 0 0 -1
    outer loop
      vertex -11.392 6.2628 0
      vertex -20.7614 3.40623 0
      vertex -10.9763 6.96575 0
    endloop
  endfacet
  facet normal 0 0 -1
    outer loop
      vertex 10.4429 -17.083 0
      vertex -4.01722 -12.3637 0
      vertex -3.23297 -12.5916 0
    endloop
  endfacet
  facet normal 0 0 -1
    outer loop
      vertex 20.6634 19.8216 0
      vertex 32.3607 23.5114 0
      vertex 20.3722 19.4119 0
    endloop
  endfacet
  facet normal 0 0 -1
    outer loop
      vertex 12.8313 16.3345 0
      vertex 2.43596 12.7697 0
      vertex 12.3367 16.4235 0
    endloop
  endfacet
  facet normal 0 0 -1
    outer loop
      vertex -8.89911 9.47659 0
      vertex -21.5279 4.70228 0
      vertex -8.28651 10.0167 0
    endloop
  endfacet
  facet normal 0 0 -1
    outer loop
      vertex -8.28651 10.0167 0
      vertex -21.8359 5.09939 0
      vertex -7.64121 10.5172 0
    endloop
  endfacet
  facet normal 0 0 -1
    outer loop
      vertex 10.4429 17.083 0
      vertex 0 13 0
      vertex -0.816277 12.9743 0
    endloop
  endfacet
  facet normal 0 0 -1
    outer loop
      vertex 10 17.3205 0
      vertex -2.43596 12.7697 0
      vertex 9.57287 17.5853 0
    endloop
  endfacet
  facet normal 0 0 -1
    outer loop
      vertex -6.2628 11.392 0
      vertex -21.8359 5.09939 0
      vertex -5.53513 11.7628 0
    endloop
  endfacet
  facet normal 0 0 -1
    outer loop
      vertex 9.16321 17.8765 0
      vertex -3.23297 12.5916 0
      vertex -4.01722 12.3637 0
    endloop
  endfacet
  facet normal 0 0 -1
    outer loop
      vertex -21.8359 5.09939 0
      vertex -4.78562 12.0871 0
      vertex -5.53513 11.7628 0
    endloop
  endfacet
  facet normal 0 0 -1
    outer loop
      vertex -6.96575 10.9763 0
      vertex -21.8359 5.09939 0
      vertex -6.2628 11.392 0
    endloop
  endfacet
  facet normal 0 0 -1
    outer loop
      vertex -7.64121 10.5172 0
      vertex -21.8359 5.09939 0
      vertex -6.96575 10.9763 0
    endloop
  endfacet
  facet normal 0 0 -1
    outer loop
      vertex 1.62933 12.8975 0
      vertex 12.3367 16.4235 0
      vertex 2.43596 12.7697 0
    endloop
  endfacet
  facet normal 0 0 -1
    outer loop
      vertex -9.47659 8.89911 0
      vertex -21.2454 4.28661 0
      vertex -8.89911 9.47659 0
    endloop
  endfacet
  facet normal 0 0 -1
    outer loop
      vertex -21.5279 4.70228 0
      vertex -8.89911 9.47659 0
      vertex -21.2454 4.28661 0
    endloop
  endfacet
  facet normal 0 0 -1
    outer loop
      vertex -10.0167 8.28651 0
      vertex -21.2454 4.28661 0
      vertex -9.47659 8.89911 0
    endloop
  endfacet
  facet normal 0 0 -1
    outer loop
      vertex -20.7614 -3.40623 0
      vertex -12.3637 -4.01722 0
      vertex -20.9895 -3.85403 0
    endloop
  endfacet
  facet normal 0 0 -1
    outer loop
      vertex -20.0631 -1.00267 0
      vertex -12.9743 -0.816277 0
      vertex -20.1417 -1.49905 0
    endloop
  endfacet
  facet normal 0 0 -1
    outer loop
      vertex -11.7628 5.53513 0
      vertex -20.7614 3.40623 0
      vertex -11.392 6.2628 0
    endloop
  endfacet
  facet normal 0 0 -1
    outer loop
      vertex -12.5916 3.23297 0
      vertex -20.1417 1.49905 0
      vertex -20.2513 1.98952 0
    endloop
  endfacet
  facet normal 0 0 -1
    outer loop
      vertex -12.3637 4.01722 0
      vertex -20.2513 1.98952 0
      vertex -20.3915 2.47214 0
    endloop
  endfacet
  facet normal 0 0 -1
    outer loop
      vertex -12.5916 3.23297 0
      vertex -20.2513 1.98952 0
      vertex -12.3637 4.01722 0
    endloop
  endfacet
  facet normal 0 0 -1
    outer loop
      vertex -20.0158 -0.502324 0
      vertex -13 0 0
      vertex -20.0631 -1.00267 0
    endloop
  endfacet
  facet normal 0 0 -1
    outer loop
      vertex 12.8975 1.62933 0
      vertex 20.1417 1.49905 0
      vertex 12.9743 0.816277 0
    endloop
  endfacet
  facet normal 0 0 -1
    outer loop
      vertex -12.9743 0.816277 0
      vertex -20 2.44929e-15 0
      vertex -20.0158 0.502324 0
    endloop
  endfacet
  facet normal 0 0 -1
    outer loop
      vertex 19.5973 -29.9645 0
      vertex 23.5114 -32.3607 0
      vertex 19.2274 -30.3047 0
    endloop
  endfacet
  facet normal 0 0 -1
    outer loop
      vertex 6.00176 -24.4163 0
      vertex -29.0027 -7.93692 0
      vertex -28.5023 -7.98421 0
    endloop
  endfacet
  facet normal 0 0 -1
    outer loop
      vertex -20 2.44929e-15 0
      vertex -12.9743 0.816277 0
      vertex -20.0158 -0.502324 0
    endloop
  endfacet
  facet normal 0 0 -1
    outer loop
      vertex 20.8429 -28.3929 0
      vertex 25.497 -30.8205 0
      vertex 20.5692 -28.8144 0
    endloop
  endfacet
  facet normal 0 0 -1
    outer loop
      vertex 6.02806 -24.9181 0
      vertex -8.77263 -18.1928 0
      vertex -9.16321 -17.8765 0
    endloop
  endfacet
  facet normal 0 0 -1
    outer loop
      vertex -29.0027 -7.93692 0
      vertex 6.00176 -24.4163 0
      vertex -10.4429 -17.083 0
    endloop
  endfacet
  facet normal 0 0 -1
    outer loop
      vertex 6.17482 -25.912 0
      vertex -8.77263 -18.1928 0
      vertex 6.08582 -25.4174 0
    endloop
  endfacet
  facet normal 0 0 -1
    outer loop
      vertex -8.77263 -18.1928 0
      vertex 6.02806 -24.9181 0
      vertex 6.08582 -25.4174 0
    endloop
  endfacet
  facet normal 0 0 -1
    outer loop
      vertex 6.2947 -26.4001 0
      vertex -7.73045 -19.2795 0
      vertex -8.05484 -18.8957 0
    endloop
  endfacet
  facet normal 0 0 -1
    outer loop
      vertex -11.3691 -16.6937 0
      vertex -29.0027 -7.93692 0
      vertex -10.8999 -16.8738 0
    endloop
  endfacet
  facet normal 0 0 -1
    outer loop
      vertex 6.44499 -26.8796 0
      vertex -7.15709 -20.1045 0
      vertex 6.2947 -26.4001 0
    endloop
  endfacet
  facet normal 0 0 -1
    outer loop
      vertex -7.43081 -19.683 0
      vertex 6.2947 -26.4001 0
      vertex -7.15709 -20.1045 0
    endloop
  endfacet
  facet normal 0 0 -1
    outer loop
      vertex 7.0718 -28.2487 0
      vertex -7.15709 -20.1045 0
      vertex 6.83431 -27.8058 0
    endloop
  endfacet
  facet normal 0 0 -1
    outer loop
      vertex -7.15709 -20.1045 0
      vertex 6.44499 -26.8796 0
      vertex 6.62509 -27.3488 0
    endloop
  endfacet
  facet normal 0 0 -1
    outer loop
      vertex -7.15709 -20.1045 0
      vertex 6.62509 -27.3488 0
      vertex 6.83431 -27.8058 0
    endloop
  endfacet
  facet normal 0 0 -1
    outer loop
      vertex 7.33663 -28.6758 0
      vertex -6.91037 -20.5423 0
      vertex 7.0718 -28.2487 0
    endloop
  endfacet
  facet normal 0 0 -1
    outer loop
      vertex 7.62776 -29.0855 0
      vertex -6.50174 -21.4601 0
      vertex 7.33663 -28.6758 0
    endloop
  endfacet
  facet normal 0 0 -1
    outer loop
      vertex -6.69164 -20.9948 0
      vertex 7.33663 -28.6758 0
      vertex -6.50174 -21.4601 0
    endloop
  endfacet
  facet normal 0 0 -1
    outer loop
      vertex 7.94404 -29.4761 0
      vertex -6.34144 -21.9365 0
      vertex 7.62776 -29.0855 0
    endloop
  endfacet
  facet normal 0 0 -1
    outer loop
      vertex -6.50174 -21.4601 0
      vertex 7.62776 -29.0855 0
      vertex -6.34144 -21.9365 0
    endloop
  endfacet
  facet normal 0 0 -1
    outer loop
      vertex 14.1675 -32.247 0
      vertex 19.2701 -35.0523 0
      vertex 13.665 -32.2417 0
    endloop
  endfacet
  facet normal 0 0 -1
    outer loop
      vertex -6.34144 -21.9365 0
      vertex 7.94404 -29.4761 0
      vertex 8.28422 -29.846 0
    endloop
  endfacet
  facet normal 0 0 -1
    outer loop
      vertex -6.34144 -21.9365 0
      vertex 8.28422 -29.846 0
      vertex 8.64696 -30.1939 0
    endloop
  endfacet
  facet normal 0 0 -1
    outer loop
      vertex -6.34144 -21.9365 0
      vertex 8.64696 -30.1939 0
      vertex 9.03082 -30.5183 0
    endloop
  endfacet
  facet normal 0 0 -1
    outer loop
      vertex -6.34144 -21.9365 0
      vertex 9.03082 -30.5183 0
      vertex 9.43429 -30.8179 0
    endloop
  endfacet
  facet normal 0 0 -1
    outer loop
      vertex -6.34144 -21.9365 0
      vertex 9.43429 -30.8179 0
      vertex 17.0312 -36.1931 0
    endloop
  endfacet
  facet normal 0 0 -1
    outer loop
      vertex 10.2936 -31.3383 0
      vertex 17.0312 -36.1931 0
      vertex 9.85578 -31.0916 0
    endloop
  endfacet
  facet normal 0 0 -1
    outer loop
      vertex 10.7461 -31.5571 0
      vertex 17.0312 -36.1931 0
      vertex 10.2936 -31.3383 0
    endloop
  endfacet
  facet normal 0 0 -1
    outer loop
      vertex 11.2114 -31.747 0
      vertex 17.0312 -36.1931 0
      vertex 10.7461 -31.5571 0
    endloop
  endfacet
  facet normal 0 0 -1
    outer loop
      vertex 11.6877 -31.9073 0
      vertex 19.2701 -35.0523 0
      vertex 11.2114 -31.747 0
    endloop
  endfacet
  facet normal 0 0 -1
    outer loop
      vertex 13.665 -32.2417 0
      vertex 19.2701 -35.0523 0
      vertex 13.1638 -32.2049 0
    endloop
  endfacet
  facet normal 0 0 -1
    outer loop
      vertex 12.1732 -32.0373 0
      vertex 19.2701 -35.0523 0
      vertex 11.6877 -31.9073 0
    endloop
  endfacet
  facet normal 0 0 -1
    outer loop
      vertex 12.6658 -32.1367 0
      vertex 19.2701 -35.0523 0
      vertex 12.1732 -32.0373 0
    endloop
  endfacet
  facet normal 0 0 -1
    outer loop
      vertex 13.1638 -32.2049 0
      vertex 19.2701 -35.0523 0
      vertex 12.6658 -32.1367 0
    endloop
  endfacet
  facet normal 0 0 -1
    outer loop
      vertex 9.85578 -31.0916 0
      vertex 17.0312 -36.1931 0
      vertex 9.43429 -30.8179 0
    endloop
  endfacet
  facet normal 0 0 -1
    outer loop
      vertex 15.1687 -32.1629 0
      vertex 19.2701 -35.0523 0
      vertex 14.6694 -32.2207 0
    endloop
  endfacet
  facet normal 0 0 -1
    outer loop
      vertex 15.6633 -32.0739 0
      vertex 21.4331 -33.7731 0
      vertex 15.1687 -32.1629 0
    endloop
  endfacet
  facet normal 0 0 -1
    outer loop
      vertex 17.1001 -31.6236 0
      vertex 21.4331 -33.7731 0
      vertex 16.6309 -31.8037 0
    endloop
  endfacet
  facet normal 0 0 -1
    outer loop
      vertex 16.1514 -31.954 0
      vertex 21.4331 -33.7731 0
      vertex 15.6633 -32.0739 0
    endloop
  endfacet
  facet normal 0 0 -1
    outer loop
      vertex 16.6309 -31.8037 0
      vertex 21.4331 -33.7731 0
      vertex 16.1514 -31.954 0
    endloop
  endfacet
  facet normal 0 0 -1
    outer loop
      vertex 14.6694 -32.2207 0
      vertex 19.2701 -35.0523 0
      vertex 14.1675 -32.247 0
    endloop
  endfacet
  facet normal 0 0 -1
    outer loop
      vertex 18 -31.1769 0
      vertex 23.5114 -32.3607 0
      vertex 17.5571 -31.4144 0
    endloop
  endfacet
  facet normal 0 0 -1
    outer loop
      vertex 19.2274 -30.3047 0
      vertex 23.5114 -32.3607 0
      vertex 18.8368 -30.621 0
    endloop
  endfacet
  facet normal 0 0 -1
    outer loop
      vertex 18.4271 -30.9121 0
      vertex 23.5114 -32.3607 0
      vertex 18 -31.1769 0
    endloop
  endfacet
  facet normal 0 0 -1
    outer loop
      vertex 18.8368 -30.621 0
      vertex 23.5114 -32.3607 0
      vertex 18.4271 -30.9121 0
    endloop
  endfacet
  facet normal 0 0 -1
    outer loop
      vertex 6.02806 -24.9181 0
      vertex -10.4429 -17.083 0
      vertex 6.00176 -24.4163 0
    endloop
  endfacet
  facet normal 0 0 -1
    outer loop
      vertex 6.02806 -24.9181 0
      vertex -10 -17.3205 0
      vertex -10.4429 -17.083 0
    endloop
  endfacet
  facet normal 0 0 -1
    outer loop
      vertex 19.9452 -29.6018 0
      vertex 25.497 -30.8205 0
      vertex 19.5973 -29.9645 0
    endloop
  endfacet
  facet normal 0 0 -1
    outer loop
      vertex 20.5692 -28.8144 0
      vertex 25.497 -30.8205 0
      vertex 20.2695 -29.2179 0
    endloop
  endfacet
  facet normal 0 0 -1
    outer loop
      vertex 20.2695 -29.2179 0
      vertex 25.497 -30.8205 0
      vertex 19.9452 -29.6018 0
    endloop
  endfacet
  facet normal 0 0 -1
    outer loop
      vertex 6.00176 24.4163 0
      vertex -24.146 7.01045 0
      vertex 6.02806 24.9181 0
    endloop
  endfacet
  facet normal 0 0 -1
    outer loop
      vertex 21.0896 -27.9551 0
      vertex 27.3819 -29.1587 0
      vertex 20.8429 -28.3929 0
    endloop
  endfacet
  facet normal 0 0 -1
    outer loop
      vertex 21.6586 -26.561 0
      vertex 27.3819 -29.1587 0
      vertex 21.4983 -27.0373 0
    endloop
  endfacet
  facet normal 0 0 -1
    outer loop
      vertex 21.3084 -27.5026 0
      vertex 27.3819 -29.1587 0
      vertex 21.0896 -27.9551 0
    endloop
  endfacet
  facet normal 0 0 -1
    outer loop
      vertex 21.4983 -27.0373 0
      vertex 27.3819 -29.1587 0
      vertex 21.3084 -27.5026 0
    endloop
  endfacet
  facet normal 0 0 -1
    outer loop
      vertex 10 -17.3205 0
      vertex -24.146 -7.01045 0
      vertex 10.4429 -17.083 0
    endloop
  endfacet
  facet normal 0 0 -1
    outer loop
      vertex 21.7886 -26.0755 0
      vertex 29.1587 -27.3819 0
      vertex 21.6586 -26.561 0
    endloop
  endfacet
  facet normal 0 0 -1
    outer loop
      vertex 21.993 -24.5837 0
      vertex 29.1587 -27.3819 0
      vertex 21.9562 -25.0849 0
    endloop
  endfacet
  facet normal 0 0 -1
    outer loop
      vertex 21.888 -25.5829 0
      vertex 29.1587 -27.3819 0
      vertex 21.7886 -26.0755 0
    endloop
  endfacet
  facet normal 0 0 -1
    outer loop
      vertex 21.9562 -25.0849 0
      vertex 29.1587 -27.3819 0
      vertex 21.888 -25.5829 0
    endloop
  endfacet
  facet normal 0 0 -1
    outer loop
      vertex 21.9982 -24.0812 0
      vertex 30.8205 -25.497 0
      vertex 21.993 -24.5837 0
    endloop
  endfacet
  facet normal 0 0 -1
    outer loop
      vertex 21.8252 -22.5854 0
      vertex 30.8205 -25.497 0
      vertex 21.9142 -23.08 0
    endloop
  endfacet
  facet normal 0 0 -1
    outer loop
      vertex 21.9719 -23.5793 0
      vertex 30.8205 -25.497 0
      vertex 21.9982 -24.0812 0
    endloop
  endfacet
  facet normal 0 0 -1
    outer loop
      vertex 21.9142 -23.08 0
      vertex 30.8205 -25.497 0
      vertex 21.9719 -23.5793 0
    endloop
  endfacet
  facet normal 0 0 -1
    outer loop
      vertex 10 -17.3205 0
      vertex -24.5938 -7.23862 0
      vertex -24.146 -7.01045 0
    endloop
  endfacet
  facet normal 0 0 -1
    outer loop
      vertex 21.7053 -22.0974 0
      vertex 30.8205 -25.497 0
      vertex 21.8252 -22.5854 0
    endloop
  endfacet
  facet normal 0 0 -1
    outer loop
      vertex -34.4721 -4.70228 0
      vertex -39.9211 -2.51162 0
      vertex -34.7546 -4.28661 0
    endloop
  endfacet
  facet normal 0 0 -1
    outer loop
      vertex 21.555 -21.6178 0
      vertex 32.3607 -23.5114 0
      vertex 21.7053 -22.0974 0
    endloop
  endfacet
  facet normal 0 0 -1
    outer loop
      vertex 20.6634 -19.8216 0
      vertex 32.3607 -23.5114 0
      vertex 20.9282 -20.2487 0
    endloop
  endfacet
  facet normal 0 0 -1
    outer loop
      vertex 21.3749 -21.1486 0
      vertex 32.3607 -23.5114 0
      vertex 21.555 -21.6178 0
    endloop
  endfacet
  facet normal 0 0 -1
    outer loop
      vertex 21.1657 -20.6916 0
      vertex 32.3607 -23.5114 0
      vertex 21.3749 -21.1486 0
    endloop
  endfacet
  facet normal 0 0 -1
    outer loop
      vertex 20.9282 -20.2487 0
      vertex 32.3607 -23.5114 0
      vertex 21.1657 -20.6916 0
    endloop
  endfacet
  facet normal 0 0 -1
    outer loop
      vertex 20.3722 -19.4119 0
      vertex 33.7731 -21.4331 0
      vertex 20.6634 -19.8216 0
    endloop
  endfacet
  facet normal 0 0 -1
    outer loop
      vertex 18.5657 -17.6795 0
      vertex 33.7731 -21.4331 0
      vertex 18.9692 -17.9792 0
    endloop
  endfacet
  facet normal 0 0 -1
    outer loop
      vertex 20.056 -19.0213 0
      vertex 33.7731 -21.4331 0
      vertex 20.3722 -19.4119 0
    endloop
  endfacet
  facet normal 0 0 -1
    outer loop
      vertex 10.4429 -17.083 0
      vertex -3.23297 -12.5916 0
      vertex -2.43596 -12.7697 0
    endloop
  endfacet
  facet normal 0 0 -1
    outer loop
      vertex 19.7158 -18.6514 0
      vertex 33.7731 -21.4331 0
      vertex 20.056 -19.0213 0
    endloop
  endfacet
  facet normal 0 0 -1
    outer loop
      vertex 19.353 -18.3036 0
      vertex 33.7731 -21.4331 0
      vertex 19.7158 -18.6514 0
    endloop
  endfacet
  facet normal 0 0 -1
    outer loop
      vertex 18.9692 -17.9792 0
      vertex 33.7731 -21.4331 0
      vertex 19.353 -18.3036 0
    endloop
  endfacet
  facet normal 0 0 -1
    outer loop
      vertex 17.2539 -16.9403 0
      vertex 33.7731 -21.4331 0
      vertex 17.7064 -17.1591 0
    endloop
  endfacet
  facet normal 0 0 -1
    outer loop
      vertex 4.01722 -12.3637 0
      vertex 35.0523 -19.2701 0
      vertex 3.23297 -12.5916 0
    endloop
  endfacet
  facet normal 0 0 -1
    outer loop
      vertex 16.3123 -16.5902 0
      vertex 33.7731 -21.4331 0
      vertex 16.7886 -16.7505 0
    endloop
  endfacet
  facet normal 0 0 -1
    outer loop
      vertex 14.8362 -16.2925 0
      vertex 2.43596 -12.7697 0
      vertex 15.3342 -16.3607 0
    endloop
  endfacet
  facet normal 0 0 -1
    outer loop
      vertex 17.2539 -16.9403 0
      vertex 16.7886 -16.7505 0
      vertex 33.7731 -21.4331 0
    endloop
  endfacet
  facet normal 0 0 -1
    outer loop
      vertex 2.43596 -12.7697 0
      vertex 35.0523 -19.2701 0
      vertex 16.3123 -16.5902 0
    endloop
  endfacet
  facet normal 0 0 -1
    outer loop
      vertex 15.3342 -16.3607 0
      vertex 2.43596 -12.7697 0
      vertex 15.8268 -16.4601 0
    endloop
  endfacet
  facet normal 0 0 -1
    outer loop
      vertex 2.43596 -12.7697 0
      vertex 16.3123 -16.5902 0
      vertex 15.8268 -16.4601 0
    endloop
  endfacet
  facet normal 0 0 -1
    outer loop
      vertex -10.9763 6.96575 0
      vertex -20.9895 3.85403 0
      vertex -10.5172 7.64121 0
    endloop
  endfacet
  facet normal 0 0 -1
    outer loop
      vertex 13.3306 -16.2768 0
      vertex 0.816277 -12.9743 0
      vertex 13.8325 -16.2505 0
    endloop
  endfacet
  facet normal 0 0 -1
    outer loop
      vertex -5.53513 -11.7628 0
      vertex -24.146 -7.01045 0
      vertex -6.2628 -11.392 0
    endloop
  endfacet
  facet normal 0 0 -1
    outer loop
      vertex -0.816277 -12.9743 0
      vertex 12.8313 -16.3345 0
      vertex -1.62933 -12.8975 0
    endloop
  endfacet
  facet normal 0 0 -1
    outer loop
      vertex 11.8486 -16.5434 0
      vertex -1.62933 -12.8975 0
      vertex 12.3367 -16.4235 0
    endloop
  endfacet
  facet normal 0 0 -1
    outer loop
      vertex 11.3691 -16.6937 0
      vertex -1.62933 -12.8975 0
      vertex 11.8486 -16.5434 0
    endloop
  endfacet
  facet normal 0 0 -1
    outer loop
      vertex 10.8999 -16.8738 0
      vertex -1.62933 -12.8975 0
      vertex 11.3691 -16.6937 0
    endloop
  endfacet
  facet normal 0 0 -1
    outer loop
      vertex 10.4429 -17.083 0
      vertex -2.43596 -12.7697 0
      vertex 10.8999 -16.8738 0
    endloop
  endfacet
  facet normal 0 0 -1
    outer loop
      vertex 12.3367 -16.4235 0
      vertex -1.62933 -12.8975 0
      vertex 12.8313 -16.3345 0
    endloop
  endfacet
  facet normal 0 0 -1
    outer loop
      vertex -24.146 -7.01045 0
      vertex -4.01722 -12.3637 0
      vertex 10.4429 -17.083 0
    endloop
  endfacet
  facet normal 0 0 -1
    outer loop
      vertex 9.57287 -17.5853 0
      vertex -24.5938 -7.23862 0
      vertex 10 -17.3205 0
    endloop
  endfacet
  facet normal 0 0 -1
    outer loop
      vertex 9.16321 -17.8765 0
      vertex -24.5938 -7.23862 0
      vertex 9.57287 -17.5853 0
    endloop
  endfacet
  facet normal 0 0 -1
    outer loop
      vertex 8.77263 -18.1928 0
      vertex -24.5938 -7.23862 0
      vertex 9.16321 -17.8765 0
    endloop
  endfacet
  facet normal 0 0 -1
    outer loop
      vertex 8.40269 -18.5329 0
      vertex -24.5938 -7.23862 0
      vertex 8.77263 -18.1928 0
    endloop
  endfacet
  facet normal 0 0 -1
    outer loop
      vertex 8.40269 -18.5329 0
      vertex -25.055 -7.43821 0
      vertex -24.5938 -7.23862 0
    endloop
  endfacet
  facet normal 0 0 -1
    outer loop
      vertex 7.73045 -19.2795 0
      vertex -25.5279 -7.60845 0
      vertex 8.05484 -18.8957 0
    endloop
  endfacet
  facet normal 0 0 -1
    outer loop
      vertex 7.43081 -19.683 0
      vertex -25.5279 -7.60845 0
      vertex 7.73045 -19.2795 0
    endloop
  endfacet
  facet normal 0 0 -1
    outer loop
      vertex 8.05484 -18.8957 0
      vertex -25.5279 -7.60845 0
      vertex 8.40269 -18.5329 0
    endloop
  endfacet
  facet normal 0 0 -1
    outer loop
      vertex 6.91037 -20.5423 0
      vertex -26.0105 -7.74866 0
      vertex 7.15709 -20.1045 0
    endloop
  endfacet
  facet normal 0 0 -1
    outer loop
      vertex 6.69164 -20.9948 0
      vertex -26.0105 -7.74866 0
      vertex 6.91037 -20.5423 0
    endloop
  endfacet
  facet normal 0 0 -1
    outer loop
      vertex 7.15709 -20.1045 0
      vertex -26.0105 -7.74866 0
      vertex 7.43081 -19.683 0
    endloop
  endfacet
  facet normal 0 0 -1
    outer loop
      vertex -26.5009 -7.8583 0
      vertex 6.69164 -20.9948 0
      vertex -26.9973 -7.93692 0
    endloop
  endfacet
  facet normal 0 0 -1
    outer loop
      vertex 6.34144 -21.9365 0
      vertex -26.9973 -7.93692 0
      vertex 6.50174 -21.4601 0
    endloop
  endfacet
  facet normal 0 0 -1
    outer loop
      vertex 6.21137 -22.4219 0
      vertex -26.9973 -7.93692 0
      vertex 6.34144 -21.9365 0
    endloop
  endfacet
  facet normal 0 0 -1
    outer loop
      vertex 6.11203 -22.9146 0
      vertex -27.4977 -7.98421 0
      vertex 6.21137 -22.4219 0
    endloop
  endfacet
  facet normal 0 0 -1
    outer loop
      vertex 6.69164 -20.9948 0
      vertex -26.5009 -7.8583 0
      vertex -26.0105 -7.74866 0
    endloop
  endfacet
  facet normal 0 0 -1
    outer loop
      vertex 6.00176 24.4163 0
      vertex -23.7134 6.75462 0
      vertex -24.146 7.01045 0
    endloop
  endfacet
  facet normal 0 0 -1
    outer loop
      vertex -28 -8 0
      vertex 6.11203 -22.9146 0
      vertex 6.04382 -23.4125 0
    endloop
  endfacet
  facet normal 0 0 -1
    outer loop
      vertex -28 -8 0
      vertex 6.04382 -23.4125 0
      vertex 6.00702 -23.9137 0
    endloop
  endfacet
  facet normal 0 0 -1
    outer loop
      vertex 6.11203 22.9146 0
      vertex -23.7134 6.75462 0
      vertex 6.04382 23.4125 0
    endloop
  endfacet
  facet normal 0 0 -1
    outer loop
      vertex -23.7134 6.75462 0
      vertex 6.00176 24.4163 0
      vertex 6.00702 23.9137 0
    endloop
  endfacet
  facet normal 0 0 -1
    outer loop
      vertex -23.7134 6.75462 0
      vertex 6.00702 23.9137 0
      vertex 6.04382 23.4125 0
    endloop
  endfacet
  facet normal 0 0 -1
    outer loop
      vertex 6.21137 22.4219 0
      vertex -23.2977 6.47214 0
      vertex 6.11203 22.9146 0
    endloop
  endfacet
  facet normal 0 0 -1
    outer loop
      vertex -23.7134 6.75462 0
      vertex 6.11203 22.9146 0
      vertex -23.2977 6.47214 0
    endloop
  endfacet
  facet normal 0 0 -1
    outer loop
      vertex 6.69164 20.9948 0
      vertex -22.5236 5.83175 0
      vertex -22.9006 6.16411 0
    endloop
  endfacet
  facet normal 0 0 -1
    outer loop
      vertex -22.9006 6.16411 0
      vertex 6.21137 22.4219 0
      vertex 6.34144 21.9365 0
    endloop
  endfacet
  facet normal 0 0 -1
    outer loop
      vertex -22.9006 6.16411 0
      vertex 6.34144 21.9365 0
      vertex 6.50174 21.4601 0
    endloop
  endfacet
  facet normal 0 0 -1
    outer loop
      vertex 20.5692 28.8144 0
      vertex 25.497 30.8205 0
      vertex 20.8429 28.3929 0
    endloop
  endfacet
  facet normal 0 0 -1
    outer loop
      vertex -22.5236 5.83175 0
      vertex 6.69164 20.9948 0
      vertex 6.91037 20.5423 0
    endloop
  endfacet
  facet normal 0 0 -1
    outer loop
      vertex -22.5236 5.83175 0
      vertex 6.91037 20.5423 0
      vertex 7.15709 20.1045 0
    endloop
  endfacet
  facet normal 0 0 -1
    outer loop
      vertex 4.01722 12.3637 0
      vertex 33.7731 21.4331 0
      vertex 4.78562 12.0871 0
    endloop
  endfacet
  facet normal 0 0 -1
    outer loop
      vertex 8.77263 18.1928 0
      vertex -4.78562 12.0871 0
      vertex -21.8359 5.09939 0
    endloop
  endfacet
  facet normal 0 0 -1
    outer loop
      vertex -22.1683 5.47638 0
      vertex 7.73045 19.2795 0
      vertex 8.05484 18.8957 0
    endloop
  endfacet
  facet normal 0 0 -1
    outer loop
      vertex -22.1683 5.47638 0
      vertex 8.05484 18.8957 0
      vertex 8.40269 18.5329 0
    endloop
  endfacet
  facet normal 0 0 -1
    outer loop
      vertex 9.16321 17.8765 0
      vertex -2.43596 12.7697 0
      vertex -3.23297 12.5916 0
    endloop
  endfacet
  facet normal 0 0 -1
    outer loop
      vertex -4.78562 12.0871 0
      vertex 8.77263 18.1928 0
      vertex -4.01722 12.3637 0
    endloop
  endfacet
  facet normal 0 0 -1
    outer loop
      vertex 10 17.3205 0
      vertex -1.62933 12.8975 0
      vertex -2.43596 12.7697 0
    endloop
  endfacet
  facet normal 0 0 -1
    outer loop
      vertex -2.43596 12.7697 0
      vertex 9.16321 17.8765 0
      vertex 9.57287 17.5853 0
    endloop
  endfacet
  facet normal 0 0 -1
    outer loop
      vertex -0.816277 12.9743 0
      vertex -1.62933 12.8975 0
      vertex 10 17.3205 0
    endloop
  endfacet
  facet normal 0 0 -1
    outer loop
      vertex 12.3367 16.4235 0
      vertex 1.62933 12.8975 0
      vertex 11.8486 16.5434 0
    endloop
  endfacet
  facet normal 0 0 -1
    outer loop
      vertex 1.62933 12.8975 0
      vertex 10.8999 16.8738 0
      vertex 11.3691 16.6937 0
    endloop
  endfacet
  facet normal 0 0 -1
    outer loop
      vertex 1.62933 12.8975 0
      vertex 11.3691 16.6937 0
      vertex 11.8486 16.5434 0
    endloop
  endfacet
  facet normal 0 0 -1
    outer loop
      vertex 10.8999 16.8738 0
      vertex 1.62933 12.8975 0
      vertex 0.816277 12.9743 0
    endloop
  endfacet
  facet normal 0 0 -1
    outer loop
      vertex 0 13 0
      vertex 10.4429 17.083 0
      vertex 0.816277 12.9743 0
    endloop
  endfacet
  facet normal 0 0 -1
    outer loop
      vertex 20.3722 19.4119 0
      vertex 32.3607 23.5114 0
      vertex 20.056 19.0213 0
    endloop
  endfacet
  facet normal 0 0 -1
    outer loop
      vertex 14.335 16.2557 0
      vertex 4.01722 12.3637 0
      vertex 13.8325 16.2505 0
    endloop
  endfacet
  facet normal 0 0 -1
    outer loop
      vertex 3.23297 12.5916 0
      vertex 13.3306 16.2768 0
      vertex 4.01722 12.3637 0
    endloop
  endfacet
  facet normal 0 0 -1
    outer loop
      vertex 20.056 19.0213 0
      vertex 32.3607 23.5114 0
      vertex 19.7158 18.6514 0
    endloop
  endfacet
  facet normal 0 0 -1
    outer loop
      vertex 13.3306 16.2768 0
      vertex 13.8325 16.2505 0
      vertex 4.01722 12.3637 0
    endloop
  endfacet
  facet normal 0 0 -1
    outer loop
      vertex 19.7158 18.6514 0
      vertex 32.3607 23.5114 0
      vertex 19.353 18.3036 0
    endloop
  endfacet
  facet normal 0 0 -1
    outer loop
      vertex 4.01722 12.3637 0
      vertex 14.335 16.2557 0
      vertex 14.8362 16.2925 0
    endloop
  endfacet
  facet normal 0 0 -1
    outer loop
      vertex 4.01722 12.3637 0
      vertex 14.8362 16.2925 0
      vertex 15.3342 16.3607 0
    endloop
  endfacet
  facet normal 0 0 -1
    outer loop
      vertex 4.01722 12.3637 0
      vertex 15.3342 16.3607 0
      vertex 15.8268 16.4601 0
    endloop
  endfacet
  facet normal 0 0 -1
    outer loop
      vertex 4.01722 12.3637 0
      vertex 15.8268 16.4601 0
      vertex 16.3123 16.5902 0
    endloop
  endfacet
  facet normal 0 0 -1
    outer loop
      vertex 4.01722 12.3637 0
      vertex 16.3123 16.5902 0
      vertex 33.7731 21.4331 0
    endloop
  endfacet
  facet normal 0 0 -1
    outer loop
      vertex 17.2539 16.9403 0
      vertex 33.7731 21.4331 0
      vertex 16.7886 16.7505 0
    endloop
  endfacet
  facet normal 0 0 -1
    outer loop
      vertex 17.7064 17.1591 0
      vertex 33.7731 21.4331 0
      vertex 17.2539 16.9403 0
    endloop
  endfacet
  facet normal 0 0 -1
    outer loop
      vertex 18.1442 17.4058 0
      vertex 32.3607 23.5114 0
      vertex 17.7064 17.1591 0
    endloop
  endfacet
  facet normal 0 0 -1
    outer loop
      vertex 19.353 18.3036 0
      vertex 32.3607 23.5114 0
      vertex 18.9692 17.9792 0
    endloop
  endfacet
  facet normal 0 0 -1
    outer loop
      vertex 18.5657 17.6795 0
      vertex 32.3607 23.5114 0
      vertex 18.1442 17.4058 0
    endloop
  endfacet
  facet normal 0 0 -1
    outer loop
      vertex 18.9692 17.9792 0
      vertex 32.3607 23.5114 0
      vertex 18.5657 17.6795 0
    endloop
  endfacet
  facet normal 0 0 -1
    outer loop
      vertex 16.7886 16.7505 0
      vertex 33.7731 21.4331 0
      vertex 16.3123 16.5902 0
    endloop
  endfacet
  facet normal 0 0 -1
    outer loop
      vertex 20.9282 20.2487 0
      vertex 32.3607 23.5114 0
      vertex 20.6634 19.8216 0
    endloop
  endfacet
  facet normal 0 0 -1
    outer loop
      vertex 21.1657 20.6916 0
      vertex 30.8205 25.497 0
      vertex 20.9282 20.2487 0
    endloop
  endfacet
  facet normal 0 0 -1
    outer loop
      vertex 21.555 21.6178 0
      vertex 30.8205 25.497 0
      vertex 21.3749 21.1486 0
    endloop
  endfacet
  facet normal 0 0 -1
    outer loop
      vertex 21.3749 21.1486 0
      vertex 30.8205 25.497 0
      vertex 21.1657 20.6916 0
    endloop
  endfacet
  facet normal 0 0 -1
    outer loop
      vertex 21.7053 22.0974 0
      vertex 30.8205 25.497 0
      vertex 21.555 21.6178 0
    endloop
  endfacet
  facet normal 0 0 -1
    outer loop
      vertex 21.9142 23.08 0
      vertex 29.1587 27.3819 0
      vertex 21.8252 22.5854 0
    endloop
  endfacet
  facet normal 0 0 -1
    outer loop
      vertex 21.9982 24.0812 0
      vertex 29.1587 27.3819 0
      vertex 21.9719 23.5793 0
    endloop
  endfacet
  facet normal 0 0 -1
    outer loop
      vertex 21.9719 23.5793 0
      vertex 29.1587 27.3819 0
      vertex 21.9142 23.08 0
    endloop
  endfacet
  facet normal 0 0 -1
    outer loop
      vertex 21.8252 22.5854 0
      vertex 30.8205 25.497 0
      vertex 21.7053 22.0974 0
    endloop
  endfacet
  facet normal 0 0 -1
    outer loop
      vertex 21.9562 25.0849 0
      vertex 29.1587 27.3819 0
      vertex 21.993 24.5837 0
    endloop
  endfacet
  facet normal 0 0 -1
    outer loop
      vertex 21.888 25.5829 0
      vertex 27.3819 29.1587 0
      vertex 21.9562 25.0849 0
    endloop
  endfacet
  facet normal 0 0 -1
    outer loop
      vertex 21.6586 26.561 0
      vertex 27.3819 29.1587 0
      vertex 21.7886 26.0755 0
    endloop
  endfacet
  facet normal 0 0 -1
    outer loop
      vertex 21.7886 26.0755 0
      vertex 27.3819 29.1587 0
      vertex 21.888 25.5829 0
    endloop
  endfacet
  facet normal 0 0 -1
    outer loop
      vertex 8.77263 18.1928 0
      vertex -22.1683 5.47638 0
      vertex 8.40269 18.5329 0
    endloop
  endfacet
  facet normal 0 0 -1
    outer loop
      vertex 21.3084 27.5026 0
      vertex 25.497 30.8205 0
      vertex 21.4983 27.0373 0
    endloop
  endfacet
  facet normal 0 0 -1
    outer loop
      vertex 20.8429 28.3929 0
      vertex 25.497 30.8205 0
      vertex 21.0896 27.9551 0
    endloop
  endfacet
  facet normal 0 0 -1
    outer loop
      vertex 21.0896 27.9551 0
      vertex 25.497 30.8205 0
      vertex 21.3084 27.5026 0
    endloop
  endfacet
  facet normal 0 0 -1
    outer loop
      vertex 21.4983 27.0373 0
      vertex 27.3819 29.1587 0
      vertex 21.6586 26.561 0
    endloop
  endfacet
  facet normal 0 0 -1
    outer loop
      vertex 7.43081 19.683 0
      vertex -22.5236 5.83175 0
      vertex 7.15709 20.1045 0
    endloop
  endfacet
  facet normal 0 0 -1
    outer loop
      vertex 20.2695 29.2179 0
      vertex 23.5114 32.3607 0
      vertex 20.5692 28.8144 0
    endloop
  endfacet
  facet normal 0 0 -1
    outer loop
      vertex 19.2274 30.3047 0
      vertex 23.5114 32.3607 0
      vertex 19.5973 29.9645 0
    endloop
  endfacet
  facet normal 0 0 -1
    outer loop
      vertex 19.9452 29.6018 0
      vertex 23.5114 32.3607 0
      vertex 20.2695 29.2179 0
    endloop
  endfacet
  facet normal 0 0 -1
    outer loop
      vertex 19.5973 29.9645 0
      vertex 23.5114 32.3607 0
      vertex 19.9452 29.6018 0
    endloop
  endfacet
  facet normal 0 0 -1
    outer loop
      vertex 18.8368 30.621 0
      vertex 23.5114 32.3607 0
      vertex 19.2274 30.3047 0
    endloop
  endfacet
  facet normal 0 0 -1
    outer loop
      vertex 18.4271 30.9121 0
      vertex 21.4331 33.7731 0
      vertex 18.8368 30.621 0
    endloop
  endfacet
  facet normal 0 0 -1
    outer loop
      vertex 17.1001 31.6236 0
      vertex 21.4331 33.7731 0
      vertex 17.5571 31.4144 0
    endloop
  endfacet
  facet normal 0 0 -1
    outer loop
      vertex 18 31.1769 0
      vertex 21.4331 33.7731 0
      vertex 18.4271 30.9121 0
    endloop
  endfacet
  facet normal 0 0 -1
    outer loop
      vertex 17.5571 31.4144 0
      vertex 21.4331 33.7731 0
      vertex 18 31.1769 0
    endloop
  endfacet
  facet normal 0 0 -1
    outer loop
      vertex 6.2947 26.4001 0
      vertex -24.146 7.01045 0
      vertex 6.44499 26.8796 0
    endloop
  endfacet
  facet normal 0 0 -1
    outer loop
      vertex 16.6309 31.8037 0
      vertex 19.2701 35.0523 0
      vertex 17.1001 31.6236 0
    endloop
  endfacet
  facet normal 0 0 -1
    outer loop
      vertex 14.6694 32.2207 0
      vertex 19.2701 35.0523 0
      vertex 15.1687 32.1629 0
    endloop
  endfacet
  facet normal 0 0 -1
    outer loop
      vertex 16.1514 31.954 0
      vertex 19.2701 35.0523 0
      vertex 16.6309 31.8037 0
    endloop
  endfacet
  facet normal 0 0 -1
    outer loop
      vertex 15.6633 32.0739 0
      vertex 19.2701 35.0523 0
      vertex 16.1514 31.954 0
    endloop
  endfacet
  facet normal 0 0 -1
    outer loop
      vertex 15.1687 32.1629 0
      vertex 19.2701 35.0523 0
      vertex 15.6633 32.0739 0
    endloop
  endfacet
  facet normal 0 0 -1
    outer loop
      vertex 6.44499 26.8796 0
      vertex -24.5938 7.23862 0
      vertex 6.62509 27.3488 0
    endloop
  endfacet
  facet normal 0 0 -1
    outer loop
      vertex 14.1675 32.247 0
      vertex 19.2701 35.0523 0
      vertex 14.6694 32.2207 0
    endloop
  endfacet
  facet normal 0 0 -1
    outer loop
      vertex 13.665 32.2417 0
      vertex 17.0312 36.1931 0
      vertex 14.1675 32.247 0
    endloop
  endfacet
  facet normal 0 0 -1
    outer loop
      vertex 8.64696 30.1939 0
      vertex -9.57287 17.5853 0
      vertex 9.03082 30.5183 0
    endloop
  endfacet
  facet normal 0 0 -1
    outer loop
      vertex 13.1638 32.2049 0
      vertex 17.0312 36.1931 0
      vertex 13.665 32.2417 0
    endloop
  endfacet
  facet normal 0 0 -1
    outer loop
      vertex 12.6658 32.1367 0
      vertex 17.0312 36.1931 0
      vertex 13.1638 32.2049 0
    endloop
  endfacet
  facet normal 0 0 -1
    outer loop
      vertex 12.1732 32.0373 0
      vertex 17.0312 36.1931 0
      vertex 12.6658 32.1367 0
    endloop
  endfacet
  facet normal 0 0 -1
    outer loop
      vertex 11.6877 31.9073 0
      vertex 17.0312 36.1931 0
      vertex 12.1732 32.0373 0
    endloop
  endfacet
  facet normal 0 0 -1
    outer loop
      vertex 11.2114 31.747 0
      vertex 17.0312 36.1931 0
      vertex 11.6877 31.9073 0
    endloop
  endfacet
  facet normal 0 0 -1
    outer loop
      vertex 10.7461 31.5571 0
      vertex 17.0312 36.1931 0
      vertex 11.2114 31.747 0
    endloop
  endfacet
  facet normal 0 0 -1
    outer loop
      vertex 10.2936 31.3383 0
      vertex 17.0312 36.1931 0
      vertex 10.7461 31.5571 0
    endloop
  endfacet
  facet normal 0 0 -1
    outer loop
      vertex 9.85578 31.0916 0
      vertex 17.0312 36.1931 0
      vertex 10.2936 31.3383 0
    endloop
  endfacet
  facet normal 0 0 -1
    outer loop
      vertex 9.43429 30.8179 0
      vertex 17.0312 36.1931 0
      vertex 9.85578 31.0916 0
    endloop
  endfacet
  facet normal 0 0 -1
    outer loop
      vertex -9.57287 17.5853 0
      vertex 17.0312 36.1931 0
      vertex 9.43429 30.8179 0
    endloop
  endfacet
  facet normal 0 0 -1
    outer loop
      vertex -9.57287 17.5853 0
      vertex 9.43429 30.8179 0
      vertex 9.03082 30.5183 0
    endloop
  endfacet
  facet normal 0 0 -1
    outer loop
      vertex 8.28422 29.846 0
      vertex -9.57287 17.5853 0
      vertex 8.64696 30.1939 0
    endloop
  endfacet
  facet normal 0 0 -1
    outer loop
      vertex 7.94404 29.4761 0
      vertex -9.57287 17.5853 0
      vertex 8.28422 29.846 0
    endloop
  endfacet
  facet normal 0 0 -1
    outer loop
      vertex 7.62776 29.0855 0
      vertex -9.57287 17.5853 0
      vertex 7.94404 29.4761 0
    endloop
  endfacet
  facet normal 0 0 -1
    outer loop
      vertex 7.33663 28.6758 0
      vertex -9.57287 17.5853 0
      vertex 7.62776 29.0855 0
    endloop
  endfacet
  facet normal 0 0 -1
    outer loop
      vertex 7.0718 28.2487 0
      vertex -9.57287 17.5853 0
      vertex 7.33663 28.6758 0
    endloop
  endfacet
  facet normal 0 0 -1
    outer loop
      vertex 6.83431 27.8058 0
      vertex -9.57287 17.5853 0
      vertex 7.0718 28.2487 0
    endloop
  endfacet
  facet normal 0 0 -1
    outer loop
      vertex 6.62509 27.3488 0
      vertex -9.57287 17.5853 0
      vertex 6.83431 27.8058 0
    endloop
  endfacet
  facet normal 0 0 -1
    outer loop
      vertex 6.62509 27.3488 0
      vertex -10 17.3205 0
      vertex -9.57287 17.5853 0
    endloop
  endfacet
  facet normal 0 0 -1
    outer loop
      vertex 35.6085 2.47214 0
      vertex 39.9211 2.51162 0
      vertex 35.7487 1.98952 0
    endloop
  endfacet
  facet normal 0 0 -1
    outer loop
      vertex -24.5938 7.23862 0
      vertex -10 17.3205 0
      vertex 6.62509 27.3488 0
    endloop
  endfacet
  facet normal 0 0 -1
    outer loop
      vertex -22.5236 5.83175 0
      vertex 7.43081 19.683 0
      vertex -22.1683 5.47638 0
    endloop
  endfacet
  facet normal 0 0 -1
    outer loop
      vertex 7.73045 19.2795 0
      vertex -22.1683 5.47638 0
      vertex 7.43081 19.683 0
    endloop
  endfacet
  facet normal 0 0 -1
    outer loop
      vertex 6.17482 25.912 0
      vertex -24.146 7.01045 0
      vertex 6.2947 26.4001 0
    endloop
  endfacet
  facet normal 0 0 -1
    outer loop
      vertex 6.08582 25.4174 0
      vertex -24.146 7.01045 0
      vertex 6.17482 25.912 0
    endloop
  endfacet
  facet normal 0 0 -1
    outer loop
      vertex 6.02806 24.9181 0
      vertex -24.146 7.01045 0
      vertex 6.08582 25.4174 0
    endloop
  endfacet
  facet normal 0 0 -1
    outer loop
      vertex 20 -4.89859e-15 0
      vertex 13 0 0
      vertex 20.0158 0.502324 0
    endloop
  endfacet
  facet normal 0 0 -1
    outer loop
      vertex 20.0158 0.502324 0
      vertex 13 0 0
      vertex 20.0631 1.00267 0
    endloop
  endfacet
  facet normal 0 0 -1
    outer loop
      vertex -12.7697 -2.43596 0
      vertex -20.2513 -1.98952 0
      vertex -12.8975 -1.62933 0
    endloop
  endfacet
  facet normal 0 0 -1
    outer loop
      vertex 13 0 0
      vertex 20 -4.89859e-15 0
      vertex 20.0158 -0.502324 0
    endloop
  endfacet
  facet normal 0 0 -1
    outer loop
      vertex 13 0 0
      vertex 20.0158 -0.502324 0
      vertex 12.9743 -0.816277 0
    endloop
  endfacet
  facet normal 0 0 -1
    outer loop
      vertex 20.2513 -1.98952 0
      vertex 12.7697 -2.43596 0
      vertex 20.1417 -1.49905 0
    endloop
  endfacet
  facet normal 0 0 -1
    outer loop
      vertex 12.8975 -1.62933 0
      vertex 20.1417 -1.49905 0
      vertex 12.7697 -2.43596 0
    endloop
  endfacet
  facet normal 0 0 -1
    outer loop
      vertex 20.3915 -2.47214 0
      vertex 12.7697 -2.43596 0
      vertex 20.2513 -1.98952 0
    endloop
  endfacet
  facet normal 0 0 -1
    outer loop
      vertex 20.1417 -1.49905 0
      vertex 12.8975 -1.62933 0
      vertex 20.0631 -1.00267 0
    endloop
  endfacet
  facet normal 0 0 -1
    outer loop
      vertex 12.9743 -0.816277 0
      vertex 20.0631 -1.00267 0
      vertex 12.8975 -1.62933 0
    endloop
  endfacet
  facet normal 0 0 -1
    outer loop
      vertex 21.8359 -5.09939 0
      vertex 12.0871 -4.78562 0
      vertex 21.5279 -4.70228 0
    endloop
  endfacet
  facet normal 0 0 -1
    outer loop
      vertex 20.9895 -3.85403 0
      vertex 12.3637 -4.01722 0
      vertex 20.7614 -3.40623 0
    endloop
  endfacet
  facet normal 0 0 -1
    outer loop
      vertex 12.5916 -3.23297 0
      vertex 20.7614 -3.40623 0
      vertex 12.3637 -4.01722 0
    endloop
  endfacet
  facet normal 0 0 -1
    outer loop
      vertex 21.5279 -4.70228 0
      vertex 12.3637 -4.01722 0
      vertex 21.2454 -4.28661 0
    endloop
  endfacet
  facet normal 0 0 -1
    outer loop
      vertex 12.3637 -4.01722 0
      vertex 20.9895 -3.85403 0
      vertex 21.2454 -4.28661 0
    endloop
  endfacet
  facet normal 0 0 -1
    outer loop
      vertex 22.1683 -5.47638 0
      vertex 11.7628 -5.53513 0
      vertex 21.8359 -5.09939 0
    endloop
  endfacet
  facet normal 0 0 -1
    outer loop
      vertex 12.0871 -4.78562 0
      vertex 21.8359 -5.09939 0
      vertex 11.7628 -5.53513 0
    endloop
  endfacet
  facet normal 0 0 -1
    outer loop
      vertex 23.2977 -6.47214 0
      vertex 11.7628 -5.53513 0
      vertex 22.9006 -6.16411 0
    endloop
  endfacet
  facet normal 0 0 -1
    outer loop
      vertex 11.7628 -5.53513 0
      vertex 22.1683 -5.47638 0
      vertex 22.5236 -5.83175 0
    endloop
  endfacet
  facet normal 0 0 -1
    outer loop
      vertex 11.7628 -5.53513 0
      vertex 22.5236 -5.83175 0
      vertex 22.9006 -6.16411 0
    endloop
  endfacet
  facet normal 0 0 -1
    outer loop
      vertex -21.5279 -4.70228 0
      vertex -11.392 -6.2628 0
      vertex -21.8359 -5.09939 0
    endloop
  endfacet
  facet normal 0 0 -1
    outer loop
      vertex -10.0167 -8.28651 0
      vertex -22.1683 -5.47638 0
      vertex -10.5172 -7.64121 0
    endloop
  endfacet
  facet normal 0 0 -1
    outer loop
      vertex 10.9763 -6.96575 0
      vertex 38.7433 -9.94759 0
      vertex 10.5172 -7.64121 0
    endloop
  endfacet
  facet normal 0 0 -1
    outer loop
      vertex 31.854 -7.01045 0
      vertex 39.2915 -7.49525 0
      vertex 31.4062 -7.23862 0
    endloop
  endfacet
  facet normal 0 0 -1
    outer loop
      vertex 11.392 -6.2628 0
      vertex 24.146 -7.01045 0
      vertex 10.9763 -6.96575 0
    endloop
  endfacet
  facet normal 0 0 -1
    outer loop
      vertex 27.4977 -7.98421 0
      vertex 38.7433 -9.94759 0
      vertex 26.9973 -7.93692 0
    endloop
  endfacet
  facet normal 0 0 -1
    outer loop
      vertex 10.9763 -6.96575 0
      vertex 24.5938 -7.23862 0
      vertex 25.055 -7.43821 0
    endloop
  endfacet
  facet normal 0 0 -1
    outer loop
      vertex 10.9763 -6.96575 0
      vertex 25.055 -7.43821 0
      vertex 25.5279 -7.60845 0
    endloop
  endfacet
  facet normal 0 0 -1
    outer loop
      vertex 10.9763 -6.96575 0
      vertex 25.5279 -7.60845 0
      vertex 26.0105 -7.74867 0
    endloop
  endfacet
  facet normal 0 0 -1
    outer loop
      vertex 10.9763 -6.96575 0
      vertex 26.0105 -7.74867 0
      vertex 26.5009 -7.8583 0
    endloop
  endfacet
  facet normal 0 0 -1
    outer loop
      vertex 10.9763 -6.96575 0
      vertex 26.5009 -7.8583 0
      vertex 38.7433 -9.94759 0
    endloop
  endfacet
  facet normal 0 0 -1
    outer loop
      vertex 26.5009 -7.8583 0
      vertex 26.9973 -7.93692 0
      vertex 38.7433 -9.94759 0
    endloop
  endfacet
  facet normal 0 0 -1
    outer loop
      vertex 28 -8 0
      vertex 38.7433 -9.94759 0
      vertex 27.4977 -7.98421 0
    endloop
  endfacet
  facet normal 0 0 -1
    outer loop
      vertex 28.5023 -7.98421 0
      vertex 38.7433 -9.94759 0
      vertex 28 -8 0
    endloop
  endfacet
  facet normal 0 0 -1
    outer loop
      vertex 29.0027 -7.93692 0
      vertex 39.2915 -7.49525 0
      vertex 28.5023 -7.98421 0
    endloop
  endfacet
  facet normal 0 0 -1
    outer loop
      vertex 31.4062 -7.23862 0
      vertex 39.2915 -7.49525 0
      vertex 30.945 -7.43821 0
    endloop
  endfacet
  facet normal 0 0 -1
    outer loop
      vertex 29.4991 -7.8583 0
      vertex 39.2915 -7.49525 0
      vertex 29.0027 -7.93692 0
    endloop
  endfacet
  facet normal 0 0 -1
    outer loop
      vertex 29.9895 -7.74867 0
      vertex 39.2915 -7.49525 0
      vertex 29.4991 -7.8583 0
    endloop
  endfacet
  facet normal 0 0 -1
    outer loop
      vertex 30.4721 -7.60845 0
      vertex 39.2915 -7.49525 0
      vertex 29.9895 -7.74867 0
    endloop
  endfacet
  facet normal 0 0 -1
    outer loop
      vertex 30.945 -7.43821 0
      vertex 39.2915 -7.49525 0
      vertex 30.4721 -7.60845 0
    endloop
  endfacet
  facet normal 0 0 -1
    outer loop
      vertex 24.5938 -7.23862 0
      vertex 10.9763 -6.96575 0
      vertex 24.146 -7.01045 0
    endloop
  endfacet
  facet normal 0 0 -1
    outer loop
      vertex 32.2866 -6.75462 0
      vertex 39.2915 -7.49525 0
      vertex 31.854 -7.01045 0
    endloop
  endfacet
  facet normal 0 0 -1
    outer loop
      vertex 32.7023 -6.47214 0
      vertex 39.2915 -7.49525 0
      vertex 32.2866 -6.75462 0
    endloop
  endfacet
  facet normal 0 0 -1
    outer loop
      vertex 33.0994 -6.16411 0
      vertex 39.6846 -5.01333 0
      vertex 32.7023 -6.47214 0
    endloop
  endfacet
  facet normal 0 0 -1
    outer loop
      vertex 34.1641 -5.09939 0
      vertex 39.6846 -5.01333 0
      vertex 33.8317 -5.47638 0
    endloop
  endfacet
  facet normal 0 0 -1
    outer loop
      vertex 33.4764 -5.83175 0
      vertex 39.6846 -5.01333 0
      vertex 33.0994 -6.16411 0
    endloop
  endfacet
  facet normal 0 0 -1
    outer loop
      vertex 33.8317 -5.47638 0
      vertex 39.6846 -5.01333 0
      vertex 33.4764 -5.83175 0
    endloop
  endfacet
  facet normal 0 0 -1
    outer loop
      vertex 34.7546 -4.28661 0
      vertex 39.6846 -5.01333 0
      vertex 34.4721 -4.70228 0
    endloop
  endfacet
  facet normal 0 0 -1
    outer loop
      vertex 35.0105 -3.85403 0
      vertex 39.9211 -2.51162 0
      vertex 34.7546 -4.28661 0
    endloop
  endfacet
  facet normal 0 0 -1
    outer loop
      vertex 35.6085 -2.47214 0
      vertex 39.9211 -2.51162 0
      vertex 35.4382 -2.945 0
    endloop
  endfacet
  facet normal 0 0 -1
    outer loop
      vertex 35.2386 -3.40623 0
      vertex 39.9211 -2.51162 0
      vertex 35.0105 -3.85403 0
    endloop
  endfacet
  facet normal 0 0 -1
    outer loop
      vertex 35.4382 -2.945 0
      vertex 39.9211 -2.51162 0
      vertex 35.2386 -3.40623 0
    endloop
  endfacet
  facet normal 0 0 -1
    outer loop
      vertex 35.8583 -1.49905 0
      vertex 40 0 0
      vertex 35.7487 -1.98952 0
    endloop
  endfacet
  facet normal 0 0 -1
    outer loop
      vertex 36 -8.81746e-15 0
      vertex 40 0 0
      vertex 35.9842 -0.502324 0
    endloop
  endfacet
  facet normal 0 0 -1
    outer loop
      vertex 35.9369 -1.00267 0
      vertex 40 0 0
      vertex 35.8583 -1.49905 0
    endloop
  endfacet
  facet normal 0 0 -1
    outer loop
      vertex 35.9842 -0.502324 0
      vertex 40 0 0
      vertex 35.9369 -1.00267 0
    endloop
  endfacet
  facet normal 0 0 -1
    outer loop
      vertex 20.0631 1.00267 0
      vertex 12.9743 0.816277 0
      vertex 20.1417 1.49905 0
    endloop
  endfacet
  facet normal 0 0 -1
    outer loop
      vertex 35.9369 1.00267 0
      vertex 39.9211 2.51162 0
      vertex 35.9842 0.502324 0
    endloop
  endfacet
  facet normal 0 0 -1
    outer loop
      vertex 35.8583 1.49905 0
      vertex 39.9211 2.51162 0
      vertex 35.9369 1.00267 0
    endloop
  endfacet
  facet normal 0 0 -1
    outer loop
      vertex 35.7487 1.98952 0
      vertex 39.9211 2.51162 0
      vertex 35.8583 1.49905 0
    endloop
  endfacet
  facet normal 0 0 -1
    outer loop
      vertex 35.4382 2.945 0
      vertex 39.6846 5.01333 0
      vertex 35.6085 2.47214 0
    endloop
  endfacet
  facet normal 0 0 -1
    outer loop
      vertex 34.4721 4.70228 0
      vertex 39.6846 5.01333 0
      vertex 34.7546 4.28661 0
    endloop
  endfacet
  facet normal 0 0 -1
    outer loop
      vertex 35.2386 3.40623 0
      vertex 39.6846 5.01333 0
      vertex 35.4382 2.945 0
    endloop
  endfacet
  facet normal 0 0 -1
    outer loop
      vertex 35.0105 3.85403 0
      vertex 39.6846 5.01333 0
      vertex 35.2386 3.40623 0
    endloop
  endfacet
  facet normal 0 0 -1
    outer loop
      vertex 34.7546 4.28661 0
      vertex 39.6846 5.01333 0
      vertex 35.0105 3.85403 0
    endloop
  endfacet
  facet normal 0 0 -1
    outer loop
      vertex 34.1641 5.09939 0
      vertex 39.2915 7.49525 0
      vertex 34.4721 4.70228 0
    endloop
  endfacet
  facet normal 0 0 -1
    outer loop
      vertex 32.7023 6.47214 0
      vertex 39.2915 7.49525 0
      vertex 33.0994 6.16411 0
    endloop
  endfacet
  facet normal 0 0 -1
    outer loop
      vertex 33.8317 5.47638 0
      vertex 39.2915 7.49525 0
      vertex 34.1641 5.09939 0
    endloop
  endfacet
  facet normal 0 0 -1
    outer loop
      vertex 33.4764 5.83175 0
      vertex 39.2915 7.49525 0
      vertex 33.8317 5.47638 0
    endloop
  endfacet
  facet normal 0 0 -1
    outer loop
      vertex 33.0994 6.16411 0
      vertex 39.2915 7.49525 0
      vertex 33.4764 5.83175 0
    endloop
  endfacet
  facet normal 0 0 -1
    outer loop
      vertex 21.2454 4.28661 0
      vertex 12.5916 3.23297 0
      vertex 21.5279 4.70228 0
    endloop
  endfacet
  facet normal 0 0 -1
    outer loop
      vertex 11.392 6.2628 0
      vertex 38.7433 9.94759 0
      vertex 11.7628 5.53513 0
    endloop
  endfacet
  facet normal 0 0 -1
    outer loop
      vertex 31.854 7.01045 0
      vertex 39.2915 7.49525 0
      vertex 32.2866 6.75462 0
    endloop
  endfacet
  facet normal 0 0 -1
    outer loop
      vertex 31.4062 7.23862 0
      vertex 38.7433 9.94759 0
      vertex 31.854 7.01045 0
    endloop
  endfacet
  facet normal 0 0 -1
    outer loop
      vertex 28.5023 7.98421 0
      vertex 38.7433 9.94759 0
      vertex 29.0027 7.93692 0
    endloop
  endfacet
  facet normal 0 0 -1
    outer loop
      vertex 30.945 7.43821 0
      vertex 38.7433 9.94759 0
      vertex 31.4062 7.23862 0
    endloop
  endfacet
  facet normal 0 0 -1
    outer loop
      vertex 30.4721 7.60845 0
      vertex 38.7433 9.94759 0
      vertex 30.945 7.43821 0
    endloop
  endfacet
  facet normal 0 0 -1
    outer loop
      vertex 29.9895 7.74866 0
      vertex 38.7433 9.94759 0
      vertex 30.4721 7.60845 0
    endloop
  endfacet
  facet normal 0 0 -1
    outer loop
      vertex 29.4991 7.8583 0
      vertex 38.7433 9.94759 0
      vertex 29.9895 7.74866 0
    endloop
  endfacet
  facet normal 0 0 -1
    outer loop
      vertex 29.0027 7.93692 0
      vertex 38.7433 9.94759 0
      vertex 29.4991 7.8583 0
    endloop
  endfacet
  facet normal 0 0 -1
    outer loop
      vertex 28 8 0
      vertex 38.7433 9.94759 0
      vertex 28.5023 7.98421 0
    endloop
  endfacet
  facet normal 0 0 -1
    outer loop
      vertex 27.4977 7.98421 0
      vertex 38.7433 9.94759 0
      vertex 28 8 0
    endloop
  endfacet
  facet normal 0 0 -1
    outer loop
      vertex 26.9973 7.93692 0
      vertex 38.7433 9.94759 0
      vertex 27.4977 7.98421 0
    endloop
  endfacet
  facet normal 0 0 -1
    outer loop
      vertex 11.7628 5.53513 0
      vertex 38.7433 9.94759 0
      vertex 26.9973 7.93692 0
    endloop
  endfacet
  facet normal 0 0 -1
    outer loop
      vertex 11.7628 5.53513 0
      vertex 26.9973 7.93692 0
      vertex 26.5009 7.8583 0
    endloop
  endfacet
  facet normal 0 0 -1
    outer loop
      vertex 25.5279 7.60845 0
      vertex 11.7628 5.53513 0
      vertex 26.0105 7.74866 0
    endloop
  endfacet
  facet normal 0 0 -1
    outer loop
      vertex 25.055 7.43821 0
      vertex 11.7628 5.53513 0
      vertex 25.5279 7.60845 0
    endloop
  endfacet
  facet normal 0 0 -1
    outer loop
      vertex 24.146 7.01045 0
      vertex 12.0871 4.78562 0
      vertex 24.5938 7.23862 0
    endloop
  endfacet
  facet normal 0 0 -1
    outer loop
      vertex 11.7628 5.53513 0
      vertex 25.055 7.43821 0
      vertex 12.0871 4.78562 0
    endloop
  endfacet
  facet normal 0 0 -1
    outer loop
      vertex 25.055 7.43821 0
      vertex 24.5938 7.23862 0
      vertex 12.0871 4.78562 0
    endloop
  endfacet
  facet normal 0 0 -1
    outer loop
      vertex 23.7134 6.75462 0
      vertex 12.0871 4.78562 0
      vertex 24.146 7.01045 0
    endloop
  endfacet
  facet normal 0 0 -1
    outer loop
      vertex 23.2977 6.47214 0
      vertex 12.0871 4.78562 0
      vertex 23.7134 6.75462 0
    endloop
  endfacet
  facet normal 0 0 -1
    outer loop
      vertex 22.9006 6.16411 0
      vertex 12.0871 4.78562 0
      vertex 23.2977 6.47214 0
    endloop
  endfacet
  facet normal 0 0 -1
    outer loop
      vertex 22.5236 5.83175 0
      vertex 12.0871 4.78562 0
      vertex 22.9006 6.16411 0
    endloop
  endfacet
  facet normal 0 0 -1
    outer loop
      vertex 22.1683 5.47638 0
      vertex 12.0871 4.78562 0
      vertex 22.5236 5.83175 0
    endloop
  endfacet
  facet normal 0 0 -1
    outer loop
      vertex -12.9743 0.816277 0
      vertex -20.0158 0.502324 0
      vertex -12.8975 1.62933 0
    endloop
  endfacet
  facet normal 0 0 -1
    outer loop
      vertex 20.3915 2.47214 0
      vertex 12.8975 1.62933 0
      vertex 20.5618 2.945 0
    endloop
  endfacet
  facet normal 0 0 -1
    outer loop
      vertex 12.7697 2.43596 0
      vertex 20.5618 2.945 0
      vertex 12.8975 1.62933 0
    endloop
  endfacet
  facet normal 0 0 -1
    outer loop
      vertex 12.5916 3.23297 0
      vertex 20.7614 3.40623 0
      vertex 12.7697 2.43596 0
    endloop
  endfacet
  facet normal 0 0 -1
    outer loop
      vertex 20.9895 3.85403 0
      vertex 12.5916 3.23297 0
      vertex 21.2454 4.28661 0
    endloop
  endfacet
  facet normal 0 0 -1
    outer loop
      vertex 20.7614 3.40623 0
      vertex 12.5916 3.23297 0
      vertex 20.9895 3.85403 0
    endloop
  endfacet
  facet normal 0 0 -1
    outer loop
      vertex 12.9743 0.816277 0
      vertex 20.0631 1.00267 0
      vertex 13 0 0
    endloop
  endfacet
  facet normal 0 0 -1
    outer loop
      vertex 20.2513 1.98952 0
      vertex 12.8975 1.62933 0
      vertex 20.3915 2.47214 0
    endloop
  endfacet
  facet normal 0 0 -1
    outer loop
      vertex 20.1417 1.49905 0
      vertex 12.8975 1.62933 0
      vertex 20.2513 1.98952 0
    endloop
  endfacet
  facet normal 0 0 -1
    outer loop
      vertex -36 4.40873e-15 0
      vertex -39.9211 -2.51162 0
      vertex -35.9842 0.502324 0
    endloop
  endfacet
  facet normal 0 0 -1
    outer loop
      vertex -6.21137 22.4219 0
      vertex 14.725 37.1911 0
      vertex -6.34144 21.9365 0
    endloop
  endfacet
  facet normal 0 0 -1
    outer loop
      vertex -13.3306 16.2768 0
      vertex -25.5279 7.60845 0
      vertex -13.8325 16.2505 0
    endloop
  endfacet
  facet normal 0 0 -1
    outer loop
      vertex -26.0105 7.74867 0
      vertex -13.8325 16.2505 0
      vertex -25.5279 7.60845 0
    endloop
  endfacet
  facet normal 0 0 -1
    outer loop
      vertex -7.15709 20.1045 0
      vertex 17.0312 36.1931 0
      vertex -7.43081 19.683 0
    endloop
  endfacet
  facet normal 0 0 -1
    outer loop
      vertex 7.64121 10.5172 0
      vertex 36.1931 17.0312 0
      vertex 8.28651 10.0167 0
    endloop
  endfacet
  facet normal 0 0 -1
    outer loop
      vertex -20.7614 3.40623 0
      vertex -11.7628 5.53513 0
      vertex -20.5618 2.945 0
    endloop
  endfacet
  facet normal -0.999507 0.0314108 0
    outer loop
      vertex -40 0 0
      vertex -40 0 2
      vertex -39.9211 2.51162 0
    endloop
  endfacet
  facet normal -0.999507 0.0314108 0
    outer loop
      vertex -39.9211 2.51162 0
      vertex -40 0 2
      vertex -39.9211 2.51162 2
    endloop
  endfacet
  facet normal -0.999507 -0.0314108 0
    outer loop
      vertex -40 0 0
      vertex -39.9211 -2.51162 0
      vertex -40 0 2
    endloop
  endfacet
  facet normal -0.999507 -0.0314108 0
    outer loop
      vertex -40 0 2
      vertex -39.9211 -2.51162 0
      vertex -39.9211 -2.51162 2
    endloop
  endfacet
  facet normal -0.995562 -0.0941083 0
    outer loop
      vertex -39.9211 -2.51162 0
      vertex -39.6846 -5.01333 0
      vertex -39.9211 -2.51162 2
    endloop
  endfacet
  facet normal -0.995562 -0.0941083 0
    outer loop
      vertex -39.9211 -2.51162 2
      vertex -39.6846 -5.01333 0
      vertex -39.6846 -5.01333 2
    endloop
  endfacet
  facet normal -0.987688 -0.156434 0
    outer loop
      vertex -39.6846 -5.01333 0
      vertex -39.2915 -7.49525 0
      vertex -39.6846 -5.01333 2
    endloop
  endfacet
  facet normal -0.987688 -0.156434 0
    outer loop
      vertex -39.6846 -5.01333 2
      vertex -39.2915 -7.49525 0
      vertex -39.2915 -7.49525 2
    endloop
  endfacet
  facet normal -0.975917 -0.218143 0
    outer loop
      vertex -39.2915 -7.49525 0
      vertex -38.7433 -9.94759 0
      vertex -39.2915 -7.49525 2
    endloop
  endfacet
  facet normal -0.975917 -0.218143 0
    outer loop
      vertex -39.2915 -7.49525 2
      vertex -38.7433 -9.94759 0
      vertex -38.7433 -9.94759 2
    endloop
  endfacet
  facet normal -0.960294 -0.278991 0
    outer loop
      vertex -38.7433 -9.94759 0
      vertex -38.0423 -12.3607 0
      vertex -38.7433 -9.94759 2
    endloop
  endfacet
  facet normal -0.960294 -0.278991 0
    outer loop
      vertex -38.7433 -9.94759 2
      vertex -38.0423 -12.3607 0
      vertex -38.0423 -12.3607 2
    endloop
  endfacet
  facet normal -0.940881 -0.338738 0
    outer loop
      vertex -38.0423 -12.3607 0
      vertex -37.1911 -14.725 0
      vertex -38.0423 -12.3607 2
    endloop
  endfacet
  facet normal -0.940881 -0.338738 0
    outer loop
      vertex -38.0423 -12.3607 2
      vertex -37.1911 -14.725 0
      vertex -37.1911 -14.725 2
    endloop
  endfacet
  facet normal -0.917755 -0.397148 0
    outer loop
      vertex -37.1911 -14.725 0
      vertex -36.1931 -17.0312 0
      vertex -37.1911 -14.725 2
    endloop
  endfacet
  facet normal -0.917755 -0.397148 0
    outer loop
      vertex -37.1911 -14.725 2
      vertex -36.1931 -17.0312 0
      vertex -36.1931 -17.0312 2
    endloop
  endfacet
  facet normal -0.891006 -0.453991 0
    outer loop
      vertex -36.1931 -17.0312 0
      vertex -35.0523 -19.2701 0
      vertex -36.1931 -17.0312 2
    endloop
  endfacet
  facet normal -0.891006 -0.453991 0
    outer loop
      vertex -36.1931 -17.0312 2
      vertex -35.0523 -19.2701 0
      vertex -35.0523 -19.2701 2
    endloop
  endfacet
  facet normal -0.860742 -0.509041 0
    outer loop
      vertex -35.0523 -19.2701 0
      vertex -33.7731 -21.4331 0
      vertex -35.0523 -19.2701 2
    endloop
  endfacet
  facet normal -0.860742 -0.509041 0
    outer loop
      vertex -35.0523 -19.2701 2
      vertex -33.7731 -21.4331 0
      vertex -33.7731 -21.4331 2
    endloop
  endfacet
  facet normal -0.827081 -0.562083 0
    outer loop
      vertex -33.7731 -21.4331 0
      vertex -32.3607 -23.5114 0
      vertex -33.7731 -21.4331 2
    endloop
  endfacet
  facet normal -0.827081 -0.562083 0
    outer loop
      vertex -33.7731 -21.4331 2
      vertex -32.3607 -23.5114 0
      vertex -32.3607 -23.5114 2
    endloop
  endfacet
  facet normal -0.790155 -0.612907 0
    outer loop
      vertex -32.3607 -23.5114 0
      vertex -30.8205 -25.497 0
      vertex -32.3607 -23.5114 2
    endloop
  endfacet
  facet normal -0.790155 -0.612907 0
    outer loop
      vertex -32.3607 -23.5114 2
      vertex -30.8205 -25.497 0
      vertex -30.8205 -25.497 2
    endloop
  endfacet
  facet normal -0.750111 -0.661312 0
    outer loop
      vertex -30.8205 -25.497 0
      vertex -29.1587 -27.3819 0
      vertex -30.8205 -25.497 2
    endloop
  endfacet
  facet normal -0.750111 -0.661312 0
    outer loop
      vertex -30.8205 -25.497 2
      vertex -29.1587 -27.3819 0
      vertex -29.1587 -27.3819 2
    endloop
  endfacet
  facet normal -0.707107 -0.707107 0
    outer loop
      vertex -29.1587 -27.3819 2
      vertex -29.1587 -27.3819 0
      vertex -27.3819 -29.1587 0
    endloop
  endfacet
  facet normal -0.707107 -0.707107 0
    outer loop
      vertex -27.3819 -29.1587 2
      vertex -29.1587 -27.3819 2
      vertex -27.3819 -29.1587 0
    endloop
  endfacet
  facet normal -0.661312 -0.750111 0
    outer loop
      vertex -27.3819 -29.1587 2
      vertex -27.3819 -29.1587 0
      vertex -25.497 -30.8205 0
    endloop
  endfacet
  facet normal -0.661312 -0.750111 0
    outer loop
      vertex -25.497 -30.8205 2
      vertex -27.3819 -29.1587 2
      vertex -25.497 -30.8205 0
    endloop
  endfacet
  facet normal -0.612907 -0.790155 0
    outer loop
      vertex -25.497 -30.8205 2
      vertex -25.497 -30.8205 0
      vertex -23.5114 -32.3607 0
    endloop
  endfacet
  facet normal -0.612907 -0.790155 0
    outer loop
      vertex -23.5114 -32.3607 2
      vertex -25.497 -30.8205 2
      vertex -23.5114 -32.3607 0
    endloop
  endfacet
  facet normal -0.562083 -0.827081 0
    outer loop
      vertex -23.5114 -32.3607 2
      vertex -23.5114 -32.3607 0
      vertex -21.4331 -33.7731 0
    endloop
  endfacet
  facet normal -0.562083 -0.827081 0
    outer loop
      vertex -21.4331 -33.7731 2
      vertex -23.5114 -32.3607 2
      vertex -21.4331 -33.7731 0
    endloop
  endfacet
  facet normal -0.509041 -0.860742 0
    outer loop
      vertex -21.4331 -33.7731 2
      vertex -21.4331 -33.7731 0
      vertex -19.2701 -35.0523 0
    endloop
  endfacet
  facet normal -0.509041 -0.860742 0
    outer loop
      vertex -19.2701 -35.0523 2
      vertex -21.4331 -33.7731 2
      vertex -19.2701 -35.0523 0
    endloop
  endfacet
  facet normal -0.453991 -0.891006 0
    outer loop
      vertex -19.2701 -35.0523 2
      vertex -19.2701 -35.0523 0
      vertex -17.0312 -36.1931 0
    endloop
  endfacet
  facet normal -0.453991 -0.891006 0
    outer loop
      vertex -17.0312 -36.1931 2
      vertex -19.2701 -35.0523 2
      vertex -17.0312 -36.1931 0
    endloop
  endfacet
  facet normal -0.397148 -0.917755 0
    outer loop
      vertex -17.0312 -36.1931 2
      vertex -17.0312 -36.1931 0
      vertex -14.725 -37.1911 0
    endloop
  endfacet
  facet normal -0.397148 -0.917755 0
    outer loop
      vertex -14.725 -37.1911 2
      vertex -17.0312 -36.1931 2
      vertex -14.725 -37.1911 0
    endloop
  endfacet
  facet normal -0.338738 -0.940881 0
    outer loop
      vertex -14.725 -37.1911 2
      vertex -14.725 -37.1911 0
      vertex -12.3607 -38.0423 0
    endloop
  endfacet
  facet normal -0.338738 -0.940881 0
    outer loop
      vertex -12.3607 -38.0423 2
      vertex -14.725 -37.1911 2
      vertex -12.3607 -38.0423 0
    endloop
  endfacet
  facet normal -0.278991 -0.960294 0
    outer loop
      vertex -12.3607 -38.0423 2
      vertex -12.3607 -38.0423 0
      vertex -9.94759 -38.7433 0
    endloop
  endfacet
  facet normal -0.278991 -0.960294 0
    outer loop
      vertex -9.94759 -38.7433 2
      vertex -12.3607 -38.0423 2
      vertex -9.94759 -38.7433 0
    endloop
  endfacet
  facet normal -0.218143 -0.975917 0
    outer loop
      vertex -9.94759 -38.7433 2
      vertex -9.94759 -38.7433 0
      vertex -7.49525 -39.2915 0
    endloop
  endfacet
  facet normal -0.218143 -0.975917 0
    outer loop
      vertex -7.49525 -39.2915 2
      vertex -9.94759 -38.7433 2
      vertex -7.49525 -39.2915 0
    endloop
  endfacet
  facet normal -0.156434 -0.987688 0
    outer loop
      vertex -7.49525 -39.2915 2
      vertex -7.49525 -39.2915 0
      vertex -5.01333 -39.6846 0
    endloop
  endfacet
  facet normal -0.156434 -0.987688 0
    outer loop
      vertex -5.01333 -39.6846 2
      vertex -7.49525 -39.2915 2
      vertex -5.01333 -39.6846 0
    endloop
  endfacet
  facet normal -0.0941083 -0.995562 0
    outer loop
      vertex -5.01333 -39.6846 2
      vertex -5.01333 -39.6846 0
      vertex -2.51162 -39.9211 0
    endloop
  endfacet
  facet normal -0.0941083 -0.995562 0
    outer loop
      vertex -2.51162 -39.9211 2
      vertex -5.01333 -39.6846 2
      vertex -2.51162 -39.9211 0
    endloop
  endfacet
  facet normal -0.0314108 -0.999507 0
    outer loop
      vertex -2.51162 -39.9211 2
      vertex -2.51162 -39.9211 0
      vertex 0 -40 0
    endloop
  endfacet
  facet normal -0.0314108 -0.999507 0
    outer loop
      vertex 0 -40 2
      vertex -2.51162 -39.9211 2
      vertex 0 -40 0
    endloop
  endfacet
  facet normal 0.0314108 -0.999507 0
    outer loop
      vertex 0 -40 2
      vertex 0 -40 0
      vertex 2.51162 -39.9211 0
    endloop
  endfacet
  facet normal 0.0314108 -0.999507 0
    outer loop
      vertex 2.51162 -39.9211 2
      vertex 0 -40 2
      vertex 2.51162 -39.9211 0
    endloop
  endfacet
  facet normal 0.0941083 -0.995562 0
    outer loop
      vertex 2.51162 -39.9211 2
      vertex 2.51162 -39.9211 0
      vertex 5.01333 -39.6846 0
    endloop
  endfacet
  facet normal 0.0941083 -0.995562 0
    outer loop
      vertex 5.01333 -39.6846 2
      vertex 2.51162 -39.9211 2
      vertex 5.01333 -39.6846 0
    endloop
  endfacet
  facet normal 0.156434 -0.987688 0
    outer loop
      vertex 5.01333 -39.6846 2
      vertex 5.01333 -39.6846 0
      vertex 7.49525 -39.2915 0
    endloop
  endfacet
  facet normal 0.156434 -0.987688 0
    outer loop
      vertex 7.49525 -39.2915 2
      vertex 5.01333 -39.6846 2
      vertex 7.49525 -39.2915 0
    endloop
  endfacet
  facet normal 0.218143 -0.975917 0
    outer loop
      vertex 7.49525 -39.2915 2
      vertex 7.49525 -39.2915 0
      vertex 9.94759 -38.7433 0
    endloop
  endfacet
  facet normal 0.218143 -0.975917 0
    outer loop
      vertex 9.94759 -38.7433 2
      vertex 7.49525 -39.2915 2
      vertex 9.94759 -38.7433 0
    endloop
  endfacet
  facet normal 0.278991 -0.960294 0
    outer loop
      vertex 9.94759 -38.7433 2
      vertex 9.94759 -38.7433 0
      vertex 12.3607 -38.0423 0
    endloop
  endfacet
  facet normal 0.278991 -0.960294 0
    outer loop
      vertex 12.3607 -38.0423 2
      vertex 9.94759 -38.7433 2
      vertex 12.3607 -38.0423 0
    endloop
  endfacet
  facet normal 0.338738 -0.940881 0
    outer loop
      vertex 12.3607 -38.0423 2
      vertex 12.3607 -38.0423 0
      vertex 14.725 -37.1911 0
    endloop
  endfacet
  facet normal 0.338738 -0.940881 0
    outer loop
      vertex 14.725 -37.1911 2
      vertex 12.3607 -38.0423 2
      vertex 14.725 -37.1911 0
    endloop
  endfacet
  facet normal 0.397148 -0.917755 0
    outer loop
      vertex 14.725 -37.1911 2
      vertex 14.725 -37.1911 0
      vertex 17.0312 -36.1931 0
    endloop
  endfacet
  facet normal 0.397148 -0.917755 0
    outer loop
      vertex 17.0312 -36.1931 2
      vertex 14.725 -37.1911 2
      vertex 17.0312 -36.1931 0
    endloop
  endfacet
  facet normal 0.453991 -0.891006 0
    outer loop
      vertex 17.0312 -36.1931 2
      vertex 17.0312 -36.1931 0
      vertex 19.2701 -35.0523 0
    endloop
  endfacet
  facet normal 0.453991 -0.891006 0
    outer loop
      vertex 19.2701 -35.0523 2
      vertex 17.0312 -36.1931 2
      vertex 19.2701 -35.0523 0
    endloop
  endfacet
  facet normal 0.509041 -0.860742 0
    outer loop
      vertex 19.2701 -35.0523 2
      vertex 19.2701 -35.0523 0
      vertex 21.4331 -33.7731 0
    endloop
  endfacet
  facet normal 0.509041 -0.860742 0
    outer loop
      vertex 21.4331 -33.7731 2
      vertex 19.2701 -35.0523 2
      vertex 21.4331 -33.7731 0
    endloop
  endfacet
  facet normal 0.562083 -0.827081 0
    outer loop
      vertex 21.4331 -33.7731 2
      vertex 21.4331 -33.7731 0
      vertex 23.5114 -32.3607 0
    endloop
  endfacet
  facet normal 0.562083 -0.827081 0
    outer loop
      vertex 23.5114 -32.3607 2
      vertex 21.4331 -33.7731 2
      vertex 23.5114 -32.3607 0
    endloop
  endfacet
  facet normal 0.612907 -0.790155 0
    outer loop
      vertex 23.5114 -32.3607 2
      vertex 23.5114 -32.3607 0
      vertex 25.497 -30.8205 0
    endloop
  endfacet
  facet normal 0.612907 -0.790155 0
    outer loop
      vertex 25.497 -30.8205 2
      vertex 23.5114 -32.3607 2
      vertex 25.497 -30.8205 0
    endloop
  endfacet
  facet normal 0.661312 -0.750111 0
    outer loop
      vertex 25.497 -30.8205 2
      vertex 25.497 -30.8205 0
      vertex 27.3819 -29.1587 0
    endloop
  endfacet
  facet normal 0.661312 -0.750111 0
    outer loop
      vertex 27.3819 -29.1587 2
      vertex 25.497 -30.8205 2
      vertex 27.3819 -29.1587 0
    endloop
  endfacet
  facet normal 0.707107 -0.707107 0
    outer loop
      vertex 27.3819 -29.1587 2
      vertex 27.3819 -29.1587 0
      vertex 29.1587 -27.3819 0
    endloop
  endfacet
  facet normal 0.707107 -0.707107 0
    outer loop
      vertex 29.1587 -27.3819 2
      vertex 27.3819 -29.1587 2
      vertex 29.1587 -27.3819 0
    endloop
  endfacet
  facet normal 0.750111 -0.661312 0
    outer loop
      vertex 29.1587 -27.3819 2
      vertex 29.1587 -27.3819 0
      vertex 30.8205 -25.497 0
    endloop
  endfacet
  facet normal 0.750111 -0.661312 0
    outer loop
      vertex 30.8205 -25.497 2
      vertex 29.1587 -27.3819 2
      vertex 30.8205 -25.497 0
    endloop
  endfacet
  facet normal 0.790155 -0.612907 0
    outer loop
      vertex 30.8205 -25.497 2
      vertex 30.8205 -25.497 0
      vertex 32.3607 -23.5114 0
    endloop
  endfacet
  facet normal 0.790155 -0.612907 0
    outer loop
      vertex 32.3607 -23.5114 2
      vertex 30.8205 -25.497 2
      vertex 32.3607 -23.5114 0
    endloop
  endfacet
  facet normal 0.827081 -0.562083 0
    outer loop
      vertex 32.3607 -23.5114 2
      vertex 32.3607 -23.5114 0
      vertex 33.7731 -21.4331 0
    endloop
  endfacet
  facet normal 0.827081 -0.562083 0
    outer loop
      vertex 33.7731 -21.4331 2
      vertex 32.3607 -23.5114 2
      vertex 33.7731 -21.4331 0
    endloop
  endfacet
  facet normal 0.860742 -0.509041 0
    outer loop
      vertex 33.7731 -21.4331 2
      vertex 33.7731 -21.4331 0
      vertex 35.0523 -19.2701 0
    endloop
  endfacet
  facet normal 0.860742 -0.509041 0
    outer loop
      vertex 35.0523 -19.2701 2
      vertex 33.7731 -21.4331 2
      vertex 35.0523 -19.2701 0
    endloop
  endfacet
  facet normal 0.891006 -0.453991 0
    outer loop
      vertex 35.0523 -19.2701 2
      vertex 35.0523 -19.2701 0
      vertex 36.1931 -17.0312 0
    endloop
  endfacet
  facet normal 0.891006 -0.453991 0
    outer loop
      vertex 36.1931 -17.0312 2
      vertex 35.0523 -19.2701 2
      vertex 36.1931 -17.0312 0
    endloop
  endfacet
  facet normal 0.917755 -0.397148 0
    outer loop
      vertex 36.1931 -17.0312 2
      vertex 36.1931 -17.0312 0
      vertex 37.1911 -14.725 0
    endloop
  endfacet
  facet normal 0.917755 -0.397148 0
    outer loop
      vertex 37.1911 -14.725 2
      vertex 36.1931 -17.0312 2
      vertex 37.1911 -14.725 0
    endloop
  endfacet
  facet normal 0.940881 -0.338738 0
    outer loop
      vertex 37.1911 -14.725 2
      vertex 37.1911 -14.725 0
      vertex 38.0423 -12.3607 0
    endloop
  endfacet
  facet normal 0.940881 -0.338738 0
    outer loop
      vertex 38.0423 -12.3607 2
      vertex 37.1911 -14.725 2
      vertex 38.0423 -12.3607 0
    endloop
  endfacet
  facet normal 0.960294 -0.278991 0
    outer loop
      vertex 38.0423 -12.3607 2
      vertex 38.0423 -12.3607 0
      vertex 38.7433 -9.94759 0
    endloop
  endfacet
  facet normal 0.960294 -0.278991 0
    outer loop
      vertex 38.7433 -9.94759 2
      vertex 38.0423 -12.3607 2
      vertex 38.7433 -9.94759 0
    endloop
  endfacet
  facet normal 0.975917 -0.218143 0
    outer loop
      vertex 38.7433 -9.94759 2
      vertex 38.7433 -9.94759 0
      vertex 39.2915 -7.49525 0
    endloop
  endfacet
  facet normal 0.975917 -0.218143 0
    outer loop
      vertex 39.2915 -7.49525 2
      vertex 38.7433 -9.94759 2
      vertex 39.2915 -7.49525 0
    endloop
  endfacet
  facet normal 0.987688 -0.156434 0
    outer loop
      vertex 39.2915 -7.49525 2
      vertex 39.2915 -7.49525 0
      vertex 39.6846 -5.01333 0
    endloop
  endfacet
  facet normal 0.987688 -0.156434 0
    outer loop
      vertex 39.6846 -5.01333 2
      vertex 39.2915 -7.49525 2
      vertex 39.6846 -5.01333 0
    endloop
  endfacet
  facet normal 0.995562 -0.0941083 0
    outer loop
      vertex 39.6846 -5.01333 2
      vertex 39.6846 -5.01333 0
      vertex 39.9211 -2.51162 0
    endloop
  endfacet
  facet normal 0.995562 -0.0941083 0
    outer loop
      vertex 39.9211 -2.51162 2
      vertex 39.6846 -5.01333 2
      vertex 39.9211 -2.51162 0
    endloop
  endfacet
  facet normal 0.999507 -0.0314108 0
    outer loop
      vertex 39.9211 -2.51162 2
      vertex 39.9211 -2.51162 0
      vertex 40 0 0
    endloop
  endfacet
  facet normal 0.999507 -0.0314108 0
    outer loop
      vertex 40 0 2
      vertex 39.9211 -2.51162 2
      vertex 40 0 0
    endloop
  endfacet
  facet normal 0.999507 0.0314108 0
    outer loop
      vertex 40 0 0
      vertex 39.9211 2.51162 0
      vertex 39.9211 2.51162 2
    endloop
  endfacet
  facet normal 0.999507 0.0314108 0
    outer loop
      vertex 40 0 2
      vertex 40 0 0
      vertex 39.9211 2.51162 2
    endloop
  endfacet
  facet normal 0.995562 0.0941083 0
    outer loop
      vertex 39.9211 2.51162 0
      vertex 39.6846 5.01333 0
      vertex 39.6846 5.01333 2
    endloop
  endfacet
  facet normal 0.995562 0.0941083 0
    outer loop
      vertex 39.9211 2.51162 2
      vertex 39.9211 2.51162 0
      vertex 39.6846 5.01333 2
    endloop
  endfacet
  facet normal 0.987688 0.156434 0
    outer loop
      vertex 39.6846 5.01333 0
      vertex 39.2915 7.49525 0
      vertex 39.2915 7.49525 2
    endloop
  endfacet
  facet normal 0.987688 0.156434 0
    outer loop
      vertex 39.6846 5.01333 2
      vertex 39.6846 5.01333 0
      vertex 39.2915 7.49525 2
    endloop
  endfacet
  facet normal 0.975917 0.218143 0
    outer loop
      vertex 39.2915 7.49525 0
      vertex 38.7433 9.94759 0
      vertex 38.7433 9.94759 2
    endloop
  endfacet
  facet normal 0.975917 0.218143 0
    outer loop
      vertex 39.2915 7.49525 2
      vertex 39.2915 7.49525 0
      vertex 38.7433 9.94759 2
    endloop
  endfacet
  facet normal 0.960294 0.278991 0
    outer loop
      vertex 38.7433 9.94759 0
      vertex 38.0423 12.3607 0
      vertex 38.0423 12.3607 2
    endloop
  endfacet
  facet normal 0.960294 0.278991 0
    outer loop
      vertex 38.7433 9.94759 2
      vertex 38.7433 9.94759 0
      vertex 38.0423 12.3607 2
    endloop
  endfacet
  facet normal 0.940881 0.338738 0
    outer loop
      vertex 38.0423 12.3607 0
      vertex 37.1911 14.725 0
      vertex 37.1911 14.725 2
    endloop
  endfacet
  facet normal 0.940881 0.338738 0
    outer loop
      vertex 38.0423 12.3607 2
      vertex 38.0423 12.3607 0
      vertex 37.1911 14.725 2
    endloop
  endfacet
  facet normal 0.917755 0.397148 0
    outer loop
      vertex 37.1911 14.725 0
      vertex 36.1931 17.0312 0
      vertex 36.1931 17.0312 2
    endloop
  endfacet
  facet normal 0.917755 0.397148 0
    outer loop
      vertex 37.1911 14.725 2
      vertex 37.1911 14.725 0
      vertex 36.1931 17.0312 2
    endloop
  endfacet
  facet normal 0.891006 0.453991 0
    outer loop
      vertex 36.1931 17.0312 0
      vertex 35.0523 19.2701 0
      vertex 35.0523 19.2701 2
    endloop
  endfacet
  facet normal 0.891006 0.453991 0
    outer loop
      vertex 36.1931 17.0312 2
      vertex 36.1931 17.0312 0
      vertex 35.0523 19.2701 2
    endloop
  endfacet
  facet normal 0.860742 0.509041 0
    outer loop
      vertex 35.0523 19.2701 0
      vertex 33.7731 21.4331 0
      vertex 33.7731 21.4331 2
    endloop
  endfacet
  facet normal 0.860742 0.509041 0
    outer loop
      vertex 35.0523 19.2701 2
      vertex 35.0523 19.2701 0
      vertex 33.7731 21.4331 2
    endloop
  endfacet
  facet normal 0.827081 0.562083 0
    outer loop
      vertex 33.7731 21.4331 0
      vertex 32.3607 23.5114 0
      vertex 32.3607 23.5114 2
    endloop
  endfacet
  facet normal 0.827081 0.562083 0
    outer loop
      vertex 33.7731 21.4331 2
      vertex 33.7731 21.4331 0
      vertex 32.3607 23.5114 2
    endloop
  endfacet
  facet normal 0.790155 0.612907 0
    outer loop
      vertex 32.3607 23.5114 0
      vertex 30.8205 25.497 0
      vertex 30.8205 25.497 2
    endloop
  endfacet
  facet normal 0.790155 0.612907 0
    outer loop
      vertex 32.3607 23.5114 2
      vertex 32.3607 23.5114 0
      vertex 30.8205 25.497 2
    endloop
  endfacet
  facet normal 0.750111 0.661312 0
    outer loop
      vertex 30.8205 25.497 0
      vertex 29.1587 27.3819 0
      vertex 29.1587 27.3819 2
    endloop
  endfacet
  facet normal 0.750111 0.661312 0
    outer loop
      vertex 30.8205 25.497 2
      vertex 30.8205 25.497 0
      vertex 29.1587 27.3819 2
    endloop
  endfacet
  facet normal 0.707107 0.707107 0
    outer loop
      vertex 27.3819 29.1587 0
      vertex 27.3819 29.1587 2
      vertex 29.1587 27.3819 0
    endloop
  endfacet
  facet normal 0.707107 0.707107 0
    outer loop
      vertex 29.1587 27.3819 0
      vertex 27.3819 29.1587 2
      vertex 29.1587 27.3819 2
    endloop
  endfacet
  facet normal 0.661312 0.750111 0
    outer loop
      vertex 25.497 30.8205 0
      vertex 25.497 30.8205 2
      vertex 27.3819 29.1587 0
    endloop
  endfacet
  facet normal 0.661312 0.750111 0
    outer loop
      vertex 27.3819 29.1587 0
      vertex 25.497 30.8205 2
      vertex 27.3819 29.1587 2
    endloop
  endfacet
  facet normal 0.612907 0.790155 0
    outer loop
      vertex 23.5114 32.3607 0
      vertex 23.5114 32.3607 2
      vertex 25.497 30.8205 0
    endloop
  endfacet
  facet normal 0.612907 0.790155 0
    outer loop
      vertex 25.497 30.8205 0
      vertex 23.5114 32.3607 2
      vertex 25.497 30.8205 2
    endloop
  endfacet
  facet normal 0.562083 0.827081 0
    outer loop
      vertex 21.4331 33.7731 0
      vertex 21.4331 33.7731 2
      vertex 23.5114 32.3607 0
    endloop
  endfacet
  facet normal 0.562083 0.827081 0
    outer loop
      vertex 23.5114 32.3607 0
      vertex 21.4331 33.7731 2
      vertex 23.5114 32.3607 2
    endloop
  endfacet
  facet normal 0.509041 0.860742 0
    outer loop
      vertex 19.2701 35.0523 0
      vertex 19.2701 35.0523 2
      vertex 21.4331 33.7731 0
    endloop
  endfacet
  facet normal 0.509041 0.860742 0
    outer loop
      vertex 21.4331 33.7731 0
      vertex 19.2701 35.0523 2
      vertex 21.4331 33.7731 2
    endloop
  endfacet
  facet normal 0.453991 0.891006 0
    outer loop
      vertex 17.0312 36.1931 0
      vertex 17.0312 36.1931 2
      vertex 19.2701 35.0523 0
    endloop
  endfacet
  facet normal 0.453991 0.891006 0
    outer loop
      vertex 19.2701 35.0523 0
      vertex 17.0312 36.1931 2
      vertex 19.2701 35.0523 2
    endloop
  endfacet
  facet normal 0.397148 0.917755 0
    outer loop
      vertex 14.725 37.1911 0
      vertex 14.725 37.1911 2
      vertex 17.0312 36.1931 0
    endloop
  endfacet
  facet normal 0.397148 0.917755 0
    outer loop
      vertex 17.0312 36.1931 0
      vertex 14.725 37.1911 2
      vertex 17.0312 36.1931 2
    endloop
  endfacet
  facet normal 0.338738 0.940881 0
    outer loop
      vertex 12.3607 38.0423 0
      vertex 12.3607 38.0423 2
      vertex 14.725 37.1911 0
    endloop
  endfacet
  facet normal 0.338738 0.940881 0
    outer loop
      vertex 14.725 37.1911 0
      vertex 12.3607 38.0423 2
      vertex 14.725 37.1911 2
    endloop
  endfacet
  facet normal 0.278991 0.960294 0
    outer loop
      vertex 9.94759 38.7433 0
      vertex 9.94759 38.7433 2
      vertex 12.3607 38.0423 0
    endloop
  endfacet
  facet normal 0.278991 0.960294 0
    outer loop
      vertex 12.3607 38.0423 0
      vertex 9.94759 38.7433 2
      vertex 12.3607 38.0423 2
    endloop
  endfacet
  facet normal 0.218143 0.975917 0
    outer loop
      vertex 7.49525 39.2915 0
      vertex 7.49525 39.2915 2
      vertex 9.94759 38.7433 0
    endloop
  endfacet
  facet normal 0.218143 0.975917 0
    outer loop
      vertex 9.94759 38.7433 0
      vertex 7.49525 39.2915 2
      vertex 9.94759 38.7433 2
    endloop
  endfacet
  facet normal 0.156434 0.987688 0
    outer loop
      vertex 5.01333 39.6846 0
      vertex 5.01333 39.6846 2
      vertex 7.49525 39.2915 0
    endloop
  endfacet
  facet normal 0.156434 0.987688 0
    outer loop
      vertex 7.49525 39.2915 0
      vertex 5.01333 39.6846 2
      vertex 7.49525 39.2915 2
    endloop
  endfacet
  facet normal 0.0941083 0.995562 0
    outer loop
      vertex 2.51162 39.9211 0
      vertex 2.51162 39.9211 2
      vertex 5.01333 39.6846 0
    endloop
  endfacet
  facet normal 0.0941083 0.995562 0
    outer loop
      vertex 5.01333 39.6846 0
      vertex 2.51162 39.9211 2
      vertex 5.01333 39.6846 2
    endloop
  endfacet
  facet normal 0.0314108 0.999507 0
    outer loop
      vertex 0 40 0
      vertex 0 40 2
      vertex 2.51162 39.9211 0
    endloop
  endfacet
  facet normal 0.0314108 0.999507 0
    outer loop
      vertex 2.51162 39.9211 0
      vertex 0 40 2
      vertex 2.51162 39.9211 2
    endloop
  endfacet
  facet normal -0.0314108 0.999507 0
    outer loop
      vertex -2.51162 39.9211 0
      vertex -2.51162 39.9211 2
      vertex 0 40 0
    endloop
  endfacet
  facet normal -0.0314108 0.999507 0
    outer loop
      vertex 0 40 0
      vertex -2.51162 39.9211 2
      vertex 0 40 2
    endloop
  endfacet
  facet normal -0.0941083 0.995562 0
    outer loop
      vertex -5.01333 39.6846 0
      vertex -5.01333 39.6846 2
      vertex -2.51162 39.9211 0
    endloop
  endfacet
  facet normal -0.0941083 0.995562 0
    outer loop
      vertex -2.51162 39.9211 0
      vertex -5.01333 39.6846 2
      vertex -2.51162 39.9211 2
    endloop
  endfacet
  facet normal -0.156434 0.987688 0
    outer loop
      vertex -7.49525 39.2915 0
      vertex -7.49525 39.2915 2
      vertex -5.01333 39.6846 0
    endloop
  endfacet
  facet normal -0.156434 0.987688 0
    outer loop
      vertex -5.01333 39.6846 0
      vertex -7.49525 39.2915 2
      vertex -5.01333 39.6846 2
    endloop
  endfacet
  facet normal -0.218143 0.975917 0
    outer loop
      vertex -9.94759 38.7433 0
      vertex -9.94759 38.7433 2
      vertex -7.49525 39.2915 0
    endloop
  endfacet
  facet normal -0.218143 0.975917 0
    outer loop
      vertex -7.49525 39.2915 0
      vertex -9.94759 38.7433 2
      vertex -7.49525 39.2915 2
    endloop
  endfacet
  facet normal -0.278991 0.960294 0
    outer loop
      vertex -12.3607 38.0423 0
      vertex -12.3607 38.0423 2
      vertex -9.94759 38.7433 0
    endloop
  endfacet
  facet normal -0.278991 0.960294 0
    outer loop
      vertex -9.94759 38.7433 0
      vertex -12.3607 38.0423 2
      vertex -9.94759 38.7433 2
    endloop
  endfacet
  facet normal -0.338738 0.940881 0
    outer loop
      vertex -14.725 37.1911 0
      vertex -14.725 37.1911 2
      vertex -12.3607 38.0423 0
    endloop
  endfacet
  facet normal -0.338738 0.940881 0
    outer loop
      vertex -12.3607 38.0423 0
      vertex -14.725 37.1911 2
      vertex -12.3607 38.0423 2
    endloop
  endfacet
  facet normal -0.397148 0.917755 0
    outer loop
      vertex -17.0312 36.1931 0
      vertex -17.0312 36.1931 2
      vertex -14.725 37.1911 0
    endloop
  endfacet
  facet normal -0.397148 0.917755 0
    outer loop
      vertex -14.725 37.1911 0
      vertex -17.0312 36.1931 2
      vertex -14.725 37.1911 2
    endloop
  endfacet
  facet normal -0.453991 0.891006 0
    outer loop
      vertex -19.2701 35.0523 0
      vertex -19.2701 35.0523 2
      vertex -17.0312 36.1931 0
    endloop
  endfacet
  facet normal -0.453991 0.891006 0
    outer loop
      vertex -17.0312 36.1931 0
      vertex -19.2701 35.0523 2
      vertex -17.0312 36.1931 2
    endloop
  endfacet
  facet normal -0.509041 0.860742 0
    outer loop
      vertex -21.4331 33.7731 0
      vertex -21.4331 33.7731 2
      vertex -19.2701 35.0523 0
    endloop
  endfacet
  facet normal -0.509041 0.860742 0
    outer loop
      vertex -19.2701 35.0523 0
      vertex -21.4331 33.7731 2
      vertex -19.2701 35.0523 2
    endloop
  endfacet
  facet normal -0.562083 0.827081 0
    outer loop
      vertex -23.5114 32.3607 0
      vertex -23.5114 32.3607 2
      vertex -21.4331 33.7731 0
    endloop
  endfacet
  facet normal -0.562083 0.827081 0
    outer loop
      vertex -21.4331 33.7731 0
      vertex -23.5114 32.3607 2
      vertex -21.4331 33.7731 2
    endloop
  endfacet
  facet normal -0.612907 0.790155 0
    outer loop
      vertex -25.497 30.8205 0
      vertex -25.497 30.8205 2
      vertex -23.5114 32.3607 0
    endloop
  endfacet
  facet normal -0.612907 0.790155 0
    outer loop
      vertex -23.5114 32.3607 0
      vertex -25.497 30.8205 2
      vertex -23.5114 32.3607 2
    endloop
  endfacet
  facet normal -0.661312 0.750111 0
    outer loop
      vertex -27.3819 29.1587 0
      vertex -27.3819 29.1587 2
      vertex -25.497 30.8205 0
    endloop
  endfacet
  facet normal -0.661312 0.750111 0
    outer loop
      vertex -25.497 30.8205 0
      vertex -27.3819 29.1587 2
      vertex -25.497 30.8205 2
    endloop
  endfacet
  facet normal -0.707107 0.707107 0
    outer loop
      vertex -29.1587 27.3819 0
      vertex -29.1587 27.3819 2
      vertex -27.3819 29.1587 0
    endloop
  endfacet
  facet normal -0.707107 0.707107 0
    outer loop
      vertex -27.3819 29.1587 0
      vertex -29.1587 27.3819 2
      vertex -27.3819 29.1587 2
    endloop
  endfacet
  facet normal -0.750111 0.661312 0
    outer loop
      vertex -30.8205 25.497 0
      vertex -30.8205 25.497 2
      vertex -29.1587 27.3819 0
    endloop
  endfacet
  facet normal -0.750111 0.661312 0
    outer loop
      vertex -29.1587 27.3819 0
      vertex -30.8205 25.497 2
      vertex -29.1587 27.3819 2
    endloop
  endfacet
  facet normal -0.790155 0.612907 0
    outer loop
      vertex -32.3607 23.5114 0
      vertex -32.3607 23.5114 2
      vertex -30.8205 25.497 0
    endloop
  endfacet
  facet normal -0.790155 0.612907 0
    outer loop
      vertex -30.8205 25.497 0
      vertex -32.3607 23.5114 2
      vertex -30.8205 25.497 2
    endloop
  endfacet
  facet normal -0.827081 0.562083 0
    outer loop
      vertex -33.7731 21.4331 0
      vertex -33.7731 21.4331 2
      vertex -32.3607 23.5114 0
    endloop
  endfacet
  facet normal -0.827081 0.562083 0
    outer loop
      vertex -32.3607 23.5114 0
      vertex -33.7731 21.4331 2
      vertex -32.3607 23.5114 2
    endloop
  endfacet
  facet normal -0.860742 0.509041 0
    outer loop
      vertex -35.0523 19.2701 0
      vertex -35.0523 19.2701 2
      vertex -33.7731 21.4331 0
    endloop
  endfacet
  facet normal -0.860742 0.509041 0
    outer loop
      vertex -33.7731 21.4331 0
      vertex -35.0523 19.2701 2
      vertex -33.7731 21.4331 2
    endloop
  endfacet
  facet normal -0.891006 0.453991 0
    outer loop
      vertex -36.1931 17.0312 0
      vertex -36.1931 17.0312 2
      vertex -35.0523 19.2701 0
    endloop
  endfacet
  facet normal -0.891006 0.453991 0
    outer loop
      vertex -35.0523 19.2701 0
      vertex -36.1931 17.0312 2
      vertex -35.0523 19.2701 2
    endloop
  endfacet
  facet normal -0.917755 0.397148 0
    outer loop
      vertex -37.1911 14.725 0
      vertex -37.1911 14.725 2
      vertex -36.1931 17.0312 0
    endloop
  endfacet
  facet normal -0.917755 0.397148 0
    outer loop
      vertex -36.1931 17.0312 0
      vertex -37.1911 14.725 2
      vertex -36.1931 17.0312 2
    endloop
  endfacet
  facet normal -0.940881 0.338738 0
    outer loop
      vertex -38.0423 12.3607 0
      vertex -38.0423 12.3607 2
      vertex -37.1911 14.725 0
    endloop
  endfacet
  facet normal -0.940881 0.338738 0
    outer loop
      vertex -37.1911 14.725 0
      vertex -38.0423 12.3607 2
      vertex -37.1911 14.725 2
    endloop
  endfacet
  facet normal -0.960294 0.278991 0
    outer loop
      vertex -38.7433 9.94759 0
      vertex -38.7433 9.94759 2
      vertex -38.0423 12.3607 0
    endloop
  endfacet
  facet normal -0.960294 0.278991 0
    outer loop
      vertex -38.0423 12.3607 0
      vertex -38.7433 9.94759 2
      vertex -38.0423 12.3607 2
    endloop
  endfacet
  facet normal -0.975917 0.218143 0
    outer loop
      vertex -39.2915 7.49525 0
      vertex -39.2915 7.49525 2
      vertex -38.7433 9.94759 0
    endloop
  endfacet
  facet normal -0.975917 0.218143 0
    outer loop
      vertex -38.7433 9.94759 0
      vertex -39.2915 7.49525 2
      vertex -38.7433 9.94759 2
    endloop
  endfacet
  facet normal -0.987688 0.156434 0
    outer loop
      vertex -39.6846 5.01333 0
      vertex -39.6846 5.01333 2
      vertex -39.2915 7.49525 0
    endloop
  endfacet
  facet normal -0.987688 0.156434 0
    outer loop
      vertex -39.2915 7.49525 0
      vertex -39.6846 5.01333 2
      vertex -39.2915 7.49525 2
    endloop
  endfacet
  facet normal -0.995562 0.0941083 0
    outer loop
      vertex -39.9211 2.51162 0
      vertex -39.9211 2.51162 2
      vertex -39.6846 5.01333 0
    endloop
  endfacet
  facet normal -0.995562 0.0941083 0
    outer loop
      vertex -39.6846 5.01333 0
      vertex -39.9211 2.51162 2
      vertex -39.6846 5.01333 2
    endloop
  endfacet
  facet normal 0.999507 -0.0314104 0
    outer loop
      vertex -35.9842 0.502324 0
      vertex -35.9842 0.502324 2
      vertex -36 4.40873e-15 2
    endloop
  endfacet
  facet normal 0.999507 -0.0314104 0
    outer loop
      vertex -36 4.40873e-15 0
      vertex -35.9842 0.502324 0
      vertex -36 4.40873e-15 2
    endloop
  endfacet
  facet normal 0.999507 0.0314104 0
    outer loop
      vertex -36 4.40873e-15 2
      vertex -35.9842 -0.502324 2
      vertex -35.9842 -0.502324 0
    endloop
  endfacet
  facet normal 0.999507 0.0314104 0
    outer loop
      vertex -36 4.40873e-15 0
      vertex -36 4.40873e-15 2
      vertex -35.9842 -0.502324 0
    endloop
  endfacet
  facet normal 0.995562 -0.0941078 0
    outer loop
      vertex -35.9369 1.00267 0
      vertex -35.9369 1.00267 2
      vertex -35.9842 0.502324 2
    endloop
  endfacet
  facet normal 0.995562 -0.0941078 0
    outer loop
      vertex -35.9842 0.502324 0
      vertex -35.9369 1.00267 0
      vertex -35.9842 0.502324 2
    endloop
  endfacet
  facet normal 0.987688 -0.156435 0
    outer loop
      vertex -35.8583 1.49905 0
      vertex -35.8583 1.49905 2
      vertex -35.9369 1.00267 2
    endloop
  endfacet
  facet normal 0.987688 -0.156435 0
    outer loop
      vertex -35.9369 1.00267 0
      vertex -35.8583 1.49905 0
      vertex -35.9369 1.00267 2
    endloop
  endfacet
  facet normal 0.975917 -0.218144 0
    outer loop
      vertex -35.7487 1.98952 0
      vertex -35.7487 1.98952 2
      vertex -35.8583 1.49905 2
    endloop
  endfacet
  facet normal 0.975917 -0.218144 0
    outer loop
      vertex -35.8583 1.49905 0
      vertex -35.7487 1.98952 0
      vertex -35.8583 1.49905 2
    endloop
  endfacet
  facet normal 0.960294 -0.278991 0
    outer loop
      vertex -35.6085 2.47214 0
      vertex -35.6085 2.47214 2
      vertex -35.7487 1.98952 2
    endloop
  endfacet
  facet normal 0.960294 -0.278991 0
    outer loop
      vertex -35.7487 1.98952 0
      vertex -35.6085 2.47214 0
      vertex -35.7487 1.98952 2
    endloop
  endfacet
  facet normal 0.940881 -0.338738 0
    outer loop
      vertex -35.4382 2.945 0
      vertex -35.4382 2.945 2
      vertex -35.6085 2.47214 2
    endloop
  endfacet
  facet normal 0.940881 -0.338738 0
    outer loop
      vertex -35.6085 2.47214 0
      vertex -35.4382 2.945 0
      vertex -35.6085 2.47214 2
    endloop
  endfacet
  facet normal 0.917754 -0.397149 0
    outer loop
      vertex -35.2386 3.40623 0
      vertex -35.2386 3.40623 2
      vertex -35.4382 2.945 2
    endloop
  endfacet
  facet normal 0.917754 -0.397149 0
    outer loop
      vertex -35.4382 2.945 0
      vertex -35.2386 3.40623 0
      vertex -35.4382 2.945 2
    endloop
  endfacet
  facet normal 0.891006 -0.453991 0
    outer loop
      vertex -35.0105 3.85403 0
      vertex -35.0105 3.85403 2
      vertex -35.2386 3.40623 2
    endloop
  endfacet
  facet normal 0.891006 -0.453991 0
    outer loop
      vertex -35.2386 3.40623 0
      vertex -35.0105 3.85403 0
      vertex -35.2386 3.40623 2
    endloop
  endfacet
  facet normal 0.860742 -0.509041 0
    outer loop
      vertex -34.7546 4.28661 0
      vertex -34.7546 4.28661 2
      vertex -35.0105 3.85403 2
    endloop
  endfacet
  facet normal 0.860742 -0.509041 0
    outer loop
      vertex -35.0105 3.85403 0
      vertex -34.7546 4.28661 0
      vertex -35.0105 3.85403 2
    endloop
  endfacet
  facet normal 0.827081 -0.562082 0
    outer loop
      vertex -34.4721 4.70228 0
      vertex -34.4721 4.70228 2
      vertex -34.7546 4.28661 2
    endloop
  endfacet
  facet normal 0.827081 -0.562082 0
    outer loop
      vertex -34.7546 4.28661 0
      vertex -34.4721 4.70228 0
      vertex -34.7546 4.28661 2
    endloop
  endfacet
  facet normal 0.790155 -0.612907 0
    outer loop
      vertex -34.1641 5.09939 0
      vertex -34.1641 5.09939 2
      vertex -34.4721 4.70228 2
    endloop
  endfacet
  facet normal 0.790155 -0.612907 0
    outer loop
      vertex -34.4721 4.70228 0
      vertex -34.1641 5.09939 0
      vertex -34.4721 4.70228 2
    endloop
  endfacet
  facet normal 0.750111 -0.661312 0
    outer loop
      vertex -33.8317 5.47638 0
      vertex -33.8317 5.47638 2
      vertex -34.1641 5.09939 2
    endloop
  endfacet
  facet normal 0.750111 -0.661312 0
    outer loop
      vertex -34.1641 5.09939 0
      vertex -33.8317 5.47638 0
      vertex -34.1641 5.09939 2
    endloop
  endfacet
  facet normal 0.707107 -0.707107 0
    outer loop
      vertex -33.4764 5.83175 0
      vertex -33.4764 5.83175 2
      vertex -33.8317 5.47638 2
    endloop
  endfacet
  facet normal 0.707107 -0.707107 0
    outer loop
      vertex -33.8317 5.47638 0
      vertex -33.4764 5.83175 0
      vertex -33.8317 5.47638 2
    endloop
  endfacet
  facet normal 0.661312 -0.750111 0
    outer loop
      vertex -33.0994 6.16411 0
      vertex -33.0994 6.16411 2
      vertex -33.4764 5.83175 2
    endloop
  endfacet
  facet normal 0.661312 -0.750111 0
    outer loop
      vertex -33.4764 5.83175 0
      vertex -33.0994 6.16411 0
      vertex -33.4764 5.83175 2
    endloop
  endfacet
  facet normal 0.612907 -0.790155 0
    outer loop
      vertex -32.7023 6.47214 0
      vertex -32.7023 6.47214 2
      vertex -33.0994 6.16411 2
    endloop
  endfacet
  facet normal 0.612907 -0.790155 0
    outer loop
      vertex -33.0994 6.16411 0
      vertex -32.7023 6.47214 0
      vertex -33.0994 6.16411 2
    endloop
  endfacet
  facet normal 0.562082 -0.827081 0
    outer loop
      vertex -32.2866 6.75462 0
      vertex -32.2866 6.75462 2
      vertex -32.7023 6.47214 2
    endloop
  endfacet
  facet normal 0.562082 -0.827081 0
    outer loop
      vertex -32.7023 6.47214 0
      vertex -32.2866 6.75462 0
      vertex -32.7023 6.47214 2
    endloop
  endfacet
  facet normal 0.509041 -0.860742 0
    outer loop
      vertex -31.854 7.01045 0
      vertex -31.854 7.01045 2
      vertex -32.2866 6.75462 2
    endloop
  endfacet
  facet normal 0.509041 -0.860742 0
    outer loop
      vertex -32.2866 6.75462 0
      vertex -31.854 7.01045 0
      vertex -32.2866 6.75462 2
    endloop
  endfacet
  facet normal 0.453991 -0.891006 0
    outer loop
      vertex -31.4062 7.23862 0
      vertex -31.4062 7.23862 2
      vertex -31.854 7.01045 2
    endloop
  endfacet
  facet normal 0.453991 -0.891006 0
    outer loop
      vertex -31.854 7.01045 0
      vertex -31.4062 7.23862 0
      vertex -31.854 7.01045 2
    endloop
  endfacet
  facet normal 0.397149 -0.917754 0
    outer loop
      vertex -30.945 7.43821 0
      vertex -30.945 7.43821 2
      vertex -31.4062 7.23862 2
    endloop
  endfacet
  facet normal 0.397149 -0.917754 0
    outer loop
      vertex -31.4062 7.23862 0
      vertex -30.945 7.43821 0
      vertex -31.4062 7.23862 2
    endloop
  endfacet
  facet normal 0.338738 -0.940881 0
    outer loop
      vertex -30.4721 7.60845 0
      vertex -30.4721 7.60845 2
      vertex -30.945 7.43821 2
    endloop
  endfacet
  facet normal 0.338738 -0.940881 0
    outer loop
      vertex -30.945 7.43821 0
      vertex -30.4721 7.60845 0
      vertex -30.945 7.43821 2
    endloop
  endfacet
  facet normal 0.278991 -0.960294 0
    outer loop
      vertex -29.9895 7.74867 0
      vertex -29.9895 7.74867 2
      vertex -30.4721 7.60845 2
    endloop
  endfacet
  facet normal 0.278991 -0.960294 0
    outer loop
      vertex -30.4721 7.60845 0
      vertex -29.9895 7.74867 0
      vertex -30.4721 7.60845 2
    endloop
  endfacet
  facet normal 0.218144 -0.975917 0
    outer loop
      vertex -29.4991 7.8583 0
      vertex -29.4991 7.8583 2
      vertex -29.9895 7.74867 2
    endloop
  endfacet
  facet normal 0.218144 -0.975917 0
    outer loop
      vertex -29.9895 7.74867 0
      vertex -29.4991 7.8583 0
      vertex -29.9895 7.74867 2
    endloop
  endfacet
  facet normal 0.156435 -0.987688 0
    outer loop
      vertex -29.0027 7.93692 0
      vertex -29.0027 7.93692 2
      vertex -29.4991 7.8583 2
    endloop
  endfacet
  facet normal 0.156435 -0.987688 0
    outer loop
      vertex -29.4991 7.8583 0
      vertex -29.0027 7.93692 0
      vertex -29.4991 7.8583 2
    endloop
  endfacet
  facet normal 0.0941078 -0.995562 0
    outer loop
      vertex -28.5023 7.98421 0
      vertex -28.5023 7.98421 2
      vertex -29.0027 7.93692 2
    endloop
  endfacet
  facet normal 0.0941078 -0.995562 0
    outer loop
      vertex -29.0027 7.93692 0
      vertex -28.5023 7.98421 0
      vertex -29.0027 7.93692 2
    endloop
  endfacet
  facet normal 0.0314104 -0.999507 0
    outer loop
      vertex -28 8 0
      vertex -28 8 2
      vertex -28.5023 7.98421 2
    endloop
  endfacet
  facet normal 0.0314104 -0.999507 0
    outer loop
      vertex -28.5023 7.98421 0
      vertex -28 8 0
      vertex -28.5023 7.98421 2
    endloop
  endfacet
  facet normal -0.0314104 -0.999507 0
    outer loop
      vertex -27.4977 7.98421 0
      vertex -27.4977 7.98421 2
      vertex -28 8 2
    endloop
  endfacet
  facet normal -0.0314104 -0.999507 0
    outer loop
      vertex -28 8 0
      vertex -27.4977 7.98421 0
      vertex -28 8 2
    endloop
  endfacet
  facet normal -0.0941078 -0.995562 0
    outer loop
      vertex -26.9973 7.93692 0
      vertex -26.9973 7.93692 2
      vertex -27.4977 7.98421 2
    endloop
  endfacet
  facet normal -0.0941078 -0.995562 0
    outer loop
      vertex -27.4977 7.98421 0
      vertex -26.9973 7.93692 0
      vertex -27.4977 7.98421 2
    endloop
  endfacet
  facet normal -0.156435 -0.987688 0
    outer loop
      vertex -26.5009 7.8583 0
      vertex -26.5009 7.8583 2
      vertex -26.9973 7.93692 2
    endloop
  endfacet
  facet normal -0.156435 -0.987688 0
    outer loop
      vertex -26.9973 7.93692 0
      vertex -26.5009 7.8583 0
      vertex -26.9973 7.93692 2
    endloop
  endfacet
  facet normal -0.218144 -0.975917 0
    outer loop
      vertex -26.0105 7.74867 0
      vertex -26.0105 7.74867 2
      vertex -26.5009 7.8583 2
    endloop
  endfacet
  facet normal -0.218144 -0.975917 0
    outer loop
      vertex -26.5009 7.8583 0
      vertex -26.0105 7.74867 0
      vertex -26.5009 7.8583 2
    endloop
  endfacet
  facet normal -0.278991 -0.960294 0
    outer loop
      vertex -25.5279 7.60845 0
      vertex -25.5279 7.60845 2
      vertex -26.0105 7.74867 2
    endloop
  endfacet
  facet normal -0.278991 -0.960294 0
    outer loop
      vertex -26.0105 7.74867 0
      vertex -25.5279 7.60845 0
      vertex -26.0105 7.74867 2
    endloop
  endfacet
  facet normal -0.338738 -0.940881 0
    outer loop
      vertex -25.055 7.43821 0
      vertex -25.055 7.43821 2
      vertex -25.5279 7.60845 2
    endloop
  endfacet
  facet normal -0.338738 -0.940881 0
    outer loop
      vertex -25.5279 7.60845 0
      vertex -25.055 7.43821 0
      vertex -25.5279 7.60845 2
    endloop
  endfacet
  facet normal -0.397149 -0.917754 0
    outer loop
      vertex -24.5938 7.23862 0
      vertex -24.5938 7.23862 2
      vertex -25.055 7.43821 2
    endloop
  endfacet
  facet normal -0.397149 -0.917754 0
    outer loop
      vertex -25.055 7.43821 0
      vertex -24.5938 7.23862 0
      vertex -25.055 7.43821 2
    endloop
  endfacet
  facet normal -0.453991 -0.891006 0
    outer loop
      vertex -24.146 7.01045 0
      vertex -24.146 7.01045 2
      vertex -24.5938 7.23862 2
    endloop
  endfacet
  facet normal -0.453991 -0.891006 0
    outer loop
      vertex -24.5938 7.23862 0
      vertex -24.146 7.01045 0
      vertex -24.5938 7.23862 2
    endloop
  endfacet
  facet normal -0.509041 -0.860742 0
    outer loop
      vertex -23.7134 6.75462 0
      vertex -23.7134 6.75462 2
      vertex -24.146 7.01045 2
    endloop
  endfacet
  facet normal -0.509041 -0.860742 0
    outer loop
      vertex -24.146 7.01045 0
      vertex -23.7134 6.75462 0
      vertex -24.146 7.01045 2
    endloop
  endfacet
  facet normal -0.562082 -0.827081 0
    outer loop
      vertex -23.2977 6.47214 0
      vertex -23.2977 6.47214 2
      vertex -23.7134 6.75462 2
    endloop
  endfacet
  facet normal -0.562082 -0.827081 0
    outer loop
      vertex -23.7134 6.75462 0
      vertex -23.2977 6.47214 0
      vertex -23.7134 6.75462 2
    endloop
  endfacet
  facet normal -0.612907 -0.790155 0
    outer loop
      vertex -22.9006 6.16411 0
      vertex -22.9006 6.16411 2
      vertex -23.2977 6.47214 2
    endloop
  endfacet
  facet normal -0.612907 -0.790155 0
    outer loop
      vertex -23.2977 6.47214 0
      vertex -22.9006 6.16411 0
      vertex -23.2977 6.47214 2
    endloop
  endfacet
  facet normal -0.661312 -0.750111 0
    outer loop
      vertex -22.5236 5.83175 0
      vertex -22.5236 5.83175 2
      vertex -22.9006 6.16411 2
    endloop
  endfacet
  facet normal -0.661312 -0.750111 0
    outer loop
      vertex -22.9006 6.16411 0
      vertex -22.5236 5.83175 0
      vertex -22.9006 6.16411 2
    endloop
  endfacet
  facet normal -0.707107 -0.707107 0
    outer loop
      vertex -22.1683 5.47638 2
      vertex -22.5236 5.83175 2
      vertex -22.1683 5.47638 0
    endloop
  endfacet
  facet normal -0.707107 -0.707107 0
    outer loop
      vertex -22.1683 5.47638 0
      vertex -22.5236 5.83175 2
      vertex -22.5236 5.83175 0
    endloop
  endfacet
  facet normal -0.750111 -0.661312 0
    outer loop
      vertex -21.8359 5.09939 2
      vertex -22.1683 5.47638 2
      vertex -21.8359 5.09939 0
    endloop
  endfacet
  facet normal -0.750111 -0.661312 0
    outer loop
      vertex -21.8359 5.09939 0
      vertex -22.1683 5.47638 2
      vertex -22.1683 5.47638 0
    endloop
  endfacet
  facet normal -0.790155 -0.612907 0
    outer loop
      vertex -21.5279 4.70228 2
      vertex -21.8359 5.09939 2
      vertex -21.5279 4.70228 0
    endloop
  endfacet
  facet normal -0.790155 -0.612907 0
    outer loop
      vertex -21.5279 4.70228 0
      vertex -21.8359 5.09939 2
      vertex -21.8359 5.09939 0
    endloop
  endfacet
  facet normal -0.827081 -0.562082 0
    outer loop
      vertex -21.2454 4.28661 2
      vertex -21.5279 4.70228 2
      vertex -21.2454 4.28661 0
    endloop
  endfacet
  facet normal -0.827081 -0.562082 0
    outer loop
      vertex -21.2454 4.28661 0
      vertex -21.5279 4.70228 2
      vertex -21.5279 4.70228 0
    endloop
  endfacet
  facet normal -0.860742 -0.509041 0
    outer loop
      vertex -20.9895 3.85403 2
      vertex -21.2454 4.28661 2
      vertex -20.9895 3.85403 0
    endloop
  endfacet
  facet normal -0.860742 -0.509041 0
    outer loop
      vertex -20.9895 3.85403 0
      vertex -21.2454 4.28661 2
      vertex -21.2454 4.28661 0
    endloop
  endfacet
  facet normal -0.891006 -0.453991 0
    outer loop
      vertex -20.7614 3.40623 2
      vertex -20.9895 3.85403 2
      vertex -20.7614 3.40623 0
    endloop
  endfacet
  facet normal -0.891006 -0.453991 0
    outer loop
      vertex -20.7614 3.40623 0
      vertex -20.9895 3.85403 2
      vertex -20.9895 3.85403 0
    endloop
  endfacet
  facet normal -0.917754 -0.397149 0
    outer loop
      vertex -20.5618 2.945 2
      vertex -20.7614 3.40623 2
      vertex -20.5618 2.945 0
    endloop
  endfacet
  facet normal -0.917754 -0.397149 0
    outer loop
      vertex -20.5618 2.945 0
      vertex -20.7614 3.40623 2
      vertex -20.7614 3.40623 0
    endloop
  endfacet
  facet normal -0.940881 -0.338738 0
    outer loop
      vertex -20.3915 2.47214 2
      vertex -20.5618 2.945 2
      vertex -20.3915 2.47214 0
    endloop
  endfacet
  facet normal -0.940881 -0.338738 0
    outer loop
      vertex -20.3915 2.47214 0
      vertex -20.5618 2.945 2
      vertex -20.5618 2.945 0
    endloop
  endfacet
  facet normal -0.960294 -0.278991 0
    outer loop
      vertex -20.2513 1.98952 2
      vertex -20.3915 2.47214 2
      vertex -20.2513 1.98952 0
    endloop
  endfacet
  facet normal -0.960294 -0.278991 0
    outer loop
      vertex -20.2513 1.98952 0
      vertex -20.3915 2.47214 2
      vertex -20.3915 2.47214 0
    endloop
  endfacet
  facet normal -0.975917 -0.218144 0
    outer loop
      vertex -20.1417 1.49905 2
      vertex -20.2513 1.98952 2
      vertex -20.1417 1.49905 0
    endloop
  endfacet
  facet normal -0.975917 -0.218144 0
    outer loop
      vertex -20.1417 1.49905 0
      vertex -20.2513 1.98952 2
      vertex -20.2513 1.98952 0
    endloop
  endfacet
  facet normal -0.987688 -0.156435 0
    outer loop
      vertex -20.0631 1.00267 2
      vertex -20.1417 1.49905 2
      vertex -20.0631 1.00267 0
    endloop
  endfacet
  facet normal -0.987688 -0.156435 0
    outer loop
      vertex -20.0631 1.00267 0
      vertex -20.1417 1.49905 2
      vertex -20.1417 1.49905 0
    endloop
  endfacet
  facet normal -0.995562 -0.0941078 0
    outer loop
      vertex -20.0158 0.502324 2
      vertex -20.0631 1.00267 2
      vertex -20.0158 0.502324 0
    endloop
  endfacet
  facet normal -0.995562 -0.0941078 0
    outer loop
      vertex -20.0158 0.502324 0
      vertex -20.0631 1.00267 2
      vertex -20.0631 1.00267 0
    endloop
  endfacet
  facet normal -0.999507 -0.0314104 0
    outer loop
      vertex -20 2.44929e-15 2
      vertex -20.0158 0.502324 2
      vertex -20 2.44929e-15 0
    endloop
  endfacet
  facet normal -0.999507 -0.0314104 0
    outer loop
      vertex -20 2.44929e-15 0
      vertex -20.0158 0.502324 2
      vertex -20.0158 0.502324 0
    endloop
  endfacet
  facet normal -0.999507 0.0314104 0
    outer loop
      vertex -20 2.44929e-15 2
      vertex -20 2.44929e-15 0
      vertex -20.0158 -0.502324 2
    endloop
  endfacet
  facet normal -0.999507 0.0314104 0
    outer loop
      vertex -20.0158 -0.502324 2
      vertex -20 2.44929e-15 0
      vertex -20.0158 -0.502324 0
    endloop
  endfacet
  facet normal -0.995562 0.0941078 0
    outer loop
      vertex -20.0158 -0.502324 2
      vertex -20.0158 -0.502324 0
      vertex -20.0631 -1.00267 2
    endloop
  endfacet
  facet normal -0.995562 0.0941078 0
    outer loop
      vertex -20.0631 -1.00267 2
      vertex -20.0158 -0.502324 0
      vertex -20.0631 -1.00267 0
    endloop
  endfacet
  facet normal -0.987688 0.156435 0
    outer loop
      vertex -20.0631 -1.00267 2
      vertex -20.0631 -1.00267 0
      vertex -20.1417 -1.49905 2
    endloop
  endfacet
  facet normal -0.987688 0.156435 0
    outer loop
      vertex -20.1417 -1.49905 2
      vertex -20.0631 -1.00267 0
      vertex -20.1417 -1.49905 0
    endloop
  endfacet
  facet normal -0.975917 0.218144 0
    outer loop
      vertex -20.1417 -1.49905 2
      vertex -20.1417 -1.49905 0
      vertex -20.2513 -1.98952 2
    endloop
  endfacet
  facet normal -0.975917 0.218144 0
    outer loop
      vertex -20.2513 -1.98952 2
      vertex -20.1417 -1.49905 0
      vertex -20.2513 -1.98952 0
    endloop
  endfacet
  facet normal -0.960294 0.278991 0
    outer loop
      vertex -20.2513 -1.98952 2
      vertex -20.2513 -1.98952 0
      vertex -20.3915 -2.47214 2
    endloop
  endfacet
  facet normal -0.960294 0.278991 0
    outer loop
      vertex -20.3915 -2.47214 2
      vertex -20.2513 -1.98952 0
      vertex -20.3915 -2.47214 0
    endloop
  endfacet
  facet normal -0.940881 0.338738 0
    outer loop
      vertex -20.3915 -2.47214 2
      vertex -20.3915 -2.47214 0
      vertex -20.5618 -2.945 2
    endloop
  endfacet
  facet normal -0.940881 0.338738 0
    outer loop
      vertex -20.5618 -2.945 2
      vertex -20.3915 -2.47214 0
      vertex -20.5618 -2.945 0
    endloop
  endfacet
  facet normal -0.917754 0.397149 0
    outer loop
      vertex -20.5618 -2.945 2
      vertex -20.5618 -2.945 0
      vertex -20.7614 -3.40623 2
    endloop
  endfacet
  facet normal -0.917754 0.397149 0
    outer loop
      vertex -20.7614 -3.40623 2
      vertex -20.5618 -2.945 0
      vertex -20.7614 -3.40623 0
    endloop
  endfacet
  facet normal -0.891006 0.453991 0
    outer loop
      vertex -20.7614 -3.40623 2
      vertex -20.7614 -3.40623 0
      vertex -20.9895 -3.85403 2
    endloop
  endfacet
  facet normal -0.891006 0.453991 0
    outer loop
      vertex -20.9895 -3.85403 2
      vertex -20.7614 -3.40623 0
      vertex -20.9895 -3.85403 0
    endloop
  endfacet
  facet normal -0.860742 0.509041 0
    outer loop
      vertex -20.9895 -3.85403 2
      vertex -20.9895 -3.85403 0
      vertex -21.2454 -4.28661 2
    endloop
  endfacet
  facet normal -0.860742 0.509041 0
    outer loop
      vertex -21.2454 -4.28661 2
      vertex -20.9895 -3.85403 0
      vertex -21.2454 -4.28661 0
    endloop
  endfacet
  facet normal -0.827081 0.562082 0
    outer loop
      vertex -21.2454 -4.28661 2
      vertex -21.2454 -4.28661 0
      vertex -21.5279 -4.70228 2
    endloop
  endfacet
  facet normal -0.827081 0.562082 0
    outer loop
      vertex -21.5279 -4.70228 2
      vertex -21.2454 -4.28661 0
      vertex -21.5279 -4.70228 0
    endloop
  endfacet
  facet normal -0.790155 0.612907 0
    outer loop
      vertex -21.5279 -4.70228 2
      vertex -21.5279 -4.70228 0
      vertex -21.8359 -5.09939 2
    endloop
  endfacet
  facet normal -0.790155 0.612907 0
    outer loop
      vertex -21.8359 -5.09939 2
      vertex -21.5279 -4.70228 0
      vertex -21.8359 -5.09939 0
    endloop
  endfacet
  facet normal -0.750111 0.661312 0
    outer loop
      vertex -21.8359 -5.09939 2
      vertex -21.8359 -5.09939 0
      vertex -22.1683 -5.47638 2
    endloop
  endfacet
  facet normal -0.750111 0.661312 0
    outer loop
      vertex -22.1683 -5.47638 2
      vertex -21.8359 -5.09939 0
      vertex -22.1683 -5.47638 0
    endloop
  endfacet
  facet normal -0.707107 0.707107 0
    outer loop
      vertex -22.1683 -5.47638 2
      vertex -22.1683 -5.47638 0
      vertex -22.5236 -5.83175 2
    endloop
  endfacet
  facet normal -0.707107 0.707107 0
    outer loop
      vertex -22.5236 -5.83175 2
      vertex -22.1683 -5.47638 0
      vertex -22.5236 -5.83175 0
    endloop
  endfacet
  facet normal -0.661312 0.750111 0
    outer loop
      vertex -22.5236 -5.83175 2
      vertex -22.5236 -5.83175 0
      vertex -22.9006 -6.16411 2
    endloop
  endfacet
  facet normal -0.661312 0.750111 0
    outer loop
      vertex -22.9006 -6.16411 2
      vertex -22.5236 -5.83175 0
      vertex -22.9006 -6.16411 0
    endloop
  endfacet
  facet normal -0.612907 0.790155 0
    outer loop
      vertex -22.9006 -6.16411 2
      vertex -22.9006 -6.16411 0
      vertex -23.2977 -6.47214 2
    endloop
  endfacet
  facet normal -0.612907 0.790155 0
    outer loop
      vertex -23.2977 -6.47214 2
      vertex -22.9006 -6.16411 0
      vertex -23.2977 -6.47214 0
    endloop
  endfacet
  facet normal -0.562082 0.827081 0
    outer loop
      vertex -23.2977 -6.47214 2
      vertex -23.2977 -6.47214 0
      vertex -23.7134 -6.75462 2
    endloop
  endfacet
  facet normal -0.562082 0.827081 0
    outer loop
      vertex -23.7134 -6.75462 2
      vertex -23.2977 -6.47214 0
      vertex -23.7134 -6.75462 0
    endloop
  endfacet
  facet normal -0.509041 0.860742 0
    outer loop
      vertex -23.7134 -6.75462 2
      vertex -23.7134 -6.75462 0
      vertex -24.146 -7.01045 2
    endloop
  endfacet
  facet normal -0.509041 0.860742 0
    outer loop
      vertex -24.146 -7.01045 2
      vertex -23.7134 -6.75462 0
      vertex -24.146 -7.01045 0
    endloop
  endfacet
  facet normal -0.453991 0.891006 0
    outer loop
      vertex -24.146 -7.01045 2
      vertex -24.146 -7.01045 0
      vertex -24.5938 -7.23862 2
    endloop
  endfacet
  facet normal -0.453991 0.891006 0
    outer loop
      vertex -24.5938 -7.23862 2
      vertex -24.146 -7.01045 0
      vertex -24.5938 -7.23862 0
    endloop
  endfacet
  facet normal -0.397149 0.917754 0
    outer loop
      vertex -24.5938 -7.23862 2
      vertex -24.5938 -7.23862 0
      vertex -25.055 -7.43821 2
    endloop
  endfacet
  facet normal -0.397149 0.917754 0
    outer loop
      vertex -25.055 -7.43821 2
      vertex -24.5938 -7.23862 0
      vertex -25.055 -7.43821 0
    endloop
  endfacet
  facet normal -0.338738 0.940881 0
    outer loop
      vertex -25.055 -7.43821 2
      vertex -25.055 -7.43821 0
      vertex -25.5279 -7.60845 2
    endloop
  endfacet
  facet normal -0.338738 0.940881 0
    outer loop
      vertex -25.5279 -7.60845 2
      vertex -25.055 -7.43821 0
      vertex -25.5279 -7.60845 0
    endloop
  endfacet
  facet normal -0.278991 0.960294 0
    outer loop
      vertex -25.5279 -7.60845 2
      vertex -25.5279 -7.60845 0
      vertex -26.0105 -7.74866 2
    endloop
  endfacet
  facet normal -0.278991 0.960294 0
    outer loop
      vertex -26.0105 -7.74866 2
      vertex -25.5279 -7.60845 0
      vertex -26.0105 -7.74866 0
    endloop
  endfacet
  facet normal -0.218144 0.975917 0
    outer loop
      vertex -26.0105 -7.74866 2
      vertex -26.0105 -7.74866 0
      vertex -26.5009 -7.8583 2
    endloop
  endfacet
  facet normal -0.218144 0.975917 0
    outer loop
      vertex -26.5009 -7.8583 2
      vertex -26.0105 -7.74866 0
      vertex -26.5009 -7.8583 0
    endloop
  endfacet
  facet normal -0.156435 0.987688 0
    outer loop
      vertex -26.5009 -7.8583 2
      vertex -26.5009 -7.8583 0
      vertex -26.9973 -7.93692 2
    endloop
  endfacet
  facet normal -0.156435 0.987688 0
    outer loop
      vertex -26.9973 -7.93692 2
      vertex -26.5009 -7.8583 0
      vertex -26.9973 -7.93692 0
    endloop
  endfacet
  facet normal -0.0941078 0.995562 0
    outer loop
      vertex -26.9973 -7.93692 2
      vertex -26.9973 -7.93692 0
      vertex -27.4977 -7.98421 2
    endloop
  endfacet
  facet normal -0.0941078 0.995562 0
    outer loop
      vertex -27.4977 -7.98421 2
      vertex -26.9973 -7.93692 0
      vertex -27.4977 -7.98421 0
    endloop
  endfacet
  facet normal -0.0314104 0.999507 0
    outer loop
      vertex -27.4977 -7.98421 2
      vertex -27.4977 -7.98421 0
      vertex -28 -8 2
    endloop
  endfacet
  facet normal -0.0314104 0.999507 0
    outer loop
      vertex -28 -8 2
      vertex -27.4977 -7.98421 0
      vertex -28 -8 0
    endloop
  endfacet
  facet normal 0.0314104 0.999507 0
    outer loop
      vertex -28 -8 2
      vertex -28 -8 0
      vertex -28.5023 -7.98421 2
    endloop
  endfacet
  facet normal 0.0314104 0.999507 0
    outer loop
      vertex -28.5023 -7.98421 2
      vertex -28 -8 0
      vertex -28.5023 -7.98421 0
    endloop
  endfacet
  facet normal 0.0941078 0.995562 0
    outer loop
      vertex -28.5023 -7.98421 2
      vertex -28.5023 -7.98421 0
      vertex -29.0027 -7.93692 2
    endloop
  endfacet
  facet normal 0.0941078 0.995562 0
    outer loop
      vertex -29.0027 -7.93692 2
      vertex -28.5023 -7.98421 0
      vertex -29.0027 -7.93692 0
    endloop
  endfacet
  facet normal 0.156435 0.987688 0
    outer loop
      vertex -29.0027 -7.93692 2
      vertex -29.0027 -7.93692 0
      vertex -29.4991 -7.8583 2
    endloop
  endfacet
  facet normal 0.156435 0.987688 0
    outer loop
      vertex -29.4991 -7.8583 2
      vertex -29.0027 -7.93692 0
      vertex -29.4991 -7.8583 0
    endloop
  endfacet
  facet normal 0.218144 0.975917 0
    outer loop
      vertex -29.4991 -7.8583 2
      vertex -29.4991 -7.8583 0
      vertex -29.9895 -7.74866 2
    endloop
  endfacet
  facet normal 0.218144 0.975917 0
    outer loop
      vertex -29.9895 -7.74866 2
      vertex -29.4991 -7.8583 0
      vertex -29.9895 -7.74866 0
    endloop
  endfacet
  facet normal 0.278991 0.960294 0
    outer loop
      vertex -29.9895 -7.74866 2
      vertex -29.9895 -7.74866 0
      vertex -30.4721 -7.60845 2
    endloop
  endfacet
  facet normal 0.278991 0.960294 0
    outer loop
      vertex -30.4721 -7.60845 2
      vertex -29.9895 -7.74866 0
      vertex -30.4721 -7.60845 0
    endloop
  endfacet
  facet normal 0.338738 0.940881 0
    outer loop
      vertex -30.4721 -7.60845 2
      vertex -30.4721 -7.60845 0
      vertex -30.945 -7.43821 2
    endloop
  endfacet
  facet normal 0.338738 0.940881 0
    outer loop
      vertex -30.945 -7.43821 2
      vertex -30.4721 -7.60845 0
      vertex -30.945 -7.43821 0
    endloop
  endfacet
  facet normal 0.397149 0.917754 0
    outer loop
      vertex -30.945 -7.43821 2
      vertex -30.945 -7.43821 0
      vertex -31.4062 -7.23862 2
    endloop
  endfacet
  facet normal 0.397149 0.917754 0
    outer loop
      vertex -31.4062 -7.23862 2
      vertex -30.945 -7.43821 0
      vertex -31.4062 -7.23862 0
    endloop
  endfacet
  facet normal 0.453991 0.891006 0
    outer loop
      vertex -31.4062 -7.23862 2
      vertex -31.4062 -7.23862 0
      vertex -31.854 -7.01045 2
    endloop
  endfacet
  facet normal 0.453991 0.891006 0
    outer loop
      vertex -31.854 -7.01045 2
      vertex -31.4062 -7.23862 0
      vertex -31.854 -7.01045 0
    endloop
  endfacet
  facet normal 0.509041 0.860742 0
    outer loop
      vertex -31.854 -7.01045 2
      vertex -31.854 -7.01045 0
      vertex -32.2866 -6.75462 2
    endloop
  endfacet
  facet normal 0.509041 0.860742 0
    outer loop
      vertex -32.2866 -6.75462 2
      vertex -31.854 -7.01045 0
      vertex -32.2866 -6.75462 0
    endloop
  endfacet
  facet normal 0.562082 0.827081 0
    outer loop
      vertex -32.2866 -6.75462 2
      vertex -32.2866 -6.75462 0
      vertex -32.7023 -6.47214 2
    endloop
  endfacet
  facet normal 0.562082 0.827081 0
    outer loop
      vertex -32.7023 -6.47214 2
      vertex -32.2866 -6.75462 0
      vertex -32.7023 -6.47214 0
    endloop
  endfacet
  facet normal 0.612907 0.790155 0
    outer loop
      vertex -32.7023 -6.47214 2
      vertex -32.7023 -6.47214 0
      vertex -33.0994 -6.16411 2
    endloop
  endfacet
  facet normal 0.612907 0.790155 0
    outer loop
      vertex -33.0994 -6.16411 2
      vertex -32.7023 -6.47214 0
      vertex -33.0994 -6.16411 0
    endloop
  endfacet
  facet normal 0.661312 0.750111 0
    outer loop
      vertex -33.0994 -6.16411 2
      vertex -33.0994 -6.16411 0
      vertex -33.4764 -5.83175 2
    endloop
  endfacet
  facet normal 0.661312 0.750111 0
    outer loop
      vertex -33.4764 -5.83175 2
      vertex -33.0994 -6.16411 0
      vertex -33.4764 -5.83175 0
    endloop
  endfacet
  facet normal 0.707107 0.707107 0
    outer loop
      vertex -33.8317 -5.47638 2
      vertex -33.4764 -5.83175 2
      vertex -33.4764 -5.83175 0
    endloop
  endfacet
  facet normal 0.707107 0.707107 0
    outer loop
      vertex -33.8317 -5.47638 0
      vertex -33.8317 -5.47638 2
      vertex -33.4764 -5.83175 0
    endloop
  endfacet
  facet normal 0.750111 0.661312 0
    outer loop
      vertex -34.1641 -5.09939 2
      vertex -33.8317 -5.47638 2
      vertex -33.8317 -5.47638 0
    endloop
  endfacet
  facet normal 0.750111 0.661312 0
    outer loop
      vertex -34.1641 -5.09939 0
      vertex -34.1641 -5.09939 2
      vertex -33.8317 -5.47638 0
    endloop
  endfacet
  facet normal 0.790155 0.612907 0
    outer loop
      vertex -34.4721 -4.70228 2
      vertex -34.1641 -5.09939 2
      vertex -34.1641 -5.09939 0
    endloop
  endfacet
  facet normal 0.790155 0.612907 0
    outer loop
      vertex -34.4721 -4.70228 0
      vertex -34.4721 -4.70228 2
      vertex -34.1641 -5.09939 0
    endloop
  endfacet
  facet normal 0.827081 0.562082 0
    outer loop
      vertex -34.7546 -4.28661 2
      vertex -34.4721 -4.70228 2
      vertex -34.4721 -4.70228 0
    endloop
  endfacet
  facet normal 0.827081 0.562082 0
    outer loop
      vertex -34.7546 -4.28661 0
      vertex -34.7546 -4.28661 2
      vertex -34.4721 -4.70228 0
    endloop
  endfacet
  facet normal 0.860742 0.509041 0
    outer loop
      vertex -35.0105 -3.85403 2
      vertex -34.7546 -4.28661 2
      vertex -34.7546 -4.28661 0
    endloop
  endfacet
  facet normal 0.860742 0.509041 0
    outer loop
      vertex -35.0105 -3.85403 0
      vertex -35.0105 -3.85403 2
      vertex -34.7546 -4.28661 0
    endloop
  endfacet
  facet normal 0.891006 0.453991 0
    outer loop
      vertex -35.2386 -3.40623 2
      vertex -35.0105 -3.85403 2
      vertex -35.0105 -3.85403 0
    endloop
  endfacet
  facet normal 0.891006 0.453991 0
    outer loop
      vertex -35.2386 -3.40623 0
      vertex -35.2386 -3.40623 2
      vertex -35.0105 -3.85403 0
    endloop
  endfacet
  facet normal 0.917754 0.397149 0
    outer loop
      vertex -35.4382 -2.945 2
      vertex -35.2386 -3.40623 2
      vertex -35.2386 -3.40623 0
    endloop
  endfacet
  facet normal 0.917754 0.397149 0
    outer loop
      vertex -35.4382 -2.945 0
      vertex -35.4382 -2.945 2
      vertex -35.2386 -3.40623 0
    endloop
  endfacet
  facet normal 0.940881 0.338738 0
    outer loop
      vertex -35.6085 -2.47214 2
      vertex -35.4382 -2.945 2
      vertex -35.4382 -2.945 0
    endloop
  endfacet
  facet normal 0.940881 0.338738 0
    outer loop
      vertex -35.6085 -2.47214 0
      vertex -35.6085 -2.47214 2
      vertex -35.4382 -2.945 0
    endloop
  endfacet
  facet normal 0.960294 0.278991 0
    outer loop
      vertex -35.7487 -1.98952 2
      vertex -35.6085 -2.47214 2
      vertex -35.6085 -2.47214 0
    endloop
  endfacet
  facet normal 0.960294 0.278991 0
    outer loop
      vertex -35.7487 -1.98952 0
      vertex -35.7487 -1.98952 2
      vertex -35.6085 -2.47214 0
    endloop
  endfacet
  facet normal 0.975917 0.218144 0
    outer loop
      vertex -35.8583 -1.49905 2
      vertex -35.7487 -1.98952 2
      vertex -35.7487 -1.98952 0
    endloop
  endfacet
  facet normal 0.975917 0.218144 0
    outer loop
      vertex -35.8583 -1.49905 0
      vertex -35.8583 -1.49905 2
      vertex -35.7487 -1.98952 0
    endloop
  endfacet
  facet normal 0.987688 0.156435 0
    outer loop
      vertex -35.9369 -1.00267 2
      vertex -35.8583 -1.49905 2
      vertex -35.8583 -1.49905 0
    endloop
  endfacet
  facet normal 0.987688 0.156435 0
    outer loop
      vertex -35.9369 -1.00267 0
      vertex -35.9369 -1.00267 2
      vertex -35.8583 -1.49905 0
    endloop
  endfacet
  facet normal 0.995562 0.0941078 0
    outer loop
      vertex -35.9842 -0.502324 2
      vertex -35.9369 -1.00267 2
      vertex -35.9369 -1.00267 0
    endloop
  endfacet
  facet normal 0.995562 0.0941078 0
    outer loop
      vertex -35.9842 -0.502324 0
      vertex -35.9842 -0.502324 2
      vertex -35.9369 -1.00267 0
    endloop
  endfacet
  facet normal 0.99863 -0.0523359 0
    outer loop
      vertex -21.9719 -23.5793 0
      vertex -21.9719 -23.5793 2
      vertex -21.9982 -24.0812 2
    endloop
  endfacet
  facet normal 0.99863 -0.0523359 0
    outer loop
      vertex -21.9982 -24.0812 0
      vertex -21.9719 -23.5793 0
      vertex -21.9982 -24.0812 2
    endloop
  endfacet
  facet normal 0.999945 0.0104717 0
    outer loop
      vertex -21.9982 -24.0812 2
      vertex -21.993 -24.5837 2
      vertex -21.993 -24.5837 0
    endloop
  endfacet
  facet normal 0.999945 0.0104717 0
    outer loop
      vertex -21.9982 -24.0812 0
      vertex -21.9982 -24.0812 2
      vertex -21.993 -24.5837 0
    endloop
  endfacet
  facet normal 0.993373 -0.114936 0
    outer loop
      vertex -21.9142 -23.08 0
      vertex -21.9142 -23.08 2
      vertex -21.9719 -23.5793 2
    endloop
  endfacet
  facet normal 0.993373 -0.114936 0
    outer loop
      vertex -21.9719 -23.5793 0
      vertex -21.9142 -23.08 0
      vertex -21.9719 -23.5793 2
    endloop
  endfacet
  facet normal 0.984196 -0.177085 0
    outer loop
      vertex -21.8252 -22.5854 0
      vertex -21.8252 -22.5854 2
      vertex -21.9142 -23.08 2
    endloop
  endfacet
  facet normal 0.984196 -0.177085 0
    outer loop
      vertex -21.9142 -23.08 0
      vertex -21.8252 -22.5854 0
      vertex -21.9142 -23.08 2
    endloop
  endfacet
  facet normal 0.971134 -0.238534 0
    outer loop
      vertex -21.7053 -22.0974 0
      vertex -21.7053 -22.0974 2
      vertex -21.8252 -22.5854 2
    endloop
  endfacet
  facet normal 0.971134 -0.238534 0
    outer loop
      vertex -21.8252 -22.5854 0
      vertex -21.7053 -22.0974 0
      vertex -21.8252 -22.5854 2
    endloop
  endfacet
  facet normal 0.954241 -0.29904 0
    outer loop
      vertex -21.555 -21.6178 0
      vertex -21.555 -21.6178 2
      vertex -21.7053 -22.0974 2
    endloop
  endfacet
  facet normal 0.954241 -0.29904 0
    outer loop
      vertex -21.7053 -22.0974 0
      vertex -21.555 -21.6178 0
      vertex -21.7053 -22.0974 2
    endloop
  endfacet
  facet normal 0.933581 -0.358367 0
    outer loop
      vertex -21.3749 -21.1486 0
      vertex -21.3749 -21.1486 2
      vertex -21.555 -21.6178 2
    endloop
  endfacet
  facet normal 0.933581 -0.358367 0
    outer loop
      vertex -21.555 -21.6178 0
      vertex -21.3749 -21.1486 0
      vertex -21.555 -21.6178 2
    endloop
  endfacet
  facet normal 0.909236 -0.416281 0
    outer loop
      vertex -21.1657 -20.6916 0
      vertex -21.1657 -20.6916 2
      vertex -21.3749 -21.1486 2
    endloop
  endfacet
  facet normal 0.909236 -0.416281 0
    outer loop
      vertex -21.3749 -21.1486 0
      vertex -21.1657 -20.6916 0
      vertex -21.3749 -21.1486 2
    endloop
  endfacet
  facet normal 0.881303 -0.472551 0
    outer loop
      vertex -20.9282 -20.2487 0
      vertex -20.9282 -20.2487 2
      vertex -21.1657 -20.6916 2
    endloop
  endfacet
  facet normal 0.881303 -0.472551 0
    outer loop
      vertex -21.1657 -20.6916 0
      vertex -20.9282 -20.2487 0
      vertex -21.1657 -20.6916 2
    endloop
  endfacet
  facet normal 0.849893 -0.526956 0
    outer loop
      vertex -20.6634 -19.8216 0
      vertex -20.6634 -19.8216 2
      vertex -20.9282 -20.2487 2
    endloop
  endfacet
  facet normal 0.849893 -0.526956 0
    outer loop
      vertex -20.9282 -20.2487 0
      vertex -20.6634 -19.8216 0
      vertex -20.9282 -20.2487 2
    endloop
  endfacet
  facet normal 0.815128 -0.579281 0
    outer loop
      vertex -20.3722 -19.4119 0
      vertex -20.3722 -19.4119 2
      vertex -20.6634 -19.8216 2
    endloop
  endfacet
  facet normal 0.815128 -0.579281 0
    outer loop
      vertex -20.6634 -19.8216 0
      vertex -20.3722 -19.4119 0
      vertex -20.6634 -19.8216 2
    endloop
  endfacet
  facet normal 0.777146 -0.629321 0
    outer loop
      vertex -20.056 -19.0213 0
      vertex -20.056 -19.0213 2
      vertex -20.3722 -19.4119 2
    endloop
  endfacet
  facet normal 0.777146 -0.629321 0
    outer loop
      vertex -20.3722 -19.4119 0
      vertex -20.056 -19.0213 0
      vertex -20.3722 -19.4119 2
    endloop
  endfacet
  facet normal 0.736097 -0.676877 0
    outer loop
      vertex -19.7158 -18.6514 0
      vertex -19.7158 -18.6514 2
      vertex -20.056 -19.0213 2
    endloop
  endfacet
  facet normal 0.736097 -0.676877 0
    outer loop
      vertex -20.056 -19.0213 0
      vertex -19.7158 -18.6514 0
      vertex -20.056 -19.0213 2
    endloop
  endfacet
  facet normal 0.692143 -0.72176 0
    outer loop
      vertex -19.353 -18.3036 0
      vertex -19.353 -18.3036 2
      vertex -19.7158 -18.6514 2
    endloop
  endfacet
  facet normal 0.692143 -0.72176 0
    outer loop
      vertex -19.7158 -18.6514 0
      vertex -19.353 -18.3036 0
      vertex -19.7158 -18.6514 2
    endloop
  endfacet
  facet normal 0.645458 -0.763796 0
    outer loop
      vertex -18.9692 -17.9792 0
      vertex -18.9692 -17.9792 2
      vertex -19.353 -18.3036 2
    endloop
  endfacet
  facet normal 0.645458 -0.763796 0
    outer loop
      vertex -19.353 -18.3036 0
      vertex -18.9692 -17.9792 0
      vertex -19.353 -18.3036 2
    endloop
  endfacet
  facet normal 0.596224 -0.802818 0
    outer loop
      vertex -18.5657 -17.6795 0
      vertex -18.5657 -17.6795 2
      vertex -18.9692 -17.9792 2
    endloop
  endfacet
  facet normal 0.596224 -0.802818 0
    outer loop
      vertex -18.9692 -17.9792 0
      vertex -18.5657 -17.6795 0
      vertex -18.9692 -17.9792 2
    endloop
  endfacet
  facet normal 0.544639 -0.838671 0
    outer loop
      vertex -18.1442 -17.4058 0
      vertex -18.1442 -17.4058 2
      vertex -18.5657 -17.6795 2
    endloop
  endfacet
  facet normal 0.544639 -0.838671 0
    outer loop
      vertex -18.5657 -17.6795 0
      vertex -18.1442 -17.4058 0
      vertex -18.5657 -17.6795 2
    endloop
  endfacet
  facet normal 0.490904 -0.871214 0
    outer loop
      vertex -17.7064 -17.1591 0
      vertex -17.7064 -17.1591 2
      vertex -18.1442 -17.4058 2
    endloop
  endfacet
  facet normal 0.490904 -0.871214 0
    outer loop
      vertex -18.1442 -17.4058 0
      vertex -17.7064 -17.1591 0
      vertex -18.1442 -17.4058 2
    endloop
  endfacet
  facet normal 0.435232 -0.900318 0
    outer loop
      vertex -17.2539 -16.9403 0
      vertex -17.2539 -16.9403 2
      vertex -17.7064 -17.1591 2
    endloop
  endfacet
  facet normal 0.435232 -0.900318 0
    outer loop
      vertex -17.7064 -17.1591 0
      vertex -17.2539 -16.9403 0
      vertex -17.7064 -17.1591 2
    endloop
  endfacet
  facet normal 0.377841 -0.925871 0
    outer loop
      vertex -16.7886 -16.7505 0
      vertex -16.7886 -16.7505 2
      vertex -17.2539 -16.9403 2
    endloop
  endfacet
  facet normal 0.377841 -0.925871 0
    outer loop
      vertex -17.2539 -16.9403 0
      vertex -16.7886 -16.7505 0
      vertex -17.2539 -16.9403 2
    endloop
  endfacet
  facet normal 0.318959 -0.947768 0
    outer loop
      vertex -16.3123 -16.5902 0
      vertex -16.3123 -16.5902 2
      vertex -16.7886 -16.7505 2
    endloop
  endfacet
  facet normal 0.318959 -0.947768 0
    outer loop
      vertex -16.7886 -16.7505 0
      vertex -16.3123 -16.5902 0
      vertex -16.7886 -16.7505 2
    endloop
  endfacet
  facet normal 0.258819 -0.965926 0
    outer loop
      vertex -15.8268 -16.4601 0
      vertex -15.8268 -16.4601 2
      vertex -16.3123 -16.5902 2
    endloop
  endfacet
  facet normal 0.258819 -0.965926 0
    outer loop
      vertex -16.3123 -16.5902 0
      vertex -15.8268 -16.4601 0
      vertex -16.3123 -16.5902 2
    endloop
  endfacet
  facet normal 0.197657 -0.980271 0
    outer loop
      vertex -15.3342 -16.3607 0
      vertex -15.3342 -16.3607 2
      vertex -15.8268 -16.4601 2
    endloop
  endfacet
  facet normal 0.197657 -0.980271 0
    outer loop
      vertex -15.8268 -16.4601 0
      vertex -15.3342 -16.3607 0
      vertex -15.8268 -16.4601 2
    endloop
  endfacet
  facet normal 0.135715 -0.990748 0
    outer loop
      vertex -14.8362 -16.2925 0
      vertex -14.8362 -16.2925 2
      vertex -15.3342 -16.3607 2
    endloop
  endfacet
  facet normal 0.135715 -0.990748 0
    outer loop
      vertex -15.3342 -16.3607 0
      vertex -14.8362 -16.2925 0
      vertex -15.3342 -16.3607 2
    endloop
  endfacet
  facet normal 0.0732371 -0.997315 0
    outer loop
      vertex -14.335 -16.2557 0
      vertex -14.335 -16.2557 2
      vertex -14.8362 -16.2925 2
    endloop
  endfacet
  facet normal 0.0732371 -0.997315 0
    outer loop
      vertex -14.8362 -16.2925 0
      vertex -14.335 -16.2557 0
      vertex -14.8362 -16.2925 2
    endloop
  endfacet
  facet normal 0.0104717 -0.999945 0
    outer loop
      vertex -13.8325 -16.2505 0
      vertex -13.8325 -16.2505 2
      vertex -14.335 -16.2557 2
    endloop
  endfacet
  facet normal 0.0104717 -0.999945 0
    outer loop
      vertex -14.335 -16.2557 0
      vertex -13.8325 -16.2505 0
      vertex -14.335 -16.2557 2
    endloop
  endfacet
  facet normal -0.0523359 -0.99863 0
    outer loop
      vertex -13.3306 -16.2768 0
      vertex -13.3306 -16.2768 2
      vertex -13.8325 -16.2505 2
    endloop
  endfacet
  facet normal -0.0523359 -0.99863 0
    outer loop
      vertex -13.8325 -16.2505 0
      vertex -13.3306 -16.2768 0
      vertex -13.8325 -16.2505 2
    endloop
  endfacet
  facet normal -0.114936 -0.993373 0
    outer loop
      vertex -12.8313 -16.3345 0
      vertex -12.8313 -16.3345 2
      vertex -13.3306 -16.2768 2
    endloop
  endfacet
  facet normal -0.114936 -0.993373 0
    outer loop
      vertex -13.3306 -16.2768 0
      vertex -12.8313 -16.3345 0
      vertex -13.3306 -16.2768 2
    endloop
  endfacet
  facet normal -0.177085 -0.984196 0
    outer loop
      vertex -12.3367 -16.4235 0
      vertex -12.3367 -16.4235 2
      vertex -12.8313 -16.3345 2
    endloop
  endfacet
  facet normal -0.177085 -0.984196 0
    outer loop
      vertex -12.8313 -16.3345 0
      vertex -12.3367 -16.4235 0
      vertex -12.8313 -16.3345 2
    endloop
  endfacet
  facet normal -0.238534 -0.971134 0
    outer loop
      vertex -11.8486 -16.5434 0
      vertex -11.8486 -16.5434 2
      vertex -12.3367 -16.4235 2
    endloop
  endfacet
  facet normal -0.238534 -0.971134 0
    outer loop
      vertex -12.3367 -16.4235 0
      vertex -11.8486 -16.5434 0
      vertex -12.3367 -16.4235 2
    endloop
  endfacet
  facet normal -0.29904 -0.954241 0
    outer loop
      vertex -11.3691 -16.6937 0
      vertex -11.3691 -16.6937 2
      vertex -11.8486 -16.5434 2
    endloop
  endfacet
  facet normal -0.29904 -0.954241 0
    outer loop
      vertex -11.8486 -16.5434 0
      vertex -11.3691 -16.6937 0
      vertex -11.8486 -16.5434 2
    endloop
  endfacet
  facet normal -0.358367 -0.933581 0
    outer loop
      vertex -10.8999 -16.8738 0
      vertex -10.8999 -16.8738 2
      vertex -11.3691 -16.6937 2
    endloop
  endfacet
  facet normal -0.358367 -0.933581 0
    outer loop
      vertex -11.3691 -16.6937 0
      vertex -10.8999 -16.8738 0
      vertex -11.3691 -16.6937 2
    endloop
  endfacet
  facet normal -0.416281 -0.909236 0
    outer loop
      vertex -10.4429 -17.083 0
      vertex -10.4429 -17.083 2
      vertex -10.8999 -16.8738 2
    endloop
  endfacet
  facet normal -0.416281 -0.909236 0
    outer loop
      vertex -10.8999 -16.8738 0
      vertex -10.4429 -17.083 0
      vertex -10.8999 -16.8738 2
    endloop
  endfacet
  facet normal -0.472551 -0.881303 0
    outer loop
      vertex -10 -17.3205 0
      vertex -10 -17.3205 2
      vertex -10.4429 -17.083 2
    endloop
  endfacet
  facet normal -0.472551 -0.881303 0
    outer loop
      vertex -10.4429 -17.083 0
      vertex -10 -17.3205 0
      vertex -10.4429 -17.083 2
    endloop
  endfacet
  facet normal -0.526956 -0.849893 0
    outer loop
      vertex -9.57287 -17.5853 0
      vertex -9.57287 -17.5853 2
      vertex -10 -17.3205 2
    endloop
  endfacet
  facet normal -0.526956 -0.849893 0
    outer loop
      vertex -10 -17.3205 0
      vertex -9.57287 -17.5853 0
      vertex -10 -17.3205 2
    endloop
  endfacet
  facet normal -0.579281 -0.815128 0
    outer loop
      vertex -9.16321 -17.8765 0
      vertex -9.16321 -17.8765 2
      vertex -9.57287 -17.5853 2
    endloop
  endfacet
  facet normal -0.579281 -0.815128 0
    outer loop
      vertex -9.57287 -17.5853 0
      vertex -9.16321 -17.8765 0
      vertex -9.57287 -17.5853 2
    endloop
  endfacet
  facet normal -0.629321 -0.777146 0
    outer loop
      vertex -8.77263 -18.1928 0
      vertex -8.77263 -18.1928 2
      vertex -9.16321 -17.8765 2
    endloop
  endfacet
  facet normal -0.629321 -0.777146 0
    outer loop
      vertex -9.16321 -17.8765 0
      vertex -8.77263 -18.1928 0
      vertex -9.16321 -17.8765 2
    endloop
  endfacet
  facet normal -0.676877 -0.736097 0
    outer loop
      vertex -8.40269 -18.5329 0
      vertex -8.40269 -18.5329 2
      vertex -8.77263 -18.1928 2
    endloop
  endfacet
  facet normal -0.676877 -0.736097 0
    outer loop
      vertex -8.77263 -18.1928 0
      vertex -8.40269 -18.5329 0
      vertex -8.77263 -18.1928 2
    endloop
  endfacet
  facet normal -0.72176 -0.692143 0
    outer loop
      vertex -8.05484 -18.8957 2
      vertex -8.40269 -18.5329 2
      vertex -8.05484 -18.8957 0
    endloop
  endfacet
  facet normal -0.72176 -0.692143 0
    outer loop
      vertex -8.05484 -18.8957 0
      vertex -8.40269 -18.5329 2
      vertex -8.40269 -18.5329 0
    endloop
  endfacet
  facet normal -0.763796 -0.645458 0
    outer loop
      vertex -7.73045 -19.2795 2
      vertex -8.05484 -18.8957 2
      vertex -7.73045 -19.2795 0
    endloop
  endfacet
  facet normal -0.763796 -0.645458 0
    outer loop
      vertex -7.73045 -19.2795 0
      vertex -8.05484 -18.8957 2
      vertex -8.05484 -18.8957 0
    endloop
  endfacet
  facet normal -0.802818 -0.596224 0
    outer loop
      vertex -7.43081 -19.683 2
      vertex -7.73045 -19.2795 2
      vertex -7.43081 -19.683 0
    endloop
  endfacet
  facet normal -0.802818 -0.596224 0
    outer loop
      vertex -7.43081 -19.683 0
      vertex -7.73045 -19.2795 2
      vertex -7.73045 -19.2795 0
    endloop
  endfacet
  facet normal -0.838671 -0.544639 0
    outer loop
      vertex -7.15709 -20.1045 2
      vertex -7.43081 -19.683 2
      vertex -7.15709 -20.1045 0
    endloop
  endfacet
  facet normal -0.838671 -0.544639 0
    outer loop
      vertex -7.15709 -20.1045 0
      vertex -7.43081 -19.683 2
      vertex -7.43081 -19.683 0
    endloop
  endfacet
  facet normal -0.871214 -0.490904 0
    outer loop
      vertex -6.91037 -20.5423 2
      vertex -7.15709 -20.1045 2
      vertex -6.91037 -20.5423 0
    endloop
  endfacet
  facet normal -0.871214 -0.490904 0
    outer loop
      vertex -6.91037 -20.5423 0
      vertex -7.15709 -20.1045 2
      vertex -7.15709 -20.1045 0
    endloop
  endfacet
  facet normal -0.900318 -0.435232 0
    outer loop
      vertex -6.69164 -20.9948 2
      vertex -6.91037 -20.5423 2
      vertex -6.69164 -20.9948 0
    endloop
  endfacet
  facet normal -0.900318 -0.435232 0
    outer loop
      vertex -6.69164 -20.9948 0
      vertex -6.91037 -20.5423 2
      vertex -6.91037 -20.5423 0
    endloop
  endfacet
  facet normal -0.925871 -0.377841 0
    outer loop
      vertex -6.50174 -21.4601 2
      vertex -6.69164 -20.9948 2
      vertex -6.50174 -21.4601 0
    endloop
  endfacet
  facet normal -0.925871 -0.377841 0
    outer loop
      vertex -6.50174 -21.4601 0
      vertex -6.69164 -20.9948 2
      vertex -6.69164 -20.9948 0
    endloop
  endfacet
  facet normal -0.947768 -0.318959 0
    outer loop
      vertex -6.34144 -21.9365 2
      vertex -6.50174 -21.4601 2
      vertex -6.34144 -21.9365 0
    endloop
  endfacet
  facet normal -0.947768 -0.318959 0
    outer loop
      vertex -6.34144 -21.9365 0
      vertex -6.50174 -21.4601 2
      vertex -6.50174 -21.4601 0
    endloop
  endfacet
  facet normal -0.965926 -0.258819 0
    outer loop
      vertex -6.21137 -22.4219 2
      vertex -6.34144 -21.9365 2
      vertex -6.21137 -22.4219 0
    endloop
  endfacet
  facet normal -0.965926 -0.258819 0
    outer loop
      vertex -6.21137 -22.4219 0
      vertex -6.34144 -21.9365 2
      vertex -6.34144 -21.9365 0
    endloop
  endfacet
  facet normal -0.980271 -0.197657 0
    outer loop
      vertex -6.11203 -22.9146 2
      vertex -6.21137 -22.4219 2
      vertex -6.11203 -22.9146 0
    endloop
  endfacet
  facet normal -0.980271 -0.197657 0
    outer loop
      vertex -6.11203 -22.9146 0
      vertex -6.21137 -22.4219 2
      vertex -6.21137 -22.4219 0
    endloop
  endfacet
  facet normal -0.990748 -0.135715 0
    outer loop
      vertex -6.04382 -23.4125 2
      vertex -6.11203 -22.9146 2
      vertex -6.04382 -23.4125 0
    endloop
  endfacet
  facet normal -0.990748 -0.135715 0
    outer loop
      vertex -6.04382 -23.4125 0
      vertex -6.11203 -22.9146 2
      vertex -6.11203 -22.9146 0
    endloop
  endfacet
  facet normal -0.997315 -0.0732371 0
    outer loop
      vertex -6.00702 -23.9137 2
      vertex -6.04382 -23.4125 2
      vertex -6.00702 -23.9137 0
    endloop
  endfacet
  facet normal -0.997315 -0.0732371 0
    outer loop
      vertex -6.00702 -23.9137 0
      vertex -6.04382 -23.4125 2
      vertex -6.04382 -23.4125 0
    endloop
  endfacet
  facet normal -0.999945 -0.0104717 0
    outer loop
      vertex -6.00176 -24.4163 2
      vertex -6.00702 -23.9137 2
      vertex -6.00176 -24.4163 0
    endloop
  endfacet
  facet normal -0.999945 -0.0104717 0
    outer loop
      vertex -6.00176 -24.4163 0
      vertex -6.00702 -23.9137 2
      vertex -6.00702 -23.9137 0
    endloop
  endfacet
  facet normal -0.99863 0.0523359 0
    outer loop
      vertex -6.00176 -24.4163 2
      vertex -6.00176 -24.4163 0
      vertex -6.02806 -24.9181 2
    endloop
  endfacet
  facet normal -0.99863 0.0523359 0
    outer loop
      vertex -6.02806 -24.9181 2
      vertex -6.00176 -24.4163 0
      vertex -6.02806 -24.9181 0
    endloop
  endfacet
  facet normal -0.993373 0.114936 0
    outer loop
      vertex -6.02806 -24.9181 2
      vertex -6.02806 -24.9181 0
      vertex -6.08582 -25.4174 2
    endloop
  endfacet
  facet normal -0.993373 0.114936 0
    outer loop
      vertex -6.08582 -25.4174 2
      vertex -6.02806 -24.9181 0
      vertex -6.08582 -25.4174 0
    endloop
  endfacet
  facet normal -0.984196 0.177085 0
    outer loop
      vertex -6.08582 -25.4174 2
      vertex -6.08582 -25.4174 0
      vertex -6.17482 -25.912 2
    endloop
  endfacet
  facet normal -0.984196 0.177085 0
    outer loop
      vertex -6.17482 -25.912 2
      vertex -6.08582 -25.4174 0
      vertex -6.17482 -25.912 0
    endloop
  endfacet
  facet normal -0.971134 0.238534 0
    outer loop
      vertex -6.17482 -25.912 2
      vertex -6.17482 -25.912 0
      vertex -6.2947 -26.4001 2
    endloop
  endfacet
  facet normal -0.971134 0.238534 0
    outer loop
      vertex -6.2947 -26.4001 2
      vertex -6.17482 -25.912 0
      vertex -6.2947 -26.4001 0
    endloop
  endfacet
  facet normal -0.954241 0.29904 0
    outer loop
      vertex -6.2947 -26.4001 2
      vertex -6.2947 -26.4001 0
      vertex -6.44499 -26.8796 2
    endloop
  endfacet
  facet normal -0.954241 0.29904 0
    outer loop
      vertex -6.44499 -26.8796 2
      vertex -6.2947 -26.4001 0
      vertex -6.44499 -26.8796 0
    endloop
  endfacet
  facet normal -0.933581 0.358367 0
    outer loop
      vertex -6.44499 -26.8796 2
      vertex -6.44499 -26.8796 0
      vertex -6.62509 -27.3488 2
    endloop
  endfacet
  facet normal -0.933581 0.358367 0
    outer loop
      vertex -6.62509 -27.3488 2
      vertex -6.44499 -26.8796 0
      vertex -6.62509 -27.3488 0
    endloop
  endfacet
  facet normal -0.909236 0.416281 0
    outer loop
      vertex -6.62509 -27.3488 2
      vertex -6.62509 -27.3488 0
      vertex -6.83431 -27.8058 2
    endloop
  endfacet
  facet normal -0.909236 0.416281 0
    outer loop
      vertex -6.83431 -27.8058 2
      vertex -6.62509 -27.3488 0
      vertex -6.83431 -27.8058 0
    endloop
  endfacet
  facet normal -0.881303 0.472551 0
    outer loop
      vertex -6.83431 -27.8058 2
      vertex -6.83431 -27.8058 0
      vertex -7.0718 -28.2487 2
    endloop
  endfacet
  facet normal -0.881303 0.472551 0
    outer loop
      vertex -7.0718 -28.2487 2
      vertex -6.83431 -27.8058 0
      vertex -7.0718 -28.2487 0
    endloop
  endfacet
  facet normal -0.849893 0.526956 0
    outer loop
      vertex -7.0718 -28.2487 2
      vertex -7.0718 -28.2487 0
      vertex -7.33663 -28.6758 2
    endloop
  endfacet
  facet normal -0.849893 0.526956 0
    outer loop
      vertex -7.33663 -28.6758 2
      vertex -7.0718 -28.2487 0
      vertex -7.33663 -28.6758 0
    endloop
  endfacet
  facet normal -0.815128 0.579281 0
    outer loop
      vertex -7.33663 -28.6758 2
      vertex -7.33663 -28.6758 0
      vertex -7.62776 -29.0855 2
    endloop
  endfacet
  facet normal -0.815128 0.579281 0
    outer loop
      vertex -7.62776 -29.0855 2
      vertex -7.33663 -28.6758 0
      vertex -7.62776 -29.0855 0
    endloop
  endfacet
  facet normal -0.777146 0.629321 0
    outer loop
      vertex -7.62776 -29.0855 2
      vertex -7.62776 -29.0855 0
      vertex -7.94404 -29.4761 2
    endloop
  endfacet
  facet normal -0.777146 0.629321 0
    outer loop
      vertex -7.94404 -29.4761 2
      vertex -7.62776 -29.0855 0
      vertex -7.94404 -29.4761 0
    endloop
  endfacet
  facet normal -0.736097 0.676877 0
    outer loop
      vertex -7.94404 -29.4761 2
      vertex -7.94404 -29.4761 0
      vertex -8.28422 -29.846 2
    endloop
  endfacet
  facet normal -0.736097 0.676877 0
    outer loop
      vertex -8.28422 -29.846 2
      vertex -7.94404 -29.4761 0
      vertex -8.28422 -29.846 0
    endloop
  endfacet
  facet normal -0.692143 0.72176 0
    outer loop
      vertex -8.28422 -29.846 2
      vertex -8.28422 -29.846 0
      vertex -8.64696 -30.1939 2
    endloop
  endfacet
  facet normal -0.692143 0.72176 0
    outer loop
      vertex -8.64696 -30.1939 2
      vertex -8.28422 -29.846 0
      vertex -8.64696 -30.1939 0
    endloop
  endfacet
  facet normal -0.645458 0.763796 0
    outer loop
      vertex -8.64696 -30.1939 2
      vertex -8.64696 -30.1939 0
      vertex -9.03082 -30.5183 2
    endloop
  endfacet
  facet normal -0.645458 0.763796 0
    outer loop
      vertex -9.03082 -30.5183 2
      vertex -8.64696 -30.1939 0
      vertex -9.03082 -30.5183 0
    endloop
  endfacet
  facet normal -0.596224 0.802818 0
    outer loop
      vertex -9.03082 -30.5183 2
      vertex -9.03082 -30.5183 0
      vertex -9.43429 -30.8179 2
    endloop
  endfacet
  facet normal -0.596224 0.802818 0
    outer loop
      vertex -9.43429 -30.8179 2
      vertex -9.03082 -30.5183 0
      vertex -9.43429 -30.8179 0
    endloop
  endfacet
  facet normal -0.544639 0.838671 0
    outer loop
      vertex -9.43429 -30.8179 2
      vertex -9.43429 -30.8179 0
      vertex -9.85578 -31.0916 2
    endloop
  endfacet
  facet normal -0.544639 0.838671 0
    outer loop
      vertex -9.85578 -31.0916 2
      vertex -9.43429 -30.8179 0
      vertex -9.85578 -31.0916 0
    endloop
  endfacet
  facet normal -0.490904 0.871214 0
    outer loop
      vertex -9.85578 -31.0916 2
      vertex -9.85578 -31.0916 0
      vertex -10.2936 -31.3383 2
    endloop
  endfacet
  facet normal -0.490904 0.871214 0
    outer loop
      vertex -10.2936 -31.3383 2
      vertex -9.85578 -31.0916 0
      vertex -10.2936 -31.3383 0
    endloop
  endfacet
  facet normal -0.435232 0.900318 0
    outer loop
      vertex -10.2936 -31.3383 2
      vertex -10.2936 -31.3383 0
      vertex -10.7461 -31.5571 2
    endloop
  endfacet
  facet normal -0.435232 0.900318 0
    outer loop
      vertex -10.7461 -31.5571 2
      vertex -10.2936 -31.3383 0
      vertex -10.7461 -31.5571 0
    endloop
  endfacet
  facet normal -0.377841 0.925871 0
    outer loop
      vertex -10.7461 -31.5571 2
      vertex -10.7461 -31.5571 0
      vertex -11.2114 -31.747 2
    endloop
  endfacet
  facet normal -0.377841 0.925871 0
    outer loop
      vertex -11.2114 -31.747 2
      vertex -10.7461 -31.5571 0
      vertex -11.2114 -31.747 0
    endloop
  endfacet
  facet normal -0.318959 0.947768 0
    outer loop
      vertex -11.2114 -31.747 2
      vertex -11.2114 -31.747 0
      vertex -11.6877 -31.9073 2
    endloop
  endfacet
  facet normal -0.318959 0.947768 0
    outer loop
      vertex -11.6877 -31.9073 2
      vertex -11.2114 -31.747 0
      vertex -11.6877 -31.9073 0
    endloop
  endfacet
  facet normal -0.258819 0.965926 0
    outer loop
      vertex -11.6877 -31.9073 2
      vertex -11.6877 -31.9073 0
      vertex -12.1732 -32.0373 2
    endloop
  endfacet
  facet normal -0.258819 0.965926 0
    outer loop
      vertex -12.1732 -32.0373 2
      vertex -11.6877 -31.9073 0
      vertex -12.1732 -32.0373 0
    endloop
  endfacet
  facet normal -0.197657 0.980271 0
    outer loop
      vertex -12.1732 -32.0373 2
      vertex -12.1732 -32.0373 0
      vertex -12.6658 -32.1367 2
    endloop
  endfacet
  facet normal -0.197657 0.980271 0
    outer loop
      vertex -12.6658 -32.1367 2
      vertex -12.1732 -32.0373 0
      vertex -12.6658 -32.1367 0
    endloop
  endfacet
  facet normal -0.135715 0.990748 0
    outer loop
      vertex -12.6658 -32.1367 2
      vertex -12.6658 -32.1367 0
      vertex -13.1638 -32.2049 2
    endloop
  endfacet
  facet normal -0.135715 0.990748 0
    outer loop
      vertex -13.1638 -32.2049 2
      vertex -12.6658 -32.1367 0
      vertex -13.1638 -32.2049 0
    endloop
  endfacet
  facet normal -0.0732371 0.997315 0
    outer loop
      vertex -13.1638 -32.2049 2
      vertex -13.1638 -32.2049 0
      vertex -13.665 -32.2417 2
    endloop
  endfacet
  facet normal -0.0732371 0.997315 0
    outer loop
      vertex -13.665 -32.2417 2
      vertex -13.1638 -32.2049 0
      vertex -13.665 -32.2417 0
    endloop
  endfacet
  facet normal -0.0104717 0.999945 0
    outer loop
      vertex -13.665 -32.2417 2
      vertex -13.665 -32.2417 0
      vertex -14.1675 -32.247 2
    endloop
  endfacet
  facet normal -0.0104717 0.999945 0
    outer loop
      vertex -14.1675 -32.247 2
      vertex -13.665 -32.2417 0
      vertex -14.1675 -32.247 0
    endloop
  endfacet
  facet normal 0.0523359 0.99863 0
    outer loop
      vertex -14.1675 -32.247 2
      vertex -14.1675 -32.247 0
      vertex -14.6694 -32.2207 2
    endloop
  endfacet
  facet normal 0.0523359 0.99863 0
    outer loop
      vertex -14.6694 -32.2207 2
      vertex -14.1675 -32.247 0
      vertex -14.6694 -32.2207 0
    endloop
  endfacet
  facet normal 0.114936 0.993373 0
    outer loop
      vertex -14.6694 -32.2207 2
      vertex -14.6694 -32.2207 0
      vertex -15.1687 -32.1629 2
    endloop
  endfacet
  facet normal 0.114936 0.993373 0
    outer loop
      vertex -15.1687 -32.1629 2
      vertex -14.6694 -32.2207 0
      vertex -15.1687 -32.1629 0
    endloop
  endfacet
  facet normal 0.177085 0.984196 0
    outer loop
      vertex -15.1687 -32.1629 2
      vertex -15.1687 -32.1629 0
      vertex -15.6633 -32.0739 2
    endloop
  endfacet
  facet normal 0.177085 0.984196 0
    outer loop
      vertex -15.6633 -32.0739 2
      vertex -15.1687 -32.1629 0
      vertex -15.6633 -32.0739 0
    endloop
  endfacet
  facet normal 0.238534 0.971134 0
    outer loop
      vertex -15.6633 -32.0739 2
      vertex -15.6633 -32.0739 0
      vertex -16.1514 -31.954 2
    endloop
  endfacet
  facet normal 0.238534 0.971134 0
    outer loop
      vertex -16.1514 -31.954 2
      vertex -15.6633 -32.0739 0
      vertex -16.1514 -31.954 0
    endloop
  endfacet
  facet normal 0.29904 0.954241 0
    outer loop
      vertex -16.1514 -31.954 2
      vertex -16.1514 -31.954 0
      vertex -16.6309 -31.8037 2
    endloop
  endfacet
  facet normal 0.29904 0.954241 0
    outer loop
      vertex -16.6309 -31.8037 2
      vertex -16.1514 -31.954 0
      vertex -16.6309 -31.8037 0
    endloop
  endfacet
  facet normal 0.358367 0.933581 0
    outer loop
      vertex -16.6309 -31.8037 2
      vertex -16.6309 -31.8037 0
      vertex -17.1001 -31.6236 2
    endloop
  endfacet
  facet normal 0.358367 0.933581 0
    outer loop
      vertex -17.1001 -31.6236 2
      vertex -16.6309 -31.8037 0
      vertex -17.1001 -31.6236 0
    endloop
  endfacet
  facet normal 0.416281 0.909236 0
    outer loop
      vertex -17.1001 -31.6236 2
      vertex -17.1001 -31.6236 0
      vertex -17.5571 -31.4144 2
    endloop
  endfacet
  facet normal 0.416281 0.909236 0
    outer loop
      vertex -17.5571 -31.4144 2
      vertex -17.1001 -31.6236 0
      vertex -17.5571 -31.4144 0
    endloop
  endfacet
  facet normal 0.472551 0.881303 0
    outer loop
      vertex -17.5571 -31.4144 2
      vertex -17.5571 -31.4144 0
      vertex -18 -31.1769 2
    endloop
  endfacet
  facet normal 0.472551 0.881303 0
    outer loop
      vertex -18 -31.1769 2
      vertex -17.5571 -31.4144 0
      vertex -18 -31.1769 0
    endloop
  endfacet
  facet normal 0.526956 0.849893 0
    outer loop
      vertex -18 -31.1769 2
      vertex -18 -31.1769 0
      vertex -18.4271 -30.9121 2
    endloop
  endfacet
  facet normal 0.526956 0.849893 0
    outer loop
      vertex -18.4271 -30.9121 2
      vertex -18 -31.1769 0
      vertex -18.4271 -30.9121 0
    endloop
  endfacet
  facet normal 0.579281 0.815128 0
    outer loop
      vertex -18.4271 -30.9121 2
      vertex -18.4271 -30.9121 0
      vertex -18.8368 -30.621 2
    endloop
  endfacet
  facet normal 0.579281 0.815128 0
    outer loop
      vertex -18.8368 -30.621 2
      vertex -18.4271 -30.9121 0
      vertex -18.8368 -30.621 0
    endloop
  endfacet
  facet normal 0.629321 0.777146 0
    outer loop
      vertex -18.8368 -30.621 2
      vertex -18.8368 -30.621 0
      vertex -19.2274 -30.3047 2
    endloop
  endfacet
  facet normal 0.629321 0.777146 0
    outer loop
      vertex -19.2274 -30.3047 2
      vertex -18.8368 -30.621 0
      vertex -19.2274 -30.3047 0
    endloop
  endfacet
  facet normal 0.676877 0.736097 0
    outer loop
      vertex -19.2274 -30.3047 2
      vertex -19.2274 -30.3047 0
      vertex -19.5973 -29.9645 2
    endloop
  endfacet
  facet normal 0.676877 0.736097 0
    outer loop
      vertex -19.5973 -29.9645 2
      vertex -19.2274 -30.3047 0
      vertex -19.5973 -29.9645 0
    endloop
  endfacet
  facet normal 0.72176 0.692143 0
    outer loop
      vertex -19.9452 -29.6018 2
      vertex -19.5973 -29.9645 2
      vertex -19.5973 -29.9645 0
    endloop
  endfacet
  facet normal 0.72176 0.692143 0
    outer loop
      vertex -19.9452 -29.6018 0
      vertex -19.9452 -29.6018 2
      vertex -19.5973 -29.9645 0
    endloop
  endfacet
  facet normal 0.763796 0.645458 0
    outer loop
      vertex -20.2695 -29.2179 2
      vertex -19.9452 -29.6018 2
      vertex -19.9452 -29.6018 0
    endloop
  endfacet
  facet normal 0.763796 0.645458 0
    outer loop
      vertex -20.2695 -29.2179 0
      vertex -20.2695 -29.2179 2
      vertex -19.9452 -29.6018 0
    endloop
  endfacet
  facet normal 0.802818 0.596224 0
    outer loop
      vertex -20.5692 -28.8144 2
      vertex -20.2695 -29.2179 2
      vertex -20.2695 -29.2179 0
    endloop
  endfacet
  facet normal 0.802818 0.596224 0
    outer loop
      vertex -20.5692 -28.8144 0
      vertex -20.5692 -28.8144 2
      vertex -20.2695 -29.2179 0
    endloop
  endfacet
  facet normal 0.838671 0.544639 0
    outer loop
      vertex -20.8429 -28.3929 2
      vertex -20.5692 -28.8144 2
      vertex -20.5692 -28.8144 0
    endloop
  endfacet
  facet normal 0.838671 0.544639 0
    outer loop
      vertex -20.8429 -28.3929 0
      vertex -20.8429 -28.3929 2
      vertex -20.5692 -28.8144 0
    endloop
  endfacet
  facet normal 0.871214 0.490904 0
    outer loop
      vertex -21.0896 -27.9551 2
      vertex -20.8429 -28.3929 2
      vertex -20.8429 -28.3929 0
    endloop
  endfacet
  facet normal 0.871214 0.490904 0
    outer loop
      vertex -21.0896 -27.9551 0
      vertex -21.0896 -27.9551 2
      vertex -20.8429 -28.3929 0
    endloop
  endfacet
  facet normal 0.900318 0.435232 0
    outer loop
      vertex -21.3084 -27.5026 2
      vertex -21.0896 -27.9551 2
      vertex -21.0896 -27.9551 0
    endloop
  endfacet
  facet normal 0.900318 0.435232 0
    outer loop
      vertex -21.3084 -27.5026 0
      vertex -21.3084 -27.5026 2
      vertex -21.0896 -27.9551 0
    endloop
  endfacet
  facet normal 0.925871 0.377841 0
    outer loop
      vertex -21.4983 -27.0373 2
      vertex -21.3084 -27.5026 2
      vertex -21.3084 -27.5026 0
    endloop
  endfacet
  facet normal 0.925871 0.377841 0
    outer loop
      vertex -21.4983 -27.0373 0
      vertex -21.4983 -27.0373 2
      vertex -21.3084 -27.5026 0
    endloop
  endfacet
  facet normal 0.947768 0.318959 0
    outer loop
      vertex -21.6586 -26.561 2
      vertex -21.4983 -27.0373 2
      vertex -21.4983 -27.0373 0
    endloop
  endfacet
  facet normal 0.947768 0.318959 0
    outer loop
      vertex -21.6586 -26.561 0
      vertex -21.6586 -26.561 2
      vertex -21.4983 -27.0373 0
    endloop
  endfacet
  facet normal 0.965926 0.258819 0
    outer loop
      vertex -21.7886 -26.0755 2
      vertex -21.6586 -26.561 2
      vertex -21.6586 -26.561 0
    endloop
  endfacet
  facet normal 0.965926 0.258819 0
    outer loop
      vertex -21.7886 -26.0755 0
      vertex -21.7886 -26.0755 2
      vertex -21.6586 -26.561 0
    endloop
  endfacet
  facet normal 0.980271 0.197657 0
    outer loop
      vertex -21.888 -25.5829 2
      vertex -21.7886 -26.0755 2
      vertex -21.7886 -26.0755 0
    endloop
  endfacet
  facet normal 0.980271 0.197657 0
    outer loop
      vertex -21.888 -25.5829 0
      vertex -21.888 -25.5829 2
      vertex -21.7886 -26.0755 0
    endloop
  endfacet
  facet normal 0.990748 0.135715 0
    outer loop
      vertex -21.9562 -25.0849 2
      vertex -21.888 -25.5829 2
      vertex -21.888 -25.5829 0
    endloop
  endfacet
  facet normal 0.990748 0.135715 0
    outer loop
      vertex -21.9562 -25.0849 0
      vertex -21.9562 -25.0849 2
      vertex -21.888 -25.5829 0
    endloop
  endfacet
  facet normal 0.997315 0.0732371 0
    outer loop
      vertex -21.993 -24.5837 2
      vertex -21.9562 -25.0849 2
      vertex -21.9562 -25.0849 0
    endloop
  endfacet
  facet normal 0.997315 0.0732371 0
    outer loop
      vertex -21.993 -24.5837 0
      vertex -21.993 -24.5837 2
      vertex -21.9562 -25.0849 0
    endloop
  endfacet
  facet normal 0.999945 -0.0104717 0
    outer loop
      vertex -21.993 24.5837 0
      vertex -21.993 24.5837 2
      vertex -21.9982 24.0812 2
    endloop
  endfacet
  facet normal 0.999945 -0.0104717 0
    outer loop
      vertex -21.9982 24.0812 0
      vertex -21.993 24.5837 0
      vertex -21.9982 24.0812 2
    endloop
  endfacet
  facet normal 0.997315 -0.0732371 0
    outer loop
      vertex -21.9562 25.0849 0
      vertex -21.9562 25.0849 2
      vertex -21.993 24.5837 2
    endloop
  endfacet
  facet normal 0.997315 -0.0732371 0
    outer loop
      vertex -21.993 24.5837 0
      vertex -21.9562 25.0849 0
      vertex -21.993 24.5837 2
    endloop
  endfacet
  facet normal 0.990748 -0.135715 0
    outer loop
      vertex -21.888 25.5829 0
      vertex -21.888 25.5829 2
      vertex -21.9562 25.0849 2
    endloop
  endfacet
  facet normal 0.990748 -0.135715 0
    outer loop
      vertex -21.9562 25.0849 0
      vertex -21.888 25.5829 0
      vertex -21.9562 25.0849 2
    endloop
  endfacet
  facet normal 0.980271 -0.197657 0
    outer loop
      vertex -21.7886 26.0755 0
      vertex -21.7886 26.0755 2
      vertex -21.888 25.5829 2
    endloop
  endfacet
  facet normal 0.980271 -0.197657 0
    outer loop
      vertex -21.888 25.5829 0
      vertex -21.7886 26.0755 0
      vertex -21.888 25.5829 2
    endloop
  endfacet
  facet normal 0.965926 -0.258819 0
    outer loop
      vertex -21.6586 26.561 0
      vertex -21.6586 26.561 2
      vertex -21.7886 26.0755 2
    endloop
  endfacet
  facet normal 0.965926 -0.258819 0
    outer loop
      vertex -21.7886 26.0755 0
      vertex -21.6586 26.561 0
      vertex -21.7886 26.0755 2
    endloop
  endfacet
  facet normal 0.947768 -0.318959 0
    outer loop
      vertex -21.4983 27.0373 0
      vertex -21.4983 27.0373 2
      vertex -21.6586 26.561 2
    endloop
  endfacet
  facet normal 0.947768 -0.318959 0
    outer loop
      vertex -21.6586 26.561 0
      vertex -21.4983 27.0373 0
      vertex -21.6586 26.561 2
    endloop
  endfacet
  facet normal 0.925871 -0.377841 0
    outer loop
      vertex -21.3084 27.5026 0
      vertex -21.3084 27.5026 2
      vertex -21.4983 27.0373 2
    endloop
  endfacet
  facet normal 0.925871 -0.377841 0
    outer loop
      vertex -21.4983 27.0373 0
      vertex -21.3084 27.5026 0
      vertex -21.4983 27.0373 2
    endloop
  endfacet
  facet normal 0.900318 -0.435232 0
    outer loop
      vertex -21.0896 27.9551 0
      vertex -21.0896 27.9551 2
      vertex -21.3084 27.5026 2
    endloop
  endfacet
  facet normal 0.900318 -0.435232 0
    outer loop
      vertex -21.3084 27.5026 0
      vertex -21.0896 27.9551 0
      vertex -21.3084 27.5026 2
    endloop
  endfacet
  facet normal 0.871214 -0.490904 0
    outer loop
      vertex -20.8429 28.3929 0
      vertex -20.8429 28.3929 2
      vertex -21.0896 27.9551 2
    endloop
  endfacet
  facet normal 0.871214 -0.490904 0
    outer loop
      vertex -21.0896 27.9551 0
      vertex -20.8429 28.3929 0
      vertex -21.0896 27.9551 2
    endloop
  endfacet
  facet normal 0.838671 -0.544639 0
    outer loop
      vertex -20.5692 28.8144 0
      vertex -20.5692 28.8144 2
      vertex -20.8429 28.3929 2
    endloop
  endfacet
  facet normal 0.838671 -0.544639 0
    outer loop
      vertex -20.8429 28.3929 0
      vertex -20.5692 28.8144 0
      vertex -20.8429 28.3929 2
    endloop
  endfacet
  facet normal 0.802818 -0.596224 0
    outer loop
      vertex -20.2695 29.2179 0
      vertex -20.2695 29.2179 2
      vertex -20.5692 28.8144 2
    endloop
  endfacet
  facet normal 0.802818 -0.596224 0
    outer loop
      vertex -20.5692 28.8144 0
      vertex -20.2695 29.2179 0
      vertex -20.5692 28.8144 2
    endloop
  endfacet
  facet normal 0.763796 -0.645458 0
    outer loop
      vertex -19.9452 29.6018 0
      vertex -19.9452 29.6018 2
      vertex -20.2695 29.2179 2
    endloop
  endfacet
  facet normal 0.763796 -0.645458 0
    outer loop
      vertex -20.2695 29.2179 0
      vertex -19.9452 29.6018 0
      vertex -20.2695 29.2179 2
    endloop
  endfacet
  facet normal 0.72176 -0.692143 0
    outer loop
      vertex -19.5973 29.9645 0
      vertex -19.5973 29.9645 2
      vertex -19.9452 29.6018 2
    endloop
  endfacet
  facet normal 0.72176 -0.692143 0
    outer loop
      vertex -19.9452 29.6018 0
      vertex -19.5973 29.9645 0
      vertex -19.9452 29.6018 2
    endloop
  endfacet
  facet normal 0.676877 -0.736097 0
    outer loop
      vertex -19.2274 30.3047 0
      vertex -19.2274 30.3047 2
      vertex -19.5973 29.9645 2
    endloop
  endfacet
  facet normal 0.676877 -0.736097 0
    outer loop
      vertex -19.5973 29.9645 0
      vertex -19.2274 30.3047 0
      vertex -19.5973 29.9645 2
    endloop
  endfacet
  facet normal 0.629321 -0.777146 0
    outer loop
      vertex -18.8368 30.621 0
      vertex -18.8368 30.621 2
      vertex -19.2274 30.3047 2
    endloop
  endfacet
  facet normal 0.629321 -0.777146 0
    outer loop
      vertex -19.2274 30.3047 0
      vertex -18.8368 30.621 0
      vertex -19.2274 30.3047 2
    endloop
  endfacet
  facet normal 0.579281 -0.815128 0
    outer loop
      vertex -18.4271 30.9121 0
      vertex -18.4271 30.9121 2
      vertex -18.8368 30.621 2
    endloop
  endfacet
  facet normal 0.579281 -0.815128 0
    outer loop
      vertex -18.8368 30.621 0
      vertex -18.4271 30.9121 0
      vertex -18.8368 30.621 2
    endloop
  endfacet
  facet normal 0.526956 -0.849893 0
    outer loop
      vertex -18 31.1769 0
      vertex -18 31.1769 2
      vertex -18.4271 30.9121 2
    endloop
  endfacet
  facet normal 0.526956 -0.849893 0
    outer loop
      vertex -18.4271 30.9121 0
      vertex -18 31.1769 0
      vertex -18.4271 30.9121 2
    endloop
  endfacet
  facet normal 0.472551 -0.881303 0
    outer loop
      vertex -17.5571 31.4144 0
      vertex -17.5571 31.4144 2
      vertex -18 31.1769 2
    endloop
  endfacet
  facet normal 0.472551 -0.881303 0
    outer loop
      vertex -18 31.1769 0
      vertex -17.5571 31.4144 0
      vertex -18 31.1769 2
    endloop
  endfacet
  facet normal 0.416281 -0.909236 0
    outer loop
      vertex -17.1001 31.6236 0
      vertex -17.1001 31.6236 2
      vertex -17.5571 31.4144 2
    endloop
  endfacet
  facet normal 0.416281 -0.909236 0
    outer loop
      vertex -17.5571 31.4144 0
      vertex -17.1001 31.6236 0
      vertex -17.5571 31.4144 2
    endloop
  endfacet
  facet normal 0.358367 -0.933581 0
    outer loop
      vertex -16.6309 31.8037 0
      vertex -16.6309 31.8037 2
      vertex -17.1001 31.6236 2
    endloop
  endfacet
  facet normal 0.358367 -0.933581 0
    outer loop
      vertex -17.1001 31.6236 0
      vertex -16.6309 31.8037 0
      vertex -17.1001 31.6236 2
    endloop
  endfacet
  facet normal 0.29904 -0.954241 0
    outer loop
      vertex -16.1514 31.954 0
      vertex -16.1514 31.954 2
      vertex -16.6309 31.8037 2
    endloop
  endfacet
  facet normal 0.29904 -0.954241 0
    outer loop
      vertex -16.6309 31.8037 0
      vertex -16.1514 31.954 0
      vertex -16.6309 31.8037 2
    endloop
  endfacet
  facet normal 0.238534 -0.971134 0
    outer loop
      vertex -15.6633 32.0739 0
      vertex -15.6633 32.0739 2
      vertex -16.1514 31.954 2
    endloop
  endfacet
  facet normal 0.238534 -0.971134 0
    outer loop
      vertex -16.1514 31.954 0
      vertex -15.6633 32.0739 0
      vertex -16.1514 31.954 2
    endloop
  endfacet
  facet normal 0.177085 -0.984196 0
    outer loop
      vertex -15.1687 32.1629 0
      vertex -15.1687 32.1629 2
      vertex -15.6633 32.0739 2
    endloop
  endfacet
  facet normal 0.177085 -0.984196 0
    outer loop
      vertex -15.6633 32.0739 0
      vertex -15.1687 32.1629 0
      vertex -15.6633 32.0739 2
    endloop
  endfacet
  facet normal 0.114936 -0.993373 0
    outer loop
      vertex -14.6694 32.2207 0
      vertex -14.6694 32.2207 2
      vertex -15.1687 32.1629 2
    endloop
  endfacet
  facet normal 0.114936 -0.993373 0
    outer loop
      vertex -15.1687 32.1629 0
      vertex -14.6694 32.2207 0
      vertex -15.1687 32.1629 2
    endloop
  endfacet
  facet normal 0.0523359 -0.99863 0
    outer loop
      vertex -14.1675 32.247 0
      vertex -14.1675 32.247 2
      vertex -14.6694 32.2207 2
    endloop
  endfacet
  facet normal 0.0523359 -0.99863 0
    outer loop
      vertex -14.6694 32.2207 0
      vertex -14.1675 32.247 0
      vertex -14.6694 32.2207 2
    endloop
  endfacet
  facet normal -0.0104717 -0.999945 0
    outer loop
      vertex -13.665 32.2417 0
      vertex -13.665 32.2417 2
      vertex -14.1675 32.247 2
    endloop
  endfacet
  facet normal -0.0104717 -0.999945 0
    outer loop
      vertex -14.1675 32.247 0
      vertex -13.665 32.2417 0
      vertex -14.1675 32.247 2
    endloop
  endfacet
  facet normal -0.0732371 -0.997315 0
    outer loop
      vertex -13.1638 32.2049 0
      vertex -13.1638 32.2049 2
      vertex -13.665 32.2417 2
    endloop
  endfacet
  facet normal -0.0732371 -0.997315 0
    outer loop
      vertex -13.665 32.2417 0
      vertex -13.1638 32.2049 0
      vertex -13.665 32.2417 2
    endloop
  endfacet
  facet normal -0.135715 -0.990748 0
    outer loop
      vertex -12.6658 32.1367 0
      vertex -12.6658 32.1367 2
      vertex -13.1638 32.2049 2
    endloop
  endfacet
  facet normal -0.135715 -0.990748 0
    outer loop
      vertex -13.1638 32.2049 0
      vertex -12.6658 32.1367 0
      vertex -13.1638 32.2049 2
    endloop
  endfacet
  facet normal -0.197657 -0.980271 0
    outer loop
      vertex -12.1732 32.0373 0
      vertex -12.1732 32.0373 2
      vertex -12.6658 32.1367 2
    endloop
  endfacet
  facet normal -0.197657 -0.980271 0
    outer loop
      vertex -12.6658 32.1367 0
      vertex -12.1732 32.0373 0
      vertex -12.6658 32.1367 2
    endloop
  endfacet
  facet normal -0.258819 -0.965926 0
    outer loop
      vertex -11.6877 31.9073 0
      vertex -11.6877 31.9073 2
      vertex -12.1732 32.0373 2
    endloop
  endfacet
  facet normal -0.258819 -0.965926 0
    outer loop
      vertex -12.1732 32.0373 0
      vertex -11.6877 31.9073 0
      vertex -12.1732 32.0373 2
    endloop
  endfacet
  facet normal -0.318959 -0.947768 0
    outer loop
      vertex -11.2114 31.747 0
      vertex -11.2114 31.747 2
      vertex -11.6877 31.9073 2
    endloop
  endfacet
  facet normal -0.318959 -0.947768 0
    outer loop
      vertex -11.6877 31.9073 0
      vertex -11.2114 31.747 0
      vertex -11.6877 31.9073 2
    endloop
  endfacet
  facet normal -0.377841 -0.925871 0
    outer loop
      vertex -10.7461 31.5571 0
      vertex -10.7461 31.5571 2
      vertex -11.2114 31.747 2
    endloop
  endfacet
  facet normal -0.377841 -0.925871 0
    outer loop
      vertex -11.2114 31.747 0
      vertex -10.7461 31.5571 0
      vertex -11.2114 31.747 2
    endloop
  endfacet
  facet normal -0.435232 -0.900318 0
    outer loop
      vertex -10.2936 31.3383 0
      vertex -10.2936 31.3383 2
      vertex -10.7461 31.5571 2
    endloop
  endfacet
  facet normal -0.435232 -0.900318 0
    outer loop
      vertex -10.7461 31.5571 0
      vertex -10.2936 31.3383 0
      vertex -10.7461 31.5571 2
    endloop
  endfacet
  facet normal -0.490904 -0.871214 0
    outer loop
      vertex -9.85578 31.0916 0
      vertex -9.85578 31.0916 2
      vertex -10.2936 31.3383 2
    endloop
  endfacet
  facet normal -0.490904 -0.871214 0
    outer loop
      vertex -10.2936 31.3383 0
      vertex -9.85578 31.0916 0
      vertex -10.2936 31.3383 2
    endloop
  endfacet
  facet normal -0.544639 -0.838671 0
    outer loop
      vertex -9.43429 30.8179 0
      vertex -9.43429 30.8179 2
      vertex -9.85578 31.0916 2
    endloop
  endfacet
  facet normal -0.544639 -0.838671 0
    outer loop
      vertex -9.85578 31.0916 0
      vertex -9.43429 30.8179 0
      vertex -9.85578 31.0916 2
    endloop
  endfacet
  facet normal -0.596224 -0.802818 0
    outer loop
      vertex -9.03082 30.5183 0
      vertex -9.03082 30.5183 2
      vertex -9.43429 30.8179 2
    endloop
  endfacet
  facet normal -0.596224 -0.802818 0
    outer loop
      vertex -9.43429 30.8179 0
      vertex -9.03082 30.5183 0
      vertex -9.43429 30.8179 2
    endloop
  endfacet
  facet normal -0.645458 -0.763796 0
    outer loop
      vertex -8.64696 30.1939 0
      vertex -8.64696 30.1939 2
      vertex -9.03082 30.5183 2
    endloop
  endfacet
  facet normal -0.645458 -0.763796 0
    outer loop
      vertex -9.03082 30.5183 0
      vertex -8.64696 30.1939 0
      vertex -9.03082 30.5183 2
    endloop
  endfacet
  facet normal -0.692143 -0.72176 0
    outer loop
      vertex -8.28422 29.846 0
      vertex -8.28422 29.846 2
      vertex -8.64696 30.1939 2
    endloop
  endfacet
  facet normal -0.692143 -0.72176 0
    outer loop
      vertex -8.64696 30.1939 0
      vertex -8.28422 29.846 0
      vertex -8.64696 30.1939 2
    endloop
  endfacet
  facet normal -0.736097 -0.676877 0
    outer loop
      vertex -7.94404 29.4761 2
      vertex -8.28422 29.846 2
      vertex -7.94404 29.4761 0
    endloop
  endfacet
  facet normal -0.736097 -0.676877 0
    outer loop
      vertex -7.94404 29.4761 0
      vertex -8.28422 29.846 2
      vertex -8.28422 29.846 0
    endloop
  endfacet
  facet normal -0.777146 -0.629321 0
    outer loop
      vertex -7.62776 29.0855 2
      vertex -7.94404 29.4761 2
      vertex -7.62776 29.0855 0
    endloop
  endfacet
  facet normal -0.777146 -0.629321 0
    outer loop
      vertex -7.62776 29.0855 0
      vertex -7.94404 29.4761 2
      vertex -7.94404 29.4761 0
    endloop
  endfacet
  facet normal -0.815128 -0.579281 0
    outer loop
      vertex -7.33663 28.6758 2
      vertex -7.62776 29.0855 2
      vertex -7.33663 28.6758 0
    endloop
  endfacet
  facet normal -0.815128 -0.579281 0
    outer loop
      vertex -7.33663 28.6758 0
      vertex -7.62776 29.0855 2
      vertex -7.62776 29.0855 0
    endloop
  endfacet
  facet normal -0.849893 -0.526956 0
    outer loop
      vertex -7.0718 28.2487 2
      vertex -7.33663 28.6758 2
      vertex -7.0718 28.2487 0
    endloop
  endfacet
  facet normal -0.849893 -0.526956 0
    outer loop
      vertex -7.0718 28.2487 0
      vertex -7.33663 28.6758 2
      vertex -7.33663 28.6758 0
    endloop
  endfacet
  facet normal -0.881303 -0.472551 0
    outer loop
      vertex -6.83431 27.8058 2
      vertex -7.0718 28.2487 2
      vertex -6.83431 27.8058 0
    endloop
  endfacet
  facet normal -0.881303 -0.472551 0
    outer loop
      vertex -6.83431 27.8058 0
      vertex -7.0718 28.2487 2
      vertex -7.0718 28.2487 0
    endloop
  endfacet
  facet normal -0.909236 -0.416281 0
    outer loop
      vertex -6.62509 27.3488 2
      vertex -6.83431 27.8058 2
      vertex -6.62509 27.3488 0
    endloop
  endfacet
  facet normal -0.909236 -0.416281 0
    outer loop
      vertex -6.62509 27.3488 0
      vertex -6.83431 27.8058 2
      vertex -6.83431 27.8058 0
    endloop
  endfacet
  facet normal -0.933581 -0.358367 0
    outer loop
      vertex -6.44499 26.8796 2
      vertex -6.62509 27.3488 2
      vertex -6.44499 26.8796 0
    endloop
  endfacet
  facet normal -0.933581 -0.358367 0
    outer loop
      vertex -6.44499 26.8796 0
      vertex -6.62509 27.3488 2
      vertex -6.62509 27.3488 0
    endloop
  endfacet
  facet normal -0.954241 -0.29904 0
    outer loop
      vertex -6.2947 26.4001 2
      vertex -6.44499 26.8796 2
      vertex -6.2947 26.4001 0
    endloop
  endfacet
  facet normal -0.954241 -0.29904 0
    outer loop
      vertex -6.2947 26.4001 0
      vertex -6.44499 26.8796 2
      vertex -6.44499 26.8796 0
    endloop
  endfacet
  facet normal -0.971134 -0.238534 0
    outer loop
      vertex -6.17482 25.912 2
      vertex -6.2947 26.4001 2
      vertex -6.17482 25.912 0
    endloop
  endfacet
  facet normal -0.971134 -0.238534 0
    outer loop
      vertex -6.17482 25.912 0
      vertex -6.2947 26.4001 2
      vertex -6.2947 26.4001 0
    endloop
  endfacet
  facet normal -0.984196 -0.177085 0
    outer loop
      vertex -6.08582 25.4174 2
      vertex -6.17482 25.912 2
      vertex -6.08582 25.4174 0
    endloop
  endfacet
  facet normal -0.984196 -0.177085 0
    outer loop
      vertex -6.08582 25.4174 0
      vertex -6.17482 25.912 2
      vertex -6.17482 25.912 0
    endloop
  endfacet
  facet normal -0.993373 -0.114936 0
    outer loop
      vertex -6.02806 24.9181 2
      vertex -6.08582 25.4174 2
      vertex -6.02806 24.9181 0
    endloop
  endfacet
  facet normal -0.993373 -0.114936 0
    outer loop
      vertex -6.02806 24.9181 0
      vertex -6.08582 25.4174 2
      vertex -6.08582 25.4174 0
    endloop
  endfacet
  facet normal -0.99863 -0.0523359 0
    outer loop
      vertex -6.00176 24.4163 2
      vertex -6.02806 24.9181 2
      vertex -6.00176 24.4163 0
    endloop
  endfacet
  facet normal -0.99863 -0.0523359 0
    outer loop
      vertex -6.00176 24.4163 0
      vertex -6.02806 24.9181 2
      vertex -6.02806 24.9181 0
    endloop
  endfacet
  facet normal -0.999945 0.0104717 0
    outer loop
      vertex -6.00176 24.4163 2
      vertex -6.00176 24.4163 0
      vertex -6.00702 23.9137 2
    endloop
  endfacet
  facet normal -0.999945 0.0104717 0
    outer loop
      vertex -6.00702 23.9137 2
      vertex -6.00176 24.4163 0
      vertex -6.00702 23.9137 0
    endloop
  endfacet
  facet normal -0.997315 0.0732371 0
    outer loop
      vertex -6.00702 23.9137 2
      vertex -6.00702 23.9137 0
      vertex -6.04382 23.4125 2
    endloop
  endfacet
  facet normal -0.997315 0.0732371 0
    outer loop
      vertex -6.04382 23.4125 2
      vertex -6.00702 23.9137 0
      vertex -6.04382 23.4125 0
    endloop
  endfacet
  facet normal -0.990748 0.135715 0
    outer loop
      vertex -6.04382 23.4125 2
      vertex -6.04382 23.4125 0
      vertex -6.11203 22.9146 2
    endloop
  endfacet
  facet normal -0.990748 0.135715 0
    outer loop
      vertex -6.11203 22.9146 2
      vertex -6.04382 23.4125 0
      vertex -6.11203 22.9146 0
    endloop
  endfacet
  facet normal -0.980271 0.197657 0
    outer loop
      vertex -6.11203 22.9146 2
      vertex -6.11203 22.9146 0
      vertex -6.21137 22.4219 2
    endloop
  endfacet
  facet normal -0.980271 0.197657 0
    outer loop
      vertex -6.21137 22.4219 2
      vertex -6.11203 22.9146 0
      vertex -6.21137 22.4219 0
    endloop
  endfacet
  facet normal -0.965926 0.258819 0
    outer loop
      vertex -6.21137 22.4219 2
      vertex -6.21137 22.4219 0
      vertex -6.34144 21.9365 2
    endloop
  endfacet
  facet normal -0.965926 0.258819 0
    outer loop
      vertex -6.34144 21.9365 2
      vertex -6.21137 22.4219 0
      vertex -6.34144 21.9365 0
    endloop
  endfacet
  facet normal -0.947768 0.318959 0
    outer loop
      vertex -6.34144 21.9365 2
      vertex -6.34144 21.9365 0
      vertex -6.50174 21.4601 2
    endloop
  endfacet
  facet normal -0.947768 0.318959 0
    outer loop
      vertex -6.50174 21.4601 2
      vertex -6.34144 21.9365 0
      vertex -6.50174 21.4601 0
    endloop
  endfacet
  facet normal -0.925871 0.377841 0
    outer loop
      vertex -6.50174 21.4601 2
      vertex -6.50174 21.4601 0
      vertex -6.69164 20.9948 2
    endloop
  endfacet
  facet normal -0.925871 0.377841 0
    outer loop
      vertex -6.69164 20.9948 2
      vertex -6.50174 21.4601 0
      vertex -6.69164 20.9948 0
    endloop
  endfacet
  facet normal -0.900318 0.435232 0
    outer loop
      vertex -6.69164 20.9948 2
      vertex -6.69164 20.9948 0
      vertex -6.91037 20.5423 2
    endloop
  endfacet
  facet normal -0.900318 0.435232 0
    outer loop
      vertex -6.91037 20.5423 2
      vertex -6.69164 20.9948 0
      vertex -6.91037 20.5423 0
    endloop
  endfacet
  facet normal -0.871214 0.490904 0
    outer loop
      vertex -6.91037 20.5423 2
      vertex -6.91037 20.5423 0
      vertex -7.15709 20.1045 2
    endloop
  endfacet
  facet normal -0.871214 0.490904 0
    outer loop
      vertex -7.15709 20.1045 2
      vertex -6.91037 20.5423 0
      vertex -7.15709 20.1045 0
    endloop
  endfacet
  facet normal -0.838671 0.544639 0
    outer loop
      vertex -7.15709 20.1045 2
      vertex -7.15709 20.1045 0
      vertex -7.43081 19.683 2
    endloop
  endfacet
  facet normal -0.838671 0.544639 0
    outer loop
      vertex -7.43081 19.683 2
      vertex -7.15709 20.1045 0
      vertex -7.43081 19.683 0
    endloop
  endfacet
  facet normal -0.802818 0.596224 0
    outer loop
      vertex -7.43081 19.683 2
      vertex -7.43081 19.683 0
      vertex -7.73045 19.2795 2
    endloop
  endfacet
  facet normal -0.802818 0.596224 0
    outer loop
      vertex -7.73045 19.2795 2
      vertex -7.43081 19.683 0
      vertex -7.73045 19.2795 0
    endloop
  endfacet
  facet normal -0.763796 0.645458 0
    outer loop
      vertex -7.73045 19.2795 2
      vertex -7.73045 19.2795 0
      vertex -8.05484 18.8957 2
    endloop
  endfacet
  facet normal -0.763796 0.645458 0
    outer loop
      vertex -8.05484 18.8957 2
      vertex -7.73045 19.2795 0
      vertex -8.05484 18.8957 0
    endloop
  endfacet
  facet normal -0.72176 0.692143 0
    outer loop
      vertex -8.05484 18.8957 2
      vertex -8.05484 18.8957 0
      vertex -8.40269 18.5329 2
    endloop
  endfacet
  facet normal -0.72176 0.692143 0
    outer loop
      vertex -8.40269 18.5329 2
      vertex -8.05484 18.8957 0
      vertex -8.40269 18.5329 0
    endloop
  endfacet
  facet normal -0.676877 0.736097 0
    outer loop
      vertex -8.40269 18.5329 2
      vertex -8.40269 18.5329 0
      vertex -8.77263 18.1928 2
    endloop
  endfacet
  facet normal -0.676877 0.736097 0
    outer loop
      vertex -8.77263 18.1928 2
      vertex -8.40269 18.5329 0
      vertex -8.77263 18.1928 0
    endloop
  endfacet
  facet normal -0.629321 0.777146 0
    outer loop
      vertex -8.77263 18.1928 2
      vertex -8.77263 18.1928 0
      vertex -9.16321 17.8765 2
    endloop
  endfacet
  facet normal -0.629321 0.777146 0
    outer loop
      vertex -9.16321 17.8765 2
      vertex -8.77263 18.1928 0
      vertex -9.16321 17.8765 0
    endloop
  endfacet
  facet normal -0.579281 0.815128 0
    outer loop
      vertex -9.16321 17.8765 2
      vertex -9.16321 17.8765 0
      vertex -9.57287 17.5853 2
    endloop
  endfacet
  facet normal -0.579281 0.815128 0
    outer loop
      vertex -9.57287 17.5853 2
      vertex -9.16321 17.8765 0
      vertex -9.57287 17.5853 0
    endloop
  endfacet
  facet normal -0.526956 0.849893 0
    outer loop
      vertex -9.57287 17.5853 2
      vertex -9.57287 17.5853 0
      vertex -10 17.3205 2
    endloop
  endfacet
  facet normal -0.526956 0.849893 0
    outer loop
      vertex -10 17.3205 2
      vertex -9.57287 17.5853 0
      vertex -10 17.3205 0
    endloop
  endfacet
  facet normal -0.472551 0.881303 0
    outer loop
      vertex -10 17.3205 2
      vertex -10 17.3205 0
      vertex -10.4429 17.083 2
    endloop
  endfacet
  facet normal -0.472551 0.881303 0
    outer loop
      vertex -10.4429 17.083 2
      vertex -10 17.3205 0
      vertex -10.4429 17.083 0
    endloop
  endfacet
  facet normal -0.416281 0.909236 0
    outer loop
      vertex -10.4429 17.083 2
      vertex -10.4429 17.083 0
      vertex -10.8999 16.8738 2
    endloop
  endfacet
  facet normal -0.416281 0.909236 0
    outer loop
      vertex -10.8999 16.8738 2
      vertex -10.4429 17.083 0
      vertex -10.8999 16.8738 0
    endloop
  endfacet
  facet normal -0.358367 0.933581 0
    outer loop
      vertex -10.8999 16.8738 2
      vertex -10.8999 16.8738 0
      vertex -11.3691 16.6937 2
    endloop
  endfacet
  facet normal -0.358367 0.933581 0
    outer loop
      vertex -11.3691 16.6937 2
      vertex -10.8999 16.8738 0
      vertex -11.3691 16.6937 0
    endloop
  endfacet
  facet normal -0.29904 0.954241 0
    outer loop
      vertex -11.3691 16.6937 2
      vertex -11.3691 16.6937 0
      vertex -11.8486 16.5434 2
    endloop
  endfacet
  facet normal -0.29904 0.954241 0
    outer loop
      vertex -11.8486 16.5434 2
      vertex -11.3691 16.6937 0
      vertex -11.8486 16.5434 0
    endloop
  endfacet
  facet normal -0.238534 0.971134 0
    outer loop
      vertex -11.8486 16.5434 2
      vertex -11.8486 16.5434 0
      vertex -12.3367 16.4235 2
    endloop
  endfacet
  facet normal -0.238534 0.971134 0
    outer loop
      vertex -12.3367 16.4235 2
      vertex -11.8486 16.5434 0
      vertex -12.3367 16.4235 0
    endloop
  endfacet
  facet normal -0.177085 0.984196 0
    outer loop
      vertex -12.3367 16.4235 2
      vertex -12.3367 16.4235 0
      vertex -12.8313 16.3345 2
    endloop
  endfacet
  facet normal -0.177085 0.984196 0
    outer loop
      vertex -12.8313 16.3345 2
      vertex -12.3367 16.4235 0
      vertex -12.8313 16.3345 0
    endloop
  endfacet
  facet normal -0.114936 0.993373 0
    outer loop
      vertex -12.8313 16.3345 2
      vertex -12.8313 16.3345 0
      vertex -13.3306 16.2768 2
    endloop
  endfacet
  facet normal -0.114936 0.993373 0
    outer loop
      vertex -13.3306 16.2768 2
      vertex -12.8313 16.3345 0
      vertex -13.3306 16.2768 0
    endloop
  endfacet
  facet normal -0.0523359 0.99863 0
    outer loop
      vertex -13.3306 16.2768 2
      vertex -13.3306 16.2768 0
      vertex -13.8325 16.2505 2
    endloop
  endfacet
  facet normal -0.0523359 0.99863 0
    outer loop
      vertex -13.8325 16.2505 2
      vertex -13.3306 16.2768 0
      vertex -13.8325 16.2505 0
    endloop
  endfacet
  facet normal 0.0104717 0.999945 0
    outer loop
      vertex -13.8325 16.2505 2
      vertex -13.8325 16.2505 0
      vertex -14.335 16.2557 2
    endloop
  endfacet
  facet normal 0.0104717 0.999945 0
    outer loop
      vertex -14.335 16.2557 2
      vertex -13.8325 16.2505 0
      vertex -14.335 16.2557 0
    endloop
  endfacet
  facet normal 0.0732371 0.997315 0
    outer loop
      vertex -14.335 16.2557 2
      vertex -14.335 16.2557 0
      vertex -14.8362 16.2925 2
    endloop
  endfacet
  facet normal 0.0732371 0.997315 0
    outer loop
      vertex -14.8362 16.2925 2
      vertex -14.335 16.2557 0
      vertex -14.8362 16.2925 0
    endloop
  endfacet
  facet normal 0.135715 0.990748 0
    outer loop
      vertex -14.8362 16.2925 2
      vertex -14.8362 16.2925 0
      vertex -15.3342 16.3607 2
    endloop
  endfacet
  facet normal 0.135715 0.990748 0
    outer loop
      vertex -15.3342 16.3607 2
      vertex -14.8362 16.2925 0
      vertex -15.3342 16.3607 0
    endloop
  endfacet
  facet normal 0.197657 0.980271 0
    outer loop
      vertex -15.3342 16.3607 2
      vertex -15.3342 16.3607 0
      vertex -15.8268 16.4601 2
    endloop
  endfacet
  facet normal 0.197657 0.980271 0
    outer loop
      vertex -15.8268 16.4601 2
      vertex -15.3342 16.3607 0
      vertex -15.8268 16.4601 0
    endloop
  endfacet
  facet normal 0.258819 0.965926 0
    outer loop
      vertex -15.8268 16.4601 2
      vertex -15.8268 16.4601 0
      vertex -16.3123 16.5902 2
    endloop
  endfacet
  facet normal 0.258819 0.965926 0
    outer loop
      vertex -16.3123 16.5902 2
      vertex -15.8268 16.4601 0
      vertex -16.3123 16.5902 0
    endloop
  endfacet
  facet normal 0.318959 0.947768 0
    outer loop
      vertex -16.3123 16.5902 2
      vertex -16.3123 16.5902 0
      vertex -16.7886 16.7505 2
    endloop
  endfacet
  facet normal 0.318959 0.947768 0
    outer loop
      vertex -16.7886 16.7505 2
      vertex -16.3123 16.5902 0
      vertex -16.7886 16.7505 0
    endloop
  endfacet
  facet normal 0.377841 0.925871 0
    outer loop
      vertex -16.7886 16.7505 2
      vertex -16.7886 16.7505 0
      vertex -17.2539 16.9403 2
    endloop
  endfacet
  facet normal 0.377841 0.925871 0
    outer loop
      vertex -17.2539 16.9403 2
      vertex -16.7886 16.7505 0
      vertex -17.2539 16.9403 0
    endloop
  endfacet
  facet normal 0.435232 0.900318 0
    outer loop
      vertex -17.2539 16.9403 2
      vertex -17.2539 16.9403 0
      vertex -17.7064 17.1591 2
    endloop
  endfacet
  facet normal 0.435232 0.900318 0
    outer loop
      vertex -17.7064 17.1591 2
      vertex -17.2539 16.9403 0
      vertex -17.7064 17.1591 0
    endloop
  endfacet
  facet normal 0.490904 0.871214 0
    outer loop
      vertex -17.7064 17.1591 2
      vertex -17.7064 17.1591 0
      vertex -18.1442 17.4058 2
    endloop
  endfacet
  facet normal 0.490904 0.871214 0
    outer loop
      vertex -18.1442 17.4058 2
      vertex -17.7064 17.1591 0
      vertex -18.1442 17.4058 0
    endloop
  endfacet
  facet normal 0.544639 0.838671 0
    outer loop
      vertex -18.1442 17.4058 2
      vertex -18.1442 17.4058 0
      vertex -18.5657 17.6795 2
    endloop
  endfacet
  facet normal 0.544639 0.838671 0
    outer loop
      vertex -18.5657 17.6795 2
      vertex -18.1442 17.4058 0
      vertex -18.5657 17.6795 0
    endloop
  endfacet
  facet normal 0.596224 0.802818 0
    outer loop
      vertex -18.5657 17.6795 2
      vertex -18.5657 17.6795 0
      vertex -18.9692 17.9792 2
    endloop
  endfacet
  facet normal 0.596224 0.802818 0
    outer loop
      vertex -18.9692 17.9792 2
      vertex -18.5657 17.6795 0
      vertex -18.9692 17.9792 0
    endloop
  endfacet
  facet normal 0.645458 0.763796 0
    outer loop
      vertex -18.9692 17.9792 2
      vertex -18.9692 17.9792 0
      vertex -19.353 18.3036 2
    endloop
  endfacet
  facet normal 0.645458 0.763796 0
    outer loop
      vertex -19.353 18.3036 2
      vertex -18.9692 17.9792 0
      vertex -19.353 18.3036 0
    endloop
  endfacet
  facet normal 0.692143 0.72176 0
    outer loop
      vertex -19.353 18.3036 2
      vertex -19.353 18.3036 0
      vertex -19.7158 18.6514 2
    endloop
  endfacet
  facet normal 0.692143 0.72176 0
    outer loop
      vertex -19.7158 18.6514 2
      vertex -19.353 18.3036 0
      vertex -19.7158 18.6514 0
    endloop
  endfacet
  facet normal 0.736097 0.676877 0
    outer loop
      vertex -20.056 19.0213 2
      vertex -19.7158 18.6514 2
      vertex -19.7158 18.6514 0
    endloop
  endfacet
  facet normal 0.736097 0.676877 0
    outer loop
      vertex -20.056 19.0213 0
      vertex -20.056 19.0213 2
      vertex -19.7158 18.6514 0
    endloop
  endfacet
  facet normal 0.777146 0.629321 0
    outer loop
      vertex -20.3722 19.4119 2
      vertex -20.056 19.0213 2
      vertex -20.056 19.0213 0
    endloop
  endfacet
  facet normal 0.777146 0.629321 0
    outer loop
      vertex -20.3722 19.4119 0
      vertex -20.3722 19.4119 2
      vertex -20.056 19.0213 0
    endloop
  endfacet
  facet normal 0.815128 0.579281 0
    outer loop
      vertex -20.6634 19.8216 2
      vertex -20.3722 19.4119 2
      vertex -20.3722 19.4119 0
    endloop
  endfacet
  facet normal 0.815128 0.579281 0
    outer loop
      vertex -20.6634 19.8216 0
      vertex -20.6634 19.8216 2
      vertex -20.3722 19.4119 0
    endloop
  endfacet
  facet normal 0.849893 0.526956 0
    outer loop
      vertex -20.9282 20.2487 2
      vertex -20.6634 19.8216 2
      vertex -20.6634 19.8216 0
    endloop
  endfacet
  facet normal 0.849893 0.526956 0
    outer loop
      vertex -20.9282 20.2487 0
      vertex -20.9282 20.2487 2
      vertex -20.6634 19.8216 0
    endloop
  endfacet
  facet normal 0.881303 0.472551 0
    outer loop
      vertex -21.1657 20.6916 2
      vertex -20.9282 20.2487 2
      vertex -20.9282 20.2487 0
    endloop
  endfacet
  facet normal 0.881303 0.472551 0
    outer loop
      vertex -21.1657 20.6916 0
      vertex -21.1657 20.6916 2
      vertex -20.9282 20.2487 0
    endloop
  endfacet
  facet normal 0.909236 0.416281 0
    outer loop
      vertex -21.3749 21.1486 2
      vertex -21.1657 20.6916 2
      vertex -21.1657 20.6916 0
    endloop
  endfacet
  facet normal 0.909236 0.416281 0
    outer loop
      vertex -21.3749 21.1486 0
      vertex -21.3749 21.1486 2
      vertex -21.1657 20.6916 0
    endloop
  endfacet
  facet normal 0.933581 0.358367 0
    outer loop
      vertex -21.555 21.6178 2
      vertex -21.3749 21.1486 2
      vertex -21.3749 21.1486 0
    endloop
  endfacet
  facet normal 0.933581 0.358367 0
    outer loop
      vertex -21.555 21.6178 0
      vertex -21.555 21.6178 2
      vertex -21.3749 21.1486 0
    endloop
  endfacet
  facet normal 0.954241 0.29904 0
    outer loop
      vertex -21.7053 22.0974 2
      vertex -21.555 21.6178 2
      vertex -21.555 21.6178 0
    endloop
  endfacet
  facet normal 0.954241 0.29904 0
    outer loop
      vertex -21.7053 22.0974 0
      vertex -21.7053 22.0974 2
      vertex -21.555 21.6178 0
    endloop
  endfacet
  facet normal 0.971134 0.238534 0
    outer loop
      vertex -21.8252 22.5854 2
      vertex -21.7053 22.0974 2
      vertex -21.7053 22.0974 0
    endloop
  endfacet
  facet normal 0.971134 0.238534 0
    outer loop
      vertex -21.8252 22.5854 0
      vertex -21.8252 22.5854 2
      vertex -21.7053 22.0974 0
    endloop
  endfacet
  facet normal 0.984196 0.177085 0
    outer loop
      vertex -21.9142 23.08 2
      vertex -21.8252 22.5854 2
      vertex -21.8252 22.5854 0
    endloop
  endfacet
  facet normal 0.984196 0.177085 0
    outer loop
      vertex -21.9142 23.08 0
      vertex -21.9142 23.08 2
      vertex -21.8252 22.5854 0
    endloop
  endfacet
  facet normal 0.993373 0.114936 0
    outer loop
      vertex -21.9719 23.5793 2
      vertex -21.9142 23.08 2
      vertex -21.9142 23.08 0
    endloop
  endfacet
  facet normal 0.993373 0.114936 0
    outer loop
      vertex -21.9719 23.5793 0
      vertex -21.9719 23.5793 2
      vertex -21.9142 23.08 0
    endloop
  endfacet
  facet normal 0.99863 0.0523359 0
    outer loop
      vertex -21.9982 24.0812 2
      vertex -21.9719 23.5793 2
      vertex -21.9719 23.5793 0
    endloop
  endfacet
  facet normal 0.99863 0.0523359 0
    outer loop
      vertex -21.9982 24.0812 0
      vertex -21.9982 24.0812 2
      vertex -21.9719 23.5793 0
    endloop
  endfacet
  facet normal 0.999507 -0.0314113 0
    outer loop
      vertex -12.9743 0.816277 0
      vertex -12.9743 0.816277 22
      vertex -13 0 22
    endloop
  endfacet
  facet normal 0.999507 -0.0314113 0
    outer loop
      vertex -13 0 0
      vertex -12.9743 0.816277 0
      vertex -13 0 22
    endloop
  endfacet
  facet normal 0.999507 0.0314113 0
    outer loop
      vertex -13 0 22
      vertex -12.9743 -0.816277 22
      vertex -12.9743 -0.816277 0
    endloop
  endfacet
  facet normal 0.999507 0.0314113 0
    outer loop
      vertex -13 0 0
      vertex -13 0 22
      vertex -12.9743 -0.816277 0
    endloop
  endfacet
  facet normal 0.995562 -0.0941079 0
    outer loop
      vertex -12.8975 1.62933 0
      vertex -12.8975 1.62933 22
      vertex -12.9743 0.816277 22
    endloop
  endfacet
  facet normal 0.995562 -0.0941079 0
    outer loop
      vertex -12.9743 0.816277 0
      vertex -12.8975 1.62933 0
      vertex -12.9743 0.816277 22
    endloop
  endfacet
  facet normal 0.987688 -0.156435 0
    outer loop
      vertex -12.7697 2.43596 0
      vertex -12.7697 2.43596 22
      vertex -12.8975 1.62933 22
    endloop
  endfacet
  facet normal 0.987688 -0.156435 0
    outer loop
      vertex -12.8975 1.62933 0
      vertex -12.7697 2.43596 0
      vertex -12.8975 1.62933 22
    endloop
  endfacet
  facet normal 0.975917 -0.218143 0
    outer loop
      vertex -12.5916 3.23297 0
      vertex -12.5916 3.23297 22
      vertex -12.7697 2.43596 22
    endloop
  endfacet
  facet normal 0.975917 -0.218143 0
    outer loop
      vertex -12.7697 2.43596 0
      vertex -12.5916 3.23297 0
      vertex -12.7697 2.43596 22
    endloop
  endfacet
  facet normal 0.960294 -0.278991 0
    outer loop
      vertex -12.3637 4.01722 0
      vertex -12.3637 4.01722 22
      vertex -12.5916 3.23297 22
    endloop
  endfacet
  facet normal 0.960294 -0.278991 0
    outer loop
      vertex -12.5916 3.23297 0
      vertex -12.3637 4.01722 0
      vertex -12.5916 3.23297 22
    endloop
  endfacet
  facet normal 0.94088 -0.338739 0
    outer loop
      vertex -12.0871 4.78562 0
      vertex -12.0871 4.78562 22
      vertex -12.3637 4.01722 22
    endloop
  endfacet
  facet normal 0.94088 -0.338739 0
    outer loop
      vertex -12.3637 4.01722 0
      vertex -12.0871 4.78562 0
      vertex -12.3637 4.01722 22
    endloop
  endfacet
  facet normal 0.917755 -0.397147 0
    outer loop
      vertex -11.7628 5.53513 0
      vertex -11.7628 5.53513 22
      vertex -12.0871 4.78562 22
    endloop
  endfacet
  facet normal 0.917755 -0.397147 0
    outer loop
      vertex -12.0871 4.78562 0
      vertex -11.7628 5.53513 0
      vertex -12.0871 4.78562 22
    endloop
  endfacet
  facet normal 0.891006 -0.453991 0
    outer loop
      vertex -11.392 6.2628 0
      vertex -11.392 6.2628 22
      vertex -11.7628 5.53513 22
    endloop
  endfacet
  facet normal 0.891006 -0.453991 0
    outer loop
      vertex -11.7628 5.53513 0
      vertex -11.392 6.2628 0
      vertex -11.7628 5.53513 22
    endloop
  endfacet
  facet normal 0.860742 -0.509042 0
    outer loop
      vertex -10.9763 6.96575 0
      vertex -10.9763 6.96575 22
      vertex -11.392 6.2628 22
    endloop
  endfacet
  facet normal 0.860742 -0.509042 0
    outer loop
      vertex -11.392 6.2628 0
      vertex -10.9763 6.96575 0
      vertex -11.392 6.2628 22
    endloop
  endfacet
  facet normal 0.827081 -0.562083 0
    outer loop
      vertex -10.5172 7.64121 0
      vertex -10.5172 7.64121 22
      vertex -10.9763 6.96575 22
    endloop
  endfacet
  facet normal 0.827081 -0.562083 0
    outer loop
      vertex -10.9763 6.96575 0
      vertex -10.5172 7.64121 0
      vertex -10.9763 6.96575 22
    endloop
  endfacet
  facet normal 0.790155 -0.612907 0
    outer loop
      vertex -10.0167 8.28651 0
      vertex -10.0167 8.28651 22
      vertex -10.5172 7.64121 22
    endloop
  endfacet
  facet normal 0.790155 -0.612907 0
    outer loop
      vertex -10.5172 7.64121 0
      vertex -10.0167 8.28651 0
      vertex -10.5172 7.64121 22
    endloop
  endfacet
  facet normal 0.750111 -0.661312 0
    outer loop
      vertex -9.47659 8.89911 0
      vertex -9.47659 8.89911 22
      vertex -10.0167 8.28651 22
    endloop
  endfacet
  facet normal 0.750111 -0.661312 0
    outer loop
      vertex -10.0167 8.28651 0
      vertex -9.47659 8.89911 0
      vertex -10.0167 8.28651 22
    endloop
  endfacet
  facet normal 0.707107 -0.707107 0
    outer loop
      vertex -8.89911 9.47659 0
      vertex -8.89911 9.47659 22
      vertex -9.47659 8.89911 22
    endloop
  endfacet
  facet normal 0.707107 -0.707107 0
    outer loop
      vertex -9.47659 8.89911 0
      vertex -8.89911 9.47659 0
      vertex -9.47659 8.89911 22
    endloop
  endfacet
  facet normal 0.661312 -0.750111 0
    outer loop
      vertex -8.28651 10.0167 0
      vertex -8.28651 10.0167 22
      vertex -8.89911 9.47659 22
    endloop
  endfacet
  facet normal 0.661312 -0.750111 0
    outer loop
      vertex -8.89911 9.47659 0
      vertex -8.28651 10.0167 0
      vertex -8.89911 9.47659 22
    endloop
  endfacet
  facet normal 0.612907 -0.790155 0
    outer loop
      vertex -7.64121 10.5172 0
      vertex -7.64121 10.5172 22
      vertex -8.28651 10.0167 22
    endloop
  endfacet
  facet normal 0.612907 -0.790155 0
    outer loop
      vertex -8.28651 10.0167 0
      vertex -7.64121 10.5172 0
      vertex -8.28651 10.0167 22
    endloop
  endfacet
  facet normal 0.562083 -0.827081 0
    outer loop
      vertex -6.96575 10.9763 0
      vertex -6.96575 10.9763 22
      vertex -7.64121 10.5172 22
    endloop
  endfacet
  facet normal 0.562083 -0.827081 0
    outer loop
      vertex -7.64121 10.5172 0
      vertex -6.96575 10.9763 0
      vertex -7.64121 10.5172 22
    endloop
  endfacet
  facet normal 0.509042 -0.860742 0
    outer loop
      vertex -6.2628 11.392 0
      vertex -6.2628 11.392 22
      vertex -6.96575 10.9763 22
    endloop
  endfacet
  facet normal 0.509042 -0.860742 0
    outer loop
      vertex -6.96575 10.9763 0
      vertex -6.2628 11.392 0
      vertex -6.96575 10.9763 22
    endloop
  endfacet
  facet normal 0.453991 -0.891006 0
    outer loop
      vertex -5.53513 11.7628 0
      vertex -5.53513 11.7628 22
      vertex -6.2628 11.392 22
    endloop
  endfacet
  facet normal 0.453991 -0.891006 0
    outer loop
      vertex -6.2628 11.392 0
      vertex -5.53513 11.7628 0
      vertex -6.2628 11.392 22
    endloop
  endfacet
  facet normal 0.397147 -0.917755 0
    outer loop
      vertex -4.78562 12.0871 0
      vertex -4.78562 12.0871 22
      vertex -5.53513 11.7628 22
    endloop
  endfacet
  facet normal 0.397147 -0.917755 0
    outer loop
      vertex -5.53513 11.7628 0
      vertex -4.78562 12.0871 0
      vertex -5.53513 11.7628 22
    endloop
  endfacet
  facet normal 0.338739 -0.94088 0
    outer loop
      vertex -4.01722 12.3637 0
      vertex -4.01722 12.3637 22
      vertex -4.78562 12.0871 22
    endloop
  endfacet
  facet normal 0.338739 -0.94088 0
    outer loop
      vertex -4.78562 12.0871 0
      vertex -4.01722 12.3637 0
      vertex -4.78562 12.0871 22
    endloop
  endfacet
  facet normal 0.278991 -0.960294 0
    outer loop
      vertex -3.23297 12.5916 0
      vertex -3.23297 12.5916 22
      vertex -4.01722 12.3637 22
    endloop
  endfacet
  facet normal 0.278991 -0.960294 0
    outer loop
      vertex -4.01722 12.3637 0
      vertex -3.23297 12.5916 0
      vertex -4.01722 12.3637 22
    endloop
  endfacet
  facet normal 0.218143 -0.975917 0
    outer loop
      vertex -2.43596 12.7697 0
      vertex -2.43596 12.7697 22
      vertex -3.23297 12.5916 22
    endloop
  endfacet
  facet normal 0.218143 -0.975917 0
    outer loop
      vertex -3.23297 12.5916 0
      vertex -2.43596 12.7697 0
      vertex -3.23297 12.5916 22
    endloop
  endfacet
  facet normal 0.156435 -0.987688 0
    outer loop
      vertex -1.62933 12.8975 0
      vertex -1.62933 12.8975 22
      vertex -2.43596 12.7697 22
    endloop
  endfacet
  facet normal 0.156435 -0.987688 0
    outer loop
      vertex -2.43596 12.7697 0
      vertex -1.62933 12.8975 0
      vertex -2.43596 12.7697 22
    endloop
  endfacet
  facet normal 0.0941079 -0.995562 0
    outer loop
      vertex -0.816277 12.9743 0
      vertex -0.816277 12.9743 22
      vertex -1.62933 12.8975 22
    endloop
  endfacet
  facet normal 0.0941079 -0.995562 0
    outer loop
      vertex -1.62933 12.8975 0
      vertex -0.816277 12.9743 0
      vertex -1.62933 12.8975 22
    endloop
  endfacet
  facet normal 0.0314113 -0.999507 0
    outer loop
      vertex 0 13 0
      vertex 0 13 22
      vertex -0.816277 12.9743 22
    endloop
  endfacet
  facet normal 0.0314113 -0.999507 0
    outer loop
      vertex -0.816277 12.9743 0
      vertex 0 13 0
      vertex -0.816277 12.9743 22
    endloop
  endfacet
  facet normal -0.0314113 -0.999507 0
    outer loop
      vertex 0.816277 12.9743 0
      vertex 0.816277 12.9743 22
      vertex 0 13 22
    endloop
  endfacet
  facet normal -0.0314113 -0.999507 0
    outer loop
      vertex 0 13 0
      vertex 0.816277 12.9743 0
      vertex 0 13 22
    endloop
  endfacet
  facet normal -0.0941079 -0.995562 0
    outer loop
      vertex 1.62933 12.8975 0
      vertex 1.62933 12.8975 22
      vertex 0.816277 12.9743 22
    endloop
  endfacet
  facet normal -0.0941079 -0.995562 0
    outer loop
      vertex 0.816277 12.9743 0
      vertex 1.62933 12.8975 0
      vertex 0.816277 12.9743 22
    endloop
  endfacet
  facet normal -0.156435 -0.987688 0
    outer loop
      vertex 2.43596 12.7697 0
      vertex 2.43596 12.7697 22
      vertex 1.62933 12.8975 22
    endloop
  endfacet
  facet normal -0.156435 -0.987688 0
    outer loop
      vertex 1.62933 12.8975 0
      vertex 2.43596 12.7697 0
      vertex 1.62933 12.8975 22
    endloop
  endfacet
  facet normal -0.218143 -0.975917 0
    outer loop
      vertex 3.23297 12.5916 0
      vertex 3.23297 12.5916 22
      vertex 2.43596 12.7697 22
    endloop
  endfacet
  facet normal -0.218143 -0.975917 0
    outer loop
      vertex 2.43596 12.7697 0
      vertex 3.23297 12.5916 0
      vertex 2.43596 12.7697 22
    endloop
  endfacet
  facet normal -0.278991 -0.960294 0
    outer loop
      vertex 4.01722 12.3637 0
      vertex 4.01722 12.3637 22
      vertex 3.23297 12.5916 22
    endloop
  endfacet
  facet normal -0.278991 -0.960294 0
    outer loop
      vertex 3.23297 12.5916 0
      vertex 4.01722 12.3637 0
      vertex 3.23297 12.5916 22
    endloop
  endfacet
  facet normal -0.338739 -0.94088 0
    outer loop
      vertex 4.78562 12.0871 0
      vertex 4.78562 12.0871 22
      vertex 4.01722 12.3637 22
    endloop
  endfacet
  facet normal -0.338739 -0.94088 0
    outer loop
      vertex 4.01722 12.3637 0
      vertex 4.78562 12.0871 0
      vertex 4.01722 12.3637 22
    endloop
  endfacet
  facet normal -0.397147 -0.917755 0
    outer loop
      vertex 5.53513 11.7628 0
      vertex 5.53513 11.7628 22
      vertex 4.78562 12.0871 22
    endloop
  endfacet
  facet normal -0.397147 -0.917755 0
    outer loop
      vertex 4.78562 12.0871 0
      vertex 5.53513 11.7628 0
      vertex 4.78562 12.0871 22
    endloop
  endfacet
  facet normal -0.453991 -0.891006 0
    outer loop
      vertex 6.2628 11.392 0
      vertex 6.2628 11.392 22
      vertex 5.53513 11.7628 22
    endloop
  endfacet
  facet normal -0.453991 -0.891006 0
    outer loop
      vertex 5.53513 11.7628 0
      vertex 6.2628 11.392 0
      vertex 5.53513 11.7628 22
    endloop
  endfacet
  facet normal -0.509042 -0.860742 0
    outer loop
      vertex 6.96575 10.9763 0
      vertex 6.96575 10.9763 22
      vertex 6.2628 11.392 22
    endloop
  endfacet
  facet normal -0.509042 -0.860742 0
    outer loop
      vertex 6.2628 11.392 0
      vertex 6.96575 10.9763 0
      vertex 6.2628 11.392 22
    endloop
  endfacet
  facet normal -0.562083 -0.827081 0
    outer loop
      vertex 7.64121 10.5172 0
      vertex 7.64121 10.5172 22
      vertex 6.96575 10.9763 22
    endloop
  endfacet
  facet normal -0.562083 -0.827081 0
    outer loop
      vertex 6.96575 10.9763 0
      vertex 7.64121 10.5172 0
      vertex 6.96575 10.9763 22
    endloop
  endfacet
  facet normal -0.612907 -0.790155 0
    outer loop
      vertex 8.28651 10.0167 0
      vertex 8.28651 10.0167 22
      vertex 7.64121 10.5172 22
    endloop
  endfacet
  facet normal -0.612907 -0.790155 0
    outer loop
      vertex 7.64121 10.5172 0
      vertex 8.28651 10.0167 0
      vertex 7.64121 10.5172 22
    endloop
  endfacet
  facet normal -0.661312 -0.750111 0
    outer loop
      vertex 8.89911 9.47659 0
      vertex 8.89911 9.47659 22
      vertex 8.28651 10.0167 22
    endloop
  endfacet
  facet normal -0.661312 -0.750111 0
    outer loop
      vertex 8.28651 10.0167 0
      vertex 8.89911 9.47659 0
      vertex 8.28651 10.0167 22
    endloop
  endfacet
  facet normal -0.707107 -0.707107 0
    outer loop
      vertex 9.47659 8.89911 0
      vertex 9.47659 8.89911 22
      vertex 8.89911 9.47659 22
    endloop
  endfacet
  facet normal -0.707107 -0.707107 0
    outer loop
      vertex 8.89911 9.47659 0
      vertex 9.47659 8.89911 0
      vertex 8.89911 9.47659 22
    endloop
  endfacet
  facet normal -0.750111 -0.661312 0
    outer loop
      vertex 10.0167 8.28651 22
      vertex 9.47659 8.89911 22
      vertex 10.0167 8.28651 0
    endloop
  endfacet
  facet normal -0.750111 -0.661312 0
    outer loop
      vertex 10.0167 8.28651 0
      vertex 9.47659 8.89911 22
      vertex 9.47659 8.89911 0
    endloop
  endfacet
  facet normal -0.790155 -0.612907 0
    outer loop
      vertex 10.5172 7.64121 22
      vertex 10.0167 8.28651 22
      vertex 10.5172 7.64121 0
    endloop
  endfacet
  facet normal -0.790155 -0.612907 0
    outer loop
      vertex 10.5172 7.64121 0
      vertex 10.0167 8.28651 22
      vertex 10.0167 8.28651 0
    endloop
  endfacet
  facet normal -0.827081 -0.562083 0
    outer loop
      vertex 10.9763 6.96575 22
      vertex 10.5172 7.64121 22
      vertex 10.9763 6.96575 0
    endloop
  endfacet
  facet normal -0.827081 -0.562083 0
    outer loop
      vertex 10.9763 6.96575 0
      vertex 10.5172 7.64121 22
      vertex 10.5172 7.64121 0
    endloop
  endfacet
  facet normal -0.860742 -0.509042 0
    outer loop
      vertex 11.392 6.2628 22
      vertex 10.9763 6.96575 22
      vertex 11.392 6.2628 0
    endloop
  endfacet
  facet normal -0.860742 -0.509042 0
    outer loop
      vertex 11.392 6.2628 0
      vertex 10.9763 6.96575 22
      vertex 10.9763 6.96575 0
    endloop
  endfacet
  facet normal -0.891006 -0.453991 0
    outer loop
      vertex 11.7628 5.53513 22
      vertex 11.392 6.2628 22
      vertex 11.7628 5.53513 0
    endloop
  endfacet
  facet normal -0.891006 -0.453991 0
    outer loop
      vertex 11.7628 5.53513 0
      vertex 11.392 6.2628 22
      vertex 11.392 6.2628 0
    endloop
  endfacet
  facet normal -0.917755 -0.397147 0
    outer loop
      vertex 12.0871 4.78562 22
      vertex 11.7628 5.53513 22
      vertex 12.0871 4.78562 0
    endloop
  endfacet
  facet normal -0.917755 -0.397147 0
    outer loop
      vertex 12.0871 4.78562 0
      vertex 11.7628 5.53513 22
      vertex 11.7628 5.53513 0
    endloop
  endfacet
  facet normal -0.94088 -0.338739 0
    outer loop
      vertex 12.3637 4.01722 22
      vertex 12.0871 4.78562 22
      vertex 12.3637 4.01722 0
    endloop
  endfacet
  facet normal -0.94088 -0.338739 0
    outer loop
      vertex 12.3637 4.01722 0
      vertex 12.0871 4.78562 22
      vertex 12.0871 4.78562 0
    endloop
  endfacet
  facet normal -0.960294 -0.278991 0
    outer loop
      vertex 12.5916 3.23297 22
      vertex 12.3637 4.01722 22
      vertex 12.5916 3.23297 0
    endloop
  endfacet
  facet normal -0.960294 -0.278991 0
    outer loop
      vertex 12.5916 3.23297 0
      vertex 12.3637 4.01722 22
      vertex 12.3637 4.01722 0
    endloop
  endfacet
  facet normal -0.975917 -0.218143 0
    outer loop
      vertex 12.7697 2.43596 22
      vertex 12.5916 3.23297 22
      vertex 12.7697 2.43596 0
    endloop
  endfacet
  facet normal -0.975917 -0.218143 0
    outer loop
      vertex 12.7697 2.43596 0
      vertex 12.5916 3.23297 22
      vertex 12.5916 3.23297 0
    endloop
  endfacet
  facet normal -0.987688 -0.156435 0
    outer loop
      vertex 12.8975 1.62933 22
      vertex 12.7697 2.43596 22
      vertex 12.8975 1.62933 0
    endloop
  endfacet
  facet normal -0.987688 -0.156435 0
    outer loop
      vertex 12.8975 1.62933 0
      vertex 12.7697 2.43596 22
      vertex 12.7697 2.43596 0
    endloop
  endfacet
  facet normal -0.995562 -0.0941079 0
    outer loop
      vertex 12.9743 0.816277 22
      vertex 12.8975 1.62933 22
      vertex 12.9743 0.816277 0
    endloop
  endfacet
  facet normal -0.995562 -0.0941079 0
    outer loop
      vertex 12.9743 0.816277 0
      vertex 12.8975 1.62933 22
      vertex 12.8975 1.62933 0
    endloop
  endfacet
  facet normal -0.999507 -0.0314113 0
    outer loop
      vertex 13 0 22
      vertex 12.9743 0.816277 22
      vertex 13 0 0
    endloop
  endfacet
  facet normal -0.999507 -0.0314113 0
    outer loop
      vertex 13 0 0
      vertex 12.9743 0.816277 22
      vertex 12.9743 0.816277 0
    endloop
  endfacet
  facet normal -0.999507 0.0314113 0
    outer loop
      vertex 13 0 22
      vertex 13 0 0
      vertex 12.9743 -0.816277 22
    endloop
  endfacet
  facet normal -0.999507 0.0314113 0
    outer loop
      vertex 12.9743 -0.816277 22
      vertex 13 0 0
      vertex 12.9743 -0.816277 0
    endloop
  endfacet
  facet normal -0.995562 0.0941079 0
    outer loop
      vertex 12.9743 -0.816277 22
      vertex 12.9743 -0.816277 0
      vertex 12.8975 -1.62933 22
    endloop
  endfacet
  facet normal -0.995562 0.0941079 0
    outer loop
      vertex 12.8975 -1.62933 22
      vertex 12.9743 -0.816277 0
      vertex 12.8975 -1.62933 0
    endloop
  endfacet
  facet normal -0.987688 0.156435 0
    outer loop
      vertex 12.8975 -1.62933 22
      vertex 12.8975 -1.62933 0
      vertex 12.7697 -2.43596 22
    endloop
  endfacet
  facet normal -0.987688 0.156435 0
    outer loop
      vertex 12.7697 -2.43596 22
      vertex 12.8975 -1.62933 0
      vertex 12.7697 -2.43596 0
    endloop
  endfacet
  facet normal -0.975917 0.218143 0
    outer loop
      vertex 12.7697 -2.43596 22
      vertex 12.7697 -2.43596 0
      vertex 12.5916 -3.23297 22
    endloop
  endfacet
  facet normal -0.975917 0.218143 0
    outer loop
      vertex 12.5916 -3.23297 22
      vertex 12.7697 -2.43596 0
      vertex 12.5916 -3.23297 0
    endloop
  endfacet
  facet normal -0.960294 0.278991 0
    outer loop
      vertex 12.5916 -3.23297 22
      vertex 12.5916 -3.23297 0
      vertex 12.3637 -4.01722 22
    endloop
  endfacet
  facet normal -0.960294 0.278991 0
    outer loop
      vertex 12.3637 -4.01722 22
      vertex 12.5916 -3.23297 0
      vertex 12.3637 -4.01722 0
    endloop
  endfacet
  facet normal -0.94088 0.338739 0
    outer loop
      vertex 12.3637 -4.01722 22
      vertex 12.3637 -4.01722 0
      vertex 12.0871 -4.78562 22
    endloop
  endfacet
  facet normal -0.94088 0.338739 0
    outer loop
      vertex 12.0871 -4.78562 22
      vertex 12.3637 -4.01722 0
      vertex 12.0871 -4.78562 0
    endloop
  endfacet
  facet normal -0.917755 0.397147 0
    outer loop
      vertex 12.0871 -4.78562 22
      vertex 12.0871 -4.78562 0
      vertex 11.7628 -5.53513 22
    endloop
  endfacet
  facet normal -0.917755 0.397147 0
    outer loop
      vertex 11.7628 -5.53513 22
      vertex 12.0871 -4.78562 0
      vertex 11.7628 -5.53513 0
    endloop
  endfacet
  facet normal -0.891006 0.453991 0
    outer loop
      vertex 11.7628 -5.53513 22
      vertex 11.7628 -5.53513 0
      vertex 11.392 -6.2628 22
    endloop
  endfacet
  facet normal -0.891006 0.453991 0
    outer loop
      vertex 11.392 -6.2628 22
      vertex 11.7628 -5.53513 0
      vertex 11.392 -6.2628 0
    endloop
  endfacet
  facet normal -0.860742 0.509042 0
    outer loop
      vertex 11.392 -6.2628 22
      vertex 11.392 -6.2628 0
      vertex 10.9763 -6.96575 22
    endloop
  endfacet
  facet normal -0.860742 0.509042 0
    outer loop
      vertex 10.9763 -6.96575 22
      vertex 11.392 -6.2628 0
      vertex 10.9763 -6.96575 0
    endloop
  endfacet
  facet normal -0.827081 0.562083 0
    outer loop
      vertex 10.9763 -6.96575 22
      vertex 10.9763 -6.96575 0
      vertex 10.5172 -7.64121 22
    endloop
  endfacet
  facet normal -0.827081 0.562083 0
    outer loop
      vertex 10.5172 -7.64121 22
      vertex 10.9763 -6.96575 0
      vertex 10.5172 -7.64121 0
    endloop
  endfacet
  facet normal -0.790155 0.612907 0
    outer loop
      vertex 10.5172 -7.64121 22
      vertex 10.5172 -7.64121 0
      vertex 10.0167 -8.28651 22
    endloop
  endfacet
  facet normal -0.790155 0.612907 0
    outer loop
      vertex 10.0167 -8.28651 22
      vertex 10.5172 -7.64121 0
      vertex 10.0167 -8.28651 0
    endloop
  endfacet
  facet normal -0.750111 0.661312 0
    outer loop
      vertex 10.0167 -8.28651 22
      vertex 10.0167 -8.28651 0
      vertex 9.47659 -8.89911 22
    endloop
  endfacet
  facet normal -0.750111 0.661312 0
    outer loop
      vertex 9.47659 -8.89911 22
      vertex 10.0167 -8.28651 0
      vertex 9.47659 -8.89911 0
    endloop
  endfacet
  facet normal -0.707107 0.707107 0
    outer loop
      vertex 9.47659 -8.89911 22
      vertex 9.47659 -8.89911 0
      vertex 8.89911 -9.47659 22
    endloop
  endfacet
  facet normal -0.707107 0.707107 0
    outer loop
      vertex 8.89911 -9.47659 22
      vertex 9.47659 -8.89911 0
      vertex 8.89911 -9.47659 0
    endloop
  endfacet
  facet normal -0.661312 0.750111 0
    outer loop
      vertex 8.89911 -9.47659 22
      vertex 8.89911 -9.47659 0
      vertex 8.28651 -10.0167 22
    endloop
  endfacet
  facet normal -0.661312 0.750111 0
    outer loop
      vertex 8.28651 -10.0167 22
      vertex 8.89911 -9.47659 0
      vertex 8.28651 -10.0167 0
    endloop
  endfacet
  facet normal -0.612907 0.790155 0
    outer loop
      vertex 8.28651 -10.0167 22
      vertex 8.28651 -10.0167 0
      vertex 7.64121 -10.5172 22
    endloop
  endfacet
  facet normal -0.612907 0.790155 0
    outer loop
      vertex 7.64121 -10.5172 22
      vertex 8.28651 -10.0167 0
      vertex 7.64121 -10.5172 0
    endloop
  endfacet
  facet normal -0.562083 0.827081 0
    outer loop
      vertex 7.64121 -10.5172 22
      vertex 7.64121 -10.5172 0
      vertex 6.96575 -10.9763 22
    endloop
  endfacet
  facet normal -0.562083 0.827081 0
    outer loop
      vertex 6.96575 -10.9763 22
      vertex 7.64121 -10.5172 0
      vertex 6.96575 -10.9763 0
    endloop
  endfacet
  facet normal -0.509042 0.860742 0
    outer loop
      vertex 6.96575 -10.9763 22
      vertex 6.96575 -10.9763 0
      vertex 6.2628 -11.392 22
    endloop
  endfacet
  facet normal -0.509042 0.860742 0
    outer loop
      vertex 6.2628 -11.392 22
      vertex 6.96575 -10.9763 0
      vertex 6.2628 -11.392 0
    endloop
  endfacet
  facet normal -0.453991 0.891006 0
    outer loop
      vertex 6.2628 -11.392 22
      vertex 6.2628 -11.392 0
      vertex 5.53513 -11.7628 22
    endloop
  endfacet
  facet normal -0.453991 0.891006 0
    outer loop
      vertex 5.53513 -11.7628 22
      vertex 6.2628 -11.392 0
      vertex 5.53513 -11.7628 0
    endloop
  endfacet
  facet normal -0.397147 0.917755 0
    outer loop
      vertex 5.53513 -11.7628 22
      vertex 5.53513 -11.7628 0
      vertex 4.78562 -12.0871 22
    endloop
  endfacet
  facet normal -0.397147 0.917755 0
    outer loop
      vertex 4.78562 -12.0871 22
      vertex 5.53513 -11.7628 0
      vertex 4.78562 -12.0871 0
    endloop
  endfacet
  facet normal -0.338739 0.94088 0
    outer loop
      vertex 4.78562 -12.0871 22
      vertex 4.78562 -12.0871 0
      vertex 4.01722 -12.3637 22
    endloop
  endfacet
  facet normal -0.338739 0.94088 0
    outer loop
      vertex 4.01722 -12.3637 22
      vertex 4.78562 -12.0871 0
      vertex 4.01722 -12.3637 0
    endloop
  endfacet
  facet normal -0.278991 0.960294 0
    outer loop
      vertex 4.01722 -12.3637 22
      vertex 4.01722 -12.3637 0
      vertex 3.23297 -12.5916 22
    endloop
  endfacet
  facet normal -0.278991 0.960294 0
    outer loop
      vertex 3.23297 -12.5916 22
      vertex 4.01722 -12.3637 0
      vertex 3.23297 -12.5916 0
    endloop
  endfacet
  facet normal -0.218143 0.975917 0
    outer loop
      vertex 3.23297 -12.5916 22
      vertex 3.23297 -12.5916 0
      vertex 2.43596 -12.7697 22
    endloop
  endfacet
  facet normal -0.218143 0.975917 0
    outer loop
      vertex 2.43596 -12.7697 22
      vertex 3.23297 -12.5916 0
      vertex 2.43596 -12.7697 0
    endloop
  endfacet
  facet normal -0.156435 0.987688 0
    outer loop
      vertex 2.43596 -12.7697 22
      vertex 2.43596 -12.7697 0
      vertex 1.62933 -12.8975 22
    endloop
  endfacet
  facet normal -0.156435 0.987688 0
    outer loop
      vertex 1.62933 -12.8975 22
      vertex 2.43596 -12.7697 0
      vertex 1.62933 -12.8975 0
    endloop
  endfacet
  facet normal -0.0941079 0.995562 0
    outer loop
      vertex 1.62933 -12.8975 22
      vertex 1.62933 -12.8975 0
      vertex 0.816277 -12.9743 22
    endloop
  endfacet
  facet normal -0.0941079 0.995562 0
    outer loop
      vertex 0.816277 -12.9743 22
      vertex 1.62933 -12.8975 0
      vertex 0.816277 -12.9743 0
    endloop
  endfacet
  facet normal -0.0314113 0.999507 0
    outer loop
      vertex 0.816277 -12.9743 22
      vertex 0.816277 -12.9743 0
      vertex 0 -13 22
    endloop
  endfacet
  facet normal -0.0314113 0.999507 0
    outer loop
      vertex 0 -13 22
      vertex 0.816277 -12.9743 0
      vertex 0 -13 0
    endloop
  endfacet
  facet normal 0.0314113 0.999507 0
    outer loop
      vertex 0 -13 22
      vertex 0 -13 0
      vertex -0.816277 -12.9743 22
    endloop
  endfacet
  facet normal 0.0314113 0.999507 0
    outer loop
      vertex -0.816277 -12.9743 22
      vertex 0 -13 0
      vertex -0.816277 -12.9743 0
    endloop
  endfacet
  facet normal 0.0941079 0.995562 0
    outer loop
      vertex -0.816277 -12.9743 22
      vertex -0.816277 -12.9743 0
      vertex -1.62933 -12.8975 22
    endloop
  endfacet
  facet normal 0.0941079 0.995562 0
    outer loop
      vertex -1.62933 -12.8975 22
      vertex -0.816277 -12.9743 0
      vertex -1.62933 -12.8975 0
    endloop
  endfacet
  facet normal 0.156435 0.987688 0
    outer loop
      vertex -1.62933 -12.8975 22
      vertex -1.62933 -12.8975 0
      vertex -2.43596 -12.7697 22
    endloop
  endfacet
  facet normal 0.156435 0.987688 0
    outer loop
      vertex -2.43596 -12.7697 22
      vertex -1.62933 -12.8975 0
      vertex -2.43596 -12.7697 0
    endloop
  endfacet
  facet normal 0.218143 0.975917 0
    outer loop
      vertex -2.43596 -12.7697 22
      vertex -2.43596 -12.7697 0
      vertex -3.23297 -12.5916 22
    endloop
  endfacet
  facet normal 0.218143 0.975917 0
    outer loop
      vertex -3.23297 -12.5916 22
      vertex -2.43596 -12.7697 0
      vertex -3.23297 -12.5916 0
    endloop
  endfacet
  facet normal 0.278991 0.960294 0
    outer loop
      vertex -3.23297 -12.5916 22
      vertex -3.23297 -12.5916 0
      vertex -4.01722 -12.3637 22
    endloop
  endfacet
  facet normal 0.278991 0.960294 0
    outer loop
      vertex -4.01722 -12.3637 22
      vertex -3.23297 -12.5916 0
      vertex -4.01722 -12.3637 0
    endloop
  endfacet
  facet normal 0.338739 0.94088 0
    outer loop
      vertex -4.01722 -12.3637 22
      vertex -4.01722 -12.3637 0
      vertex -4.78562 -12.0871 22
    endloop
  endfacet
  facet normal 0.338739 0.94088 0
    outer loop
      vertex -4.78562 -12.0871 22
      vertex -4.01722 -12.3637 0
      vertex -4.78562 -12.0871 0
    endloop
  endfacet
  facet normal 0.397147 0.917755 0
    outer loop
      vertex -4.78562 -12.0871 22
      vertex -4.78562 -12.0871 0
      vertex -5.53513 -11.7628 22
    endloop
  endfacet
  facet normal 0.397147 0.917755 0
    outer loop
      vertex -5.53513 -11.7628 22
      vertex -4.78562 -12.0871 0
      vertex -5.53513 -11.7628 0
    endloop
  endfacet
  facet normal 0.453991 0.891006 0
    outer loop
      vertex -5.53513 -11.7628 22
      vertex -5.53513 -11.7628 0
      vertex -6.2628 -11.392 22
    endloop
  endfacet
  facet normal 0.453991 0.891006 0
    outer loop
      vertex -6.2628 -11.392 22
      vertex -5.53513 -11.7628 0
      vertex -6.2628 -11.392 0
    endloop
  endfacet
  facet normal 0.509042 0.860742 0
    outer loop
      vertex -6.2628 -11.392 22
      vertex -6.2628 -11.392 0
      vertex -6.96575 -10.9763 22
    endloop
  endfacet
  facet normal 0.509042 0.860742 0
    outer loop
      vertex -6.96575 -10.9763 22
      vertex -6.2628 -11.392 0
      vertex -6.96575 -10.9763 0
    endloop
  endfacet
  facet normal 0.562083 0.827081 0
    outer loop
      vertex -6.96575 -10.9763 22
      vertex -6.96575 -10.9763 0
      vertex -7.64121 -10.5172 22
    endloop
  endfacet
  facet normal 0.562083 0.827081 0
    outer loop
      vertex -7.64121 -10.5172 22
      vertex -6.96575 -10.9763 0
      vertex -7.64121 -10.5172 0
    endloop
  endfacet
  facet normal 0.612907 0.790155 0
    outer loop
      vertex -7.64121 -10.5172 22
      vertex -7.64121 -10.5172 0
      vertex -8.28651 -10.0167 22
    endloop
  endfacet
  facet normal 0.612907 0.790155 0
    outer loop
      vertex -8.28651 -10.0167 22
      vertex -7.64121 -10.5172 0
      vertex -8.28651 -10.0167 0
    endloop
  endfacet
  facet normal 0.661312 0.750111 0
    outer loop
      vertex -8.28651 -10.0167 22
      vertex -8.28651 -10.0167 0
      vertex -8.89911 -9.47659 22
    endloop
  endfacet
  facet normal 0.661312 0.750111 0
    outer loop
      vertex -8.89911 -9.47659 22
      vertex -8.28651 -10.0167 0
      vertex -8.89911 -9.47659 0
    endloop
  endfacet
  facet normal 0.707107 0.707107 0
    outer loop
      vertex -8.89911 -9.47659 22
      vertex -8.89911 -9.47659 0
      vertex -9.47659 -8.89911 22
    endloop
  endfacet
  facet normal 0.707107 0.707107 0
    outer loop
      vertex -9.47659 -8.89911 22
      vertex -8.89911 -9.47659 0
      vertex -9.47659 -8.89911 0
    endloop
  endfacet
  facet normal 0.750111 0.661312 0
    outer loop
      vertex -10.0167 -8.28651 22
      vertex -9.47659 -8.89911 22
      vertex -9.47659 -8.89911 0
    endloop
  endfacet
  facet normal 0.750111 0.661312 0
    outer loop
      vertex -10.0167 -8.28651 0
      vertex -10.0167 -8.28651 22
      vertex -9.47659 -8.89911 0
    endloop
  endfacet
  facet normal 0.790155 0.612907 0
    outer loop
      vertex -10.5172 -7.64121 22
      vertex -10.0167 -8.28651 22
      vertex -10.0167 -8.28651 0
    endloop
  endfacet
  facet normal 0.790155 0.612907 0
    outer loop
      vertex -10.5172 -7.64121 0
      vertex -10.5172 -7.64121 22
      vertex -10.0167 -8.28651 0
    endloop
  endfacet
  facet normal 0.827081 0.562083 0
    outer loop
      vertex -10.9763 -6.96575 22
      vertex -10.5172 -7.64121 22
      vertex -10.5172 -7.64121 0
    endloop
  endfacet
  facet normal 0.827081 0.562083 0
    outer loop
      vertex -10.9763 -6.96575 0
      vertex -10.9763 -6.96575 22
      vertex -10.5172 -7.64121 0
    endloop
  endfacet
  facet normal 0.860742 0.509042 0
    outer loop
      vertex -11.392 -6.2628 22
      vertex -10.9763 -6.96575 22
      vertex -10.9763 -6.96575 0
    endloop
  endfacet
  facet normal 0.860742 0.509042 0
    outer loop
      vertex -11.392 -6.2628 0
      vertex -11.392 -6.2628 22
      vertex -10.9763 -6.96575 0
    endloop
  endfacet
  facet normal 0.891006 0.453991 0
    outer loop
      vertex -11.7628 -5.53513 22
      vertex -11.392 -6.2628 22
      vertex -11.392 -6.2628 0
    endloop
  endfacet
  facet normal 0.891006 0.453991 0
    outer loop
      vertex -11.7628 -5.53513 0
      vertex -11.7628 -5.53513 22
      vertex -11.392 -6.2628 0
    endloop
  endfacet
  facet normal 0.917755 0.397147 0
    outer loop
      vertex -12.0871 -4.78562 22
      vertex -11.7628 -5.53513 22
      vertex -11.7628 -5.53513 0
    endloop
  endfacet
  facet normal 0.917755 0.397147 0
    outer loop
      vertex -12.0871 -4.78562 0
      vertex -12.0871 -4.78562 22
      vertex -11.7628 -5.53513 0
    endloop
  endfacet
  facet normal 0.94088 0.338739 0
    outer loop
      vertex -12.3637 -4.01722 22
      vertex -12.0871 -4.78562 22
      vertex -12.0871 -4.78562 0
    endloop
  endfacet
  facet normal 0.94088 0.338739 0
    outer loop
      vertex -12.3637 -4.01722 0
      vertex -12.3637 -4.01722 22
      vertex -12.0871 -4.78562 0
    endloop
  endfacet
  facet normal 0.960294 0.278991 0
    outer loop
      vertex -12.5916 -3.23297 22
      vertex -12.3637 -4.01722 22
      vertex -12.3637 -4.01722 0
    endloop
  endfacet
  facet normal 0.960294 0.278991 0
    outer loop
      vertex -12.5916 -3.23297 0
      vertex -12.5916 -3.23297 22
      vertex -12.3637 -4.01722 0
    endloop
  endfacet
  facet normal 0.975917 0.218143 0
    outer loop
      vertex -12.7697 -2.43596 22
      vertex -12.5916 -3.23297 22
      vertex -12.5916 -3.23297 0
    endloop
  endfacet
  facet normal 0.975917 0.218143 0
    outer loop
      vertex -12.7697 -2.43596 0
      vertex -12.7697 -2.43596 22
      vertex -12.5916 -3.23297 0
    endloop
  endfacet
  facet normal 0.987688 0.156435 0
    outer loop
      vertex -12.8975 -1.62933 22
      vertex -12.7697 -2.43596 22
      vertex -12.7697 -2.43596 0
    endloop
  endfacet
  facet normal 0.987688 0.156435 0
    outer loop
      vertex -12.8975 -1.62933 0
      vertex -12.8975 -1.62933 22
      vertex -12.7697 -2.43596 0
    endloop
  endfacet
  facet normal 0.995562 0.0941079 0
    outer loop
      vertex -12.9743 -0.816277 22
      vertex -12.8975 -1.62933 22
      vertex -12.8975 -1.62933 0
    endloop
  endfacet
  facet normal 0.995562 0.0941079 0
    outer loop
      vertex -12.9743 -0.816277 0
      vertex -12.9743 -0.816277 22
      vertex -12.8975 -1.62933 0
    endloop
  endfacet
  facet normal 0.997315 -0.0732371 0
    outer loop
      vertex 6.04382 -23.4125 0
      vertex 6.04382 -23.4125 2
      vertex 6.00702 -23.9137 2
    endloop
  endfacet
  facet normal 0.997315 -0.0732371 0
    outer loop
      vertex 6.00702 -23.9137 0
      vertex 6.04382 -23.4125 0
      vertex 6.00702 -23.9137 2
    endloop
  endfacet
  facet normal 0.999945 -0.0104717 0
    outer loop
      vertex 6.00702 -23.9137 0
      vertex 6.00702 -23.9137 2
      vertex 6.00176 -24.4163 2
    endloop
  endfacet
  facet normal 0.999945 -0.0104717 0
    outer loop
      vertex 6.00176 -24.4163 0
      vertex 6.00702 -23.9137 0
      vertex 6.00176 -24.4163 2
    endloop
  endfacet
  facet normal 0.990748 -0.135715 0
    outer loop
      vertex 6.11203 -22.9146 0
      vertex 6.11203 -22.9146 2
      vertex 6.04382 -23.4125 2
    endloop
  endfacet
  facet normal 0.990748 -0.135715 0
    outer loop
      vertex 6.04382 -23.4125 0
      vertex 6.11203 -22.9146 0
      vertex 6.04382 -23.4125 2
    endloop
  endfacet
  facet normal 0.980271 -0.197657 0
    outer loop
      vertex 6.21137 -22.4219 0
      vertex 6.21137 -22.4219 2
      vertex 6.11203 -22.9146 2
    endloop
  endfacet
  facet normal 0.980271 -0.197657 0
    outer loop
      vertex 6.11203 -22.9146 0
      vertex 6.21137 -22.4219 0
      vertex 6.11203 -22.9146 2
    endloop
  endfacet
  facet normal 0.965926 -0.258819 0
    outer loop
      vertex 6.34144 -21.9365 0
      vertex 6.34144 -21.9365 2
      vertex 6.21137 -22.4219 2
    endloop
  endfacet
  facet normal 0.965926 -0.258819 0
    outer loop
      vertex 6.21137 -22.4219 0
      vertex 6.34144 -21.9365 0
      vertex 6.21137 -22.4219 2
    endloop
  endfacet
  facet normal 0.947768 -0.318959 0
    outer loop
      vertex 6.50174 -21.4601 0
      vertex 6.50174 -21.4601 2
      vertex 6.34144 -21.9365 2
    endloop
  endfacet
  facet normal 0.947768 -0.318959 0
    outer loop
      vertex 6.34144 -21.9365 0
      vertex 6.50174 -21.4601 0
      vertex 6.34144 -21.9365 2
    endloop
  endfacet
  facet normal 0.925871 -0.377841 0
    outer loop
      vertex 6.69164 -20.9948 0
      vertex 6.69164 -20.9948 2
      vertex 6.50174 -21.4601 2
    endloop
  endfacet
  facet normal 0.925871 -0.377841 0
    outer loop
      vertex 6.50174 -21.4601 0
      vertex 6.69164 -20.9948 0
      vertex 6.50174 -21.4601 2
    endloop
  endfacet
  facet normal 0.900318 -0.435232 0
    outer loop
      vertex 6.91037 -20.5423 0
      vertex 6.91037 -20.5423 2
      vertex 6.69164 -20.9948 2
    endloop
  endfacet
  facet normal 0.900318 -0.435232 0
    outer loop
      vertex 6.69164 -20.9948 0
      vertex 6.91037 -20.5423 0
      vertex 6.69164 -20.9948 2
    endloop
  endfacet
  facet normal 0.871214 -0.490904 0
    outer loop
      vertex 7.15709 -20.1045 0
      vertex 7.15709 -20.1045 2
      vertex 6.91037 -20.5423 2
    endloop
  endfacet
  facet normal 0.871214 -0.490904 0
    outer loop
      vertex 6.91037 -20.5423 0
      vertex 7.15709 -20.1045 0
      vertex 6.91037 -20.5423 2
    endloop
  endfacet
  facet normal 0.838671 -0.544639 0
    outer loop
      vertex 7.43081 -19.683 0
      vertex 7.43081 -19.683 2
      vertex 7.15709 -20.1045 2
    endloop
  endfacet
  facet normal 0.838671 -0.544639 0
    outer loop
      vertex 7.15709 -20.1045 0
      vertex 7.43081 -19.683 0
      vertex 7.15709 -20.1045 2
    endloop
  endfacet
  facet normal 0.802818 -0.596224 0
    outer loop
      vertex 7.73045 -19.2795 0
      vertex 7.73045 -19.2795 2
      vertex 7.43081 -19.683 2
    endloop
  endfacet
  facet normal 0.802818 -0.596224 0
    outer loop
      vertex 7.43081 -19.683 0
      vertex 7.73045 -19.2795 0
      vertex 7.43081 -19.683 2
    endloop
  endfacet
  facet normal 0.763796 -0.645458 0
    outer loop
      vertex 8.05484 -18.8957 0
      vertex 8.05484 -18.8957 2
      vertex 7.73045 -19.2795 2
    endloop
  endfacet
  facet normal 0.763796 -0.645458 0
    outer loop
      vertex 7.73045 -19.2795 0
      vertex 8.05484 -18.8957 0
      vertex 7.73045 -19.2795 2
    endloop
  endfacet
  facet normal 0.72176 -0.692143 0
    outer loop
      vertex 8.40269 -18.5329 0
      vertex 8.40269 -18.5329 2
      vertex 8.05484 -18.8957 2
    endloop
  endfacet
  facet normal 0.72176 -0.692143 0
    outer loop
      vertex 8.05484 -18.8957 0
      vertex 8.40269 -18.5329 0
      vertex 8.05484 -18.8957 2
    endloop
  endfacet
  facet normal 0.676877 -0.736097 0
    outer loop
      vertex 8.77263 -18.1928 0
      vertex 8.77263 -18.1928 2
      vertex 8.40269 -18.5329 2
    endloop
  endfacet
  facet normal 0.676877 -0.736097 0
    outer loop
      vertex 8.40269 -18.5329 0
      vertex 8.77263 -18.1928 0
      vertex 8.40269 -18.5329 2
    endloop
  endfacet
  facet normal 0.629321 -0.777146 0
    outer loop
      vertex 9.16321 -17.8765 0
      vertex 9.16321 -17.8765 2
      vertex 8.77263 -18.1928 2
    endloop
  endfacet
  facet normal 0.629321 -0.777146 0
    outer loop
      vertex 8.77263 -18.1928 0
      vertex 9.16321 -17.8765 0
      vertex 8.77263 -18.1928 2
    endloop
  endfacet
  facet normal 0.579281 -0.815128 0
    outer loop
      vertex 9.57287 -17.5853 0
      vertex 9.57287 -17.5853 2
      vertex 9.16321 -17.8765 2
    endloop
  endfacet
  facet normal 0.579281 -0.815128 0
    outer loop
      vertex 9.16321 -17.8765 0
      vertex 9.57287 -17.5853 0
      vertex 9.16321 -17.8765 2
    endloop
  endfacet
  facet normal 0.526956 -0.849893 0
    outer loop
      vertex 10 -17.3205 0
      vertex 10 -17.3205 2
      vertex 9.57287 -17.5853 2
    endloop
  endfacet
  facet normal 0.526956 -0.849893 0
    outer loop
      vertex 9.57287 -17.5853 0
      vertex 10 -17.3205 0
      vertex 9.57287 -17.5853 2
    endloop
  endfacet
  facet normal 0.472551 -0.881303 0
    outer loop
      vertex 10.4429 -17.083 0
      vertex 10.4429 -17.083 2
      vertex 10 -17.3205 2
    endloop
  endfacet
  facet normal 0.472551 -0.881303 0
    outer loop
      vertex 10 -17.3205 0
      vertex 10.4429 -17.083 0
      vertex 10 -17.3205 2
    endloop
  endfacet
  facet normal 0.416281 -0.909236 0
    outer loop
      vertex 10.8999 -16.8738 0
      vertex 10.8999 -16.8738 2
      vertex 10.4429 -17.083 2
    endloop
  endfacet
  facet normal 0.416281 -0.909236 0
    outer loop
      vertex 10.4429 -17.083 0
      vertex 10.8999 -16.8738 0
      vertex 10.4429 -17.083 2
    endloop
  endfacet
  facet normal 0.358367 -0.933581 0
    outer loop
      vertex 11.3691 -16.6937 0
      vertex 11.3691 -16.6937 2
      vertex 10.8999 -16.8738 2
    endloop
  endfacet
  facet normal 0.358367 -0.933581 0
    outer loop
      vertex 10.8999 -16.8738 0
      vertex 11.3691 -16.6937 0
      vertex 10.8999 -16.8738 2
    endloop
  endfacet
  facet normal 0.29904 -0.954241 0
    outer loop
      vertex 11.8486 -16.5434 0
      vertex 11.8486 -16.5434 2
      vertex 11.3691 -16.6937 2
    endloop
  endfacet
  facet normal 0.29904 -0.954241 0
    outer loop
      vertex 11.3691 -16.6937 0
      vertex 11.8486 -16.5434 0
      vertex 11.3691 -16.6937 2
    endloop
  endfacet
  facet normal 0.238534 -0.971134 0
    outer loop
      vertex 12.3367 -16.4235 0
      vertex 12.3367 -16.4235 2
      vertex 11.8486 -16.5434 2
    endloop
  endfacet
  facet normal 0.238534 -0.971134 0
    outer loop
      vertex 11.8486 -16.5434 0
      vertex 12.3367 -16.4235 0
      vertex 11.8486 -16.5434 2
    endloop
  endfacet
  facet normal 0.177085 -0.984196 0
    outer loop
      vertex 12.8313 -16.3345 0
      vertex 12.8313 -16.3345 2
      vertex 12.3367 -16.4235 2
    endloop
  endfacet
  facet normal 0.177085 -0.984196 0
    outer loop
      vertex 12.3367 -16.4235 0
      vertex 12.8313 -16.3345 0
      vertex 12.3367 -16.4235 2
    endloop
  endfacet
  facet normal 0.114936 -0.993373 0
    outer loop
      vertex 13.3306 -16.2768 0
      vertex 13.3306 -16.2768 2
      vertex 12.8313 -16.3345 2
    endloop
  endfacet
  facet normal 0.114936 -0.993373 0
    outer loop
      vertex 12.8313 -16.3345 0
      vertex 13.3306 -16.2768 0
      vertex 12.8313 -16.3345 2
    endloop
  endfacet
  facet normal 0.0523359 -0.99863 0
    outer loop
      vertex 13.8325 -16.2505 0
      vertex 13.8325 -16.2505 2
      vertex 13.3306 -16.2768 2
    endloop
  endfacet
  facet normal 0.0523359 -0.99863 0
    outer loop
      vertex 13.3306 -16.2768 0
      vertex 13.8325 -16.2505 0
      vertex 13.3306 -16.2768 2
    endloop
  endfacet
  facet normal -0.0104717 -0.999945 0
    outer loop
      vertex 14.335 -16.2557 0
      vertex 14.335 -16.2557 2
      vertex 13.8325 -16.2505 2
    endloop
  endfacet
  facet normal -0.0104717 -0.999945 0
    outer loop
      vertex 13.8325 -16.2505 0
      vertex 14.335 -16.2557 0
      vertex 13.8325 -16.2505 2
    endloop
  endfacet
  facet normal -0.0732371 -0.997315 0
    outer loop
      vertex 14.8362 -16.2925 0
      vertex 14.8362 -16.2925 2
      vertex 14.335 -16.2557 2
    endloop
  endfacet
  facet normal -0.0732371 -0.997315 0
    outer loop
      vertex 14.335 -16.2557 0
      vertex 14.8362 -16.2925 0
      vertex 14.335 -16.2557 2
    endloop
  endfacet
  facet normal -0.135715 -0.990748 0
    outer loop
      vertex 15.3342 -16.3607 0
      vertex 15.3342 -16.3607 2
      vertex 14.8362 -16.2925 2
    endloop
  endfacet
  facet normal -0.135715 -0.990748 0
    outer loop
      vertex 14.8362 -16.2925 0
      vertex 15.3342 -16.3607 0
      vertex 14.8362 -16.2925 2
    endloop
  endfacet
  facet normal -0.197657 -0.980271 0
    outer loop
      vertex 15.8268 -16.4601 0
      vertex 15.8268 -16.4601 2
      vertex 15.3342 -16.3607 2
    endloop
  endfacet
  facet normal -0.197657 -0.980271 0
    outer loop
      vertex 15.3342 -16.3607 0
      vertex 15.8268 -16.4601 0
      vertex 15.3342 -16.3607 2
    endloop
  endfacet
  facet normal -0.258819 -0.965926 0
    outer loop
      vertex 16.3123 -16.5902 0
      vertex 16.3123 -16.5902 2
      vertex 15.8268 -16.4601 2
    endloop
  endfacet
  facet normal -0.258819 -0.965926 0
    outer loop
      vertex 15.8268 -16.4601 0
      vertex 16.3123 -16.5902 0
      vertex 15.8268 -16.4601 2
    endloop
  endfacet
  facet normal -0.318959 -0.947768 0
    outer loop
      vertex 16.7886 -16.7505 0
      vertex 16.7886 -16.7505 2
      vertex 16.3123 -16.5902 2
    endloop
  endfacet
  facet normal -0.318959 -0.947768 0
    outer loop
      vertex 16.3123 -16.5902 0
      vertex 16.7886 -16.7505 0
      vertex 16.3123 -16.5902 2
    endloop
  endfacet
  facet normal -0.377841 -0.925871 0
    outer loop
      vertex 17.2539 -16.9403 0
      vertex 17.2539 -16.9403 2
      vertex 16.7886 -16.7505 2
    endloop
  endfacet
  facet normal -0.377841 -0.925871 0
    outer loop
      vertex 16.7886 -16.7505 0
      vertex 17.2539 -16.9403 0
      vertex 16.7886 -16.7505 2
    endloop
  endfacet
  facet normal -0.435232 -0.900318 0
    outer loop
      vertex 17.7064 -17.1591 0
      vertex 17.7064 -17.1591 2
      vertex 17.2539 -16.9403 2
    endloop
  endfacet
  facet normal -0.435232 -0.900318 0
    outer loop
      vertex 17.2539 -16.9403 0
      vertex 17.7064 -17.1591 0
      vertex 17.2539 -16.9403 2
    endloop
  endfacet
  facet normal -0.490904 -0.871214 0
    outer loop
      vertex 18.1442 -17.4058 0
      vertex 18.1442 -17.4058 2
      vertex 17.7064 -17.1591 2
    endloop
  endfacet
  facet normal -0.490904 -0.871214 0
    outer loop
      vertex 17.7064 -17.1591 0
      vertex 18.1442 -17.4058 0
      vertex 17.7064 -17.1591 2
    endloop
  endfacet
  facet normal -0.544639 -0.838671 0
    outer loop
      vertex 18.5657 -17.6795 0
      vertex 18.5657 -17.6795 2
      vertex 18.1442 -17.4058 2
    endloop
  endfacet
  facet normal -0.544639 -0.838671 0
    outer loop
      vertex 18.1442 -17.4058 0
      vertex 18.5657 -17.6795 0
      vertex 18.1442 -17.4058 2
    endloop
  endfacet
  facet normal -0.596224 -0.802818 0
    outer loop
      vertex 18.9692 -17.9792 0
      vertex 18.9692 -17.9792 2
      vertex 18.5657 -17.6795 2
    endloop
  endfacet
  facet normal -0.596224 -0.802818 0
    outer loop
      vertex 18.5657 -17.6795 0
      vertex 18.9692 -17.9792 0
      vertex 18.5657 -17.6795 2
    endloop
  endfacet
  facet normal -0.645458 -0.763796 0
    outer loop
      vertex 19.353 -18.3036 0
      vertex 19.353 -18.3036 2
      vertex 18.9692 -17.9792 2
    endloop
  endfacet
  facet normal -0.645458 -0.763796 0
    outer loop
      vertex 18.9692 -17.9792 0
      vertex 19.353 -18.3036 0
      vertex 18.9692 -17.9792 2
    endloop
  endfacet
  facet normal -0.692143 -0.72176 0
    outer loop
      vertex 19.7158 -18.6514 0
      vertex 19.7158 -18.6514 2
      vertex 19.353 -18.3036 2
    endloop
  endfacet
  facet normal -0.692143 -0.72176 0
    outer loop
      vertex 19.353 -18.3036 0
      vertex 19.7158 -18.6514 0
      vertex 19.353 -18.3036 2
    endloop
  endfacet
  facet normal -0.736097 -0.676877 0
    outer loop
      vertex 20.056 -19.0213 2
      vertex 19.7158 -18.6514 2
      vertex 20.056 -19.0213 0
    endloop
  endfacet
  facet normal -0.736097 -0.676877 0
    outer loop
      vertex 20.056 -19.0213 0
      vertex 19.7158 -18.6514 2
      vertex 19.7158 -18.6514 0
    endloop
  endfacet
  facet normal -0.777146 -0.629321 0
    outer loop
      vertex 20.3722 -19.4119 2
      vertex 20.056 -19.0213 2
      vertex 20.3722 -19.4119 0
    endloop
  endfacet
  facet normal -0.777146 -0.629321 0
    outer loop
      vertex 20.3722 -19.4119 0
      vertex 20.056 -19.0213 2
      vertex 20.056 -19.0213 0
    endloop
  endfacet
  facet normal -0.815128 -0.579281 0
    outer loop
      vertex 20.6634 -19.8216 2
      vertex 20.3722 -19.4119 2
      vertex 20.6634 -19.8216 0
    endloop
  endfacet
  facet normal -0.815128 -0.579281 0
    outer loop
      vertex 20.6634 -19.8216 0
      vertex 20.3722 -19.4119 2
      vertex 20.3722 -19.4119 0
    endloop
  endfacet
  facet normal -0.849893 -0.526956 0
    outer loop
      vertex 20.9282 -20.2487 2
      vertex 20.6634 -19.8216 2
      vertex 20.9282 -20.2487 0
    endloop
  endfacet
  facet normal -0.849893 -0.526956 0
    outer loop
      vertex 20.9282 -20.2487 0
      vertex 20.6634 -19.8216 2
      vertex 20.6634 -19.8216 0
    endloop
  endfacet
  facet normal -0.881303 -0.472551 0
    outer loop
      vertex 21.1657 -20.6916 2
      vertex 20.9282 -20.2487 2
      vertex 21.1657 -20.6916 0
    endloop
  endfacet
  facet normal -0.881303 -0.472551 0
    outer loop
      vertex 21.1657 -20.6916 0
      vertex 20.9282 -20.2487 2
      vertex 20.9282 -20.2487 0
    endloop
  endfacet
  facet normal -0.909236 -0.416281 0
    outer loop
      vertex 21.3749 -21.1486 2
      vertex 21.1657 -20.6916 2
      vertex 21.3749 -21.1486 0
    endloop
  endfacet
  facet normal -0.909236 -0.416281 0
    outer loop
      vertex 21.3749 -21.1486 0
      vertex 21.1657 -20.6916 2
      vertex 21.1657 -20.6916 0
    endloop
  endfacet
  facet normal -0.933581 -0.358367 0
    outer loop
      vertex 21.555 -21.6178 2
      vertex 21.3749 -21.1486 2
      vertex 21.555 -21.6178 0
    endloop
  endfacet
  facet normal -0.933581 -0.358367 0
    outer loop
      vertex 21.555 -21.6178 0
      vertex 21.3749 -21.1486 2
      vertex 21.3749 -21.1486 0
    endloop
  endfacet
  facet normal -0.954241 -0.29904 0
    outer loop
      vertex 21.7053 -22.0974 2
      vertex 21.555 -21.6178 2
      vertex 21.7053 -22.0974 0
    endloop
  endfacet
  facet normal -0.954241 -0.29904 0
    outer loop
      vertex 21.7053 -22.0974 0
      vertex 21.555 -21.6178 2
      vertex 21.555 -21.6178 0
    endloop
  endfacet
  facet normal -0.971134 -0.238534 0
    outer loop
      vertex 21.8252 -22.5854 2
      vertex 21.7053 -22.0974 2
      vertex 21.8252 -22.5854 0
    endloop
  endfacet
  facet normal -0.971134 -0.238534 0
    outer loop
      vertex 21.8252 -22.5854 0
      vertex 21.7053 -22.0974 2
      vertex 21.7053 -22.0974 0
    endloop
  endfacet
  facet normal -0.984196 -0.177085 0
    outer loop
      vertex 21.9142 -23.08 2
      vertex 21.8252 -22.5854 2
      vertex 21.9142 -23.08 0
    endloop
  endfacet
  facet normal -0.984196 -0.177085 0
    outer loop
      vertex 21.9142 -23.08 0
      vertex 21.8252 -22.5854 2
      vertex 21.8252 -22.5854 0
    endloop
  endfacet
  facet normal -0.993373 -0.114936 0
    outer loop
      vertex 21.9719 -23.5793 2
      vertex 21.9142 -23.08 2
      vertex 21.9719 -23.5793 0
    endloop
  endfacet
  facet normal -0.993373 -0.114936 0
    outer loop
      vertex 21.9719 -23.5793 0
      vertex 21.9142 -23.08 2
      vertex 21.9142 -23.08 0
    endloop
  endfacet
  facet normal -0.99863 -0.0523359 0
    outer loop
      vertex 21.9982 -24.0812 2
      vertex 21.9719 -23.5793 2
      vertex 21.9982 -24.0812 0
    endloop
  endfacet
  facet normal -0.99863 -0.0523359 0
    outer loop
      vertex 21.9982 -24.0812 0
      vertex 21.9719 -23.5793 2
      vertex 21.9719 -23.5793 0
    endloop
  endfacet
  facet normal -0.999945 0.0104717 0
    outer loop
      vertex 21.9982 -24.0812 2
      vertex 21.9982 -24.0812 0
      vertex 21.993 -24.5837 2
    endloop
  endfacet
  facet normal -0.999945 0.0104717 0
    outer loop
      vertex 21.993 -24.5837 2
      vertex 21.9982 -24.0812 0
      vertex 21.993 -24.5837 0
    endloop
  endfacet
  facet normal -0.997315 0.0732371 0
    outer loop
      vertex 21.993 -24.5837 2
      vertex 21.993 -24.5837 0
      vertex 21.9562 -25.0849 2
    endloop
  endfacet
  facet normal -0.997315 0.0732371 0
    outer loop
      vertex 21.9562 -25.0849 2
      vertex 21.993 -24.5837 0
      vertex 21.9562 -25.0849 0
    endloop
  endfacet
  facet normal -0.990748 0.135715 0
    outer loop
      vertex 21.9562 -25.0849 2
      vertex 21.9562 -25.0849 0
      vertex 21.888 -25.5829 2
    endloop
  endfacet
  facet normal -0.990748 0.135715 0
    outer loop
      vertex 21.888 -25.5829 2
      vertex 21.9562 -25.0849 0
      vertex 21.888 -25.5829 0
    endloop
  endfacet
  facet normal -0.980271 0.197657 0
    outer loop
      vertex 21.888 -25.5829 2
      vertex 21.888 -25.5829 0
      vertex 21.7886 -26.0755 2
    endloop
  endfacet
  facet normal -0.980271 0.197657 0
    outer loop
      vertex 21.7886 -26.0755 2
      vertex 21.888 -25.5829 0
      vertex 21.7886 -26.0755 0
    endloop
  endfacet
  facet normal -0.965926 0.258819 0
    outer loop
      vertex 21.7886 -26.0755 2
      vertex 21.7886 -26.0755 0
      vertex 21.6586 -26.561 2
    endloop
  endfacet
  facet normal -0.965926 0.258819 0
    outer loop
      vertex 21.6586 -26.561 2
      vertex 21.7886 -26.0755 0
      vertex 21.6586 -26.561 0
    endloop
  endfacet
  facet normal -0.947768 0.318959 0
    outer loop
      vertex 21.6586 -26.561 2
      vertex 21.6586 -26.561 0
      vertex 21.4983 -27.0373 2
    endloop
  endfacet
  facet normal -0.947768 0.318959 0
    outer loop
      vertex 21.4983 -27.0373 2
      vertex 21.6586 -26.561 0
      vertex 21.4983 -27.0373 0
    endloop
  endfacet
  facet normal -0.925871 0.377841 0
    outer loop
      vertex 21.4983 -27.0373 2
      vertex 21.4983 -27.0373 0
      vertex 21.3084 -27.5026 2
    endloop
  endfacet
  facet normal -0.925871 0.377841 0
    outer loop
      vertex 21.3084 -27.5026 2
      vertex 21.4983 -27.0373 0
      vertex 21.3084 -27.5026 0
    endloop
  endfacet
  facet normal -0.900318 0.435232 0
    outer loop
      vertex 21.3084 -27.5026 2
      vertex 21.3084 -27.5026 0
      vertex 21.0896 -27.9551 2
    endloop
  endfacet
  facet normal -0.900318 0.435232 0
    outer loop
      vertex 21.0896 -27.9551 2
      vertex 21.3084 -27.5026 0
      vertex 21.0896 -27.9551 0
    endloop
  endfacet
  facet normal -0.871214 0.490904 0
    outer loop
      vertex 21.0896 -27.9551 2
      vertex 21.0896 -27.9551 0
      vertex 20.8429 -28.3929 2
    endloop
  endfacet
  facet normal -0.871214 0.490904 0
    outer loop
      vertex 20.8429 -28.3929 2
      vertex 21.0896 -27.9551 0
      vertex 20.8429 -28.3929 0
    endloop
  endfacet
  facet normal -0.838671 0.544639 0
    outer loop
      vertex 20.8429 -28.3929 2
      vertex 20.8429 -28.3929 0
      vertex 20.5692 -28.8144 2
    endloop
  endfacet
  facet normal -0.838671 0.544639 0
    outer loop
      vertex 20.5692 -28.8144 2
      vertex 20.8429 -28.3929 0
      vertex 20.5692 -28.8144 0
    endloop
  endfacet
  facet normal -0.802818 0.596224 0
    outer loop
      vertex 20.5692 -28.8144 2
      vertex 20.5692 -28.8144 0
      vertex 20.2695 -29.2179 2
    endloop
  endfacet
  facet normal -0.802818 0.596224 0
    outer loop
      vertex 20.2695 -29.2179 2
      vertex 20.5692 -28.8144 0
      vertex 20.2695 -29.2179 0
    endloop
  endfacet
  facet normal -0.763796 0.645458 0
    outer loop
      vertex 20.2695 -29.2179 2
      vertex 20.2695 -29.2179 0
      vertex 19.9452 -29.6018 2
    endloop
  endfacet
  facet normal -0.763796 0.645458 0
    outer loop
      vertex 19.9452 -29.6018 2
      vertex 20.2695 -29.2179 0
      vertex 19.9452 -29.6018 0
    endloop
  endfacet
  facet normal -0.72176 0.692143 0
    outer loop
      vertex 19.9452 -29.6018 2
      vertex 19.9452 -29.6018 0
      vertex 19.5973 -29.9645 2
    endloop
  endfacet
  facet normal -0.72176 0.692143 0
    outer loop
      vertex 19.5973 -29.9645 2
      vertex 19.9452 -29.6018 0
      vertex 19.5973 -29.9645 0
    endloop
  endfacet
  facet normal -0.676877 0.736097 0
    outer loop
      vertex 19.5973 -29.9645 2
      vertex 19.5973 -29.9645 0
      vertex 19.2274 -30.3047 2
    endloop
  endfacet
  facet normal -0.676877 0.736097 0
    outer loop
      vertex 19.2274 -30.3047 2
      vertex 19.5973 -29.9645 0
      vertex 19.2274 -30.3047 0
    endloop
  endfacet
  facet normal -0.629321 0.777146 0
    outer loop
      vertex 19.2274 -30.3047 2
      vertex 19.2274 -30.3047 0
      vertex 18.8368 -30.621 2
    endloop
  endfacet
  facet normal -0.629321 0.777146 0
    outer loop
      vertex 18.8368 -30.621 2
      vertex 19.2274 -30.3047 0
      vertex 18.8368 -30.621 0
    endloop
  endfacet
  facet normal -0.579281 0.815128 0
    outer loop
      vertex 18.8368 -30.621 2
      vertex 18.8368 -30.621 0
      vertex 18.4271 -30.9121 2
    endloop
  endfacet
  facet normal -0.579281 0.815128 0
    outer loop
      vertex 18.4271 -30.9121 2
      vertex 18.8368 -30.621 0
      vertex 18.4271 -30.9121 0
    endloop
  endfacet
  facet normal -0.526956 0.849893 0
    outer loop
      vertex 18.4271 -30.9121 2
      vertex 18.4271 -30.9121 0
      vertex 18 -31.1769 2
    endloop
  endfacet
  facet normal -0.526956 0.849893 0
    outer loop
      vertex 18 -31.1769 2
      vertex 18.4271 -30.9121 0
      vertex 18 -31.1769 0
    endloop
  endfacet
  facet normal -0.472551 0.881303 0
    outer loop
      vertex 18 -31.1769 2
      vertex 18 -31.1769 0
      vertex 17.5571 -31.4144 2
    endloop
  endfacet
  facet normal -0.472551 0.881303 0
    outer loop
      vertex 17.5571 -31.4144 2
      vertex 18 -31.1769 0
      vertex 17.5571 -31.4144 0
    endloop
  endfacet
  facet normal -0.416281 0.909236 0
    outer loop
      vertex 17.5571 -31.4144 2
      vertex 17.5571 -31.4144 0
      vertex 17.1001 -31.6236 2
    endloop
  endfacet
  facet normal -0.416281 0.909236 0
    outer loop
      vertex 17.1001 -31.6236 2
      vertex 17.5571 -31.4144 0
      vertex 17.1001 -31.6236 0
    endloop
  endfacet
  facet normal -0.358367 0.933581 0
    outer loop
      vertex 17.1001 -31.6236 2
      vertex 17.1001 -31.6236 0
      vertex 16.6309 -31.8037 2
    endloop
  endfacet
  facet normal -0.358367 0.933581 0
    outer loop
      vertex 16.6309 -31.8037 2
      vertex 17.1001 -31.6236 0
      vertex 16.6309 -31.8037 0
    endloop
  endfacet
  facet normal -0.29904 0.954241 0
    outer loop
      vertex 16.6309 -31.8037 2
      vertex 16.6309 -31.8037 0
      vertex 16.1514 -31.954 2
    endloop
  endfacet
  facet normal -0.29904 0.954241 0
    outer loop
      vertex 16.1514 -31.954 2
      vertex 16.6309 -31.8037 0
      vertex 16.1514 -31.954 0
    endloop
  endfacet
  facet normal -0.238534 0.971134 0
    outer loop
      vertex 16.1514 -31.954 2
      vertex 16.1514 -31.954 0
      vertex 15.6633 -32.0739 2
    endloop
  endfacet
  facet normal -0.238534 0.971134 0
    outer loop
      vertex 15.6633 -32.0739 2
      vertex 16.1514 -31.954 0
      vertex 15.6633 -32.0739 0
    endloop
  endfacet
  facet normal -0.177085 0.984196 0
    outer loop
      vertex 15.6633 -32.0739 2
      vertex 15.6633 -32.0739 0
      vertex 15.1687 -32.1629 2
    endloop
  endfacet
  facet normal -0.177085 0.984196 0
    outer loop
      vertex 15.1687 -32.1629 2
      vertex 15.6633 -32.0739 0
      vertex 15.1687 -32.1629 0
    endloop
  endfacet
  facet normal -0.114936 0.993373 0
    outer loop
      vertex 15.1687 -32.1629 2
      vertex 15.1687 -32.1629 0
      vertex 14.6694 -32.2207 2
    endloop
  endfacet
  facet normal -0.114936 0.993373 0
    outer loop
      vertex 14.6694 -32.2207 2
      vertex 15.1687 -32.1629 0
      vertex 14.6694 -32.2207 0
    endloop
  endfacet
  facet normal -0.0523359 0.99863 0
    outer loop
      vertex 14.6694 -32.2207 2
      vertex 14.6694 -32.2207 0
      vertex 14.1675 -32.247 2
    endloop
  endfacet
  facet normal -0.0523359 0.99863 0
    outer loop
      vertex 14.1675 -32.247 2
      vertex 14.6694 -32.2207 0
      vertex 14.1675 -32.247 0
    endloop
  endfacet
  facet normal 0.0104717 0.999945 0
    outer loop
      vertex 14.1675 -32.247 2
      vertex 14.1675 -32.247 0
      vertex 13.665 -32.2417 2
    endloop
  endfacet
  facet normal 0.0104717 0.999945 0
    outer loop
      vertex 13.665 -32.2417 2
      vertex 14.1675 -32.247 0
      vertex 13.665 -32.2417 0
    endloop
  endfacet
  facet normal 0.0732371 0.997315 0
    outer loop
      vertex 13.665 -32.2417 2
      vertex 13.665 -32.2417 0
      vertex 13.1638 -32.2049 2
    endloop
  endfacet
  facet normal 0.0732371 0.997315 0
    outer loop
      vertex 13.1638 -32.2049 2
      vertex 13.665 -32.2417 0
      vertex 13.1638 -32.2049 0
    endloop
  endfacet
  facet normal 0.135715 0.990748 0
    outer loop
      vertex 13.1638 -32.2049 2
      vertex 13.1638 -32.2049 0
      vertex 12.6658 -32.1367 2
    endloop
  endfacet
  facet normal 0.135715 0.990748 0
    outer loop
      vertex 12.6658 -32.1367 2
      vertex 13.1638 -32.2049 0
      vertex 12.6658 -32.1367 0
    endloop
  endfacet
  facet normal 0.197657 0.980271 0
    outer loop
      vertex 12.6658 -32.1367 2
      vertex 12.6658 -32.1367 0
      vertex 12.1732 -32.0373 2
    endloop
  endfacet
  facet normal 0.197657 0.980271 0
    outer loop
      vertex 12.1732 -32.0373 2
      vertex 12.6658 -32.1367 0
      vertex 12.1732 -32.0373 0
    endloop
  endfacet
  facet normal 0.258819 0.965926 0
    outer loop
      vertex 12.1732 -32.0373 2
      vertex 12.1732 -32.0373 0
      vertex 11.6877 -31.9073 2
    endloop
  endfacet
  facet normal 0.258819 0.965926 0
    outer loop
      vertex 11.6877 -31.9073 2
      vertex 12.1732 -32.0373 0
      vertex 11.6877 -31.9073 0
    endloop
  endfacet
  facet normal 0.318959 0.947768 0
    outer loop
      vertex 11.6877 -31.9073 2
      vertex 11.6877 -31.9073 0
      vertex 11.2114 -31.747 2
    endloop
  endfacet
  facet normal 0.318959 0.947768 0
    outer loop
      vertex 11.2114 -31.747 2
      vertex 11.6877 -31.9073 0
      vertex 11.2114 -31.747 0
    endloop
  endfacet
  facet normal 0.377841 0.925871 0
    outer loop
      vertex 11.2114 -31.747 2
      vertex 11.2114 -31.747 0
      vertex 10.7461 -31.5571 2
    endloop
  endfacet
  facet normal 0.377841 0.925871 0
    outer loop
      vertex 10.7461 -31.5571 2
      vertex 11.2114 -31.747 0
      vertex 10.7461 -31.5571 0
    endloop
  endfacet
  facet normal 0.435232 0.900318 0
    outer loop
      vertex 10.7461 -31.5571 2
      vertex 10.7461 -31.5571 0
      vertex 10.2936 -31.3383 2
    endloop
  endfacet
  facet normal 0.435232 0.900318 0
    outer loop
      vertex 10.2936 -31.3383 2
      vertex 10.7461 -31.5571 0
      vertex 10.2936 -31.3383 0
    endloop
  endfacet
  facet normal 0.490904 0.871214 0
    outer loop
      vertex 10.2936 -31.3383 2
      vertex 10.2936 -31.3383 0
      vertex 9.85578 -31.0916 2
    endloop
  endfacet
  facet normal 0.490904 0.871214 0
    outer loop
      vertex 9.85578 -31.0916 2
      vertex 10.2936 -31.3383 0
      vertex 9.85578 -31.0916 0
    endloop
  endfacet
  facet normal 0.544639 0.838671 0
    outer loop
      vertex 9.85578 -31.0916 2
      vertex 9.85578 -31.0916 0
      vertex 9.43429 -30.8179 2
    endloop
  endfacet
  facet normal 0.544639 0.838671 0
    outer loop
      vertex 9.43429 -30.8179 2
      vertex 9.85578 -31.0916 0
      vertex 9.43429 -30.8179 0
    endloop
  endfacet
  facet normal 0.596224 0.802818 0
    outer loop
      vertex 9.43429 -30.8179 2
      vertex 9.43429 -30.8179 0
      vertex 9.03082 -30.5183 2
    endloop
  endfacet
  facet normal 0.596224 0.802818 0
    outer loop
      vertex 9.03082 -30.5183 2
      vertex 9.43429 -30.8179 0
      vertex 9.03082 -30.5183 0
    endloop
  endfacet
  facet normal 0.645458 0.763796 0
    outer loop
      vertex 9.03082 -30.5183 2
      vertex 9.03082 -30.5183 0
      vertex 8.64696 -30.1939 2
    endloop
  endfacet
  facet normal 0.645458 0.763796 0
    outer loop
      vertex 8.64696 -30.1939 2
      vertex 9.03082 -30.5183 0
      vertex 8.64696 -30.1939 0
    endloop
  endfacet
  facet normal 0.692143 0.72176 0
    outer loop
      vertex 8.64696 -30.1939 2
      vertex 8.64696 -30.1939 0
      vertex 8.28422 -29.846 2
    endloop
  endfacet
  facet normal 0.692143 0.72176 0
    outer loop
      vertex 8.28422 -29.846 2
      vertex 8.64696 -30.1939 0
      vertex 8.28422 -29.846 0
    endloop
  endfacet
  facet normal 0.736097 0.676877 0
    outer loop
      vertex 7.94404 -29.4761 2
      vertex 8.28422 -29.846 2
      vertex 8.28422 -29.846 0
    endloop
  endfacet
  facet normal 0.736097 0.676877 0
    outer loop
      vertex 7.94404 -29.4761 0
      vertex 7.94404 -29.4761 2
      vertex 8.28422 -29.846 0
    endloop
  endfacet
  facet normal 0.777146 0.629321 0
    outer loop
      vertex 7.62776 -29.0855 2
      vertex 7.94404 -29.4761 2
      vertex 7.94404 -29.4761 0
    endloop
  endfacet
  facet normal 0.777146 0.629321 0
    outer loop
      vertex 7.62776 -29.0855 0
      vertex 7.62776 -29.0855 2
      vertex 7.94404 -29.4761 0
    endloop
  endfacet
  facet normal 0.815128 0.579281 0
    outer loop
      vertex 7.33663 -28.6758 2
      vertex 7.62776 -29.0855 2
      vertex 7.62776 -29.0855 0
    endloop
  endfacet
  facet normal 0.815128 0.579281 0
    outer loop
      vertex 7.33663 -28.6758 0
      vertex 7.33663 -28.6758 2
      vertex 7.62776 -29.0855 0
    endloop
  endfacet
  facet normal 0.849893 0.526956 0
    outer loop
      vertex 7.0718 -28.2487 2
      vertex 7.33663 -28.6758 2
      vertex 7.33663 -28.6758 0
    endloop
  endfacet
  facet normal 0.849893 0.526956 0
    outer loop
      vertex 7.0718 -28.2487 0
      vertex 7.0718 -28.2487 2
      vertex 7.33663 -28.6758 0
    endloop
  endfacet
  facet normal 0.881303 0.472551 0
    outer loop
      vertex 6.83431 -27.8058 2
      vertex 7.0718 -28.2487 2
      vertex 7.0718 -28.2487 0
    endloop
  endfacet
  facet normal 0.881303 0.472551 0
    outer loop
      vertex 6.83431 -27.8058 0
      vertex 6.83431 -27.8058 2
      vertex 7.0718 -28.2487 0
    endloop
  endfacet
  facet normal 0.909236 0.416281 0
    outer loop
      vertex 6.62509 -27.3488 2
      vertex 6.83431 -27.8058 2
      vertex 6.83431 -27.8058 0
    endloop
  endfacet
  facet normal 0.909236 0.416281 0
    outer loop
      vertex 6.62509 -27.3488 0
      vertex 6.62509 -27.3488 2
      vertex 6.83431 -27.8058 0
    endloop
  endfacet
  facet normal 0.933581 0.358367 0
    outer loop
      vertex 6.44499 -26.8796 2
      vertex 6.62509 -27.3488 2
      vertex 6.62509 -27.3488 0
    endloop
  endfacet
  facet normal 0.933581 0.358367 0
    outer loop
      vertex 6.44499 -26.8796 0
      vertex 6.44499 -26.8796 2
      vertex 6.62509 -27.3488 0
    endloop
  endfacet
  facet normal 0.954241 0.29904 0
    outer loop
      vertex 6.2947 -26.4001 2
      vertex 6.44499 -26.8796 2
      vertex 6.44499 -26.8796 0
    endloop
  endfacet
  facet normal 0.954241 0.29904 0
    outer loop
      vertex 6.2947 -26.4001 0
      vertex 6.2947 -26.4001 2
      vertex 6.44499 -26.8796 0
    endloop
  endfacet
  facet normal 0.971134 0.238534 0
    outer loop
      vertex 6.17482 -25.912 2
      vertex 6.2947 -26.4001 2
      vertex 6.2947 -26.4001 0
    endloop
  endfacet
  facet normal 0.971134 0.238534 0
    outer loop
      vertex 6.17482 -25.912 0
      vertex 6.17482 -25.912 2
      vertex 6.2947 -26.4001 0
    endloop
  endfacet
  facet normal 0.984196 0.177085 0
    outer loop
      vertex 6.08582 -25.4174 2
      vertex 6.17482 -25.912 2
      vertex 6.17482 -25.912 0
    endloop
  endfacet
  facet normal 0.984196 0.177085 0
    outer loop
      vertex 6.08582 -25.4174 0
      vertex 6.08582 -25.4174 2
      vertex 6.17482 -25.912 0
    endloop
  endfacet
  facet normal 0.993373 0.114936 0
    outer loop
      vertex 6.02806 -24.9181 2
      vertex 6.08582 -25.4174 2
      vertex 6.08582 -25.4174 0
    endloop
  endfacet
  facet normal 0.993373 0.114936 0
    outer loop
      vertex 6.02806 -24.9181 0
      vertex 6.02806 -24.9181 2
      vertex 6.08582 -25.4174 0
    endloop
  endfacet
  facet normal 0.99863 0.0523359 0
    outer loop
      vertex 6.00176 -24.4163 2
      vertex 6.02806 -24.9181 2
      vertex 6.02806 -24.9181 0
    endloop
  endfacet
  facet normal 0.99863 0.0523359 0
    outer loop
      vertex 6.00176 -24.4163 0
      vertex 6.00176 -24.4163 2
      vertex 6.02806 -24.9181 0
    endloop
  endfacet
  facet normal 0.999945 0.0104717 0
    outer loop
      vertex 6.00176 24.4163 2
      vertex 6.00702 23.9137 2
      vertex 6.00702 23.9137 0
    endloop
  endfacet
  facet normal 0.999945 0.0104717 0
    outer loop
      vertex 6.00176 24.4163 0
      vertex 6.00176 24.4163 2
      vertex 6.00702 23.9137 0
    endloop
  endfacet
  facet normal 0.99863 -0.0523359 0
    outer loop
      vertex 6.02806 24.9181 0
      vertex 6.02806 24.9181 2
      vertex 6.00176 24.4163 2
    endloop
  endfacet
  facet normal 0.99863 -0.0523359 0
    outer loop
      vertex 6.00176 24.4163 0
      vertex 6.02806 24.9181 0
      vertex 6.00176 24.4163 2
    endloop
  endfacet
  facet normal 0.993373 -0.114936 0
    outer loop
      vertex 6.08582 25.4174 0
      vertex 6.08582 25.4174 2
      vertex 6.02806 24.9181 2
    endloop
  endfacet
  facet normal 0.993373 -0.114936 0
    outer loop
      vertex 6.02806 24.9181 0
      vertex 6.08582 25.4174 0
      vertex 6.02806 24.9181 2
    endloop
  endfacet
  facet normal 0.984196 -0.177085 0
    outer loop
      vertex 6.17482 25.912 0
      vertex 6.17482 25.912 2
      vertex 6.08582 25.4174 2
    endloop
  endfacet
  facet normal 0.984196 -0.177085 0
    outer loop
      vertex 6.08582 25.4174 0
      vertex 6.17482 25.912 0
      vertex 6.08582 25.4174 2
    endloop
  endfacet
  facet normal 0.971134 -0.238534 0
    outer loop
      vertex 6.2947 26.4001 0
      vertex 6.2947 26.4001 2
      vertex 6.17482 25.912 2
    endloop
  endfacet
  facet normal 0.971134 -0.238534 0
    outer loop
      vertex 6.17482 25.912 0
      vertex 6.2947 26.4001 0
      vertex 6.17482 25.912 2
    endloop
  endfacet
  facet normal 0.954241 -0.29904 0
    outer loop
      vertex 6.44499 26.8796 0
      vertex 6.44499 26.8796 2
      vertex 6.2947 26.4001 2
    endloop
  endfacet
  facet normal 0.954241 -0.29904 0
    outer loop
      vertex 6.2947 26.4001 0
      vertex 6.44499 26.8796 0
      vertex 6.2947 26.4001 2
    endloop
  endfacet
  facet normal 0.933581 -0.358367 0
    outer loop
      vertex 6.62509 27.3488 0
      vertex 6.62509 27.3488 2
      vertex 6.44499 26.8796 2
    endloop
  endfacet
  facet normal 0.933581 -0.358367 0
    outer loop
      vertex 6.44499 26.8796 0
      vertex 6.62509 27.3488 0
      vertex 6.44499 26.8796 2
    endloop
  endfacet
  facet normal 0.909236 -0.416281 0
    outer loop
      vertex 6.83431 27.8058 0
      vertex 6.83431 27.8058 2
      vertex 6.62509 27.3488 2
    endloop
  endfacet
  facet normal 0.909236 -0.416281 0
    outer loop
      vertex 6.62509 27.3488 0
      vertex 6.83431 27.8058 0
      vertex 6.62509 27.3488 2
    endloop
  endfacet
  facet normal 0.881303 -0.472551 0
    outer loop
      vertex 7.0718 28.2487 0
      vertex 7.0718 28.2487 2
      vertex 6.83431 27.8058 2
    endloop
  endfacet
  facet normal 0.881303 -0.472551 0
    outer loop
      vertex 6.83431 27.8058 0
      vertex 7.0718 28.2487 0
      vertex 6.83431 27.8058 2
    endloop
  endfacet
  facet normal 0.849893 -0.526956 0
    outer loop
      vertex 7.33663 28.6758 0
      vertex 7.33663 28.6758 2
      vertex 7.0718 28.2487 2
    endloop
  endfacet
  facet normal 0.849893 -0.526956 0
    outer loop
      vertex 7.0718 28.2487 0
      vertex 7.33663 28.6758 0
      vertex 7.0718 28.2487 2
    endloop
  endfacet
  facet normal 0.815128 -0.579281 0
    outer loop
      vertex 7.62776 29.0855 0
      vertex 7.62776 29.0855 2
      vertex 7.33663 28.6758 2
    endloop
  endfacet
  facet normal 0.815128 -0.579281 0
    outer loop
      vertex 7.33663 28.6758 0
      vertex 7.62776 29.0855 0
      vertex 7.33663 28.6758 2
    endloop
  endfacet
  facet normal 0.777146 -0.629321 0
    outer loop
      vertex 7.94404 29.4761 0
      vertex 7.94404 29.4761 2
      vertex 7.62776 29.0855 2
    endloop
  endfacet
  facet normal 0.777146 -0.629321 0
    outer loop
      vertex 7.62776 29.0855 0
      vertex 7.94404 29.4761 0
      vertex 7.62776 29.0855 2
    endloop
  endfacet
  facet normal 0.736097 -0.676877 0
    outer loop
      vertex 8.28422 29.846 0
      vertex 8.28422 29.846 2
      vertex 7.94404 29.4761 2
    endloop
  endfacet
  facet normal 0.736097 -0.676877 0
    outer loop
      vertex 7.94404 29.4761 0
      vertex 8.28422 29.846 0
      vertex 7.94404 29.4761 2
    endloop
  endfacet
  facet normal 0.692143 -0.72176 0
    outer loop
      vertex 8.64696 30.1939 0
      vertex 8.64696 30.1939 2
      vertex 8.28422 29.846 2
    endloop
  endfacet
  facet normal 0.692143 -0.72176 0
    outer loop
      vertex 8.28422 29.846 0
      vertex 8.64696 30.1939 0
      vertex 8.28422 29.846 2
    endloop
  endfacet
  facet normal 0.645458 -0.763796 0
    outer loop
      vertex 9.03082 30.5183 0
      vertex 9.03082 30.5183 2
      vertex 8.64696 30.1939 2
    endloop
  endfacet
  facet normal 0.645458 -0.763796 0
    outer loop
      vertex 8.64696 30.1939 0
      vertex 9.03082 30.5183 0
      vertex 8.64696 30.1939 2
    endloop
  endfacet
  facet normal 0.596224 -0.802818 0
    outer loop
      vertex 9.43429 30.8179 0
      vertex 9.43429 30.8179 2
      vertex 9.03082 30.5183 2
    endloop
  endfacet
  facet normal 0.596224 -0.802818 0
    outer loop
      vertex 9.03082 30.5183 0
      vertex 9.43429 30.8179 0
      vertex 9.03082 30.5183 2
    endloop
  endfacet
  facet normal 0.544639 -0.838671 0
    outer loop
      vertex 9.85578 31.0916 0
      vertex 9.85578 31.0916 2
      vertex 9.43429 30.8179 2
    endloop
  endfacet
  facet normal 0.544639 -0.838671 0
    outer loop
      vertex 9.43429 30.8179 0
      vertex 9.85578 31.0916 0
      vertex 9.43429 30.8179 2
    endloop
  endfacet
  facet normal 0.490904 -0.871214 0
    outer loop
      vertex 10.2936 31.3383 0
      vertex 10.2936 31.3383 2
      vertex 9.85578 31.0916 2
    endloop
  endfacet
  facet normal 0.490904 -0.871214 0
    outer loop
      vertex 9.85578 31.0916 0
      vertex 10.2936 31.3383 0
      vertex 9.85578 31.0916 2
    endloop
  endfacet
  facet normal 0.435232 -0.900318 0
    outer loop
      vertex 10.7461 31.5571 0
      vertex 10.7461 31.5571 2
      vertex 10.2936 31.3383 2
    endloop
  endfacet
  facet normal 0.435232 -0.900318 0
    outer loop
      vertex 10.2936 31.3383 0
      vertex 10.7461 31.5571 0
      vertex 10.2936 31.3383 2
    endloop
  endfacet
  facet normal 0.377841 -0.925871 0
    outer loop
      vertex 11.2114 31.747 0
      vertex 11.2114 31.747 2
      vertex 10.7461 31.5571 2
    endloop
  endfacet
  facet normal 0.377841 -0.925871 0
    outer loop
      vertex 10.7461 31.5571 0
      vertex 11.2114 31.747 0
      vertex 10.7461 31.5571 2
    endloop
  endfacet
  facet normal 0.318959 -0.947768 0
    outer loop
      vertex 11.6877 31.9073 0
      vertex 11.6877 31.9073 2
      vertex 11.2114 31.747 2
    endloop
  endfacet
  facet normal 0.318959 -0.947768 0
    outer loop
      vertex 11.2114 31.747 0
      vertex 11.6877 31.9073 0
      vertex 11.2114 31.747 2
    endloop
  endfacet
  facet normal 0.258819 -0.965926 0
    outer loop
      vertex 12.1732 32.0373 0
      vertex 12.1732 32.0373 2
      vertex 11.6877 31.9073 2
    endloop
  endfacet
  facet normal 0.258819 -0.965926 0
    outer loop
      vertex 11.6877 31.9073 0
      vertex 12.1732 32.0373 0
      vertex 11.6877 31.9073 2
    endloop
  endfacet
  facet normal 0.197657 -0.980271 0
    outer loop
      vertex 12.6658 32.1367 0
      vertex 12.6658 32.1367 2
      vertex 12.1732 32.0373 2
    endloop
  endfacet
  facet normal 0.197657 -0.980271 0
    outer loop
      vertex 12.1732 32.0373 0
      vertex 12.6658 32.1367 0
      vertex 12.1732 32.0373 2
    endloop
  endfacet
  facet normal 0.135715 -0.990748 0
    outer loop
      vertex 13.1638 32.2049 0
      vertex 13.1638 32.2049 2
      vertex 12.6658 32.1367 2
    endloop
  endfacet
  facet normal 0.135715 -0.990748 0
    outer loop
      vertex 12.6658 32.1367 0
      vertex 13.1638 32.2049 0
      vertex 12.6658 32.1367 2
    endloop
  endfacet
  facet normal 0.0732371 -0.997315 0
    outer loop
      vertex 13.665 32.2417 0
      vertex 13.665 32.2417 2
      vertex 13.1638 32.2049 2
    endloop
  endfacet
  facet normal 0.0732371 -0.997315 0
    outer loop
      vertex 13.1638 32.2049 0
      vertex 13.665 32.2417 0
      vertex 13.1638 32.2049 2
    endloop
  endfacet
  facet normal 0.0104717 -0.999945 0
    outer loop
      vertex 14.1675 32.247 0
      vertex 14.1675 32.247 2
      vertex 13.665 32.2417 2
    endloop
  endfacet
  facet normal 0.0104717 -0.999945 0
    outer loop
      vertex 13.665 32.2417 0
      vertex 14.1675 32.247 0
      vertex 13.665 32.2417 2
    endloop
  endfacet
  facet normal -0.0523359 -0.99863 0
    outer loop
      vertex 14.6694 32.2207 0
      vertex 14.6694 32.2207 2
      vertex 14.1675 32.247 2
    endloop
  endfacet
  facet normal -0.0523359 -0.99863 0
    outer loop
      vertex 14.1675 32.247 0
      vertex 14.6694 32.2207 0
      vertex 14.1675 32.247 2
    endloop
  endfacet
  facet normal -0.114936 -0.993373 0
    outer loop
      vertex 15.1687 32.1629 0
      vertex 15.1687 32.1629 2
      vertex 14.6694 32.2207 2
    endloop
  endfacet
  facet normal -0.114936 -0.993373 0
    outer loop
      vertex 14.6694 32.2207 0
      vertex 15.1687 32.1629 0
      vertex 14.6694 32.2207 2
    endloop
  endfacet
  facet normal -0.177085 -0.984196 0
    outer loop
      vertex 15.6633 32.0739 0
      vertex 15.6633 32.0739 2
      vertex 15.1687 32.1629 2
    endloop
  endfacet
  facet normal -0.177085 -0.984196 0
    outer loop
      vertex 15.1687 32.1629 0
      vertex 15.6633 32.0739 0
      vertex 15.1687 32.1629 2
    endloop
  endfacet
  facet normal -0.238534 -0.971134 0
    outer loop
      vertex 16.1514 31.954 0
      vertex 16.1514 31.954 2
      vertex 15.6633 32.0739 2
    endloop
  endfacet
  facet normal -0.238534 -0.971134 0
    outer loop
      vertex 15.6633 32.0739 0
      vertex 16.1514 31.954 0
      vertex 15.6633 32.0739 2
    endloop
  endfacet
  facet normal -0.29904 -0.954241 0
    outer loop
      vertex 16.6309 31.8037 0
      vertex 16.6309 31.8037 2
      vertex 16.1514 31.954 2
    endloop
  endfacet
  facet normal -0.29904 -0.954241 0
    outer loop
      vertex 16.1514 31.954 0
      vertex 16.6309 31.8037 0
      vertex 16.1514 31.954 2
    endloop
  endfacet
  facet normal -0.358367 -0.933581 0
    outer loop
      vertex 17.1001 31.6236 0
      vertex 17.1001 31.6236 2
      vertex 16.6309 31.8037 2
    endloop
  endfacet
  facet normal -0.358367 -0.933581 0
    outer loop
      vertex 16.6309 31.8037 0
      vertex 17.1001 31.6236 0
      vertex 16.6309 31.8037 2
    endloop
  endfacet
  facet normal -0.416281 -0.909236 0
    outer loop
      vertex 17.5571 31.4144 0
      vertex 17.5571 31.4144 2
      vertex 17.1001 31.6236 2
    endloop
  endfacet
  facet normal -0.416281 -0.909236 0
    outer loop
      vertex 17.1001 31.6236 0
      vertex 17.5571 31.4144 0
      vertex 17.1001 31.6236 2
    endloop
  endfacet
  facet normal -0.472551 -0.881303 0
    outer loop
      vertex 18 31.1769 0
      vertex 18 31.1769 2
      vertex 17.5571 31.4144 2
    endloop
  endfacet
  facet normal -0.472551 -0.881303 0
    outer loop
      vertex 17.5571 31.4144 0
      vertex 18 31.1769 0
      vertex 17.5571 31.4144 2
    endloop
  endfacet
  facet normal -0.526956 -0.849893 0
    outer loop
      vertex 18.4271 30.9121 0
      vertex 18.4271 30.9121 2
      vertex 18 31.1769 2
    endloop
  endfacet
  facet normal -0.526956 -0.849893 0
    outer loop
      vertex 18 31.1769 0
      vertex 18.4271 30.9121 0
      vertex 18 31.1769 2
    endloop
  endfacet
  facet normal -0.579281 -0.815128 0
    outer loop
      vertex 18.8368 30.621 0
      vertex 18.8368 30.621 2
      vertex 18.4271 30.9121 2
    endloop
  endfacet
  facet normal -0.579281 -0.815128 0
    outer loop
      vertex 18.4271 30.9121 0
      vertex 18.8368 30.621 0
      vertex 18.4271 30.9121 2
    endloop
  endfacet
  facet normal -0.629321 -0.777146 0
    outer loop
      vertex 19.2274 30.3047 0
      vertex 19.2274 30.3047 2
      vertex 18.8368 30.621 2
    endloop
  endfacet
  facet normal -0.629321 -0.777146 0
    outer loop
      vertex 18.8368 30.621 0
      vertex 19.2274 30.3047 0
      vertex 18.8368 30.621 2
    endloop
  endfacet
  facet normal -0.676877 -0.736097 0
    outer loop
      vertex 19.5973 29.9645 0
      vertex 19.5973 29.9645 2
      vertex 19.2274 30.3047 2
    endloop
  endfacet
  facet normal -0.676877 -0.736097 0
    outer loop
      vertex 19.2274 30.3047 0
      vertex 19.5973 29.9645 0
      vertex 19.2274 30.3047 2
    endloop
  endfacet
  facet normal -0.72176 -0.692143 0
    outer loop
      vertex 19.9452 29.6018 2
      vertex 19.5973 29.9645 2
      vertex 19.9452 29.6018 0
    endloop
  endfacet
  facet normal -0.72176 -0.692143 0
    outer loop
      vertex 19.9452 29.6018 0
      vertex 19.5973 29.9645 2
      vertex 19.5973 29.9645 0
    endloop
  endfacet
  facet normal -0.763796 -0.645458 0
    outer loop
      vertex 20.2695 29.2179 2
      vertex 19.9452 29.6018 2
      vertex 20.2695 29.2179 0
    endloop
  endfacet
  facet normal -0.763796 -0.645458 0
    outer loop
      vertex 20.2695 29.2179 0
      vertex 19.9452 29.6018 2
      vertex 19.9452 29.6018 0
    endloop
  endfacet
  facet normal -0.802818 -0.596224 0
    outer loop
      vertex 20.5692 28.8144 2
      vertex 20.2695 29.2179 2
      vertex 20.5692 28.8144 0
    endloop
  endfacet
  facet normal -0.802818 -0.596224 0
    outer loop
      vertex 20.5692 28.8144 0
      vertex 20.2695 29.2179 2
      vertex 20.2695 29.2179 0
    endloop
  endfacet
  facet normal -0.838671 -0.544639 0
    outer loop
      vertex 20.8429 28.3929 2
      vertex 20.5692 28.8144 2
      vertex 20.8429 28.3929 0
    endloop
  endfacet
  facet normal -0.838671 -0.544639 0
    outer loop
      vertex 20.8429 28.3929 0
      vertex 20.5692 28.8144 2
      vertex 20.5692 28.8144 0
    endloop
  endfacet
  facet normal -0.871214 -0.490904 0
    outer loop
      vertex 21.0896 27.9551 2
      vertex 20.8429 28.3929 2
      vertex 21.0896 27.9551 0
    endloop
  endfacet
  facet normal -0.871214 -0.490904 0
    outer loop
      vertex 21.0896 27.9551 0
      vertex 20.8429 28.3929 2
      vertex 20.8429 28.3929 0
    endloop
  endfacet
  facet normal -0.900318 -0.435232 0
    outer loop
      vertex 21.3084 27.5026 2
      vertex 21.0896 27.9551 2
      vertex 21.3084 27.5026 0
    endloop
  endfacet
  facet normal -0.900318 -0.435232 0
    outer loop
      vertex 21.3084 27.5026 0
      vertex 21.0896 27.9551 2
      vertex 21.0896 27.9551 0
    endloop
  endfacet
  facet normal -0.925871 -0.377841 0
    outer loop
      vertex 21.4983 27.0373 2
      vertex 21.3084 27.5026 2
      vertex 21.4983 27.0373 0
    endloop
  endfacet
  facet normal -0.925871 -0.377841 0
    outer loop
      vertex 21.4983 27.0373 0
      vertex 21.3084 27.5026 2
      vertex 21.3084 27.5026 0
    endloop
  endfacet
  facet normal -0.947768 -0.318959 0
    outer loop
      vertex 21.6586 26.561 2
      vertex 21.4983 27.0373 2
      vertex 21.6586 26.561 0
    endloop
  endfacet
  facet normal -0.947768 -0.318959 0
    outer loop
      vertex 21.6586 26.561 0
      vertex 21.4983 27.0373 2
      vertex 21.4983 27.0373 0
    endloop
  endfacet
  facet normal -0.965926 -0.258819 0
    outer loop
      vertex 21.7886 26.0755 2
      vertex 21.6586 26.561 2
      vertex 21.7886 26.0755 0
    endloop
  endfacet
  facet normal -0.965926 -0.258819 0
    outer loop
      vertex 21.7886 26.0755 0
      vertex 21.6586 26.561 2
      vertex 21.6586 26.561 0
    endloop
  endfacet
  facet normal -0.980271 -0.197657 0
    outer loop
      vertex 21.888 25.5829 2
      vertex 21.7886 26.0755 2
      vertex 21.888 25.5829 0
    endloop
  endfacet
  facet normal -0.980271 -0.197657 0
    outer loop
      vertex 21.888 25.5829 0
      vertex 21.7886 26.0755 2
      vertex 21.7886 26.0755 0
    endloop
  endfacet
  facet normal -0.990748 -0.135715 0
    outer loop
      vertex 21.9562 25.0849 2
      vertex 21.888 25.5829 2
      vertex 21.9562 25.0849 0
    endloop
  endfacet
  facet normal -0.990748 -0.135715 0
    outer loop
      vertex 21.9562 25.0849 0
      vertex 21.888 25.5829 2
      vertex 21.888 25.5829 0
    endloop
  endfacet
  facet normal -0.997315 -0.0732371 0
    outer loop
      vertex 21.993 24.5837 2
      vertex 21.9562 25.0849 2
      vertex 21.993 24.5837 0
    endloop
  endfacet
  facet normal -0.997315 -0.0732371 0
    outer loop
      vertex 21.993 24.5837 0
      vertex 21.9562 25.0849 2
      vertex 21.9562 25.0849 0
    endloop
  endfacet
  facet normal -0.999945 -0.0104717 0
    outer loop
      vertex 21.9982 24.0812 2
      vertex 21.993 24.5837 2
      vertex 21.9982 24.0812 0
    endloop
  endfacet
  facet normal -0.999945 -0.0104717 0
    outer loop
      vertex 21.9982 24.0812 0
      vertex 21.993 24.5837 2
      vertex 21.993 24.5837 0
    endloop
  endfacet
  facet normal -0.99863 0.0523359 0
    outer loop
      vertex 21.9982 24.0812 2
      vertex 21.9982 24.0812 0
      vertex 21.9719 23.5793 2
    endloop
  endfacet
  facet normal -0.99863 0.0523359 0
    outer loop
      vertex 21.9719 23.5793 2
      vertex 21.9982 24.0812 0
      vertex 21.9719 23.5793 0
    endloop
  endfacet
  facet normal -0.993373 0.114936 0
    outer loop
      vertex 21.9719 23.5793 2
      vertex 21.9719 23.5793 0
      vertex 21.9142 23.08 2
    endloop
  endfacet
  facet normal -0.993373 0.114936 0
    outer loop
      vertex 21.9142 23.08 2
      vertex 21.9719 23.5793 0
      vertex 21.9142 23.08 0
    endloop
  endfacet
  facet normal -0.984196 0.177085 0
    outer loop
      vertex 21.9142 23.08 2
      vertex 21.9142 23.08 0
      vertex 21.8252 22.5854 2
    endloop
  endfacet
  facet normal -0.984196 0.177085 0
    outer loop
      vertex 21.8252 22.5854 2
      vertex 21.9142 23.08 0
      vertex 21.8252 22.5854 0
    endloop
  endfacet
  facet normal -0.971134 0.238534 0
    outer loop
      vertex 21.8252 22.5854 2
      vertex 21.8252 22.5854 0
      vertex 21.7053 22.0974 2
    endloop
  endfacet
  facet normal -0.971134 0.238534 0
    outer loop
      vertex 21.7053 22.0974 2
      vertex 21.8252 22.5854 0
      vertex 21.7053 22.0974 0
    endloop
  endfacet
  facet normal -0.954241 0.29904 0
    outer loop
      vertex 21.7053 22.0974 2
      vertex 21.7053 22.0974 0
      vertex 21.555 21.6178 2
    endloop
  endfacet
  facet normal -0.954241 0.29904 0
    outer loop
      vertex 21.555 21.6178 2
      vertex 21.7053 22.0974 0
      vertex 21.555 21.6178 0
    endloop
  endfacet
  facet normal -0.933581 0.358367 0
    outer loop
      vertex 21.555 21.6178 2
      vertex 21.555 21.6178 0
      vertex 21.3749 21.1486 2
    endloop
  endfacet
  facet normal -0.933581 0.358367 0
    outer loop
      vertex 21.3749 21.1486 2
      vertex 21.555 21.6178 0
      vertex 21.3749 21.1486 0
    endloop
  endfacet
  facet normal -0.909236 0.416281 0
    outer loop
      vertex 21.3749 21.1486 2
      vertex 21.3749 21.1486 0
      vertex 21.1657 20.6916 2
    endloop
  endfacet
  facet normal -0.909236 0.416281 0
    outer loop
      vertex 21.1657 20.6916 2
      vertex 21.3749 21.1486 0
      vertex 21.1657 20.6916 0
    endloop
  endfacet
  facet normal -0.881303 0.472551 0
    outer loop
      vertex 21.1657 20.6916 2
      vertex 21.1657 20.6916 0
      vertex 20.9282 20.2487 2
    endloop
  endfacet
  facet normal -0.881303 0.472551 0
    outer loop
      vertex 20.9282 20.2487 2
      vertex 21.1657 20.6916 0
      vertex 20.9282 20.2487 0
    endloop
  endfacet
  facet normal -0.849893 0.526956 0
    outer loop
      vertex 20.9282 20.2487 2
      vertex 20.9282 20.2487 0
      vertex 20.6634 19.8216 2
    endloop
  endfacet
  facet normal -0.849893 0.526956 0
    outer loop
      vertex 20.6634 19.8216 2
      vertex 20.9282 20.2487 0
      vertex 20.6634 19.8216 0
    endloop
  endfacet
  facet normal -0.815128 0.579281 0
    outer loop
      vertex 20.6634 19.8216 2
      vertex 20.6634 19.8216 0
      vertex 20.3722 19.4119 2
    endloop
  endfacet
  facet normal -0.815128 0.579281 0
    outer loop
      vertex 20.3722 19.4119 2
      vertex 20.6634 19.8216 0
      vertex 20.3722 19.4119 0
    endloop
  endfacet
  facet normal -0.777146 0.629321 0
    outer loop
      vertex 20.3722 19.4119 2
      vertex 20.3722 19.4119 0
      vertex 20.056 19.0213 2
    endloop
  endfacet
  facet normal -0.777146 0.629321 0
    outer loop
      vertex 20.056 19.0213 2
      vertex 20.3722 19.4119 0
      vertex 20.056 19.0213 0
    endloop
  endfacet
  facet normal -0.736097 0.676877 0
    outer loop
      vertex 20.056 19.0213 2
      vertex 20.056 19.0213 0
      vertex 19.7158 18.6514 2
    endloop
  endfacet
  facet normal -0.736097 0.676877 0
    outer loop
      vertex 19.7158 18.6514 2
      vertex 20.056 19.0213 0
      vertex 19.7158 18.6514 0
    endloop
  endfacet
  facet normal -0.692143 0.72176 0
    outer loop
      vertex 19.7158 18.6514 2
      vertex 19.7158 18.6514 0
      vertex 19.353 18.3036 2
    endloop
  endfacet
  facet normal -0.692143 0.72176 0
    outer loop
      vertex 19.353 18.3036 2
      vertex 19.7158 18.6514 0
      vertex 19.353 18.3036 0
    endloop
  endfacet
  facet normal -0.645458 0.763796 0
    outer loop
      vertex 19.353 18.3036 2
      vertex 19.353 18.3036 0
      vertex 18.9692 17.9792 2
    endloop
  endfacet
  facet normal -0.645458 0.763796 0
    outer loop
      vertex 18.9692 17.9792 2
      vertex 19.353 18.3036 0
      vertex 18.9692 17.9792 0
    endloop
  endfacet
  facet normal -0.596224 0.802818 0
    outer loop
      vertex 18.9692 17.9792 2
      vertex 18.9692 17.9792 0
      vertex 18.5657 17.6795 2
    endloop
  endfacet
  facet normal -0.596224 0.802818 0
    outer loop
      vertex 18.5657 17.6795 2
      vertex 18.9692 17.9792 0
      vertex 18.5657 17.6795 0
    endloop
  endfacet
  facet normal -0.544639 0.838671 0
    outer loop
      vertex 18.5657 17.6795 2
      vertex 18.5657 17.6795 0
      vertex 18.1442 17.4058 2
    endloop
  endfacet
  facet normal -0.544639 0.838671 0
    outer loop
      vertex 18.1442 17.4058 2
      vertex 18.5657 17.6795 0
      vertex 18.1442 17.4058 0
    endloop
  endfacet
  facet normal -0.490904 0.871214 0
    outer loop
      vertex 18.1442 17.4058 2
      vertex 18.1442 17.4058 0
      vertex 17.7064 17.1591 2
    endloop
  endfacet
  facet normal -0.490904 0.871214 0
    outer loop
      vertex 17.7064 17.1591 2
      vertex 18.1442 17.4058 0
      vertex 17.7064 17.1591 0
    endloop
  endfacet
  facet normal -0.435232 0.900318 0
    outer loop
      vertex 17.7064 17.1591 2
      vertex 17.7064 17.1591 0
      vertex 17.2539 16.9403 2
    endloop
  endfacet
  facet normal -0.435232 0.900318 0
    outer loop
      vertex 17.2539 16.9403 2
      vertex 17.7064 17.1591 0
      vertex 17.2539 16.9403 0
    endloop
  endfacet
  facet normal -0.377841 0.925871 0
    outer loop
      vertex 17.2539 16.9403 2
      vertex 17.2539 16.9403 0
      vertex 16.7886 16.7505 2
    endloop
  endfacet
  facet normal -0.377841 0.925871 0
    outer loop
      vertex 16.7886 16.7505 2
      vertex 17.2539 16.9403 0
      vertex 16.7886 16.7505 0
    endloop
  endfacet
  facet normal -0.318959 0.947768 0
    outer loop
      vertex 16.7886 16.7505 2
      vertex 16.7886 16.7505 0
      vertex 16.3123 16.5902 2
    endloop
  endfacet
  facet normal -0.318959 0.947768 0
    outer loop
      vertex 16.3123 16.5902 2
      vertex 16.7886 16.7505 0
      vertex 16.3123 16.5902 0
    endloop
  endfacet
  facet normal -0.258819 0.965926 0
    outer loop
      vertex 16.3123 16.5902 2
      vertex 16.3123 16.5902 0
      vertex 15.8268 16.4601 2
    endloop
  endfacet
  facet normal -0.258819 0.965926 0
    outer loop
      vertex 15.8268 16.4601 2
      vertex 16.3123 16.5902 0
      vertex 15.8268 16.4601 0
    endloop
  endfacet
  facet normal -0.197657 0.980271 0
    outer loop
      vertex 15.8268 16.4601 2
      vertex 15.8268 16.4601 0
      vertex 15.3342 16.3607 2
    endloop
  endfacet
  facet normal -0.197657 0.980271 0
    outer loop
      vertex 15.3342 16.3607 2
      vertex 15.8268 16.4601 0
      vertex 15.3342 16.3607 0
    endloop
  endfacet
  facet normal -0.135715 0.990748 0
    outer loop
      vertex 15.3342 16.3607 2
      vertex 15.3342 16.3607 0
      vertex 14.8362 16.2925 2
    endloop
  endfacet
  facet normal -0.135715 0.990748 0
    outer loop
      vertex 14.8362 16.2925 2
      vertex 15.3342 16.3607 0
      vertex 14.8362 16.2925 0
    endloop
  endfacet
  facet normal -0.0732371 0.997315 0
    outer loop
      vertex 14.8362 16.2925 2
      vertex 14.8362 16.2925 0
      vertex 14.335 16.2557 2
    endloop
  endfacet
  facet normal -0.0732371 0.997315 0
    outer loop
      vertex 14.335 16.2557 2
      vertex 14.8362 16.2925 0
      vertex 14.335 16.2557 0
    endloop
  endfacet
  facet normal -0.0104717 0.999945 0
    outer loop
      vertex 14.335 16.2557 2
      vertex 14.335 16.2557 0
      vertex 13.8325 16.2505 2
    endloop
  endfacet
  facet normal -0.0104717 0.999945 0
    outer loop
      vertex 13.8325 16.2505 2
      vertex 14.335 16.2557 0
      vertex 13.8325 16.2505 0
    endloop
  endfacet
  facet normal 0.0523359 0.99863 0
    outer loop
      vertex 13.8325 16.2505 2
      vertex 13.8325 16.2505 0
      vertex 13.3306 16.2768 2
    endloop
  endfacet
  facet normal 0.0523359 0.99863 0
    outer loop
      vertex 13.3306 16.2768 2
      vertex 13.8325 16.2505 0
      vertex 13.3306 16.2768 0
    endloop
  endfacet
  facet normal 0.114936 0.993373 0
    outer loop
      vertex 13.3306 16.2768 2
      vertex 13.3306 16.2768 0
      vertex 12.8313 16.3345 2
    endloop
  endfacet
  facet normal 0.114936 0.993373 0
    outer loop
      vertex 12.8313 16.3345 2
      vertex 13.3306 16.2768 0
      vertex 12.8313 16.3345 0
    endloop
  endfacet
  facet normal 0.177085 0.984196 0
    outer loop
      vertex 12.8313 16.3345 2
      vertex 12.8313 16.3345 0
      vertex 12.3367 16.4235 2
    endloop
  endfacet
  facet normal 0.177085 0.984196 0
    outer loop
      vertex 12.3367 16.4235 2
      vertex 12.8313 16.3345 0
      vertex 12.3367 16.4235 0
    endloop
  endfacet
  facet normal 0.238534 0.971134 0
    outer loop
      vertex 12.3367 16.4235 2
      vertex 12.3367 16.4235 0
      vertex 11.8486 16.5434 2
    endloop
  endfacet
  facet normal 0.238534 0.971134 0
    outer loop
      vertex 11.8486 16.5434 2
      vertex 12.3367 16.4235 0
      vertex 11.8486 16.5434 0
    endloop
  endfacet
  facet normal 0.29904 0.954241 0
    outer loop
      vertex 11.8486 16.5434 2
      vertex 11.8486 16.5434 0
      vertex 11.3691 16.6937 2
    endloop
  endfacet
  facet normal 0.29904 0.954241 0
    outer loop
      vertex 11.3691 16.6937 2
      vertex 11.8486 16.5434 0
      vertex 11.3691 16.6937 0
    endloop
  endfacet
  facet normal 0.358367 0.933581 0
    outer loop
      vertex 11.3691 16.6937 2
      vertex 11.3691 16.6937 0
      vertex 10.8999 16.8738 2
    endloop
  endfacet
  facet normal 0.358367 0.933581 0
    outer loop
      vertex 10.8999 16.8738 2
      vertex 11.3691 16.6937 0
      vertex 10.8999 16.8738 0
    endloop
  endfacet
  facet normal 0.416281 0.909236 0
    outer loop
      vertex 10.8999 16.8738 2
      vertex 10.8999 16.8738 0
      vertex 10.4429 17.083 2
    endloop
  endfacet
  facet normal 0.416281 0.909236 0
    outer loop
      vertex 10.4429 17.083 2
      vertex 10.8999 16.8738 0
      vertex 10.4429 17.083 0
    endloop
  endfacet
  facet normal 0.472551 0.881303 0
    outer loop
      vertex 10.4429 17.083 2
      vertex 10.4429 17.083 0
      vertex 10 17.3205 2
    endloop
  endfacet
  facet normal 0.472551 0.881303 0
    outer loop
      vertex 10 17.3205 2
      vertex 10.4429 17.083 0
      vertex 10 17.3205 0
    endloop
  endfacet
  facet normal 0.526956 0.849893 0
    outer loop
      vertex 10 17.3205 2
      vertex 10 17.3205 0
      vertex 9.57287 17.5853 2
    endloop
  endfacet
  facet normal 0.526956 0.849893 0
    outer loop
      vertex 9.57287 17.5853 2
      vertex 10 17.3205 0
      vertex 9.57287 17.5853 0
    endloop
  endfacet
  facet normal 0.579281 0.815128 0
    outer loop
      vertex 9.57287 17.5853 2
      vertex 9.57287 17.5853 0
      vertex 9.16321 17.8765 2
    endloop
  endfacet
  facet normal 0.579281 0.815128 0
    outer loop
      vertex 9.16321 17.8765 2
      vertex 9.57287 17.5853 0
      vertex 9.16321 17.8765 0
    endloop
  endfacet
  facet normal 0.629321 0.777146 0
    outer loop
      vertex 9.16321 17.8765 2
      vertex 9.16321 17.8765 0
      vertex 8.77263 18.1928 2
    endloop
  endfacet
  facet normal 0.629321 0.777146 0
    outer loop
      vertex 8.77263 18.1928 2
      vertex 9.16321 17.8765 0
      vertex 8.77263 18.1928 0
    endloop
  endfacet
  facet normal 0.676877 0.736097 0
    outer loop
      vertex 8.77263 18.1928 2
      vertex 8.77263 18.1928 0
      vertex 8.40269 18.5329 2
    endloop
  endfacet
  facet normal 0.676877 0.736097 0
    outer loop
      vertex 8.40269 18.5329 2
      vertex 8.77263 18.1928 0
      vertex 8.40269 18.5329 0
    endloop
  endfacet
  facet normal 0.72176 0.692143 0
    outer loop
      vertex 8.05484 18.8957 2
      vertex 8.40269 18.5329 2
      vertex 8.40269 18.5329 0
    endloop
  endfacet
  facet normal 0.72176 0.692143 0
    outer loop
      vertex 8.05484 18.8957 0
      vertex 8.05484 18.8957 2
      vertex 8.40269 18.5329 0
    endloop
  endfacet
  facet normal 0.763796 0.645458 0
    outer loop
      vertex 7.73045 19.2795 2
      vertex 8.05484 18.8957 2
      vertex 8.05484 18.8957 0
    endloop
  endfacet
  facet normal 0.763796 0.645458 0
    outer loop
      vertex 7.73045 19.2795 0
      vertex 7.73045 19.2795 2
      vertex 8.05484 18.8957 0
    endloop
  endfacet
  facet normal 0.802818 0.596224 0
    outer loop
      vertex 7.43081 19.683 2
      vertex 7.73045 19.2795 2
      vertex 7.73045 19.2795 0
    endloop
  endfacet
  facet normal 0.802818 0.596224 0
    outer loop
      vertex 7.43081 19.683 0
      vertex 7.43081 19.683 2
      vertex 7.73045 19.2795 0
    endloop
  endfacet
  facet normal 0.838671 0.544639 0
    outer loop
      vertex 7.15709 20.1045 2
      vertex 7.43081 19.683 2
      vertex 7.43081 19.683 0
    endloop
  endfacet
  facet normal 0.838671 0.544639 0
    outer loop
      vertex 7.15709 20.1045 0
      vertex 7.15709 20.1045 2
      vertex 7.43081 19.683 0
    endloop
  endfacet
  facet normal 0.871214 0.490904 0
    outer loop
      vertex 6.91037 20.5423 2
      vertex 7.15709 20.1045 2
      vertex 7.15709 20.1045 0
    endloop
  endfacet
  facet normal 0.871214 0.490904 0
    outer loop
      vertex 6.91037 20.5423 0
      vertex 6.91037 20.5423 2
      vertex 7.15709 20.1045 0
    endloop
  endfacet
  facet normal 0.900318 0.435232 0
    outer loop
      vertex 6.69164 20.9948 2
      vertex 6.91037 20.5423 2
      vertex 6.91037 20.5423 0
    endloop
  endfacet
  facet normal 0.900318 0.435232 0
    outer loop
      vertex 6.69164 20.9948 0
      vertex 6.69164 20.9948 2
      vertex 6.91037 20.5423 0
    endloop
  endfacet
  facet normal 0.925871 0.377841 0
    outer loop
      vertex 6.50174 21.4601 2
      vertex 6.69164 20.9948 2
      vertex 6.69164 20.9948 0
    endloop
  endfacet
  facet normal 0.925871 0.377841 0
    outer loop
      vertex 6.50174 21.4601 0
      vertex 6.50174 21.4601 2
      vertex 6.69164 20.9948 0
    endloop
  endfacet
  facet normal 0.947768 0.318959 0
    outer loop
      vertex 6.34144 21.9365 2
      vertex 6.50174 21.4601 2
      vertex 6.50174 21.4601 0
    endloop
  endfacet
  facet normal 0.947768 0.318959 0
    outer loop
      vertex 6.34144 21.9365 0
      vertex 6.34144 21.9365 2
      vertex 6.50174 21.4601 0
    endloop
  endfacet
  facet normal 0.965926 0.258819 0
    outer loop
      vertex 6.21137 22.4219 2
      vertex 6.34144 21.9365 2
      vertex 6.34144 21.9365 0
    endloop
  endfacet
  facet normal 0.965926 0.258819 0
    outer loop
      vertex 6.21137 22.4219 0
      vertex 6.21137 22.4219 2
      vertex 6.34144 21.9365 0
    endloop
  endfacet
  facet normal 0.980271 0.197657 0
    outer loop
      vertex 6.11203 22.9146 2
      vertex 6.21137 22.4219 2
      vertex 6.21137 22.4219 0
    endloop
  endfacet
  facet normal 0.980271 0.197657 0
    outer loop
      vertex 6.11203 22.9146 0
      vertex 6.11203 22.9146 2
      vertex 6.21137 22.4219 0
    endloop
  endfacet
  facet normal 0.990748 0.135715 0
    outer loop
      vertex 6.04382 23.4125 2
      vertex 6.11203 22.9146 2
      vertex 6.11203 22.9146 0
    endloop
  endfacet
  facet normal 0.990748 0.135715 0
    outer loop
      vertex 6.04382 23.4125 0
      vertex 6.04382 23.4125 2
      vertex 6.11203 22.9146 0
    endloop
  endfacet
  facet normal 0.997315 0.0732371 0
    outer loop
      vertex 6.00702 23.9137 2
      vertex 6.04382 23.4125 2
      vertex 6.04382 23.4125 0
    endloop
  endfacet
  facet normal 0.997315 0.0732371 0
    outer loop
      vertex 6.00702 23.9137 0
      vertex 6.00702 23.9137 2
      vertex 6.04382 23.4125 0
    endloop
  endfacet
  facet normal 0.999507 0.0314104 0
    outer loop
      vertex 20 -4.89859e-15 2
      vertex 20.0158 -0.502324 2
      vertex 20.0158 -0.502324 0
    endloop
  endfacet
  facet normal 0.999507 0.0314104 0
    outer loop
      vertex 20 -4.89859e-15 0
      vertex 20 -4.89859e-15 2
      vertex 20.0158 -0.502324 0
    endloop
  endfacet
  facet normal 0.999507 -0.0314104 0
    outer loop
      vertex 20.0158 0.502324 0
      vertex 20.0158 0.502324 2
      vertex 20 -4.89859e-15 2
    endloop
  endfacet
  facet normal 0.999507 -0.0314104 0
    outer loop
      vertex 20 -4.89859e-15 0
      vertex 20.0158 0.502324 0
      vertex 20 -4.89859e-15 2
    endloop
  endfacet
  facet normal 0.995562 -0.0941078 0
    outer loop
      vertex 20.0631 1.00267 0
      vertex 20.0631 1.00267 2
      vertex 20.0158 0.502324 2
    endloop
  endfacet
  facet normal 0.995562 -0.0941078 0
    outer loop
      vertex 20.0158 0.502324 0
      vertex 20.0631 1.00267 0
      vertex 20.0158 0.502324 2
    endloop
  endfacet
  facet normal 0.987688 -0.156435 0
    outer loop
      vertex 20.1417 1.49905 0
      vertex 20.1417 1.49905 2
      vertex 20.0631 1.00267 2
    endloop
  endfacet
  facet normal 0.987688 -0.156435 0
    outer loop
      vertex 20.0631 1.00267 0
      vertex 20.1417 1.49905 0
      vertex 20.0631 1.00267 2
    endloop
  endfacet
  facet normal 0.975917 -0.218144 0
    outer loop
      vertex 20.2513 1.98952 0
      vertex 20.2513 1.98952 2
      vertex 20.1417 1.49905 2
    endloop
  endfacet
  facet normal 0.975917 -0.218144 0
    outer loop
      vertex 20.1417 1.49905 0
      vertex 20.2513 1.98952 0
      vertex 20.1417 1.49905 2
    endloop
  endfacet
  facet normal 0.960294 -0.278991 0
    outer loop
      vertex 20.3915 2.47214 0
      vertex 20.3915 2.47214 2
      vertex 20.2513 1.98952 2
    endloop
  endfacet
  facet normal 0.960294 -0.278991 0
    outer loop
      vertex 20.2513 1.98952 0
      vertex 20.3915 2.47214 0
      vertex 20.2513 1.98952 2
    endloop
  endfacet
  facet normal 0.940881 -0.338738 0
    outer loop
      vertex 20.5618 2.945 0
      vertex 20.5618 2.945 2
      vertex 20.3915 2.47214 2
    endloop
  endfacet
  facet normal 0.940881 -0.338738 0
    outer loop
      vertex 20.3915 2.47214 0
      vertex 20.5618 2.945 0
      vertex 20.3915 2.47214 2
    endloop
  endfacet
  facet normal 0.917754 -0.397149 0
    outer loop
      vertex 20.7614 3.40623 0
      vertex 20.7614 3.40623 2
      vertex 20.5618 2.945 2
    endloop
  endfacet
  facet normal 0.917754 -0.397149 0
    outer loop
      vertex 20.5618 2.945 0
      vertex 20.7614 3.40623 0
      vertex 20.5618 2.945 2
    endloop
  endfacet
  facet normal 0.891006 -0.453991 0
    outer loop
      vertex 20.9895 3.85403 0
      vertex 20.9895 3.85403 2
      vertex 20.7614 3.40623 2
    endloop
  endfacet
  facet normal 0.891006 -0.453991 0
    outer loop
      vertex 20.7614 3.40623 0
      vertex 20.9895 3.85403 0
      vertex 20.7614 3.40623 2
    endloop
  endfacet
  facet normal 0.860742 -0.509041 0
    outer loop
      vertex 21.2454 4.28661 0
      vertex 21.2454 4.28661 2
      vertex 20.9895 3.85403 2
    endloop
  endfacet
  facet normal 0.860742 -0.509041 0
    outer loop
      vertex 20.9895 3.85403 0
      vertex 21.2454 4.28661 0
      vertex 20.9895 3.85403 2
    endloop
  endfacet
  facet normal 0.827081 -0.562082 0
    outer loop
      vertex 21.5279 4.70228 0
      vertex 21.5279 4.70228 2
      vertex 21.2454 4.28661 2
    endloop
  endfacet
  facet normal 0.827081 -0.562082 0
    outer loop
      vertex 21.2454 4.28661 0
      vertex 21.5279 4.70228 0
      vertex 21.2454 4.28661 2
    endloop
  endfacet
  facet normal 0.790155 -0.612907 0
    outer loop
      vertex 21.8359 5.09939 0
      vertex 21.8359 5.09939 2
      vertex 21.5279 4.70228 2
    endloop
  endfacet
  facet normal 0.790155 -0.612907 0
    outer loop
      vertex 21.5279 4.70228 0
      vertex 21.8359 5.09939 0
      vertex 21.5279 4.70228 2
    endloop
  endfacet
  facet normal 0.750111 -0.661312 0
    outer loop
      vertex 22.1683 5.47638 0
      vertex 22.1683 5.47638 2
      vertex 21.8359 5.09939 2
    endloop
  endfacet
  facet normal 0.750111 -0.661312 0
    outer loop
      vertex 21.8359 5.09939 0
      vertex 22.1683 5.47638 0
      vertex 21.8359 5.09939 2
    endloop
  endfacet
  facet normal 0.707107 -0.707107 0
    outer loop
      vertex 22.5236 5.83175 0
      vertex 22.5236 5.83175 2
      vertex 22.1683 5.47638 2
    endloop
  endfacet
  facet normal 0.707107 -0.707107 0
    outer loop
      vertex 22.1683 5.47638 0
      vertex 22.5236 5.83175 0
      vertex 22.1683 5.47638 2
    endloop
  endfacet
  facet normal 0.661312 -0.750111 0
    outer loop
      vertex 22.9006 6.16411 0
      vertex 22.9006 6.16411 2
      vertex 22.5236 5.83175 2
    endloop
  endfacet
  facet normal 0.661312 -0.750111 0
    outer loop
      vertex 22.5236 5.83175 0
      vertex 22.9006 6.16411 0
      vertex 22.5236 5.83175 2
    endloop
  endfacet
  facet normal 0.612907 -0.790155 0
    outer loop
      vertex 23.2977 6.47214 0
      vertex 23.2977 6.47214 2
      vertex 22.9006 6.16411 2
    endloop
  endfacet
  facet normal 0.612907 -0.790155 0
    outer loop
      vertex 22.9006 6.16411 0
      vertex 23.2977 6.47214 0
      vertex 22.9006 6.16411 2
    endloop
  endfacet
  facet normal 0.562082 -0.827081 0
    outer loop
      vertex 23.7134 6.75462 0
      vertex 23.7134 6.75462 2
      vertex 23.2977 6.47214 2
    endloop
  endfacet
  facet normal 0.562082 -0.827081 0
    outer loop
      vertex 23.2977 6.47214 0
      vertex 23.7134 6.75462 0
      vertex 23.2977 6.47214 2
    endloop
  endfacet
  facet normal 0.509041 -0.860742 0
    outer loop
      vertex 24.146 7.01045 0
      vertex 24.146 7.01045 2
      vertex 23.7134 6.75462 2
    endloop
  endfacet
  facet normal 0.509041 -0.860742 0
    outer loop
      vertex 23.7134 6.75462 0
      vertex 24.146 7.01045 0
      vertex 23.7134 6.75462 2
    endloop
  endfacet
  facet normal 0.453991 -0.891006 0
    outer loop
      vertex 24.5938 7.23862 0
      vertex 24.5938 7.23862 2
      vertex 24.146 7.01045 2
    endloop
  endfacet
  facet normal 0.453991 -0.891006 0
    outer loop
      vertex 24.146 7.01045 0
      vertex 24.5938 7.23862 0
      vertex 24.146 7.01045 2
    endloop
  endfacet
  facet normal 0.397149 -0.917754 0
    outer loop
      vertex 25.055 7.43821 0
      vertex 25.055 7.43821 2
      vertex 24.5938 7.23862 2
    endloop
  endfacet
  facet normal 0.397149 -0.917754 0
    outer loop
      vertex 24.5938 7.23862 0
      vertex 25.055 7.43821 0
      vertex 24.5938 7.23862 2
    endloop
  endfacet
  facet normal 0.338738 -0.940881 0
    outer loop
      vertex 25.5279 7.60845 0
      vertex 25.5279 7.60845 2
      vertex 25.055 7.43821 2
    endloop
  endfacet
  facet normal 0.338738 -0.940881 0
    outer loop
      vertex 25.055 7.43821 0
      vertex 25.5279 7.60845 0
      vertex 25.055 7.43821 2
    endloop
  endfacet
  facet normal 0.278991 -0.960294 0
    outer loop
      vertex 26.0105 7.74866 0
      vertex 26.0105 7.74866 2
      vertex 25.5279 7.60845 2
    endloop
  endfacet
  facet normal 0.278991 -0.960294 0
    outer loop
      vertex 25.5279 7.60845 0
      vertex 26.0105 7.74866 0
      vertex 25.5279 7.60845 2
    endloop
  endfacet
  facet normal 0.218144 -0.975917 0
    outer loop
      vertex 26.5009 7.8583 0
      vertex 26.5009 7.8583 2
      vertex 26.0105 7.74866 2
    endloop
  endfacet
  facet normal 0.218144 -0.975917 0
    outer loop
      vertex 26.0105 7.74866 0
      vertex 26.5009 7.8583 0
      vertex 26.0105 7.74866 2
    endloop
  endfacet
  facet normal 0.156435 -0.987688 0
    outer loop
      vertex 26.9973 7.93692 0
      vertex 26.9973 7.93692 2
      vertex 26.5009 7.8583 2
    endloop
  endfacet
  facet normal 0.156435 -0.987688 0
    outer loop
      vertex 26.5009 7.8583 0
      vertex 26.9973 7.93692 0
      vertex 26.5009 7.8583 2
    endloop
  endfacet
  facet normal 0.0941078 -0.995562 0
    outer loop
      vertex 27.4977 7.98421 0
      vertex 27.4977 7.98421 2
      vertex 26.9973 7.93692 2
    endloop
  endfacet
  facet normal 0.0941078 -0.995562 0
    outer loop
      vertex 26.9973 7.93692 0
      vertex 27.4977 7.98421 0
      vertex 26.9973 7.93692 2
    endloop
  endfacet
  facet normal 0.0314104 -0.999507 0
    outer loop
      vertex 28 8 0
      vertex 28 8 2
      vertex 27.4977 7.98421 2
    endloop
  endfacet
  facet normal 0.0314104 -0.999507 0
    outer loop
      vertex 27.4977 7.98421 0
      vertex 28 8 0
      vertex 27.4977 7.98421 2
    endloop
  endfacet
  facet normal -0.0314104 -0.999507 0
    outer loop
      vertex 28.5023 7.98421 0
      vertex 28.5023 7.98421 2
      vertex 28 8 2
    endloop
  endfacet
  facet normal -0.0314104 -0.999507 0
    outer loop
      vertex 28 8 0
      vertex 28.5023 7.98421 0
      vertex 28 8 2
    endloop
  endfacet
  facet normal -0.0941078 -0.995562 0
    outer loop
      vertex 29.0027 7.93692 0
      vertex 29.0027 7.93692 2
      vertex 28.5023 7.98421 2
    endloop
  endfacet
  facet normal -0.0941078 -0.995562 0
    outer loop
      vertex 28.5023 7.98421 0
      vertex 29.0027 7.93692 0
      vertex 28.5023 7.98421 2
    endloop
  endfacet
  facet normal -0.156435 -0.987688 0
    outer loop
      vertex 29.4991 7.8583 0
      vertex 29.4991 7.8583 2
      vertex 29.0027 7.93692 2
    endloop
  endfacet
  facet normal -0.156435 -0.987688 0
    outer loop
      vertex 29.0027 7.93692 0
      vertex 29.4991 7.8583 0
      vertex 29.0027 7.93692 2
    endloop
  endfacet
  facet normal -0.218144 -0.975917 0
    outer loop
      vertex 29.9895 7.74866 0
      vertex 29.9895 7.74866 2
      vertex 29.4991 7.8583 2
    endloop
  endfacet
  facet normal -0.218144 -0.975917 0
    outer loop
      vertex 29.4991 7.8583 0
      vertex 29.9895 7.74866 0
      vertex 29.4991 7.8583 2
    endloop
  endfacet
  facet normal -0.278991 -0.960294 0
    outer loop
      vertex 30.4721 7.60845 0
      vertex 30.4721 7.60845 2
      vertex 29.9895 7.74866 2
    endloop
  endfacet
  facet normal -0.278991 -0.960294 0
    outer loop
      vertex 29.9895 7.74866 0
      vertex 30.4721 7.60845 0
      vertex 29.9895 7.74866 2
    endloop
  endfacet
  facet normal -0.338738 -0.940881 0
    outer loop
      vertex 30.945 7.43821 0
      vertex 30.945 7.43821 2
      vertex 30.4721 7.60845 2
    endloop
  endfacet
  facet normal -0.338738 -0.940881 0
    outer loop
      vertex 30.4721 7.60845 0
      vertex 30.945 7.43821 0
      vertex 30.4721 7.60845 2
    endloop
  endfacet
  facet normal -0.397149 -0.917754 0
    outer loop
      vertex 31.4062 7.23862 0
      vertex 31.4062 7.23862 2
      vertex 30.945 7.43821 2
    endloop
  endfacet
  facet normal -0.397149 -0.917754 0
    outer loop
      vertex 30.945 7.43821 0
      vertex 31.4062 7.23862 0
      vertex 30.945 7.43821 2
    endloop
  endfacet
  facet normal -0.453991 -0.891006 0
    outer loop
      vertex 31.854 7.01045 0
      vertex 31.854 7.01045 2
      vertex 31.4062 7.23862 2
    endloop
  endfacet
  facet normal -0.453991 -0.891006 0
    outer loop
      vertex 31.4062 7.23862 0
      vertex 31.854 7.01045 0
      vertex 31.4062 7.23862 2
    endloop
  endfacet
  facet normal -0.509041 -0.860742 0
    outer loop
      vertex 32.2866 6.75462 0
      vertex 32.2866 6.75462 2
      vertex 31.854 7.01045 2
    endloop
  endfacet
  facet normal -0.509041 -0.860742 0
    outer loop
      vertex 31.854 7.01045 0
      vertex 32.2866 6.75462 0
      vertex 31.854 7.01045 2
    endloop
  endfacet
  facet normal -0.562082 -0.827081 0
    outer loop
      vertex 32.7023 6.47214 0
      vertex 32.7023 6.47214 2
      vertex 32.2866 6.75462 2
    endloop
  endfacet
  facet normal -0.562082 -0.827081 0
    outer loop
      vertex 32.2866 6.75462 0
      vertex 32.7023 6.47214 0
      vertex 32.2866 6.75462 2
    endloop
  endfacet
  facet normal -0.612907 -0.790155 0
    outer loop
      vertex 33.0994 6.16411 0
      vertex 33.0994 6.16411 2
      vertex 32.7023 6.47214 2
    endloop
  endfacet
  facet normal -0.612907 -0.790155 0
    outer loop
      vertex 32.7023 6.47214 0
      vertex 33.0994 6.16411 0
      vertex 32.7023 6.47214 2
    endloop
  endfacet
  facet normal -0.661312 -0.750111 0
    outer loop
      vertex 33.4764 5.83175 0
      vertex 33.4764 5.83175 2
      vertex 33.0994 6.16411 2
    endloop
  endfacet
  facet normal -0.661312 -0.750111 0
    outer loop
      vertex 33.0994 6.16411 0
      vertex 33.4764 5.83175 0
      vertex 33.0994 6.16411 2
    endloop
  endfacet
  facet normal -0.707107 -0.707107 0
    outer loop
      vertex 33.8317 5.47638 2
      vertex 33.4764 5.83175 2
      vertex 33.8317 5.47638 0
    endloop
  endfacet
  facet normal -0.707107 -0.707107 0
    outer loop
      vertex 33.8317 5.47638 0
      vertex 33.4764 5.83175 2
      vertex 33.4764 5.83175 0
    endloop
  endfacet
  facet normal -0.750111 -0.661312 0
    outer loop
      vertex 34.1641 5.09939 2
      vertex 33.8317 5.47638 2
      vertex 34.1641 5.09939 0
    endloop
  endfacet
  facet normal -0.750111 -0.661312 0
    outer loop
      vertex 34.1641 5.09939 0
      vertex 33.8317 5.47638 2
      vertex 33.8317 5.47638 0
    endloop
  endfacet
  facet normal -0.790155 -0.612907 0
    outer loop
      vertex 34.4721 4.70228 2
      vertex 34.1641 5.09939 2
      vertex 34.4721 4.70228 0
    endloop
  endfacet
  facet normal -0.790155 -0.612907 0
    outer loop
      vertex 34.4721 4.70228 0
      vertex 34.1641 5.09939 2
      vertex 34.1641 5.09939 0
    endloop
  endfacet
  facet normal -0.827081 -0.562082 0
    outer loop
      vertex 34.7546 4.28661 2
      vertex 34.4721 4.70228 2
      vertex 34.7546 4.28661 0
    endloop
  endfacet
  facet normal -0.827081 -0.562082 0
    outer loop
      vertex 34.7546 4.28661 0
      vertex 34.4721 4.70228 2
      vertex 34.4721 4.70228 0
    endloop
  endfacet
  facet normal -0.860742 -0.509041 0
    outer loop
      vertex 35.0105 3.85403 2
      vertex 34.7546 4.28661 2
      vertex 35.0105 3.85403 0
    endloop
  endfacet
  facet normal -0.860742 -0.509041 0
    outer loop
      vertex 35.0105 3.85403 0
      vertex 34.7546 4.28661 2
      vertex 34.7546 4.28661 0
    endloop
  endfacet
  facet normal -0.891006 -0.453991 0
    outer loop
      vertex 35.2386 3.40623 2
      vertex 35.0105 3.85403 2
      vertex 35.2386 3.40623 0
    endloop
  endfacet
  facet normal -0.891006 -0.453991 0
    outer loop
      vertex 35.2386 3.40623 0
      vertex 35.0105 3.85403 2
      vertex 35.0105 3.85403 0
    endloop
  endfacet
  facet normal -0.917754 -0.397149 0
    outer loop
      vertex 35.4382 2.945 2
      vertex 35.2386 3.40623 2
      vertex 35.4382 2.945 0
    endloop
  endfacet
  facet normal -0.917754 -0.397149 0
    outer loop
      vertex 35.4382 2.945 0
      vertex 35.2386 3.40623 2
      vertex 35.2386 3.40623 0
    endloop
  endfacet
  facet normal -0.940881 -0.338738 0
    outer loop
      vertex 35.6085 2.47214 2
      vertex 35.4382 2.945 2
      vertex 35.6085 2.47214 0
    endloop
  endfacet
  facet normal -0.940881 -0.338738 0
    outer loop
      vertex 35.6085 2.47214 0
      vertex 35.4382 2.945 2
      vertex 35.4382 2.945 0
    endloop
  endfacet
  facet normal -0.960294 -0.278991 0
    outer loop
      vertex 35.7487 1.98952 2
      vertex 35.6085 2.47214 2
      vertex 35.7487 1.98952 0
    endloop
  endfacet
  facet normal -0.960294 -0.278991 0
    outer loop
      vertex 35.7487 1.98952 0
      vertex 35.6085 2.47214 2
      vertex 35.6085 2.47214 0
    endloop
  endfacet
  facet normal -0.975917 -0.218144 0
    outer loop
      vertex 35.8583 1.49905 2
      vertex 35.7487 1.98952 2
      vertex 35.8583 1.49905 0
    endloop
  endfacet
  facet normal -0.975917 -0.218144 0
    outer loop
      vertex 35.8583 1.49905 0
      vertex 35.7487 1.98952 2
      vertex 35.7487 1.98952 0
    endloop
  endfacet
  facet normal -0.987688 -0.156435 0
    outer loop
      vertex 35.9369 1.00267 2
      vertex 35.8583 1.49905 2
      vertex 35.9369 1.00267 0
    endloop
  endfacet
  facet normal -0.987688 -0.156435 0
    outer loop
      vertex 35.9369 1.00267 0
      vertex 35.8583 1.49905 2
      vertex 35.8583 1.49905 0
    endloop
  endfacet
  facet normal -0.995562 -0.0941078 0
    outer loop
      vertex 35.9842 0.502324 2
      vertex 35.9369 1.00267 2
      vertex 35.9842 0.502324 0
    endloop
  endfacet
  facet normal -0.995562 -0.0941078 0
    outer loop
      vertex 35.9842 0.502324 0
      vertex 35.9369 1.00267 2
      vertex 35.9369 1.00267 0
    endloop
  endfacet
  facet normal -0.999507 -0.0314104 0
    outer loop
      vertex 36 -8.81746e-15 2
      vertex 35.9842 0.502324 2
      vertex 36 -8.81746e-15 0
    endloop
  endfacet
  facet normal -0.999507 -0.0314104 0
    outer loop
      vertex 36 -8.81746e-15 0
      vertex 35.9842 0.502324 2
      vertex 35.9842 0.502324 0
    endloop
  endfacet
  facet normal -0.999507 0.0314104 0
    outer loop
      vertex 36 -8.81746e-15 2
      vertex 36 -8.81746e-15 0
      vertex 35.9842 -0.502324 2
    endloop
  endfacet
  facet normal -0.999507 0.0314104 0
    outer loop
      vertex 35.9842 -0.502324 2
      vertex 36 -8.81746e-15 0
      vertex 35.9842 -0.502324 0
    endloop
  endfacet
  facet normal -0.995562 0.0941078 0
    outer loop
      vertex 35.9842 -0.502324 2
      vertex 35.9842 -0.502324 0
      vertex 35.9369 -1.00267 2
    endloop
  endfacet
  facet normal -0.995562 0.0941078 0
    outer loop
      vertex 35.9369 -1.00267 2
      vertex 35.9842 -0.502324 0
      vertex 35.9369 -1.00267 0
    endloop
  endfacet
  facet normal -0.987688 0.156435 0
    outer loop
      vertex 35.9369 -1.00267 2
      vertex 35.9369 -1.00267 0
      vertex 35.8583 -1.49905 2
    endloop
  endfacet
  facet normal -0.987688 0.156435 0
    outer loop
      vertex 35.8583 -1.49905 2
      vertex 35.9369 -1.00267 0
      vertex 35.8583 -1.49905 0
    endloop
  endfacet
  facet normal -0.975917 0.218144 0
    outer loop
      vertex 35.8583 -1.49905 2
      vertex 35.8583 -1.49905 0
      vertex 35.7487 -1.98952 2
    endloop
  endfacet
  facet normal -0.975917 0.218144 0
    outer loop
      vertex 35.7487 -1.98952 2
      vertex 35.8583 -1.49905 0
      vertex 35.7487 -1.98952 0
    endloop
  endfacet
  facet normal -0.960294 0.278991 0
    outer loop
      vertex 35.7487 -1.98952 2
      vertex 35.7487 -1.98952 0
      vertex 35.6085 -2.47214 2
    endloop
  endfacet
  facet normal -0.960294 0.278991 0
    outer loop
      vertex 35.6085 -2.47214 2
      vertex 35.7487 -1.98952 0
      vertex 35.6085 -2.47214 0
    endloop
  endfacet
  facet normal -0.940881 0.338738 0
    outer loop
      vertex 35.6085 -2.47214 2
      vertex 35.6085 -2.47214 0
      vertex 35.4382 -2.945 2
    endloop
  endfacet
  facet normal -0.940881 0.338738 0
    outer loop
      vertex 35.4382 -2.945 2
      vertex 35.6085 -2.47214 0
      vertex 35.4382 -2.945 0
    endloop
  endfacet
  facet normal -0.917754 0.397149 0
    outer loop
      vertex 35.4382 -2.945 2
      vertex 35.4382 -2.945 0
      vertex 35.2386 -3.40623 2
    endloop
  endfacet
  facet normal -0.917754 0.397149 0
    outer loop
      vertex 35.2386 -3.40623 2
      vertex 35.4382 -2.945 0
      vertex 35.2386 -3.40623 0
    endloop
  endfacet
  facet normal -0.891006 0.453991 0
    outer loop
      vertex 35.2386 -3.40623 2
      vertex 35.2386 -3.40623 0
      vertex 35.0105 -3.85403 2
    endloop
  endfacet
  facet normal -0.891006 0.453991 0
    outer loop
      vertex 35.0105 -3.85403 2
      vertex 35.2386 -3.40623 0
      vertex 35.0105 -3.85403 0
    endloop
  endfacet
  facet normal -0.860742 0.509041 0
    outer loop
      vertex 35.0105 -3.85403 2
      vertex 35.0105 -3.85403 0
      vertex 34.7546 -4.28661 2
    endloop
  endfacet
  facet normal -0.860742 0.509041 0
    outer loop
      vertex 34.7546 -4.28661 2
      vertex 35.0105 -3.85403 0
      vertex 34.7546 -4.28661 0
    endloop
  endfacet
  facet normal -0.827081 0.562082 0
    outer loop
      vertex 34.7546 -4.28661 2
      vertex 34.7546 -4.28661 0
      vertex 34.4721 -4.70228 2
    endloop
  endfacet
  facet normal -0.827081 0.562082 0
    outer loop
      vertex 34.4721 -4.70228 2
      vertex 34.7546 -4.28661 0
      vertex 34.4721 -4.70228 0
    endloop
  endfacet
  facet normal -0.790155 0.612907 0
    outer loop
      vertex 34.4721 -4.70228 2
      vertex 34.4721 -4.70228 0
      vertex 34.1641 -5.09939 2
    endloop
  endfacet
  facet normal -0.790155 0.612907 0
    outer loop
      vertex 34.1641 -5.09939 2
      vertex 34.4721 -4.70228 0
      vertex 34.1641 -5.09939 0
    endloop
  endfacet
  facet normal -0.750111 0.661312 0
    outer loop
      vertex 34.1641 -5.09939 2
      vertex 34.1641 -5.09939 0
      vertex 33.8317 -5.47638 2
    endloop
  endfacet
  facet normal -0.750111 0.661312 0
    outer loop
      vertex 33.8317 -5.47638 2
      vertex 34.1641 -5.09939 0
      vertex 33.8317 -5.47638 0
    endloop
  endfacet
  facet normal -0.707107 0.707107 0
    outer loop
      vertex 33.8317 -5.47638 2
      vertex 33.8317 -5.47638 0
      vertex 33.4764 -5.83175 2
    endloop
  endfacet
  facet normal -0.707107 0.707107 0
    outer loop
      vertex 33.4764 -5.83175 2
      vertex 33.8317 -5.47638 0
      vertex 33.4764 -5.83175 0
    endloop
  endfacet
  facet normal -0.661312 0.750111 0
    outer loop
      vertex 33.4764 -5.83175 2
      vertex 33.4764 -5.83175 0
      vertex 33.0994 -6.16411 2
    endloop
  endfacet
  facet normal -0.661312 0.750111 0
    outer loop
      vertex 33.0994 -6.16411 2
      vertex 33.4764 -5.83175 0
      vertex 33.0994 -6.16411 0
    endloop
  endfacet
  facet normal -0.612907 0.790155 0
    outer loop
      vertex 33.0994 -6.16411 2
      vertex 33.0994 -6.16411 0
      vertex 32.7023 -6.47214 2
    endloop
  endfacet
  facet normal -0.612907 0.790155 0
    outer loop
      vertex 32.7023 -6.47214 2
      vertex 33.0994 -6.16411 0
      vertex 32.7023 -6.47214 0
    endloop
  endfacet
  facet normal -0.562082 0.827081 0
    outer loop
      vertex 32.7023 -6.47214 2
      vertex 32.7023 -6.47214 0
      vertex 32.2866 -6.75462 2
    endloop
  endfacet
  facet normal -0.562082 0.827081 0
    outer loop
      vertex 32.2866 -6.75462 2
      vertex 32.7023 -6.47214 0
      vertex 32.2866 -6.75462 0
    endloop
  endfacet
  facet normal -0.509041 0.860742 0
    outer loop
      vertex 32.2866 -6.75462 2
      vertex 32.2866 -6.75462 0
      vertex 31.854 -7.01045 2
    endloop
  endfacet
  facet normal -0.509041 0.860742 0
    outer loop
      vertex 31.854 -7.01045 2
      vertex 32.2866 -6.75462 0
      vertex 31.854 -7.01045 0
    endloop
  endfacet
  facet normal -0.453991 0.891006 0
    outer loop
      vertex 31.854 -7.01045 2
      vertex 31.854 -7.01045 0
      vertex 31.4062 -7.23862 2
    endloop
  endfacet
  facet normal -0.453991 0.891006 0
    outer loop
      vertex 31.4062 -7.23862 2
      vertex 31.854 -7.01045 0
      vertex 31.4062 -7.23862 0
    endloop
  endfacet
  facet normal -0.397149 0.917754 0
    outer loop
      vertex 31.4062 -7.23862 2
      vertex 31.4062 -7.23862 0
      vertex 30.945 -7.43821 2
    endloop
  endfacet
  facet normal -0.397149 0.917754 0
    outer loop
      vertex 30.945 -7.43821 2
      vertex 31.4062 -7.23862 0
      vertex 30.945 -7.43821 0
    endloop
  endfacet
  facet normal -0.338738 0.940881 0
    outer loop
      vertex 30.945 -7.43821 2
      vertex 30.945 -7.43821 0
      vertex 30.4721 -7.60845 2
    endloop
  endfacet
  facet normal -0.338738 0.940881 0
    outer loop
      vertex 30.4721 -7.60845 2
      vertex 30.945 -7.43821 0
      vertex 30.4721 -7.60845 0
    endloop
  endfacet
  facet normal -0.278991 0.960294 0
    outer loop
      vertex 30.4721 -7.60845 2
      vertex 30.4721 -7.60845 0
      vertex 29.9895 -7.74867 2
    endloop
  endfacet
  facet normal -0.278991 0.960294 0
    outer loop
      vertex 29.9895 -7.74867 2
      vertex 30.4721 -7.60845 0
      vertex 29.9895 -7.74867 0
    endloop
  endfacet
  facet normal -0.218144 0.975917 0
    outer loop
      vertex 29.9895 -7.74867 2
      vertex 29.9895 -7.74867 0
      vertex 29.4991 -7.8583 2
    endloop
  endfacet
  facet normal -0.218144 0.975917 0
    outer loop
      vertex 29.4991 -7.8583 2
      vertex 29.9895 -7.74867 0
      vertex 29.4991 -7.8583 0
    endloop
  endfacet
  facet normal -0.156435 0.987688 0
    outer loop
      vertex 29.4991 -7.8583 2
      vertex 29.4991 -7.8583 0
      vertex 29.0027 -7.93692 2
    endloop
  endfacet
  facet normal -0.156435 0.987688 0
    outer loop
      vertex 29.0027 -7.93692 2
      vertex 29.4991 -7.8583 0
      vertex 29.0027 -7.93692 0
    endloop
  endfacet
  facet normal -0.0941078 0.995562 0
    outer loop
      vertex 29.0027 -7.93692 2
      vertex 29.0027 -7.93692 0
      vertex 28.5023 -7.98421 2
    endloop
  endfacet
  facet normal -0.0941078 0.995562 0
    outer loop
      vertex 28.5023 -7.98421 2
      vertex 29.0027 -7.93692 0
      vertex 28.5023 -7.98421 0
    endloop
  endfacet
  facet normal -0.0314104 0.999507 0
    outer loop
      vertex 28.5023 -7.98421 2
      vertex 28.5023 -7.98421 0
      vertex 28 -8 2
    endloop
  endfacet
  facet normal -0.0314104 0.999507 0
    outer loop
      vertex 28 -8 2
      vertex 28.5023 -7.98421 0
      vertex 28 -8 0
    endloop
  endfacet
  facet normal 0.0314104 0.999507 0
    outer loop
      vertex 28 -8 2
      vertex 28 -8 0
      vertex 27.4977 -7.98421 2
    endloop
  endfacet
  facet normal 0.0314104 0.999507 0
    outer loop
      vertex 27.4977 -7.98421 2
      vertex 28 -8 0
      vertex 27.4977 -7.98421 0
    endloop
  endfacet
  facet normal 0.0941078 0.995562 0
    outer loop
      vertex 27.4977 -7.98421 2
      vertex 27.4977 -7.98421 0
      vertex 26.9973 -7.93692 2
    endloop
  endfacet
  facet normal 0.0941078 0.995562 0
    outer loop
      vertex 26.9973 -7.93692 2
      vertex 27.4977 -7.98421 0
      vertex 26.9973 -7.93692 0
    endloop
  endfacet
  facet normal 0.156435 0.987688 0
    outer loop
      vertex 26.9973 -7.93692 2
      vertex 26.9973 -7.93692 0
      vertex 26.5009 -7.8583 2
    endloop
  endfacet
  facet normal 0.156435 0.987688 0
    outer loop
      vertex 26.5009 -7.8583 2
      vertex 26.9973 -7.93692 0
      vertex 26.5009 -7.8583 0
    endloop
  endfacet
  facet normal 0.218144 0.975917 0
    outer loop
      vertex 26.5009 -7.8583 2
      vertex 26.5009 -7.8583 0
      vertex 26.0105 -7.74867 2
    endloop
  endfacet
  facet normal 0.218144 0.975917 0
    outer loop
      vertex 26.0105 -7.74867 2
      vertex 26.5009 -7.8583 0
      vertex 26.0105 -7.74867 0
    endloop
  endfacet
  facet normal 0.278991 0.960294 0
    outer loop
      vertex 26.0105 -7.74867 2
      vertex 26.0105 -7.74867 0
      vertex 25.5279 -7.60845 2
    endloop
  endfacet
  facet normal 0.278991 0.960294 0
    outer loop
      vertex 25.5279 -7.60845 2
      vertex 26.0105 -7.74867 0
      vertex 25.5279 -7.60845 0
    endloop
  endfacet
  facet normal 0.338738 0.940881 0
    outer loop
      vertex 25.5279 -7.60845 2
      vertex 25.5279 -7.60845 0
      vertex 25.055 -7.43821 2
    endloop
  endfacet
  facet normal 0.338738 0.940881 0
    outer loop
      vertex 25.055 -7.43821 2
      vertex 25.5279 -7.60845 0
      vertex 25.055 -7.43821 0
    endloop
  endfacet
  facet normal 0.397149 0.917754 0
    outer loop
      vertex 25.055 -7.43821 2
      vertex 25.055 -7.43821 0
      vertex 24.5938 -7.23862 2
    endloop
  endfacet
  facet normal 0.397149 0.917754 0
    outer loop
      vertex 24.5938 -7.23862 2
      vertex 25.055 -7.43821 0
      vertex 24.5938 -7.23862 0
    endloop
  endfacet
  facet normal 0.453991 0.891006 0
    outer loop
      vertex 24.5938 -7.23862 2
      vertex 24.5938 -7.23862 0
      vertex 24.146 -7.01045 2
    endloop
  endfacet
  facet normal 0.453991 0.891006 0
    outer loop
      vertex 24.146 -7.01045 2
      vertex 24.5938 -7.23862 0
      vertex 24.146 -7.01045 0
    endloop
  endfacet
  facet normal 0.509041 0.860742 0
    outer loop
      vertex 24.146 -7.01045 2
      vertex 24.146 -7.01045 0
      vertex 23.7134 -6.75462 2
    endloop
  endfacet
  facet normal 0.509041 0.860742 0
    outer loop
      vertex 23.7134 -6.75462 2
      vertex 24.146 -7.01045 0
      vertex 23.7134 -6.75462 0
    endloop
  endfacet
  facet normal 0.562082 0.827081 0
    outer loop
      vertex 23.7134 -6.75462 2
      vertex 23.7134 -6.75462 0
      vertex 23.2977 -6.47214 2
    endloop
  endfacet
  facet normal 0.562082 0.827081 0
    outer loop
      vertex 23.2977 -6.47214 2
      vertex 23.7134 -6.75462 0
      vertex 23.2977 -6.47214 0
    endloop
  endfacet
  facet normal 0.612907 0.790155 0
    outer loop
      vertex 23.2977 -6.47214 2
      vertex 23.2977 -6.47214 0
      vertex 22.9006 -6.16411 2
    endloop
  endfacet
  facet normal 0.612907 0.790155 0
    outer loop
      vertex 22.9006 -6.16411 2
      vertex 23.2977 -6.47214 0
      vertex 22.9006 -6.16411 0
    endloop
  endfacet
  facet normal 0.661312 0.750111 0
    outer loop
      vertex 22.9006 -6.16411 2
      vertex 22.9006 -6.16411 0
      vertex 22.5236 -5.83175 2
    endloop
  endfacet
  facet normal 0.661312 0.750111 0
    outer loop
      vertex 22.5236 -5.83175 2
      vertex 22.9006 -6.16411 0
      vertex 22.5236 -5.83175 0
    endloop
  endfacet
  facet normal 0.707107 0.707107 0
    outer loop
      vertex 22.1683 -5.47638 2
      vertex 22.5236 -5.83175 2
      vertex 22.5236 -5.83175 0
    endloop
  endfacet
  facet normal 0.707107 0.707107 0
    outer loop
      vertex 22.1683 -5.47638 0
      vertex 22.1683 -5.47638 2
      vertex 22.5236 -5.83175 0
    endloop
  endfacet
  facet normal 0.750111 0.661312 0
    outer loop
      vertex 21.8359 -5.09939 2
      vertex 22.1683 -5.47638 2
      vertex 22.1683 -5.47638 0
    endloop
  endfacet
  facet normal 0.750111 0.661312 0
    outer loop
      vertex 21.8359 -5.09939 0
      vertex 21.8359 -5.09939 2
      vertex 22.1683 -5.47638 0
    endloop
  endfacet
  facet normal 0.790155 0.612907 0
    outer loop
      vertex 21.5279 -4.70228 2
      vertex 21.8359 -5.09939 2
      vertex 21.8359 -5.09939 0
    endloop
  endfacet
  facet normal 0.790155 0.612907 0
    outer loop
      vertex 21.5279 -4.70228 0
      vertex 21.5279 -4.70228 2
      vertex 21.8359 -5.09939 0
    endloop
  endfacet
  facet normal 0.827081 0.562082 0
    outer loop
      vertex 21.2454 -4.28661 2
      vertex 21.5279 -4.70228 2
      vertex 21.5279 -4.70228 0
    endloop
  endfacet
  facet normal 0.827081 0.562082 0
    outer loop
      vertex 21.2454 -4.28661 0
      vertex 21.2454 -4.28661 2
      vertex 21.5279 -4.70228 0
    endloop
  endfacet
  facet normal 0.860742 0.509041 0
    outer loop
      vertex 20.9895 -3.85403 2
      vertex 21.2454 -4.28661 2
      vertex 21.2454 -4.28661 0
    endloop
  endfacet
  facet normal 0.860742 0.509041 0
    outer loop
      vertex 20.9895 -3.85403 0
      vertex 20.9895 -3.85403 2
      vertex 21.2454 -4.28661 0
    endloop
  endfacet
  facet normal 0.891006 0.453991 0
    outer loop
      vertex 20.7614 -3.40623 2
      vertex 20.9895 -3.85403 2
      vertex 20.9895 -3.85403 0
    endloop
  endfacet
  facet normal 0.891006 0.453991 0
    outer loop
      vertex 20.7614 -3.40623 0
      vertex 20.7614 -3.40623 2
      vertex 20.9895 -3.85403 0
    endloop
  endfacet
  facet normal 0.917754 0.397149 0
    outer loop
      vertex 20.5618 -2.945 2
      vertex 20.7614 -3.40623 2
      vertex 20.7614 -3.40623 0
    endloop
  endfacet
  facet normal 0.917754 0.397149 0
    outer loop
      vertex 20.5618 -2.945 0
      vertex 20.5618 -2.945 2
      vertex 20.7614 -3.40623 0
    endloop
  endfacet
  facet normal 0.940881 0.338738 0
    outer loop
      vertex 20.3915 -2.47214 2
      vertex 20.5618 -2.945 2
      vertex 20.5618 -2.945 0
    endloop
  endfacet
  facet normal 0.940881 0.338738 0
    outer loop
      vertex 20.3915 -2.47214 0
      vertex 20.3915 -2.47214 2
      vertex 20.5618 -2.945 0
    endloop
  endfacet
  facet normal 0.960294 0.278991 0
    outer loop
      vertex 20.2513 -1.98952 2
      vertex 20.3915 -2.47214 2
      vertex 20.3915 -2.47214 0
    endloop
  endfacet
  facet normal 0.960294 0.278991 0
    outer loop
      vertex 20.2513 -1.98952 0
      vertex 20.2513 -1.98952 2
      vertex 20.3915 -2.47214 0
    endloop
  endfacet
  facet normal 0.975917 0.218144 0
    outer loop
      vertex 20.1417 -1.49905 2
      vertex 20.2513 -1.98952 2
      vertex 20.2513 -1.98952 0
    endloop
  endfacet
  facet normal 0.975917 0.218144 0
    outer loop
      vertex 20.1417 -1.49905 0
      vertex 20.1417 -1.49905 2
      vertex 20.2513 -1.98952 0
    endloop
  endfacet
  facet normal 0.987688 0.156435 0
    outer loop
      vertex 20.0631 -1.00267 2
      vertex 20.1417 -1.49905 2
      vertex 20.1417 -1.49905 0
    endloop
  endfacet
  facet normal 0.987688 0.156435 0
    outer loop
      vertex 20.0631 -1.00267 0
      vertex 20.0631 -1.00267 2
      vertex 20.1417 -1.49905 0
    endloop
  endfacet
  facet normal 0.995562 0.0941078 0
    outer loop
      vertex 20.0158 -0.502324 2
      vertex 20.0631 -1.00267 2
      vertex 20.0631 -1.00267 0
    endloop
  endfacet
  facet normal 0.995562 0.0941078 0
    outer loop
      vertex 20.0158 -0.502324 0
      vertex 20.0158 -0.502324 2
      vertex 20.0631 -1.00267 0
    endloop
  endfacet
  facet normal 0 0 1
    outer loop
      vertex -39.9211 2.51162 2
      vertex -40 0 2
      vertex -39.9211 -2.51162 2
    endloop
  endfacet
  facet normal 0 0 1
    outer loop
      vertex -39.2915 -7.49525 2
      vertex -39.9211 2.51162 2
      vertex -39.6846 -5.01333 2
    endloop
  endfacet
  facet normal 0 0 1
    outer loop
      vertex -39.6846 -5.01333 2
      vertex -39.9211 2.51162 2
      vertex -39.9211 -2.51162 2
    endloop
  endfacet
  facet normal 0 0 1
    outer loop
      vertex -38.7433 -9.94759 2
      vertex -39.9211 2.51162 2
      vertex -39.2915 -7.49525 2
    endloop
  endfacet
  facet normal 0 0 1
    outer loop
      vertex -38.0423 -12.3607 2
      vertex -39.9211 2.51162 2
      vertex -38.7433 -9.94759 2
    endloop
  endfacet
  facet normal 0 0 1
    outer loop
      vertex -37.1911 -14.725 2
      vertex -39.9211 2.51162 2
      vertex -38.0423 -12.3607 2
    endloop
  endfacet
  facet normal 0 0 1
    outer loop
      vertex -36.1931 -17.0312 2
      vertex -39.9211 2.51162 2
      vertex -37.1911 -14.725 2
    endloop
  endfacet
  facet normal 0 0 1
    outer loop
      vertex -35.0523 -19.2701 2
      vertex -39.9211 2.51162 2
      vertex -36.1931 -17.0312 2
    endloop
  endfacet
  facet normal 0 0 1
    outer loop
      vertex -33.7731 -21.4331 2
      vertex -39.9211 2.51162 2
      vertex -35.0523 -19.2701 2
    endloop
  endfacet
  facet normal 0 0 1
    outer loop
      vertex -32.3607 -23.5114 2
      vertex -39.9211 2.51162 2
      vertex -33.7731 -21.4331 2
    endloop
  endfacet
  facet normal 0 0 1
    outer loop
      vertex -30.8205 -25.497 2
      vertex -39.9211 2.51162 2
      vertex -32.3607 -23.5114 2
    endloop
  endfacet
  facet normal 0 0 1
    outer loop
      vertex -29.1587 -27.3819 2
      vertex -39.9211 2.51162 2
      vertex -30.8205 -25.497 2
    endloop
  endfacet
  facet normal 0 0 1
    outer loop
      vertex -27.3819 -29.1587 2
      vertex -39.9211 2.51162 2
      vertex -29.1587 -27.3819 2
    endloop
  endfacet
  facet normal 0 0 1
    outer loop
      vertex -25.497 -30.8205 2
      vertex -39.9211 2.51162 2
      vertex -27.3819 -29.1587 2
    endloop
  endfacet
  facet normal 0 0 1
    outer loop
      vertex -23.5114 -32.3607 2
      vertex -39.9211 2.51162 2
      vertex -25.497 -30.8205 2
    endloop
  endfacet
  facet normal 0 0 1
    outer loop
      vertex -21.4331 -33.7731 2
      vertex -39.9211 2.51162 2
      vertex -23.5114 -32.3607 2
    endloop
  endfacet
  facet normal 0 0 1
    outer loop
      vertex -19.2701 -35.0523 2
      vertex -39.9211 2.51162 2
      vertex -21.4331 -33.7731 2
    endloop
  endfacet
  facet normal 0 0 1
    outer loop
      vertex -17.0312 -36.1931 2
      vertex -39.9211 2.51162 2
      vertex -19.2701 -35.0523 2
    endloop
  endfacet
  facet normal 0 0 1
    outer loop
      vertex -20.8429 -28.3929 2
      vertex -39.9211 2.51162 2
      vertex -17.0312 -36.1931 2
    endloop
  endfacet
  facet normal 0 0 1
    outer loop
      vertex -21.888 25.5829 2
      vertex -21.7886 26.0755 2
      vertex -39.9211 2.51162 2
    endloop
  endfacet
  facet normal 0 0 1
    outer loop
      vertex 14.1675 32.247 2
      vertex 14.6694 32.2207 2
      vertex 19.2701 35.0523 2
    endloop
  endfacet
  facet normal 0 0 1
    outer loop
      vertex -34.4721 -4.70228 2
      vertex -34.7546 -4.28661 2
      vertex -39.9211 2.51162 2
    endloop
  endfacet
  facet normal 0 0 1
    outer loop
      vertex -21.1657 -20.6916 2
      vertex -20.9282 -20.2487 2
      vertex -31.854 -7.01045 2
    endloop
  endfacet
  facet normal 0 0 1
    outer loop
      vertex -20.9282 -20.2487 2
      vertex -20.6634 -19.8216 2
      vertex -31.4062 -7.23862 2
    endloop
  endfacet
  facet normal 0 0 1
    outer loop
      vertex -20.3722 -19.4119 2
      vertex -20.056 -19.0213 2
      vertex -30.4721 -7.60845 2
    endloop
  endfacet
  facet normal 0 0 1
    outer loop
      vertex -35.0105 -3.85403 2
      vertex -35.2386 -3.40623 2
      vertex -39.9211 2.51162 2
    endloop
  endfacet
  facet normal 0 0 1
    outer loop
      vertex -21.8252 -22.5854 2
      vertex -34.1641 -5.09939 2
      vertex -34.4721 -4.70228 2
    endloop
  endfacet
  facet normal 0 0 1
    outer loop
      vertex -10.4429 -17.083 2
      vertex -10 -17.3205 2
      vertex -24.5938 -7.23862 2
    endloop
  endfacet
  facet normal 0 0 1
    outer loop
      vertex -22.1683 -5.47638 2
      vertex -7.93024 -12.4961 2
      vertex -8.69922 -11.9735 2
    endloop
  endfacet
  facet normal 0 0 1
    outer loop
      vertex -21.8359 -5.09939 2
      vertex -22.1683 -5.47638 2
      vertex -10.7887 -10.1313 2
    endloop
  endfacet
  facet normal 0 0 1
    outer loop
      vertex -35.8583 1.49905 2
      vertex -35.7487 1.98952 2
      vertex -39.9211 2.51162 2
    endloop
  endfacet
  facet normal 0 0 1
    outer loop
      vertex -14.335 3.68061 2
      vertex -14.0756 4.57345 2
      vertex -20.9895 3.85403 2
    endloop
  endfacet
  facet normal 0 0 1
    outer loop
      vertex -20.1417 1.49905 2
      vertex -20.0631 1.00267 2
      vertex -14.7708 0.9293 2
    endloop
  endfacet
  facet normal 0 0 1
    outer loop
      vertex -20.9895 -3.85403 2
      vertex -21.2454 -4.28661 2
      vertex -12.9693 -7.12995 2
    endloop
  endfacet
  facet normal 0 0 1
    outer loop
      vertex -12.4961 7.93024 2
      vertex -11.9735 8.69922 2
      vertex -22.9006 6.16411 2
    endloop
  endfacet
  facet normal 0 0 1
    outer loop
      vertex -21.2454 4.28661 2
      vertex -20.9895 3.85403 2
      vertex -14.0756 4.57345 2
    endloop
  endfacet
  facet normal 0 0 1
    outer loop
      vertex -20.5618 2.945 2
      vertex -20.3915 2.47214 2
      vertex -14.5379 2.77324 2
    endloop
  endfacet
  facet normal 0 0 1
    outer loop
      vertex -25.055 -7.43821 2
      vertex -25.5279 -7.60845 2
      vertex -12.3367 -16.4235 2
    endloop
  endfacet
  facet normal 0 0 1
    outer loop
      vertex 8.77263 18.1928 2
      vertex 8.40269 18.5329 2
      vertex -4.57345 14.0756 2
    endloop
  endfacet
  facet normal 0 0 1
    outer loop
      vertex -21.8252 -22.5854 2
      vertex -33.4764 -5.83175 2
      vertex -33.8317 -5.47638 2
    endloop
  endfacet
  facet normal 0 0 1
    outer loop
      vertex -34.4721 4.70228 2
      vertex -34.1641 5.09939 2
      vertex -39.9211 2.51162 2
    endloop
  endfacet
  facet normal 0 0 1
    outer loop
      vertex -25.055 7.43821 2
      vertex -6.30153 13.3914 2
      vertex -5.44824 13.7607 2
    endloop
  endfacet
  facet normal 0 0 1
    outer loop
      vertex -13.8325 16.2505 2
      vertex -14.335 16.2557 2
      vertex -29.9895 7.74867 2
    endloop
  endfacet
  facet normal 0 0 1
    outer loop
      vertex -30.945 7.43821 2
      vertex -30.4721 7.60845 2
      vertex -14.8362 16.2925 2
    endloop
  endfacet
  facet normal 0 0 1
    outer loop
      vertex 11.9735 -8.69922 2
      vertex 11.4036 -9.43388 2
      vertex 37.1911 -14.725 2
    endloop
  endfacet
  facet normal 0 0 1
    outer loop
      vertex -6.17482 25.912 2
      vertex -6.08582 25.4174 2
      vertex 12.3607 38.0423 2
    endloop
  endfacet
  facet normal 0 0 1
    outer loop
      vertex -7.94404 29.4761 2
      vertex -7.62776 29.0855 2
      vertex 5.01333 39.6846 2
    endloop
  endfacet
  facet normal 0 0 1
    outer loop
      vertex -8.64696 30.1939 2
      vertex -8.28422 29.846 2
      vertex 2.51162 39.9211 2
    endloop
  endfacet
  facet normal 0 0 1
    outer loop
      vertex -15.6633 32.0739 2
      vertex -15.1687 32.1629 2
      vertex -9.94759 38.7433 2
    endloop
  endfacet
  facet normal 0 0 1
    outer loop
      vertex -17.0312 36.1931 2
      vertex -39.9211 2.51162 2
      vertex -14.725 37.1911 2
    endloop
  endfacet
  facet normal 0 0 1
    outer loop
      vertex -19.2701 35.0523 2
      vertex -39.9211 2.51162 2
      vertex -17.0312 36.1931 2
    endloop
  endfacet
  facet normal 0 0 1
    outer loop
      vertex -21.4331 33.7731 2
      vertex -39.9211 2.51162 2
      vertex -19.2701 35.0523 2
    endloop
  endfacet
  facet normal 0 0 1
    outer loop
      vertex -23.5114 32.3607 2
      vertex -39.9211 2.51162 2
      vertex -21.4331 33.7731 2
    endloop
  endfacet
  facet normal 0 0 1
    outer loop
      vertex -25.497 30.8205 2
      vertex -39.9211 2.51162 2
      vertex -23.5114 32.3607 2
    endloop
  endfacet
  facet normal 0 0 1
    outer loop
      vertex -27.3819 29.1587 2
      vertex -39.9211 2.51162 2
      vertex -25.497 30.8205 2
    endloop
  endfacet
  facet normal 0 0 1
    outer loop
      vertex -29.1587 27.3819 2
      vertex -39.9211 2.51162 2
      vertex -27.3819 29.1587 2
    endloop
  endfacet
  facet normal 0 0 1
    outer loop
      vertex -30.8205 25.497 2
      vertex -39.9211 2.51162 2
      vertex -29.1587 27.3819 2
    endloop
  endfacet
  facet normal 0 0 1
    outer loop
      vertex -32.3607 23.5114 2
      vertex -39.9211 2.51162 2
      vertex -30.8205 25.497 2
    endloop
  endfacet
  facet normal 0 0 1
    outer loop
      vertex -33.7731 21.4331 2
      vertex -39.9211 2.51162 2
      vertex -32.3607 23.5114 2
    endloop
  endfacet
  facet normal 0 0 1
    outer loop
      vertex -35.0523 19.2701 2
      vertex -39.9211 2.51162 2
      vertex -33.7731 21.4331 2
    endloop
  endfacet
  facet normal 0 0 1
    outer loop
      vertex -36.1931 17.0312 2
      vertex -39.9211 2.51162 2
      vertex -35.0523 19.2701 2
    endloop
  endfacet
  facet normal 0 0 1
    outer loop
      vertex -37.1911 14.725 2
      vertex -39.9211 2.51162 2
      vertex -36.1931 17.0312 2
    endloop
  endfacet
  facet normal 0 0 1
    outer loop
      vertex -38.0423 12.3607 2
      vertex -39.9211 2.51162 2
      vertex -37.1911 14.725 2
    endloop
  endfacet
  facet normal 0 0 1
    outer loop
      vertex -38.7433 9.94759 2
      vertex -39.9211 2.51162 2
      vertex -38.0423 12.3607 2
    endloop
  endfacet
  facet normal 0 0 1
    outer loop
      vertex -39.2915 7.49525 2
      vertex -39.9211 2.51162 2
      vertex -38.7433 9.94759 2
    endloop
  endfacet
  facet normal 0 0 1
    outer loop
      vertex -39.6846 5.01333 2
      vertex -39.9211 2.51162 2
      vertex -39.2915 7.49525 2
    endloop
  endfacet
  facet normal 0 0 1
    outer loop
      vertex -35.7487 -1.98952 2
      vertex -35.8583 -1.49905 2
      vertex -39.9211 2.51162 2
    endloop
  endfacet
  facet normal 0 0 1
    outer loop
      vertex -13.8325 -16.2505 2
      vertex -13.3306 -16.2768 2
      vertex -25.5279 -7.60845 2
    endloop
  endfacet
  facet normal 0 0 1
    outer loop
      vertex 6.62509 -27.3488 2
      vertex 6.44499 -26.8796 2
      vertex -24.5938 -7.23862 2
    endloop
  endfacet
  facet normal 0 0 1
    outer loop
      vertex -22.1683 -5.47638 2
      vertex -22.5236 -5.83175 2
      vertex -7.12995 -12.9693 2
    endloop
  endfacet
  facet normal 0 0 1
    outer loop
      vertex 20.0631 1.00267 2
      vertex 20.1417 1.49905 2
      vertex 14.6833 1.85493 2
    endloop
  endfacet
  facet normal 0 0 1
    outer loop
      vertex -35.7487 1.98952 2
      vertex -35.6085 2.47214 2
      vertex -39.9211 2.51162 2
    endloop
  endfacet
  facet normal 0 0 1
    outer loop
      vertex -14.7708 0.9293 2
      vertex -14.6833 1.85493 2
      vertex -20.2513 1.98952 2
    endloop
  endfacet
  facet normal 0 0 1
    outer loop
      vertex -14.6833 -1.85493 2
      vertex -20.0158 -0.502324 2
      vertex -20.0631 -1.00267 2
    endloop
  endfacet
  facet normal 0 0 1
    outer loop
      vertex -35.2386 3.40623 2
      vertex -35.0105 3.85403 2
      vertex -39.9211 2.51162 2
    endloop
  endfacet
  facet normal 0 0 1
    outer loop
      vertex -12.9693 7.12995 2
      vertex -22.5236 5.83175 2
      vertex -22.1683 5.47638 2
    endloop
  endfacet
  facet normal 0 0 1
    outer loop
      vertex 31.854 7.01045 2
      vertex 32.2866 6.75462 2
      vertex 39.2915 7.49525 2
    endloop
  endfacet
  facet normal 0 0 1
    outer loop
      vertex -21.8252 -22.5854 2
      vertex -21.7053 -22.0974 2
      vertex -33.4764 -5.83175 2
    endloop
  endfacet
  facet normal 0 0 1
    outer loop
      vertex 7.93024 12.4961 2
      vertex 8.69922 11.9735 2
      vertex 36.1931 17.0312 2
    endloop
  endfacet
  facet normal 0 0 1
    outer loop
      vertex -33.8317 5.47638 2
      vertex -33.4764 5.83175 2
      vertex -39.9211 2.51162 2
    endloop
  endfacet
  facet normal 0 0 1
    outer loop
      vertex 6.00176 24.4163 2
      vertex -9.57287 17.5853 2
      vertex -10 17.3205 2
    endloop
  endfacet
  facet normal 0 0 1
    outer loop
      vertex -25.055 7.43821 2
      vertex -24.5938 7.23862 2
      vertex -6.30153 13.3914 2
    endloop
  endfacet
  facet normal 0 0 1
    outer loop
      vertex -23.2977 6.47214 2
      vertex -22.9006 6.16411 2
      vertex -11.9735 8.69922 2
    endloop
  endfacet
  facet normal 0 0 1
    outer loop
      vertex -33.0994 6.16411 2
      vertex -39.9211 2.51162 2
      vertex -33.4764 5.83175 2
    endloop
  endfacet
  facet normal 0 0 1
    outer loop
      vertex -32.7023 6.47214 2
      vertex -39.9211 2.51162 2
      vertex -33.0994 6.16411 2
    endloop
  endfacet
  facet normal 0 0 1
    outer loop
      vertex 12.9693 -7.12995 2
      vertex 12.4961 -7.93024 2
      vertex 38.0423 -12.3607 2
    endloop
  endfacet
  facet normal 0 0 1
    outer loop
      vertex -15.8268 16.4601 2
      vertex -16.3123 16.5902 2
      vertex -39.9211 2.51162 2
    endloop
  endfacet
  facet normal 0 0 1
    outer loop
      vertex -16.3123 16.5902 2
      vertex -16.7886 16.7505 2
      vertex -39.9211 2.51162 2
    endloop
  endfacet
  facet normal 0 0 1
    outer loop
      vertex 6.02806 -24.9181 2
      vertex -23.7134 -6.75462 2
      vertex -24.146 -7.01045 2
    endloop
  endfacet
  facet normal 0 0 1
    outer loop
      vertex -14.8362 16.2925 2
      vertex -31.854 7.01045 2
      vertex -31.4062 7.23862 2
    endloop
  endfacet
  facet normal 0 0 1
    outer loop
      vertex 26.5009 -7.8583 2
      vertex 38.7433 -9.94759 2
      vertex 26.9973 -7.93692 2
    endloop
  endfacet
  facet normal 0 0 1
    outer loop
      vertex -14.8362 16.2925 2
      vertex -15.3342 16.3607 2
      vertex -31.854 7.01045 2
    endloop
  endfacet
  facet normal 0 0 1
    outer loop
      vertex -8.40269 18.5329 2
      vertex -8.77263 18.1928 2
      vertex 6.17482 25.912 2
    endloop
  endfacet
  facet normal 0 0 1
    outer loop
      vertex 35.7487 -1.98952 2
      vertex 35.6085 -2.47214 2
      vertex 39.9211 -2.51162 2
    endloop
  endfacet
  facet normal 0 0 1
    outer loop
      vertex 19.2274 30.3047 2
      vertex 19.5973 29.9645 2
      vertex 23.5114 32.3607 2
    endloop
  endfacet
  facet normal 0 0 1
    outer loop
      vertex 6.00176 24.4163 2
      vertex -10 17.3205 2
      vertex -10.4429 17.083 2
    endloop
  endfacet
  facet normal 0 0 1
    outer loop
      vertex 21.4983 27.0373 2
      vertex 21.6586 26.561 2
      vertex 27.3819 29.1587 2
    endloop
  endfacet
  facet normal 0 0 1
    outer loop
      vertex 21.9142 23.08 2
      vertex 21.8252 22.5854 2
      vertex 30.8205 25.497 2
    endloop
  endfacet
  facet normal 0 0 1
    outer loop
      vertex 8.40269 18.5329 2
      vertex 8.05484 18.8957 2
      vertex -25.5279 7.60845 2
    endloop
  endfacet
  facet normal 0 0 1
    outer loop
      vertex 35.9842 0.502324 2
      vertex 36 -8.81746e-15 2
      vertex 40 0 2
    endloop
  endfacet
  facet normal 0 0 1
    outer loop
      vertex -6.91037 20.5423 2
      vertex -7.15709 20.1045 2
      vertex 7.0718 28.2487 2
    endloop
  endfacet
  facet normal 0 0 1
    outer loop
      vertex 17.7064 17.1591 2
      vertex 17.2539 16.9403 2
      vertex 33.7731 21.4331 2
    endloop
  endfacet
  facet normal 0 0 1
    outer loop
      vertex 13.3914 6.30153 2
      vertex 13.7607 5.44824 2
      vertex 23.2977 6.47214 2
    endloop
  endfacet
  facet normal 0 0 1
    outer loop
      vertex 7.12995 12.9693 2
      vertex 7.93024 12.4961 2
      vertex 35.0523 19.2701 2
    endloop
  endfacet
  facet normal 0 0 1
    outer loop
      vertex -21.5279 -4.70228 2
      vertex -21.8359 -5.09939 2
      vertex -11.9735 -8.69922 2
    endloop
  endfacet
  facet normal 0 0 1
    outer loop
      vertex -13.7607 5.44824 2
      vertex -21.8359 5.09939 2
      vertex -21.5279 4.70228 2
    endloop
  endfacet
  facet normal 0 0 1
    outer loop
      vertex -35.4382 2.945 2
      vertex -35.2386 3.40623 2
      vertex -39.9211 2.51162 2
    endloop
  endfacet
  facet normal 0 0 1
    outer loop
      vertex -35.0105 3.85403 2
      vertex -34.7546 4.28661 2
      vertex -39.9211 2.51162 2
    endloop
  endfacet
  facet normal 0 0 1
    outer loop
      vertex 14.6833 1.85493 2
      vertex 14.7708 0.9293 2
      vertex 20.0631 1.00267 2
    endloop
  endfacet
  facet normal 0 0 1
    outer loop
      vertex -14.6833 1.85493 2
      vertex -14.5379 2.77324 2
      vertex -20.3915 2.47214 2
    endloop
  endfacet
  facet normal 0 0 1
    outer loop
      vertex 20.5618 2.945 2
      vertex 20.7614 3.40623 2
      vertex 14.335 3.68061 2
    endloop
  endfacet
  facet normal 0 0 1
    outer loop
      vertex -14.7708 0.9293 2
      vertex -20.2513 1.98952 2
      vertex -20.1417 1.49905 2
    endloop
  endfacet
  facet normal 0 0 1
    outer loop
      vertex 33.0994 -6.16411 2
      vertex 32.7023 -6.47214 2
      vertex 39.2915 -7.49525 2
    endloop
  endfacet
  facet normal 0 0 1
    outer loop
      vertex -14.8 0 2
      vertex -14.7708 0.9293 2
      vertex -20.0631 1.00267 2
    endloop
  endfacet
  facet normal 0 0 1
    outer loop
      vertex -20 2.44929e-15 2
      vertex -20.0158 -0.502324 2
      vertex -14.7708 -0.9293 2
    endloop
  endfacet
  facet normal 0 0 1
    outer loop
      vertex 7.15709 -20.1045 2
      vertex 7.43081 -19.683 2
      vertex -4.57345 -14.0756 2
    endloop
  endfacet
  facet normal 0 0 1
    outer loop
      vertex 7.93024 -12.4961 2
      vertex 7.12995 -12.9693 2
      vertex 33.7731 -21.4331 2
    endloop
  endfacet
  facet normal 0 0 1
    outer loop
      vertex 6.30153 -13.3914 2
      vertex 5.44824 -13.7607 2
      vertex 12.8313 -16.3345 2
    endloop
  endfacet
  facet normal 0 0 1
    outer loop
      vertex 13.3306 -16.2768 2
      vertex 13.8325 -16.2505 2
      vertex 6.30153 -13.3914 2
    endloop
  endfacet
  facet normal 0 0 1
    outer loop
      vertex -13.7607 -5.44824 2
      vertex -14.0756 -4.57345 2
      vertex -20.5618 -2.945 2
    endloop
  endfacet
  facet normal 0 0 1
    outer loop
      vertex 0 -14.8 2
      vertex -0.9293 -14.7708 2
      vertex 8.40269 -18.5329 2
    endloop
  endfacet
  facet normal 0 0 1
    outer loop
      vertex 8.77263 -18.1928 2
      vertex 9.16321 -17.8765 2
      vertex 1.85493 -14.6833 2
    endloop
  endfacet
  facet normal 0 0 1
    outer loop
      vertex 7.43081 -19.683 2
      vertex -2.77324 -14.5379 2
      vertex -3.68061 -14.335 2
    endloop
  endfacet
  facet normal 0 0 1
    outer loop
      vertex -11.9735 -8.69922 2
      vertex -12.4961 -7.93024 2
      vertex -21.5279 -4.70228 2
    endloop
  endfacet
  facet normal 0 0 1
    outer loop
      vertex 17.5571 -31.4144 2
      vertex 17.1001 -31.6236 2
      vertex 21.4331 -33.7731 2
    endloop
  endfacet
  facet normal 0 0 1
    outer loop
      vertex 6.83431 -27.8058 2
      vertex 6.62509 -27.3488 2
      vertex -9.57287 -17.5853 2
    endloop
  endfacet
  facet normal 0 0 1
    outer loop
      vertex -9.16321 -17.8765 2
      vertex -8.77263 -18.1928 2
      vertex 17.0312 -36.1931 2
    endloop
  endfacet
  facet normal 0 0 1
    outer loop
      vertex -8.40269 -18.5329 2
      vertex -8.05484 -18.8957 2
      vertex 17.0312 -36.1931 2
    endloop
  endfacet
  facet normal 0 0 1
    outer loop
      vertex -6.02806 -24.9181 2
      vertex -6.08582 -25.4174 2
      vertex 9.94759 -38.7433 2
    endloop
  endfacet
  facet normal 0 0 1
    outer loop
      vertex -6.2947 -26.4001 2
      vertex -6.44499 -26.8796 2
      vertex 7.49525 -39.2915 2
    endloop
  endfacet
  facet normal 0 0 1
    outer loop
      vertex -15.3342 -16.3607 2
      vertex -14.8362 -16.2925 2
      vertex -26.0105 -7.74866 2
    endloop
  endfacet
  facet normal 0 0 1
    outer loop
      vertex -24.146 -7.01045 2
      vertex -24.5938 -7.23862 2
      vertex 6.44499 -26.8796 2
    endloop
  endfacet
  facet normal 0 0 1
    outer loop
      vertex -17.7064 -17.1591 2
      vertex -27.4977 -7.98421 2
      vertex -28 -8 2
    endloop
  endfacet
  facet normal 0 0 1
    outer loop
      vertex -7.94404 -29.4761 2
      vertex -8.28422 -29.846 2
      vertex 2.51162 -39.9211 2
    endloop
  endfacet
  facet normal 0 0 1
    outer loop
      vertex -35.8583 -1.49905 2
      vertex -35.9369 -1.00267 2
      vertex -39.9211 2.51162 2
    endloop
  endfacet
  facet normal 0 0 1
    outer loop
      vertex -35.2386 -3.40623 2
      vertex -35.4382 -2.945 2
      vertex -39.9211 2.51162 2
    endloop
  endfacet
  facet normal 0 0 1
    outer loop
      vertex -21.3749 -21.1486 2
      vertex -21.1657 -20.6916 2
      vertex -32.2866 -6.75462 2
    endloop
  endfacet
  facet normal 0 0 1
    outer loop
      vertex -13.1638 -32.2049 2
      vertex -13.665 -32.2417 2
      vertex -7.49525 -39.2915 2
    endloop
  endfacet
  facet normal 0 0 1
    outer loop
      vertex -21.555 -21.6178 2
      vertex -33.0994 -6.16411 2
      vertex -33.4764 -5.83175 2
    endloop
  endfacet
  facet normal 0 0 1
    outer loop
      vertex -21.555 -21.6178 2
      vertex -32.7023 -6.47214 2
      vertex -33.0994 -6.16411 2
    endloop
  endfacet
  facet normal 0 0 1
    outer loop
      vertex -21.555 -21.6178 2
      vertex -21.3749 -21.1486 2
      vertex -32.7023 -6.47214 2
    endloop
  endfacet
  facet normal 0 0 1
    outer loop
      vertex -34.7546 -4.28661 2
      vertex -35.0105 -3.85403 2
      vertex -39.9211 2.51162 2
    endloop
  endfacet
  facet normal 0 0 1
    outer loop
      vertex -35.4382 -2.945 2
      vertex -35.6085 -2.47214 2
      vertex -39.9211 2.51162 2
    endloop
  endfacet
  facet normal 0 0 1
    outer loop
      vertex -35.6085 -2.47214 2
      vertex -35.7487 -1.98952 2
      vertex -39.9211 2.51162 2
    endloop
  endfacet
  facet normal 0 0 1
    outer loop
      vertex -21.8252 -22.5854 2
      vertex -34.4721 -4.70228 2
      vertex -39.9211 2.51162 2
    endloop
  endfacet
  facet normal 0 0 1
    outer loop
      vertex -21.9982 -24.0812 2
      vertex -21.9719 -23.5793 2
      vertex -39.9211 2.51162 2
    endloop
  endfacet
  facet normal 0 0 1
    outer loop
      vertex -6.30153 -13.3914 2
      vertex -7.12995 -12.9693 2
      vertex -22.5236 -5.83175 2
    endloop
  endfacet
  facet normal 0 0 1
    outer loop
      vertex -21.9982 -24.0812 2
      vertex -39.9211 2.51162 2
      vertex -21.993 -24.5837 2
    endloop
  endfacet
  facet normal 0 0 1
    outer loop
      vertex -18 -31.1769 2
      vertex -18.4271 -30.9121 2
      vertex -14.725 -37.1911 2
    endloop
  endfacet
  facet normal 0 0 1
    outer loop
      vertex -21.9142 -23.08 2
      vertex -39.9211 2.51162 2
      vertex -21.9719 -23.5793 2
    endloop
  endfacet
  facet normal 0 0 1
    outer loop
      vertex -16.1514 -31.954 2
      vertex -16.6309 -31.8037 2
      vertex -12.3607 -38.0423 2
    endloop
  endfacet
  facet normal 0 0 1
    outer loop
      vertex -21.8252 -22.5854 2
      vertex -39.9211 2.51162 2
      vertex -21.9142 -23.08 2
    endloop
  endfacet
  facet normal 0 0 1
    outer loop
      vertex -16.6309 -31.8037 2
      vertex -17.1001 -31.6236 2
      vertex -12.3607 -38.0423 2
    endloop
  endfacet
  facet normal 0 0 1
    outer loop
      vertex 7.62776 29.0855 2
      vertex 7.94404 29.4761 2
      vertex -6.34144 21.9365 2
    endloop
  endfacet
  facet normal 0 0 1
    outer loop
      vertex -21.555 -21.6178 2
      vertex -33.4764 -5.83175 2
      vertex -21.7053 -22.0974 2
    endloop
  endfacet
  facet normal 0 0 1
    outer loop
      vertex -20.056 -19.0213 2
      vertex -19.7158 -18.6514 2
      vertex -29.9895 -7.74866 2
    endloop
  endfacet
  facet normal 0 0 1
    outer loop
      vertex -21.1657 -20.6916 2
      vertex -31.854 -7.01045 2
      vertex -32.2866 -6.75462 2
    endloop
  endfacet
  facet normal 0 0 1
    outer loop
      vertex -32.2866 -6.75462 2
      vertex -32.7023 -6.47214 2
      vertex -21.3749 -21.1486 2
    endloop
  endfacet
  facet normal 0 0 1
    outer loop
      vertex -14.6694 -32.2207 2
      vertex -15.1687 -32.1629 2
      vertex -9.94759 -38.7433 2
    endloop
  endfacet
  facet normal 0 0 1
    outer loop
      vertex -20.6634 -19.8216 2
      vertex -20.3722 -19.4119 2
      vertex -30.945 -7.43821 2
    endloop
  endfacet
  facet normal 0 0 1
    outer loop
      vertex -20.6634 -19.8216 2
      vertex -30.945 -7.43821 2
      vertex -31.4062 -7.23862 2
    endloop
  endfacet
  facet normal 0 0 1
    outer loop
      vertex -31.4062 -7.23862 2
      vertex -31.854 -7.01045 2
      vertex -20.9282 -20.2487 2
    endloop
  endfacet
  facet normal 0 0 1
    outer loop
      vertex -12.6658 -32.1367 2
      vertex -13.1638 -32.2049 2
      vertex -7.49525 -39.2915 2
    endloop
  endfacet
  facet normal 0 0 1
    outer loop
      vertex -20.056 -19.0213 2
      vertex -29.9895 -7.74866 2
      vertex -30.4721 -7.60845 2
    endloop
  endfacet
  facet normal 0 0 1
    outer loop
      vertex -30.4721 -7.60845 2
      vertex -30.945 -7.43821 2
      vertex -20.3722 -19.4119 2
    endloop
  endfacet
  facet normal 0 0 1
    outer loop
      vertex -11.2114 -31.747 2
      vertex -11.6877 -31.9073 2
      vertex -5.01333 -39.6846 2
    endloop
  endfacet
  facet normal 0 0 1
    outer loop
      vertex -19.353 -18.3036 2
      vertex -29.4991 -7.8583 2
      vertex -29.9895 -7.74866 2
    endloop
  endfacet
  facet normal 0 0 1
    outer loop
      vertex -9.03082 -30.5183 2
      vertex -9.43429 -30.8179 2
      vertex 0 -40 2
    endloop
  endfacet
  facet normal 0 0 1
    outer loop
      vertex -19.353 -18.3036 2
      vertex -29.9895 -7.74866 2
      vertex -19.7158 -18.6514 2
    endloop
  endfacet
  facet normal 0 0 1
    outer loop
      vertex -8.64696 -30.1939 2
      vertex -9.03082 -30.5183 2
      vertex 0 -40 2
    endloop
  endfacet
  facet normal 0 0 1
    outer loop
      vertex -18.5657 -17.6795 2
      vertex -18.1442 -17.4058 2
      vertex -28 -8 2
    endloop
  endfacet
  facet normal 0 0 1
    outer loop
      vertex -18.5657 -17.6795 2
      vertex -29.0027 -7.93692 2
      vertex -18.9692 -17.9792 2
    endloop
  endfacet
  facet normal 0 0 1
    outer loop
      vertex -7.62776 -29.0855 2
      vertex -7.94404 -29.4761 2
      vertex 2.51162 -39.9211 2
    endloop
  endfacet
  facet normal 0 0 1
    outer loop
      vertex 7.33663 28.6758 2
      vertex 7.62776 29.0855 2
      vertex -6.50174 21.4601 2
    endloop
  endfacet
  facet normal 0 0 1
    outer loop
      vertex -17.7064 -17.1591 2
      vertex -28 -8 2
      vertex -18.1442 -17.4058 2
    endloop
  endfacet
  facet normal 0 0 1
    outer loop
      vertex -6.83431 -27.8058 2
      vertex -7.0718 -28.2487 2
      vertex 5.01333 -39.6846 2
    endloop
  endfacet
  facet normal 0 0 1
    outer loop
      vertex -26.5009 -7.8583 2
      vertex -26.9973 -7.93692 2
      vertex -15.8268 -16.4601 2
    endloop
  endfacet
  facet normal 0 0 1
    outer loop
      vertex -14.335 -16.2557 2
      vertex -25.5279 -7.60845 2
      vertex -26.0105 -7.74866 2
    endloop
  endfacet
  facet normal 0 0 1
    outer loop
      vertex -26.0105 -7.74866 2
      vertex -26.5009 -7.8583 2
      vertex -15.3342 -16.3607 2
    endloop
  endfacet
  facet normal 0 0 1
    outer loop
      vertex -6.04382 -23.4125 2
      vertex -6.00702 -23.9137 2
      vertex 12.3607 -38.0423 2
    endloop
  endfacet
  facet normal 0 0 1
    outer loop
      vertex -14.335 -16.2557 2
      vertex -26.0105 -7.74866 2
      vertex -14.8362 -16.2925 2
    endloop
  endfacet
  facet normal 0 0 1
    outer loop
      vertex -6.11203 -22.9146 2
      vertex -6.04382 -23.4125 2
      vertex 12.3607 -38.0423 2
    endloop
  endfacet
  facet normal 0 0 1
    outer loop
      vertex -9.85578 -31.0916 2
      vertex -10.2936 -31.3383 2
      vertex -2.51162 -39.9211 2
    endloop
  endfacet
  facet normal 0 0 1
    outer loop
      vertex -12.8313 -16.3345 2
      vertex -12.3367 -16.4235 2
      vertex -25.5279 -7.60845 2
    endloop
  endfacet
  facet normal 0 0 1
    outer loop
      vertex -7.43081 -19.683 2
      vertex -7.15709 -20.1045 2
      vertex 17.0312 -36.1931 2
    endloop
  endfacet
  facet normal 0 0 1
    outer loop
      vertex -6.50174 -21.4601 2
      vertex -6.34144 -21.9365 2
      vertex 14.725 -37.1911 2
    endloop
  endfacet
  facet normal 0 0 1
    outer loop
      vertex -12.8313 -16.3345 2
      vertex -25.5279 -7.60845 2
      vertex -13.3306 -16.2768 2
    endloop
  endfacet
  facet normal 0 0 1
    outer loop
      vertex -6.69164 -20.9948 2
      vertex -6.50174 -21.4601 2
      vertex 14.725 -37.1911 2
    endloop
  endfacet
  facet normal 0 0 1
    outer loop
      vertex -11.8486 -16.5434 2
      vertex -11.3691 -16.6937 2
      vertex -25.055 -7.43821 2
    endloop
  endfacet
  facet normal 0 0 1
    outer loop
      vertex 6.04382 -23.4125 2
      vertex 6.11203 -22.9146 2
      vertex -23.7134 -6.75462 2
    endloop
  endfacet
  facet normal 0 0 1
    outer loop
      vertex -7.73045 -19.2795 2
      vertex -7.43081 -19.683 2
      vertex 17.0312 -36.1931 2
    endloop
  endfacet
  facet normal 0 0 1
    outer loop
      vertex -24.5938 -7.23862 2
      vertex -25.055 -7.43821 2
      vertex -11.3691 -16.6937 2
    endloop
  endfacet
  facet normal 0 0 1
    outer loop
      vertex -8.05484 -18.8957 2
      vertex -7.73045 -19.2795 2
      vertex 17.0312 -36.1931 2
    endloop
  endfacet
  facet normal 0 0 1
    outer loop
      vertex -24.5938 -7.23862 2
      vertex -11.3691 -16.6937 2
      vertex -10.8999 -16.8738 2
    endloop
  endfacet
  facet normal 0 0 1
    outer loop
      vertex -7.15709 -20.1045 2
      vertex -6.91037 -20.5423 2
      vertex 17.0312 -36.1931 2
    endloop
  endfacet
  facet normal 0 0 1
    outer loop
      vertex -24.5938 -7.23862 2
      vertex -10.8999 -16.8738 2
      vertex -10.4429 -17.083 2
    endloop
  endfacet
  facet normal 0 0 1
    outer loop
      vertex -8.77263 -18.1928 2
      vertex -8.40269 -18.5329 2
      vertex 17.0312 -36.1931 2
    endloop
  endfacet
  facet normal 0 0 1
    outer loop
      vertex 6.62509 -27.3488 2
      vertex -24.5938 -7.23862 2
      vertex -10 -17.3205 2
    endloop
  endfacet
  facet normal 0 0 1
    outer loop
      vertex 9.43429 -30.8179 2
      vertex -9.57287 -17.5853 2
      vertex 17.0312 -36.1931 2
    endloop
  endfacet
  facet normal 0 0 1
    outer loop
      vertex -9.57287 -17.5853 2
      vertex -9.16321 -17.8765 2
      vertex 17.0312 -36.1931 2
    endloop
  endfacet
  facet normal 0 0 1
    outer loop
      vertex -6.34144 -21.9365 2
      vertex -6.21137 -22.4219 2
      vertex 14.725 -37.1911 2
    endloop
  endfacet
  facet normal 0 0 1
    outer loop
      vertex -12.3367 -16.4235 2
      vertex -11.8486 -16.5434 2
      vertex -25.055 -7.43821 2
    endloop
  endfacet
  facet normal 0 0 1
    outer loop
      vertex 17.0312 -36.1931 2
      vertex -6.91037 -20.5423 2
      vertex 14.725 -37.1911 2
    endloop
  endfacet
  facet normal 0 0 1
    outer loop
      vertex -6.91037 -20.5423 2
      vertex -6.69164 -20.9948 2
      vertex 14.725 -37.1911 2
    endloop
  endfacet
  facet normal 0 0 1
    outer loop
      vertex -36 4.40873e-15 2
      vertex -35.9842 0.502324 2
      vertex -39.9211 2.51162 2
    endloop
  endfacet
  facet normal 0 0 1
    outer loop
      vertex 14.725 -37.1911 2
      vertex -6.21137 -22.4219 2
      vertex 12.3607 -38.0423 2
    endloop
  endfacet
  facet normal 0 0 1
    outer loop
      vertex -6.21137 -22.4219 2
      vertex -6.11203 -22.9146 2
      vertex 12.3607 -38.0423 2
    endloop
  endfacet
  facet normal 0 0 1
    outer loop
      vertex -6.00702 -23.9137 2
      vertex -6.00176 -24.4163 2
      vertex 12.3607 -38.0423 2
    endloop
  endfacet
  facet normal 0 0 1
    outer loop
      vertex -6.08582 -25.4174 2
      vertex -6.17482 -25.912 2
      vertex 9.94759 -38.7433 2
    endloop
  endfacet
  facet normal 0 0 1
    outer loop
      vertex 12.3607 -38.0423 2
      vertex -6.00176 -24.4163 2
      vertex 9.94759 -38.7433 2
    endloop
  endfacet
  facet normal 0 0 1
    outer loop
      vertex -6.00176 -24.4163 2
      vertex -6.02806 -24.9181 2
      vertex 9.94759 -38.7433 2
    endloop
  endfacet
  facet normal 0 0 1
    outer loop
      vertex -16.3123 -16.5902 2
      vertex -15.8268 -16.4601 2
      vertex -26.9973 -7.93692 2
    endloop
  endfacet
  facet normal 0 0 1
    outer loop
      vertex -21.8252 -22.5854 2
      vertex -33.8317 -5.47638 2
      vertex -34.1641 -5.09939 2
    endloop
  endfacet
  facet normal 0 0 1
    outer loop
      vertex 9.94759 -38.7433 2
      vertex -6.17482 -25.912 2
      vertex 7.49525 -39.2915 2
    endloop
  endfacet
  facet normal 0 0 1
    outer loop
      vertex -6.17482 -25.912 2
      vertex -6.2947 -26.4001 2
      vertex 7.49525 -39.2915 2
    endloop
  endfacet
  facet normal 0 0 1
    outer loop
      vertex -17.2539 -16.9403 2
      vertex -16.7886 -16.7505 2
      vertex -27.4977 -7.98421 2
    endloop
  endfacet
  facet normal 0 0 1
    outer loop
      vertex -35.9842 -0.502324 2
      vertex -36 4.40873e-15 2
      vertex -39.9211 2.51162 2
    endloop
  endfacet
  facet normal 0 0 1
    outer loop
      vertex 7.49525 -39.2915 2
      vertex -6.62509 -27.3488 2
      vertex 5.01333 -39.6846 2
    endloop
  endfacet
  facet normal 0 0 1
    outer loop
      vertex -6.62509 -27.3488 2
      vertex -6.83431 -27.8058 2
      vertex 5.01333 -39.6846 2
    endloop
  endfacet
  facet normal 0 0 1
    outer loop
      vertex -7.0718 -28.2487 2
      vertex -7.33663 -28.6758 2
      vertex 5.01333 -39.6846 2
    endloop
  endfacet
  facet normal 0 0 1
    outer loop
      vertex 5.01333 -39.6846 2
      vertex -7.33663 -28.6758 2
      vertex 2.51162 -39.9211 2
    endloop
  endfacet
  facet normal 0 0 1
    outer loop
      vertex -7.33663 -28.6758 2
      vertex -7.62776 -29.0855 2
      vertex 2.51162 -39.9211 2
    endloop
  endfacet
  facet normal 0 0 1
    outer loop
      vertex -18.5657 -17.6795 2
      vertex -28 -8 2
      vertex -28.5023 -7.98421 2
    endloop
  endfacet
  facet normal 0 0 1
    outer loop
      vertex 2.51162 -39.9211 2
      vertex -8.28422 -29.846 2
      vertex 0 -40 2
    endloop
  endfacet
  facet normal 0 0 1
    outer loop
      vertex -8.28422 -29.846 2
      vertex -8.64696 -30.1939 2
      vertex 0 -40 2
    endloop
  endfacet
  facet normal 0 0 1
    outer loop
      vertex 0 -40 2
      vertex -9.43429 -30.8179 2
      vertex -2.51162 -39.9211 2
    endloop
  endfacet
  facet normal 0 0 1
    outer loop
      vertex -9.43429 -30.8179 2
      vertex -9.85578 -31.0916 2
      vertex -2.51162 -39.9211 2
    endloop
  endfacet
  facet normal 0 0 1
    outer loop
      vertex -2.51162 -39.9211 2
      vertex -10.2936 -31.3383 2
      vertex -5.01333 -39.6846 2
    endloop
  endfacet
  facet normal 0 0 1
    outer loop
      vertex -10.2936 -31.3383 2
      vertex -10.7461 -31.5571 2
      vertex -5.01333 -39.6846 2
    endloop
  endfacet
  facet normal 0 0 1
    outer loop
      vertex -10.7461 -31.5571 2
      vertex -11.2114 -31.747 2
      vertex -5.01333 -39.6846 2
    endloop
  endfacet
  facet normal 0 0 1
    outer loop
      vertex -5.01333 -39.6846 2
      vertex -11.6877 -31.9073 2
      vertex -7.49525 -39.2915 2
    endloop
  endfacet
  facet normal 0 0 1
    outer loop
      vertex -11.6877 -31.9073 2
      vertex -12.1732 -32.0373 2
      vertex -7.49525 -39.2915 2
    endloop
  endfacet
  facet normal 0 0 1
    outer loop
      vertex -12.1732 -32.0373 2
      vertex -12.6658 -32.1367 2
      vertex -7.49525 -39.2915 2
    endloop
  endfacet
  facet normal 0 0 1
    outer loop
      vertex -14.1675 -32.247 2
      vertex -14.6694 -32.2207 2
      vertex -9.94759 -38.7433 2
    endloop
  endfacet
  facet normal 0 0 1
    outer loop
      vertex -7.49525 -39.2915 2
      vertex -13.665 -32.2417 2
      vertex -9.94759 -38.7433 2
    endloop
  endfacet
  facet normal 0 0 1
    outer loop
      vertex -13.665 -32.2417 2
      vertex -14.1675 -32.247 2
      vertex -9.94759 -38.7433 2
    endloop
  endfacet
  facet normal 0 0 1
    outer loop
      vertex -19.353 -18.3036 2
      vertex -29.0027 -7.93692 2
      vertex -29.4991 -7.8583 2
    endloop
  endfacet
  facet normal 0 0 1
    outer loop
      vertex -19.353 -18.3036 2
      vertex -18.9692 -17.9792 2
      vertex -29.0027 -7.93692 2
    endloop
  endfacet
  facet normal 0 0 1
    outer loop
      vertex -9.94759 -38.7433 2
      vertex -15.1687 -32.1629 2
      vertex -12.3607 -38.0423 2
    endloop
  endfacet
  facet normal 0 0 1
    outer loop
      vertex -15.1687 -32.1629 2
      vertex -15.6633 -32.0739 2
      vertex -12.3607 -38.0423 2
    endloop
  endfacet
  facet normal 0 0 1
    outer loop
      vertex -15.6633 -32.0739 2
      vertex -16.1514 -31.954 2
      vertex -12.3607 -38.0423 2
    endloop
  endfacet
  facet normal 0 0 1
    outer loop
      vertex -18.8368 -30.621 2
      vertex -19.2274 -30.3047 2
      vertex -14.725 -37.1911 2
    endloop
  endfacet
  facet normal 0 0 1
    outer loop
      vertex -6.21137 22.4219 2
      vertex -6.34144 21.9365 2
      vertex 17.0312 36.1931 2
    endloop
  endfacet
  facet normal 0 0 1
    outer loop
      vertex -12.3607 -38.0423 2
      vertex -17.1001 -31.6236 2
      vertex -14.725 -37.1911 2
    endloop
  endfacet
  facet normal 0 0 1
    outer loop
      vertex -17.1001 -31.6236 2
      vertex -17.5571 -31.4144 2
      vertex -14.725 -37.1911 2
    endloop
  endfacet
  facet normal 0 0 1
    outer loop
      vertex -17.5571 -31.4144 2
      vertex -18 -31.1769 2
      vertex -14.725 -37.1911 2
    endloop
  endfacet
  facet normal 0 0 1
    outer loop
      vertex -21.888 -25.5829 2
      vertex -21.9562 -25.0849 2
      vertex -39.9211 2.51162 2
    endloop
  endfacet
  facet normal 0 0 1
    outer loop
      vertex -14.6694 32.2207 2
      vertex -14.1675 32.247 2
      vertex -7.49525 39.2915 2
    endloop
  endfacet
  facet normal 0 0 1
    outer loop
      vertex -18.4271 -30.9121 2
      vertex -18.8368 -30.621 2
      vertex -14.725 -37.1911 2
    endloop
  endfacet
  facet normal 0 0 1
    outer loop
      vertex -14.725 -37.1911 2
      vertex -19.2274 -30.3047 2
      vertex -17.0312 -36.1931 2
    endloop
  endfacet
  facet normal 0 0 1
    outer loop
      vertex -19.2274 -30.3047 2
      vertex -19.5973 -29.9645 2
      vertex -17.0312 -36.1931 2
    endloop
  endfacet
  facet normal 0 0 1
    outer loop
      vertex -19.5973 -29.9645 2
      vertex -19.9452 -29.6018 2
      vertex -17.0312 -36.1931 2
    endloop
  endfacet
  facet normal 0 0 1
    outer loop
      vertex -19.9452 -29.6018 2
      vertex -20.2695 -29.2179 2
      vertex -17.0312 -36.1931 2
    endloop
  endfacet
  facet normal 0 0 1
    outer loop
      vertex -20.2695 -29.2179 2
      vertex -20.5692 -28.8144 2
      vertex -17.0312 -36.1931 2
    endloop
  endfacet
  facet normal 0 0 1
    outer loop
      vertex -20.5692 -28.8144 2
      vertex -20.8429 -28.3929 2
      vertex -17.0312 -36.1931 2
    endloop
  endfacet
  facet normal 0 0 1
    outer loop
      vertex -21.0896 -27.9551 2
      vertex -21.3084 -27.5026 2
      vertex -39.9211 2.51162 2
    endloop
  endfacet
  facet normal 0 0 1
    outer loop
      vertex -21.3084 -27.5026 2
      vertex -21.4983 -27.0373 2
      vertex -39.9211 2.51162 2
    endloop
  endfacet
  facet normal 0 0 1
    outer loop
      vertex -21.4983 -27.0373 2
      vertex -21.6586 -26.561 2
      vertex -39.9211 2.51162 2
    endloop
  endfacet
  facet normal 0 0 1
    outer loop
      vertex -21.6586 -26.561 2
      vertex -21.7886 -26.0755 2
      vertex -39.9211 2.51162 2
    endloop
  endfacet
  facet normal 0 0 1
    outer loop
      vertex -21.7886 -26.0755 2
      vertex -21.888 -25.5829 2
      vertex -39.9211 2.51162 2
    endloop
  endfacet
  facet normal 0 0 1
    outer loop
      vertex -20.8429 -28.3929 2
      vertex -21.0896 -27.9551 2
      vertex -39.9211 2.51162 2
    endloop
  endfacet
  facet normal 0 0 1
    outer loop
      vertex -21.9982 24.0812 2
      vertex -21.993 24.5837 2
      vertex -39.9211 2.51162 2
    endloop
  endfacet
  facet normal 0 0 1
    outer loop
      vertex -21.993 -24.5837 2
      vertex -39.9211 2.51162 2
      vertex -21.9562 -25.0849 2
    endloop
  endfacet
  facet normal 0 0 1
    outer loop
      vertex -14.1675 32.247 2
      vertex -13.665 32.2417 2
      vertex -7.49525 39.2915 2
    endloop
  endfacet
  facet normal 0 0 1
    outer loop
      vertex -21.9562 25.0849 2
      vertex -39.9211 2.51162 2
      vertex -21.993 24.5837 2
    endloop
  endfacet
  facet normal 0 0 1
    outer loop
      vertex -21.888 25.5829 2
      vertex -39.9211 2.51162 2
      vertex -21.9562 25.0849 2
    endloop
  endfacet
  facet normal 0 0 1
    outer loop
      vertex -17.1001 31.6236 2
      vertex -16.6309 31.8037 2
      vertex -12.3607 38.0423 2
    endloop
  endfacet
  facet normal 0 0 1
    outer loop
      vertex -20.2695 29.2179 2
      vertex -19.9452 29.6018 2
      vertex -14.725 37.1911 2
    endloop
  endfacet
  facet normal 0 0 1
    outer loop
      vertex -21.6586 26.561 2
      vertex -39.9211 2.51162 2
      vertex -21.7886 26.0755 2
    endloop
  endfacet
  facet normal 0 0 1
    outer loop
      vertex -18 31.1769 2
      vertex -17.5571 31.4144 2
      vertex -12.3607 38.0423 2
    endloop
  endfacet
  facet normal 0 0 1
    outer loop
      vertex -21.4983 27.0373 2
      vertex -39.9211 2.51162 2
      vertex -21.6586 26.561 2
    endloop
  endfacet
  facet normal 0 0 1
    outer loop
      vertex -21.3084 27.5026 2
      vertex -39.9211 2.51162 2
      vertex -21.4983 27.0373 2
    endloop
  endfacet
  facet normal 0 0 1
    outer loop
      vertex -21.0896 27.9551 2
      vertex -39.9211 2.51162 2
      vertex -21.3084 27.5026 2
    endloop
  endfacet
  facet normal 0 0 1
    outer loop
      vertex -20.8429 28.3929 2
      vertex -39.9211 2.51162 2
      vertex -21.0896 27.9551 2
    endloop
  endfacet
  facet normal 0 0 1
    outer loop
      vertex -19.9452 29.6018 2
      vertex -19.5973 29.9645 2
      vertex -14.725 37.1911 2
    endloop
  endfacet
  facet normal 0 0 1
    outer loop
      vertex -20.5692 28.8144 2
      vertex -39.9211 2.51162 2
      vertex -20.8429 28.3929 2
    endloop
  endfacet
  facet normal 0 0 1
    outer loop
      vertex -14.725 37.1911 2
      vertex -39.9211 2.51162 2
      vertex -20.5692 28.8144 2
    endloop
  endfacet
  facet normal 0 0 1
    outer loop
      vertex -19.2274 30.3047 2
      vertex -18.8368 30.621 2
      vertex -14.725 37.1911 2
    endloop
  endfacet
  facet normal 0 0 1
    outer loop
      vertex -14.725 37.1911 2
      vertex -20.5692 28.8144 2
      vertex -20.2695 29.2179 2
    endloop
  endfacet
  facet normal 0 0 1
    outer loop
      vertex -19.5973 29.9645 2
      vertex -19.2274 30.3047 2
      vertex -14.725 37.1911 2
    endloop
  endfacet
  facet normal 0 0 1
    outer loop
      vertex -17.5571 31.4144 2
      vertex -17.1001 31.6236 2
      vertex -12.3607 38.0423 2
    endloop
  endfacet
  facet normal 0 0 1
    outer loop
      vertex -14.725 37.1911 2
      vertex -18.8368 30.621 2
      vertex -12.3607 38.0423 2
    endloop
  endfacet
  facet normal 0 0 1
    outer loop
      vertex -18.8368 30.621 2
      vertex -18.4271 30.9121 2
      vertex -12.3607 38.0423 2
    endloop
  endfacet
  facet normal 0 0 1
    outer loop
      vertex -18.4271 30.9121 2
      vertex -18 31.1769 2
      vertex -12.3607 38.0423 2
    endloop
  endfacet
  facet normal 0 0 1
    outer loop
      vertex -12.3607 38.0423 2
      vertex -16.6309 31.8037 2
      vertex -9.94759 38.7433 2
    endloop
  endfacet
  facet normal 0 0 1
    outer loop
      vertex -16.6309 31.8037 2
      vertex -16.1514 31.954 2
      vertex -9.94759 38.7433 2
    endloop
  endfacet
  facet normal 0 0 1
    outer loop
      vertex -16.1514 31.954 2
      vertex -15.6633 32.0739 2
      vertex -9.94759 38.7433 2
    endloop
  endfacet
  facet normal 0 0 1
    outer loop
      vertex -9.94759 38.7433 2
      vertex -15.1687 32.1629 2
      vertex -7.49525 39.2915 2
    endloop
  endfacet
  facet normal 0 0 1
    outer loop
      vertex -15.1687 32.1629 2
      vertex -14.6694 32.2207 2
      vertex -7.49525 39.2915 2
    endloop
  endfacet
  facet normal 0 0 1
    outer loop
      vertex 13.7607 -5.44824 2
      vertex 26.5009 -7.8583 2
      vertex 26.0105 -7.74867 2
    endloop
  endfacet
  facet normal 0 0 1
    outer loop
      vertex -7.49525 39.2915 2
      vertex -13.665 32.2417 2
      vertex -5.01333 39.6846 2
    endloop
  endfacet
  facet normal 0 0 1
    outer loop
      vertex -13.665 32.2417 2
      vertex -13.1638 32.2049 2
      vertex -5.01333 39.6846 2
    endloop
  endfacet
  facet normal 0 0 1
    outer loop
      vertex -21.9142 23.08 2
      vertex -21.9719 23.5793 2
      vertex -39.9211 2.51162 2
    endloop
  endfacet
  facet normal 0 0 1
    outer loop
      vertex -13.1638 32.2049 2
      vertex -12.6658 32.1367 2
      vertex -5.01333 39.6846 2
    endloop
  endfacet
  facet normal 0 0 1
    outer loop
      vertex -5.01333 39.6846 2
      vertex -12.1732 32.0373 2
      vertex -2.51162 39.9211 2
    endloop
  endfacet
  facet normal 0 0 1
    outer loop
      vertex -12.1732 32.0373 2
      vertex -11.6877 31.9073 2
      vertex -2.51162 39.9211 2
    endloop
  endfacet
  facet normal 0 0 1
    outer loop
      vertex -21.7053 22.0974 2
      vertex -21.8252 22.5854 2
      vertex -39.9211 2.51162 2
    endloop
  endfacet
  facet normal 0 0 1
    outer loop
      vertex -11.6877 31.9073 2
      vertex -11.2114 31.747 2
      vertex -2.51162 39.9211 2
    endloop
  endfacet
  facet normal 0 0 1
    outer loop
      vertex -2.51162 39.9211 2
      vertex -10.7461 31.5571 2
      vertex 0 40 2
    endloop
  endfacet
  facet normal 0 0 1
    outer loop
      vertex -10.7461 31.5571 2
      vertex -10.2936 31.3383 2
      vertex 0 40 2
    endloop
  endfacet
  facet normal 0 0 1
    outer loop
      vertex -21.3749 21.1486 2
      vertex -21.555 21.6178 2
      vertex -39.9211 2.51162 2
    endloop
  endfacet
  facet normal 0 0 1
    outer loop
      vertex -10.2936 31.3383 2
      vertex -9.85578 31.0916 2
      vertex 0 40 2
    endloop
  endfacet
  facet normal 0 0 1
    outer loop
      vertex 0 40 2
      vertex -9.43429 30.8179 2
      vertex 2.51162 39.9211 2
    endloop
  endfacet
  facet normal 0 0 1
    outer loop
      vertex -9.43429 30.8179 2
      vertex -9.03082 30.5183 2
      vertex 2.51162 39.9211 2
    endloop
  endfacet
  facet normal 0 0 1
    outer loop
      vertex -20.9282 20.2487 2
      vertex -21.1657 20.6916 2
      vertex -39.9211 2.51162 2
    endloop
  endfacet
  facet normal 0 0 1
    outer loop
      vertex -9.03082 30.5183 2
      vertex -8.64696 30.1939 2
      vertex 2.51162 39.9211 2
    endloop
  endfacet
  facet normal 0 0 1
    outer loop
      vertex 2.51162 39.9211 2
      vertex -8.28422 29.846 2
      vertex 5.01333 39.6846 2
    endloop
  endfacet
  facet normal 0 0 1
    outer loop
      vertex -8.28422 29.846 2
      vertex -7.94404 29.4761 2
      vertex 5.01333 39.6846 2
    endloop
  endfacet
  facet normal 0 0 1
    outer loop
      vertex -20.3722 19.4119 2
      vertex -20.6634 19.8216 2
      vertex -39.9211 2.51162 2
    endloop
  endfacet
  facet normal 0 0 1
    outer loop
      vertex 5.01333 39.6846 2
      vertex -7.62776 29.0855 2
      vertex 7.49525 39.2915 2
    endloop
  endfacet
  facet normal 0 0 1
    outer loop
      vertex -7.62776 29.0855 2
      vertex -7.33663 28.6758 2
      vertex 7.49525 39.2915 2
    endloop
  endfacet
  facet normal 0 0 1
    outer loop
      vertex -7.33663 28.6758 2
      vertex -7.0718 28.2487 2
      vertex 7.49525 39.2915 2
    endloop
  endfacet
  facet normal 0 0 1
    outer loop
      vertex 7.49525 39.2915 2
      vertex -6.83431 27.8058 2
      vertex 9.94759 38.7433 2
    endloop
  endfacet
  facet normal 0 0 1
    outer loop
      vertex -6.83431 27.8058 2
      vertex -6.62509 27.3488 2
      vertex 9.94759 38.7433 2
    endloop
  endfacet
  facet normal 0 0 1
    outer loop
      vertex -19.353 18.3036 2
      vertex -19.7158 18.6514 2
      vertex -39.9211 2.51162 2
    endloop
  endfacet
  facet normal 0 0 1
    outer loop
      vertex -6.62509 27.3488 2
      vertex -6.44499 26.8796 2
      vertex 9.94759 38.7433 2
    endloop
  endfacet
  facet normal 0 0 1
    outer loop
      vertex 9.94759 38.7433 2
      vertex -6.2947 26.4001 2
      vertex 12.3607 38.0423 2
    endloop
  endfacet
  facet normal 0 0 1
    outer loop
      vertex -6.2947 26.4001 2
      vertex -6.17482 25.912 2
      vertex 12.3607 38.0423 2
    endloop
  endfacet
  facet normal 0 0 1
    outer loop
      vertex 12.3607 38.0423 2
      vertex -6.08582 25.4174 2
      vertex 14.725 37.1911 2
    endloop
  endfacet
  facet normal 0 0 1
    outer loop
      vertex -6.08582 25.4174 2
      vertex -6.02806 24.9181 2
      vertex 14.725 37.1911 2
    endloop
  endfacet
  facet normal 0 0 1
    outer loop
      vertex -18.1442 17.4058 2
      vertex -18.5657 17.6795 2
      vertex -39.9211 2.51162 2
    endloop
  endfacet
  facet normal 0 0 1
    outer loop
      vertex -6.02806 24.9181 2
      vertex -6.00176 24.4163 2
      vertex 14.725 37.1911 2
    endloop
  endfacet
  facet normal 0 0 1
    outer loop
      vertex 14.725 37.1911 2
      vertex -6.00702 23.9137 2
      vertex 17.0312 36.1931 2
    endloop
  endfacet
  facet normal 0 0 1
    outer loop
      vertex -6.00702 23.9137 2
      vertex -6.04382 23.4125 2
      vertex 17.0312 36.1931 2
    endloop
  endfacet
  facet normal 0 0 1
    outer loop
      vertex -17.2539 16.9403 2
      vertex -17.7064 17.1591 2
      vertex -39.9211 2.51162 2
    endloop
  endfacet
  facet normal 0 0 1
    outer loop
      vertex -6.04382 23.4125 2
      vertex -6.11203 22.9146 2
      vertex 17.0312 36.1931 2
    endloop
  endfacet
  facet normal 0 0 1
    outer loop
      vertex -16.7886 16.7505 2
      vertex -17.2539 16.9403 2
      vertex -39.9211 2.51162 2
    endloop
  endfacet
  facet normal 0 0 1
    outer loop
      vertex 9.43429 30.8179 2
      vertex 9.85578 31.0916 2
      vertex 17.0312 36.1931 2
    endloop
  endfacet
  facet normal 0 0 1
    outer loop
      vertex -31.854 7.01045 2
      vertex -39.9211 2.51162 2
      vertex -32.2866 6.75462 2
    endloop
  endfacet
  facet normal 0 0 1
    outer loop
      vertex 16.6309 31.8037 2
      vertex 17.1001 31.6236 2
      vertex 21.4331 33.7731 2
    endloop
  endfacet
  facet normal 0 0 1
    outer loop
      vertex -14.335 16.2557 2
      vertex -30.4721 7.60845 2
      vertex -29.9895 7.74867 2
    endloop
  endfacet
  facet normal 0 0 1
    outer loop
      vertex 7.0718 28.2487 2
      vertex -6.69164 20.9948 2
      vertex -6.91037 20.5423 2
    endloop
  endfacet
  facet normal 0 0 1
    outer loop
      vertex 7.0718 28.2487 2
      vertex 7.33663 28.6758 2
      vertex -6.69164 20.9948 2
    endloop
  endfacet
  facet normal 0 0 1
    outer loop
      vertex -32.7023 6.47214 2
      vertex -32.2866 6.75462 2
      vertex -39.9211 2.51162 2
    endloop
  endfacet
  facet normal 0 0 1
    outer loop
      vertex 18.8368 30.621 2
      vertex 19.2274 30.3047 2
      vertex 23.5114 32.3607 2
    endloop
  endfacet
  facet normal 0 0 1
    outer loop
      vertex 6.08582 25.4174 2
      vertex 6.17482 25.912 2
      vertex -8.77263 18.1928 2
    endloop
  endfacet
  facet normal 0 0 1
    outer loop
      vertex 6.17482 25.912 2
      vertex -8.05484 18.8957 2
      vertex -8.40269 18.5329 2
    endloop
  endfacet
  facet normal 0 0 1
    outer loop
      vertex -11.3691 16.6937 2
      vertex -11.8486 16.5434 2
      vertex -29.0027 7.93692 2
    endloop
  endfacet
  facet normal 0 0 1
    outer loop
      vertex 6.17482 25.912 2
      vertex -7.73045 19.2795 2
      vertex -8.05484 18.8957 2
    endloop
  endfacet
  facet normal 0 0 1
    outer loop
      vertex -10.8999 16.8738 2
      vertex -29.0027 7.93692 2
      vertex -10.4429 17.083 2
    endloop
  endfacet
  facet normal 0 0 1
    outer loop
      vertex -12.3367 16.4235 2
      vertex -12.8313 16.3345 2
      vertex -29.4991 7.8583 2
    endloop
  endfacet
  facet normal 0 0 1
    outer loop
      vertex -11.8486 16.5434 2
      vertex -12.3367 16.4235 2
      vertex -29.0027 7.93692 2
    endloop
  endfacet
  facet normal 0 0 1
    outer loop
      vertex -12.3367 16.4235 2
      vertex -29.4991 7.8583 2
      vertex -29.0027 7.93692 2
    endloop
  endfacet
  facet normal 0 0 1
    outer loop
      vertex -10.8999 16.8738 2
      vertex -11.3691 16.6937 2
      vertex -29.0027 7.93692 2
    endloop
  endfacet
  facet normal 0 0 1
    outer loop
      vertex -27.4977 7.98421 2
      vertex -26.9973 7.93692 2
      vertex 6.21137 22.4219 2
    endloop
  endfacet
  facet normal 0 0 1
    outer loop
      vertex -14.335 16.2557 2
      vertex -14.8362 16.2925 2
      vertex -30.4721 7.60845 2
    endloop
  endfacet
  facet normal 0 0 1
    outer loop
      vertex -12.8313 16.3345 2
      vertex -29.9895 7.74867 2
      vertex -29.4991 7.8583 2
    endloop
  endfacet
  facet normal 0 0 1
    outer loop
      vertex -15.3342 16.3607 2
      vertex -15.8268 16.4601 2
      vertex -31.854 7.01045 2
    endloop
  endfacet
  facet normal 0 0 1
    outer loop
      vertex 20.5692 28.8144 2
      vertex 20.8429 28.3929 2
      vertex 25.497 30.8205 2
    endloop
  endfacet
  facet normal 0 0 1
    outer loop
      vertex -15.8268 16.4601 2
      vertex -39.9211 2.51162 2
      vertex -31.854 7.01045 2
    endloop
  endfacet
  facet normal 0 0 1
    outer loop
      vertex -14.8362 16.2925 2
      vertex -31.4062 7.23862 2
      vertex -30.945 7.43821 2
    endloop
  endfacet
  facet normal 0 0 1
    outer loop
      vertex -17.7064 17.1591 2
      vertex -18.1442 17.4058 2
      vertex -39.9211 2.51162 2
    endloop
  endfacet
  facet normal 0 0 1
    outer loop
      vertex -6.11203 22.9146 2
      vertex -6.21137 22.4219 2
      vertex 17.0312 36.1931 2
    endloop
  endfacet
  facet normal 0 0 1
    outer loop
      vertex -18.5657 17.6795 2
      vertex -18.9692 17.9792 2
      vertex -39.9211 2.51162 2
    endloop
  endfacet
  facet normal 0 0 1
    outer loop
      vertex -6.00176 24.4163 2
      vertex -6.00702 23.9137 2
      vertex 14.725 37.1911 2
    endloop
  endfacet
  facet normal 0 0 1
    outer loop
      vertex -18.9692 17.9792 2
      vertex -19.353 18.3036 2
      vertex -39.9211 2.51162 2
    endloop
  endfacet
  facet normal 0 0 1
    outer loop
      vertex -19.7158 18.6514 2
      vertex -20.056 19.0213 2
      vertex -39.9211 2.51162 2
    endloop
  endfacet
  facet normal 0 0 1
    outer loop
      vertex -6.44499 26.8796 2
      vertex -6.2947 26.4001 2
      vertex 9.94759 38.7433 2
    endloop
  endfacet
  facet normal 0 0 1
    outer loop
      vertex -20.056 19.0213 2
      vertex -20.3722 19.4119 2
      vertex -39.9211 2.51162 2
    endloop
  endfacet
  facet normal 0 0 1
    outer loop
      vertex -7.0718 28.2487 2
      vertex -6.83431 27.8058 2
      vertex 7.49525 39.2915 2
    endloop
  endfacet
  facet normal 0 0 1
    outer loop
      vertex -20.6634 19.8216 2
      vertex -20.9282 20.2487 2
      vertex -39.9211 2.51162 2
    endloop
  endfacet
  facet normal 0 0 1
    outer loop
      vertex -21.1657 20.6916 2
      vertex -21.3749 21.1486 2
      vertex -39.9211 2.51162 2
    endloop
  endfacet
  facet normal 0 0 1
    outer loop
      vertex -21.555 21.6178 2
      vertex -21.7053 22.0974 2
      vertex -39.9211 2.51162 2
    endloop
  endfacet
  facet normal 0 0 1
    outer loop
      vertex -9.85578 31.0916 2
      vertex -9.43429 30.8179 2
      vertex 0 40 2
    endloop
  endfacet
  facet normal 0 0 1
    outer loop
      vertex -21.8252 22.5854 2
      vertex -21.9142 23.08 2
      vertex -39.9211 2.51162 2
    endloop
  endfacet
  facet normal 0 0 1
    outer loop
      vertex -11.2114 31.747 2
      vertex -10.7461 31.5571 2
      vertex -2.51162 39.9211 2
    endloop
  endfacet
  facet normal 0 0 1
    outer loop
      vertex -12.6658 32.1367 2
      vertex -12.1732 32.0373 2
      vertex -5.01333 39.6846 2
    endloop
  endfacet
  facet normal 0 0 1
    outer loop
      vertex -21.9982 24.0812 2
      vertex -39.9211 2.51162 2
      vertex -21.9719 23.5793 2
    endloop
  endfacet
  facet normal 0 0 1
    outer loop
      vertex 26.5009 -7.8583 2
      vertex 13.3914 -6.30153 2
      vertex 38.7433 -9.94759 2
    endloop
  endfacet
  facet normal 0 0 1
    outer loop
      vertex 10.7887 -10.1313 2
      vertex 10.1313 -10.7887 2
      vertex 36.1931 -17.0312 2
    endloop
  endfacet
  facet normal 0 0 1
    outer loop
      vertex -14.335 3.68061 2
      vertex -20.9895 3.85403 2
      vertex -20.7614 3.40623 2
    endloop
  endfacet
  facet normal 0 0 1
    outer loop
      vertex 14.8 0 2
      vertex 14.7708 -0.9293 2
      vertex 20.0631 -1.00267 2
    endloop
  endfacet
  facet normal 0 0 1
    outer loop
      vertex 32.7023 -6.47214 2
      vertex 32.2866 -6.75462 2
      vertex 39.2915 -7.49525 2
    endloop
  endfacet
  facet normal 0 0 1
    outer loop
      vertex -20.3915 2.47214 2
      vertex -20.2513 1.98952 2
      vertex -14.6833 1.85493 2
    endloop
  endfacet
  facet normal 0 0 1
    outer loop
      vertex 14.0756 4.57345 2
      vertex 14.335 3.68061 2
      vertex 21.2454 4.28661 2
    endloop
  endfacet
  facet normal 0 0 1
    outer loop
      vertex 6.02806 -24.9181 2
      vertex 6.00176 -24.4163 2
      vertex -23.7134 -6.75462 2
    endloop
  endfacet
  facet normal 0 0 1
    outer loop
      vertex 14.5379 2.77324 2
      vertex 14.6833 1.85493 2
      vertex 20.3915 2.47214 2
    endloop
  endfacet
  facet normal 0 0 1
    outer loop
      vertex -13.3914 6.30153 2
      vertex -12.9693 7.12995 2
      vertex -22.1683 5.47638 2
    endloop
  endfacet
  facet normal 0 0 1
    outer loop
      vertex 12.4961 7.93024 2
      vertex 12.9693 7.12995 2
      vertex 38.7433 9.94759 2
    endloop
  endfacet
  facet normal 0 0 1
    outer loop
      vertex -12.9693 7.12995 2
      vertex -12.4961 7.93024 2
      vertex -22.5236 5.83175 2
    endloop
  endfacet
  facet normal 0 0 1
    outer loop
      vertex 11.4036 9.43388 2
      vertex 11.9735 8.69922 2
      vertex 38.0423 12.3607 2
    endloop
  endfacet
  facet normal 0 0 1
    outer loop
      vertex 10.1313 10.7887 2
      vertex 10.7887 10.1313 2
      vertex 37.1911 14.725 2
    endloop
  endfacet
  facet normal 0 0 1
    outer loop
      vertex -22.9006 6.16411 2
      vertex -22.5236 5.83175 2
      vertex -12.4961 7.93024 2
    endloop
  endfacet
  facet normal 0 0 1
    outer loop
      vertex -13.3914 6.30153 2
      vertex -22.1683 5.47638 2
      vertex -21.8359 5.09939 2
    endloop
  endfacet
  facet normal 0 0 1
    outer loop
      vertex -11.9735 8.69922 2
      vertex -11.4036 9.43388 2
      vertex -23.2977 6.47214 2
    endloop
  endfacet
  facet normal 0 0 1
    outer loop
      vertex 8.69922 11.9735 2
      vertex 9.43388 11.4036 2
      vertex 36.1931 17.0312 2
    endloop
  endfacet
  facet normal 0 0 1
    outer loop
      vertex 14.335 16.2557 2
      vertex 13.8325 16.2505 2
      vertex 4.57345 14.0756 2
    endloop
  endfacet
  facet normal 0 0 1
    outer loop
      vertex -24.146 7.01045 2
      vertex -23.7134 6.75462 2
      vertex -10.7887 10.1313 2
    endloop
  endfacet
  facet normal 0 0 1
    outer loop
      vertex 13.3306 16.2768 2
      vertex 12.8313 16.3345 2
      vertex 4.57345 14.0756 2
    endloop
  endfacet
  facet normal 0 0 1
    outer loop
      vertex -12.8313 16.3345 2
      vertex -13.3306 16.2768 2
      vertex -29.9895 7.74867 2
    endloop
  endfacet
  facet normal 0 0 1
    outer loop
      vertex 19.353 18.3036 2
      vertex 18.9692 17.9792 2
      vertex 33.7731 21.4331 2
    endloop
  endfacet
  facet normal 0 0 1
    outer loop
      vertex -7.93024 12.4961 2
      vertex -24.5938 7.23862 2
      vertex -8.69922 11.9735 2
    endloop
  endfacet
  facet normal 0 0 1
    outer loop
      vertex -7.12995 12.9693 2
      vertex -24.5938 7.23862 2
      vertex -7.93024 12.4961 2
    endloop
  endfacet
  facet normal 0 0 1
    outer loop
      vertex -5.44824 13.7607 2
      vertex -4.57345 14.0756 2
      vertex -25.055 7.43821 2
    endloop
  endfacet
  facet normal 0 0 1
    outer loop
      vertex -34.7546 4.28661 2
      vertex -34.4721 4.70228 2
      vertex -39.9211 2.51162 2
    endloop
  endfacet
  facet normal 0 0 1
    outer loop
      vertex 1.85493 14.6833 2
      vertex 2.77324 14.5379 2
      vertex 10.4429 17.083 2
    endloop
  endfacet
  facet normal 0 0 1
    outer loop
      vertex 8.77263 18.1928 2
      vertex -2.77324 14.5379 2
      vertex -1.85493 14.6833 2
    endloop
  endfacet
  facet normal 0 0 1
    outer loop
      vertex -25.5279 7.60845 2
      vertex -25.055 7.43821 2
      vertex -4.57345 14.0756 2
    endloop
  endfacet
  facet normal 0 0 1
    outer loop
      vertex -24.5938 7.23862 2
      vertex -24.146 7.01045 2
      vertex -9.43388 11.4036 2
    endloop
  endfacet
  facet normal 0 0 1
    outer loop
      vertex -4.57345 14.0756 2
      vertex 8.40269 18.5329 2
      vertex -25.5279 7.60845 2
    endloop
  endfacet
  facet normal 0 0 1
    outer loop
      vertex 20.9282 20.2487 2
      vertex 20.6634 19.8216 2
      vertex 32.3607 23.5114 2
    endloop
  endfacet
  facet normal 0 0 1
    outer loop
      vertex 10 17.3205 2
      vertex 9.57287 17.5853 2
      vertex 0 14.8 2
    endloop
  endfacet
  facet normal 0 0 1
    outer loop
      vertex -7.12995 12.9693 2
      vertex -6.30153 13.3914 2
      vertex -24.5938 7.23862 2
    endloop
  endfacet
  facet normal 0 0 1
    outer loop
      vertex 18.9692 17.9792 2
      vertex 18.5657 17.6795 2
      vertex 33.7731 21.4331 2
    endloop
  endfacet
  facet normal 0 0 1
    outer loop
      vertex 18.5657 17.6795 2
      vertex 18.1442 17.4058 2
      vertex 33.7731 21.4331 2
    endloop
  endfacet
  facet normal 0 0 1
    outer loop
      vertex -10.1313 10.7887 2
      vertex -9.43388 11.4036 2
      vertex -24.146 7.01045 2
    endloop
  endfacet
  facet normal 0 0 1
    outer loop
      vertex -9.43388 11.4036 2
      vertex -8.69922 11.9735 2
      vertex -24.5938 7.23862 2
    endloop
  endfacet
  facet normal 0 0 1
    outer loop
      vertex 15.8268 16.4601 2
      vertex 5.44824 13.7607 2
      vertex 35.0523 19.2701 2
    endloop
  endfacet
  facet normal 0 0 1
    outer loop
      vertex 5.44824 13.7607 2
      vertex 6.30153 13.3914 2
      vertex 35.0523 19.2701 2
    endloop
  endfacet
  facet normal 0 0 1
    outer loop
      vertex 35.0523 19.2701 2
      vertex 7.93024 12.4961 2
      vertex 36.1931 17.0312 2
    endloop
  endfacet
  facet normal 0 0 1
    outer loop
      vertex 13.3914 6.30153 2
      vertex 23.2977 6.47214 2
      vertex 23.7134 6.75462 2
    endloop
  endfacet
  facet normal 0 0 1
    outer loop
      vertex -11.4036 9.43388 2
      vertex -23.7134 6.75462 2
      vertex -23.2977 6.47214 2
    endloop
  endfacet
  facet normal 0 0 1
    outer loop
      vertex -11.4036 9.43388 2
      vertex -10.7887 10.1313 2
      vertex -23.7134 6.75462 2
    endloop
  endfacet
  facet normal 0 0 1
    outer loop
      vertex 36.1931 17.0312 2
      vertex 9.43388 11.4036 2
      vertex 37.1911 14.725 2
    endloop
  endfacet
  facet normal 0 0 1
    outer loop
      vertex 9.43388 11.4036 2
      vertex 10.1313 10.7887 2
      vertex 37.1911 14.725 2
    endloop
  endfacet
  facet normal 0 0 1
    outer loop
      vertex 37.1911 14.725 2
      vertex 10.7887 10.1313 2
      vertex 38.0423 12.3607 2
    endloop
  endfacet
  facet normal 0 0 1
    outer loop
      vertex 10.7887 10.1313 2
      vertex 11.4036 9.43388 2
      vertex 38.0423 12.3607 2
    endloop
  endfacet
  facet normal 0 0 1
    outer loop
      vertex 38.0423 12.3607 2
      vertex 11.9735 8.69922 2
      vertex 38.7433 9.94759 2
    endloop
  endfacet
  facet normal 0 0 1
    outer loop
      vertex 11.9735 8.69922 2
      vertex 12.4961 7.93024 2
      vertex 38.7433 9.94759 2
    endloop
  endfacet
  facet normal 0 0 1
    outer loop
      vertex 26.9973 7.93692 2
      vertex 27.4977 7.98421 2
      vertex 38.7433 9.94759 2
    endloop
  endfacet
  facet normal 0 0 1
    outer loop
      vertex -14.0756 4.57345 2
      vertex -21.5279 4.70228 2
      vertex -21.2454 4.28661 2
    endloop
  endfacet
  facet normal 0 0 1
    outer loop
      vertex -14.0756 4.57345 2
      vertex -13.7607 5.44824 2
      vertex -21.5279 4.70228 2
    endloop
  endfacet
  facet normal 0 0 1
    outer loop
      vertex 14.335 -3.68061 2
      vertex 14.0756 -4.57345 2
      vertex 22.1683 -5.47638 2
    endloop
  endfacet
  facet normal 0 0 1
    outer loop
      vertex 35.6085 2.47214 2
      vertex 35.7487 1.98952 2
      vertex 39.9211 2.51162 2
    endloop
  endfacet
  facet normal 0 0 1
    outer loop
      vertex 14.335 -3.68061 2
      vertex 22.1683 -5.47638 2
      vertex 21.8359 -5.09939 2
    endloop
  endfacet
  facet normal 0 0 1
    outer loop
      vertex -14.5379 2.77324 2
      vertex -20.7614 3.40623 2
      vertex -20.5618 2.945 2
    endloop
  endfacet
  facet normal 0 0 1
    outer loop
      vertex -14.5379 2.77324 2
      vertex -14.335 3.68061 2
      vertex -20.7614 3.40623 2
    endloop
  endfacet
  facet normal 0 0 1
    outer loop
      vertex 36 -8.81746e-15 2
      vertex 35.9842 -0.502324 2
      vertex 40 0 2
    endloop
  endfacet
  facet normal 0 0 1
    outer loop
      vertex 14.7708 -0.9293 2
      vertex 20.2513 -1.98952 2
      vertex 20.1417 -1.49905 2
    endloop
  endfacet
  facet normal 0 0 1
    outer loop
      vertex 20.3915 -2.47214 2
      vertex 20.2513 -1.98952 2
      vertex 14.6833 -1.85493 2
    endloop
  endfacet
  facet normal 0 0 1
    outer loop
      vertex -14.7708 -0.9293 2
      vertex -20.0158 0.502324 2
      vertex -20 2.44929e-15 2
    endloop
  endfacet
  facet normal 0 0 1
    outer loop
      vertex 23.7134 -6.75462 2
      vertex 23.2977 -6.47214 2
      vertex 14.0756 -4.57345 2
    endloop
  endfacet
  facet normal 0 0 1
    outer loop
      vertex -14.7708 -0.9293 2
      vertex -14.8 0 2
      vertex -20.0158 0.502324 2
    endloop
  endfacet
  facet normal 0 0 1
    outer loop
      vertex 38.7433 -9.94759 2
      vertex 13.3914 -6.30153 2
      vertex 38.0423 -12.3607 2
    endloop
  endfacet
  facet normal 0 0 1
    outer loop
      vertex 13.3914 -6.30153 2
      vertex 12.9693 -7.12995 2
      vertex 38.0423 -12.3607 2
    endloop
  endfacet
  facet normal 0 0 1
    outer loop
      vertex 6.08582 -25.4174 2
      vertex 6.02806 -24.9181 2
      vertex -24.146 -7.01045 2
    endloop
  endfacet
  facet normal 0 0 1
    outer loop
      vertex 38.0423 -12.3607 2
      vertex 12.4961 -7.93024 2
      vertex 37.1911 -14.725 2
    endloop
  endfacet
  facet normal 0 0 1
    outer loop
      vertex 12.4961 -7.93024 2
      vertex 11.9735 -8.69922 2
      vertex 37.1911 -14.725 2
    endloop
  endfacet
  facet normal 0 0 1
    outer loop
      vertex 6.50174 -21.4601 2
      vertex 6.69164 -20.9948 2
      vertex -22.5236 -5.83175 2
    endloop
  endfacet
  facet normal 0 0 1
    outer loop
      vertex 37.1911 -14.725 2
      vertex 11.4036 -9.43388 2
      vertex 36.1931 -17.0312 2
    endloop
  endfacet
  facet normal 0 0 1
    outer loop
      vertex -14.0756 -4.57345 2
      vertex -20.3915 -2.47214 2
      vertex -20.5618 -2.945 2
    endloop
  endfacet
  facet normal 0 0 1
    outer loop
      vertex 11.4036 -9.43388 2
      vertex 10.7887 -10.1313 2
      vertex 36.1931 -17.0312 2
    endloop
  endfacet
  facet normal 0 0 1
    outer loop
      vertex 36.1931 -17.0312 2
      vertex 10.1313 -10.7887 2
      vertex 35.0523 -19.2701 2
    endloop
  endfacet
  facet normal 0 0 1
    outer loop
      vertex 10.1313 -10.7887 2
      vertex 9.43388 -11.4036 2
      vertex 35.0523 -19.2701 2
    endloop
  endfacet
  facet normal 0 0 1
    outer loop
      vertex -14.0756 -4.57345 2
      vertex -14.335 -3.68061 2
      vertex -20.3915 -2.47214 2
    endloop
  endfacet
  facet normal 0 0 1
    outer loop
      vertex 35.0523 -19.2701 2
      vertex 8.69922 -11.9735 2
      vertex 33.7731 -21.4331 2
    endloop
  endfacet
  facet normal 0 0 1
    outer loop
      vertex -13.3914 -6.30153 2
      vertex -20.7614 -3.40623 2
      vertex -20.9895 -3.85403 2
    endloop
  endfacet
  facet normal 0 0 1
    outer loop
      vertex 8.69922 -11.9735 2
      vertex 7.93024 -12.4961 2
      vertex 33.7731 -21.4331 2
    endloop
  endfacet
  facet normal 0 0 1
    outer loop
      vertex 9.43388 -11.4036 2
      vertex 8.69922 -11.9735 2
      vertex 35.0523 -19.2701 2
    endloop
  endfacet
  facet normal 0 0 1
    outer loop
      vertex -8.69922 -11.9735 2
      vertex -9.43388 -11.4036 2
      vertex -22.1683 -5.47638 2
    endloop
  endfacet
  facet normal 0 0 1
    outer loop
      vertex 3.68061 -14.335 2
      vertex 2.77324 -14.5379 2
      vertex 10 -17.3205 2
    endloop
  endfacet
  facet normal 0 0 1
    outer loop
      vertex -9.43388 -11.4036 2
      vertex -10.1313 -10.7887 2
      vertex -22.1683 -5.47638 2
    endloop
  endfacet
  facet normal 0 0 1
    outer loop
      vertex 7.73045 -19.2795 2
      vertex 8.05484 -18.8957 2
      vertex -0.9293 -14.7708 2
    endloop
  endfacet
  facet normal 0 0 1
    outer loop
      vertex -35.6085 2.47214 2
      vertex -35.4382 2.945 2
      vertex -39.9211 2.51162 2
    endloop
  endfacet
  facet normal 0 0 1
    outer loop
      vertex -7.12995 -12.9693 2
      vertex -7.93024 -12.4961 2
      vertex -22.1683 -5.47638 2
    endloop
  endfacet
  facet normal 0 0 1
    outer loop
      vertex 7.43081 -19.683 2
      vertex 7.73045 -19.2795 2
      vertex -1.85493 -14.6833 2
    endloop
  endfacet
  facet normal 0 0 1
    outer loop
      vertex 7.43081 -19.683 2
      vertex -1.85493 -14.6833 2
      vertex -2.77324 -14.5379 2
    endloop
  endfacet
  facet normal 0 0 1
    outer loop
      vertex -14.6833 -1.85493 2
      vertex -14.7708 -0.9293 2
      vertex -20.0158 -0.502324 2
    endloop
  endfacet
  facet normal 0 0 1
    outer loop
      vertex -10.1313 -10.7887 2
      vertex -10.7887 -10.1313 2
      vertex -22.1683 -5.47638 2
    endloop
  endfacet
  facet normal 0 0 1
    outer loop
      vertex -35.9369 1.00267 2
      vertex -35.8583 1.49905 2
      vertex -39.9211 2.51162 2
    endloop
  endfacet
  facet normal 0 0 1
    outer loop
      vertex -10.7887 -10.1313 2
      vertex -11.4036 -9.43388 2
      vertex -21.8359 -5.09939 2
    endloop
  endfacet
  facet normal 0 0 1
    outer loop
      vertex 10 -17.3205 2
      vertex 10.4429 -17.083 2
      vertex 3.68061 -14.335 2
    endloop
  endfacet
  facet normal 0 0 1
    outer loop
      vertex -12.4961 -7.93024 2
      vertex -12.9693 -7.12995 2
      vertex -21.2454 -4.28661 2
    endloop
  endfacet
  facet normal 0 0 1
    outer loop
      vertex -12.9693 -7.12995 2
      vertex -13.3914 -6.30153 2
      vertex -20.9895 -3.85403 2
    endloop
  endfacet
  facet normal 0 0 1
    outer loop
      vertex -21.2454 -4.28661 2
      vertex -21.5279 -4.70228 2
      vertex -12.4961 -7.93024 2
    endloop
  endfacet
  facet normal 0 0 1
    outer loop
      vertex -13.7607 -5.44824 2
      vertex -20.5618 -2.945 2
      vertex -20.7614 -3.40623 2
    endloop
  endfacet
  facet normal 0 0 1
    outer loop
      vertex 10.8999 -16.8738 2
      vertex 11.3691 -16.6937 2
      vertex 4.57345 -14.0756 2
    endloop
  endfacet
  facet normal 0 0 1
    outer loop
      vertex -13.3914 -6.30153 2
      vertex -13.7607 -5.44824 2
      vertex -20.7614 -3.40623 2
    endloop
  endfacet
  facet normal 0 0 1
    outer loop
      vertex 20.056 -19.0213 2
      vertex 20.3722 -19.4119 2
      vertex 32.3607 -23.5114 2
    endloop
  endfacet
  facet normal 0 0 1
    outer loop
      vertex -14.5379 -2.77324 2
      vertex -14.6833 -1.85493 2
      vertex -20.0631 -1.00267 2
    endloop
  endfacet
  facet normal 0 0 1
    outer loop
      vertex -14.335 -3.68061 2
      vertex -14.5379 -2.77324 2
      vertex -20.1417 -1.49905 2
    endloop
  endfacet
  facet normal 0 0 1
    outer loop
      vertex -14.335 -3.68061 2
      vertex -20.1417 -1.49905 2
      vertex -20.2513 -1.98952 2
    endloop
  endfacet
  facet normal 0 0 1
    outer loop
      vertex 5.44824 -13.7607 2
      vertex 4.57345 -14.0756 2
      vertex 11.8486 -16.5434 2
    endloop
  endfacet
  facet normal 0 0 1
    outer loop
      vertex -20.2513 -1.98952 2
      vertex -20.3915 -2.47214 2
      vertex -14.335 -3.68061 2
    endloop
  endfacet
  facet normal 0 0 1
    outer loop
      vertex -14.5379 -2.77324 2
      vertex -20.0631 -1.00267 2
      vertex -20.1417 -1.49905 2
    endloop
  endfacet
  facet normal 0 0 1
    outer loop
      vertex 7.15709 -20.1045 2
      vertex -4.57345 -14.0756 2
      vertex -5.44824 -13.7607 2
    endloop
  endfacet
  facet normal 0 0 1
    outer loop
      vertex 6.2947 -26.4001 2
      vertex 6.17482 -25.912 2
      vertex -24.146 -7.01045 2
    endloop
  endfacet
  facet normal 0 0 1
    outer loop
      vertex 6.00702 -23.9137 2
      vertex -23.7134 -6.75462 2
      vertex 6.00176 -24.4163 2
    endloop
  endfacet
  facet normal 0 0 1
    outer loop
      vertex 6.04382 -23.4125 2
      vertex -23.7134 -6.75462 2
      vertex 6.00702 -23.9137 2
    endloop
  endfacet
  facet normal 0 0 1
    outer loop
      vertex 19.2274 -30.3047 2
      vertex 18.8368 -30.621 2
      vertex 23.5114 -32.3607 2
    endloop
  endfacet
  facet normal 0 0 1
    outer loop
      vertex 6.11203 -22.9146 2
      vertex -22.9006 -6.16411 2
      vertex -23.2977 -6.47214 2
    endloop
  endfacet
  facet normal 0 0 1
    outer loop
      vertex 15.1687 -32.1629 2
      vertex 14.6694 -32.2207 2
      vertex 19.2701 -35.0523 2
    endloop
  endfacet
  facet normal 0 0 1
    outer loop
      vertex -11.4036 -9.43388 2
      vertex -11.9735 -8.69922 2
      vertex -21.8359 -5.09939 2
    endloop
  endfacet
  facet normal 0 0 1
    outer loop
      vertex 6.00702 23.9137 2
      vertex 6.00176 24.4163 2
      vertex -29.0027 7.93692 2
    endloop
  endfacet
  facet normal 0 0 1
    outer loop
      vertex 6.34144 -21.9365 2
      vertex -22.9006 -6.16411 2
      vertex 6.21137 -22.4219 2
    endloop
  endfacet
  facet normal 0 0 1
    outer loop
      vertex 6.50174 -21.4601 2
      vertex -22.9006 -6.16411 2
      vertex 6.34144 -21.9365 2
    endloop
  endfacet
  facet normal 0 0 1
    outer loop
      vertex 7.15709 -20.1045 2
      vertex -5.44824 -13.7607 2
      vertex -6.30153 -13.3914 2
    endloop
  endfacet
  facet normal 0 0 1
    outer loop
      vertex 6.91037 -20.5423 2
      vertex -22.5236 -5.83175 2
      vertex 6.69164 -20.9948 2
    endloop
  endfacet
  facet normal 0 0 1
    outer loop
      vertex 21.0896 -27.9551 2
      vertex 20.8429 -28.3929 2
      vertex 25.497 -30.8205 2
    endloop
  endfacet
  facet normal 0 0 1
    outer loop
      vertex 7.15709 -20.1045 2
      vertex -22.5236 -5.83175 2
      vertex 6.91037 -20.5423 2
    endloop
  endfacet
  facet normal 0 0 1
    outer loop
      vertex 6.00176 24.4163 2
      vertex 6.02806 24.9181 2
      vertex -8.77263 18.1928 2
    endloop
  endfacet
  facet normal 0 0 1
    outer loop
      vertex 9.57287 -17.5853 2
      vertex 10 -17.3205 2
      vertex 2.77324 -14.5379 2
    endloop
  endfacet
  facet normal 0 0 1
    outer loop
      vertex -3.68061 -14.335 2
      vertex -4.57345 -14.0756 2
      vertex 7.43081 -19.683 2
    endloop
  endfacet
  facet normal 0 0 1
    outer loop
      vertex 8.05484 -18.8957 2
      vertex 8.40269 -18.5329 2
      vertex -0.9293 -14.7708 2
    endloop
  endfacet
  facet normal 0 0 1
    outer loop
      vertex -0.9293 -14.7708 2
      vertex -1.85493 -14.6833 2
      vertex 7.73045 -19.2795 2
    endloop
  endfacet
  facet normal 0 0 1
    outer loop
      vertex 21.6586 -26.561 2
      vertex 21.4983 -27.0373 2
      vertex 27.3819 -29.1587 2
    endloop
  endfacet
  facet normal 0 0 1
    outer loop
      vertex 8.40269 -18.5329 2
      vertex 0.9293 -14.7708 2
      vertex 0 -14.8 2
    endloop
  endfacet
  facet normal 0 0 1
    outer loop
      vertex 8.40269 -18.5329 2
      vertex 8.77263 -18.1928 2
      vertex 0.9293 -14.7708 2
    endloop
  endfacet
  facet normal 0 0 1
    outer loop
      vertex 21.7886 -26.0755 2
      vertex 21.6586 -26.561 2
      vertex 27.3819 -29.1587 2
    endloop
  endfacet
  facet normal 0 0 1
    outer loop
      vertex 1.85493 -14.6833 2
      vertex 0.9293 -14.7708 2
      vertex 8.77263 -18.1928 2
    endloop
  endfacet
  facet normal 0 0 1
    outer loop
      vertex 9.57287 -17.5853 2
      vertex 1.85493 -14.6833 2
      vertex 9.16321 -17.8765 2
    endloop
  endfacet
  facet normal 0 0 1
    outer loop
      vertex 21.9719 -23.5793 2
      vertex 21.9982 -24.0812 2
      vertex 29.1587 -27.3819 2
    endloop
  endfacet
  facet normal 0 0 1
    outer loop
      vertex 21.9982 -24.0812 2
      vertex 21.993 -24.5837 2
      vertex 29.1587 -27.3819 2
    endloop
  endfacet
  facet normal 0 0 1
    outer loop
      vertex 6.30153 -13.3914 2
      vertex 12.8313 -16.3345 2
      vertex 13.3306 -16.2768 2
    endloop
  endfacet
  facet normal 0 0 1
    outer loop
      vertex 21.7053 -22.0974 2
      vertex 21.8252 -22.5854 2
      vertex 30.8205 -25.497 2
    endloop
  endfacet
  facet normal 0 0 1
    outer loop
      vertex 4.57345 -14.0756 2
      vertex 3.68061 -14.335 2
      vertex 10.4429 -17.083 2
    endloop
  endfacet
  facet normal 0 0 1
    outer loop
      vertex 11.3691 -16.6937 2
      vertex 11.8486 -16.5434 2
      vertex 4.57345 -14.0756 2
    endloop
  endfacet
  facet normal 0 0 1
    outer loop
      vertex 4.57345 -14.0756 2
      vertex 10.4429 -17.083 2
      vertex 10.8999 -16.8738 2
    endloop
  endfacet
  facet normal 0 0 1
    outer loop
      vertex 21.555 -21.6178 2
      vertex 21.7053 -22.0974 2
      vertex 30.8205 -25.497 2
    endloop
  endfacet
  facet normal 0 0 1
    outer loop
      vertex 20.3722 -19.4119 2
      vertex 20.6634 -19.8216 2
      vertex 32.3607 -23.5114 2
    endloop
  endfacet
  facet normal 0 0 1
    outer loop
      vertex 5.44824 -13.7607 2
      vertex 11.8486 -16.5434 2
      vertex 12.3367 -16.4235 2
    endloop
  endfacet
  facet normal 0 0 1
    outer loop
      vertex 7.12995 -12.9693 2
      vertex 6.30153 -13.3914 2
      vertex 13.8325 -16.2505 2
    endloop
  endfacet
  facet normal 0 0 1
    outer loop
      vertex 19.353 -18.3036 2
      vertex 19.7158 -18.6514 2
      vertex 32.3607 -23.5114 2
    endloop
  endfacet
  facet normal 0 0 1
    outer loop
      vertex 7.12995 -12.9693 2
      vertex 13.8325 -16.2505 2
      vertex 14.335 -16.2557 2
    endloop
  endfacet
  facet normal 0 0 1
    outer loop
      vertex 19.7158 -18.6514 2
      vertex 20.056 -19.0213 2
      vertex 32.3607 -23.5114 2
    endloop
  endfacet
  facet normal 0 0 1
    outer loop
      vertex 7.12995 -12.9693 2
      vertex 14.335 -16.2557 2
      vertex 14.8362 -16.2925 2
    endloop
  endfacet
  facet normal 0 0 1
    outer loop
      vertex 15.8268 -16.4601 2
      vertex 7.12995 -12.9693 2
      vertex 15.3342 -16.3607 2
    endloop
  endfacet
  facet normal 0 0 1
    outer loop
      vertex 16.3123 -16.5902 2
      vertex 7.12995 -12.9693 2
      vertex 15.8268 -16.4601 2
    endloop
  endfacet
  facet normal 0 0 1
    outer loop
      vertex 16.7886 -16.7505 2
      vertex 17.2539 -16.9403 2
      vertex 33.7731 -21.4331 2
    endloop
  endfacet
  facet normal 0 0 1
    outer loop
      vertex 33.7731 -21.4331 2
      vertex 7.12995 -12.9693 2
      vertex 16.3123 -16.5902 2
    endloop
  endfacet
  facet normal 0 0 1
    outer loop
      vertex 18.5657 -17.6795 2
      vertex 18.9692 -17.9792 2
      vertex 32.3607 -23.5114 2
    endloop
  endfacet
  facet normal 0 0 1
    outer loop
      vertex 33.7731 -21.4331 2
      vertex 17.2539 -16.9403 2
      vertex 32.3607 -23.5114 2
    endloop
  endfacet
  facet normal 0 0 1
    outer loop
      vertex 17.2539 -16.9403 2
      vertex 17.7064 -17.1591 2
      vertex 32.3607 -23.5114 2
    endloop
  endfacet
  facet normal 0 0 1
    outer loop
      vertex 17.7064 -17.1591 2
      vertex 18.1442 -17.4058 2
      vertex 32.3607 -23.5114 2
    endloop
  endfacet
  facet normal 0 0 1
    outer loop
      vertex 18.1442 -17.4058 2
      vertex 18.5657 -17.6795 2
      vertex 32.3607 -23.5114 2
    endloop
  endfacet
  facet normal 0 0 1
    outer loop
      vertex 16.3123 -16.5902 2
      vertex 16.7886 -16.7505 2
      vertex 33.7731 -21.4331 2
    endloop
  endfacet
  facet normal 0 0 1
    outer loop
      vertex 18.9692 -17.9792 2
      vertex 19.353 -18.3036 2
      vertex 32.3607 -23.5114 2
    endloop
  endfacet
  facet normal 0 0 1
    outer loop
      vertex 14.8362 -16.2925 2
      vertex 15.3342 -16.3607 2
      vertex 7.12995 -12.9693 2
    endloop
  endfacet
  facet normal 0 0 1
    outer loop
      vertex 21.3749 -21.1486 2
      vertex 21.555 -21.6178 2
      vertex 30.8205 -25.497 2
    endloop
  endfacet
  facet normal 0 0 1
    outer loop
      vertex 32.3607 -23.5114 2
      vertex 20.6634 -19.8216 2
      vertex 30.8205 -25.497 2
    endloop
  endfacet
  facet normal 0 0 1
    outer loop
      vertex 20.6634 -19.8216 2
      vertex 20.9282 -20.2487 2
      vertex 30.8205 -25.497 2
    endloop
  endfacet
  facet normal 0 0 1
    outer loop
      vertex 20.9282 -20.2487 2
      vertex 21.1657 -20.6916 2
      vertex 30.8205 -25.497 2
    endloop
  endfacet
  facet normal 0 0 1
    outer loop
      vertex 21.1657 -20.6916 2
      vertex 21.3749 -21.1486 2
      vertex 30.8205 -25.497 2
    endloop
  endfacet
  facet normal 0 0 1
    outer loop
      vertex 12.3367 -16.4235 2
      vertex 12.8313 -16.3345 2
      vertex 5.44824 -13.7607 2
    endloop
  endfacet
  facet normal 0 0 1
    outer loop
      vertex 30.8205 -25.497 2
      vertex 21.8252 -22.5854 2
      vertex 29.1587 -27.3819 2
    endloop
  endfacet
  facet normal 0 0 1
    outer loop
      vertex 21.8252 -22.5854 2
      vertex 21.9142 -23.08 2
      vertex 29.1587 -27.3819 2
    endloop
  endfacet
  facet normal 0 0 1
    outer loop
      vertex 21.9142 -23.08 2
      vertex 21.9719 -23.5793 2
      vertex 29.1587 -27.3819 2
    endloop
  endfacet
  facet normal 0 0 1
    outer loop
      vertex 9.57287 -17.5853 2
      vertex 2.77324 -14.5379 2
      vertex 1.85493 -14.6833 2
    endloop
  endfacet
  facet normal 0 0 1
    outer loop
      vertex 29.1587 -27.3819 2
      vertex 21.993 -24.5837 2
      vertex 27.3819 -29.1587 2
    endloop
  endfacet
  facet normal 0 0 1
    outer loop
      vertex 21.993 -24.5837 2
      vertex 21.9562 -25.0849 2
      vertex 27.3819 -29.1587 2
    endloop
  endfacet
  facet normal 0 0 1
    outer loop
      vertex 21.9562 -25.0849 2
      vertex 21.888 -25.5829 2
      vertex 27.3819 -29.1587 2
    endloop
  endfacet
  facet normal 0 0 1
    outer loop
      vertex 21.888 -25.5829 2
      vertex 21.7886 -26.0755 2
      vertex 27.3819 -29.1587 2
    endloop
  endfacet
  facet normal 0 0 1
    outer loop
      vertex 20.8429 -28.3929 2
      vertex 20.5692 -28.8144 2
      vertex 25.497 -30.8205 2
    endloop
  endfacet
  facet normal 0 0 1
    outer loop
      vertex 19.5973 -29.9645 2
      vertex 19.2274 -30.3047 2
      vertex 23.5114 -32.3607 2
    endloop
  endfacet
  facet normal 0 0 1
    outer loop
      vertex 27.3819 -29.1587 2
      vertex 21.4983 -27.0373 2
      vertex 25.497 -30.8205 2
    endloop
  endfacet
  facet normal 0 0 1
    outer loop
      vertex 21.4983 -27.0373 2
      vertex 21.3084 -27.5026 2
      vertex 25.497 -30.8205 2
    endloop
  endfacet
  facet normal 0 0 1
    outer loop
      vertex 21.3084 -27.5026 2
      vertex 21.0896 -27.9551 2
      vertex 25.497 -30.8205 2
    endloop
  endfacet
  facet normal 0 0 1
    outer loop
      vertex 25.497 -30.8205 2
      vertex 20.5692 -28.8144 2
      vertex 23.5114 -32.3607 2
    endloop
  endfacet
  facet normal 0 0 1
    outer loop
      vertex 20.5692 -28.8144 2
      vertex 20.2695 -29.2179 2
      vertex 23.5114 -32.3607 2
    endloop
  endfacet
  facet normal 0 0 1
    outer loop
      vertex 20.2695 -29.2179 2
      vertex 19.9452 -29.6018 2
      vertex 23.5114 -32.3607 2
    endloop
  endfacet
  facet normal 0 0 1
    outer loop
      vertex 19.9452 -29.6018 2
      vertex 19.5973 -29.9645 2
      vertex 23.5114 -32.3607 2
    endloop
  endfacet
  facet normal 0 0 1
    outer loop
      vertex 23.5114 -32.3607 2
      vertex 18.8368 -30.621 2
      vertex 21.4331 -33.7731 2
    endloop
  endfacet
  facet normal 0 0 1
    outer loop
      vertex 18.8368 -30.621 2
      vertex 18.4271 -30.9121 2
      vertex 21.4331 -33.7731 2
    endloop
  endfacet
  facet normal 0 0 1
    outer loop
      vertex 18.4271 -30.9121 2
      vertex 18 -31.1769 2
      vertex 21.4331 -33.7731 2
    endloop
  endfacet
  facet normal 0 0 1
    outer loop
      vertex 18 -31.1769 2
      vertex 17.5571 -31.4144 2
      vertex 21.4331 -33.7731 2
    endloop
  endfacet
  facet normal 0 0 1
    outer loop
      vertex 21.4331 -33.7731 2
      vertex 17.1001 -31.6236 2
      vertex 19.2701 -35.0523 2
    endloop
  endfacet
  facet normal 0 0 1
    outer loop
      vertex 17.1001 -31.6236 2
      vertex 16.6309 -31.8037 2
      vertex 19.2701 -35.0523 2
    endloop
  endfacet
  facet normal 0 0 1
    outer loop
      vertex 16.6309 -31.8037 2
      vertex 16.1514 -31.954 2
      vertex 19.2701 -35.0523 2
    endloop
  endfacet
  facet normal 0 0 1
    outer loop
      vertex 16.1514 -31.954 2
      vertex 15.6633 -32.0739 2
      vertex 19.2701 -35.0523 2
    endloop
  endfacet
  facet normal 0 0 1
    outer loop
      vertex 15.6633 -32.0739 2
      vertex 15.1687 -32.1629 2
      vertex 19.2701 -35.0523 2
    endloop
  endfacet
  facet normal 0 0 1
    outer loop
      vertex 9.03082 -30.5183 2
      vertex 8.64696 -30.1939 2
      vertex -9.57287 -17.5853 2
    endloop
  endfacet
  facet normal 0 0 1
    outer loop
      vertex 6.44499 -26.8796 2
      vertex 6.2947 -26.4001 2
      vertex -24.146 -7.01045 2
    endloop
  endfacet
  facet normal 0 0 1
    outer loop
      vertex 19.2701 -35.0523 2
      vertex 14.1675 -32.247 2
      vertex 17.0312 -36.1931 2
    endloop
  endfacet
  facet normal 0 0 1
    outer loop
      vertex 14.1675 -32.247 2
      vertex 13.665 -32.2417 2
      vertex 17.0312 -36.1931 2
    endloop
  endfacet
  facet normal 0 0 1
    outer loop
      vertex 13.665 -32.2417 2
      vertex 13.1638 -32.2049 2
      vertex 17.0312 -36.1931 2
    endloop
  endfacet
  facet normal 0 0 1
    outer loop
      vertex 13.1638 -32.2049 2
      vertex 12.6658 -32.1367 2
      vertex 17.0312 -36.1931 2
    endloop
  endfacet
  facet normal 0 0 1
    outer loop
      vertex 7.0718 -28.2487 2
      vertex 6.83431 -27.8058 2
      vertex -9.57287 -17.5853 2
    endloop
  endfacet
  facet normal 0 0 1
    outer loop
      vertex 12.6658 -32.1367 2
      vertex 12.1732 -32.0373 2
      vertex 17.0312 -36.1931 2
    endloop
  endfacet
  facet normal 0 0 1
    outer loop
      vertex 12.1732 -32.0373 2
      vertex 11.6877 -31.9073 2
      vertex 17.0312 -36.1931 2
    endloop
  endfacet
  facet normal 0 0 1
    outer loop
      vertex 11.6877 -31.9073 2
      vertex 11.2114 -31.747 2
      vertex 17.0312 -36.1931 2
    endloop
  endfacet
  facet normal 0 0 1
    outer loop
      vertex 11.2114 -31.747 2
      vertex 10.7461 -31.5571 2
      vertex 17.0312 -36.1931 2
    endloop
  endfacet
  facet normal 0 0 1
    outer loop
      vertex 10.7461 -31.5571 2
      vertex 10.2936 -31.3383 2
      vertex 17.0312 -36.1931 2
    endloop
  endfacet
  facet normal 0 0 1
    outer loop
      vertex 10.2936 -31.3383 2
      vertex 9.85578 -31.0916 2
      vertex 17.0312 -36.1931 2
    endloop
  endfacet
  facet normal 0 0 1
    outer loop
      vertex 8.64696 -30.1939 2
      vertex 8.28422 -29.846 2
      vertex -9.57287 -17.5853 2
    endloop
  endfacet
  facet normal 0 0 1
    outer loop
      vertex 9.85578 -31.0916 2
      vertex 9.43429 -30.8179 2
      vertex 17.0312 -36.1931 2
    endloop
  endfacet
  facet normal 0 0 1
    outer loop
      vertex 9.03082 -30.5183 2
      vertex -9.57287 -17.5853 2
      vertex 9.43429 -30.8179 2
    endloop
  endfacet
  facet normal 0 0 1
    outer loop
      vertex 7.33663 -28.6758 2
      vertex 7.0718 -28.2487 2
      vertex -9.57287 -17.5853 2
    endloop
  endfacet
  facet normal 0 0 1
    outer loop
      vertex 8.28422 -29.846 2
      vertex 7.94404 -29.4761 2
      vertex -9.57287 -17.5853 2
    endloop
  endfacet
  facet normal 0 0 1
    outer loop
      vertex 7.94404 -29.4761 2
      vertex 7.62776 -29.0855 2
      vertex -9.57287 -17.5853 2
    endloop
  endfacet
  facet normal 0 0 1
    outer loop
      vertex 7.62776 -29.0855 2
      vertex 7.33663 -28.6758 2
      vertex -9.57287 -17.5853 2
    endloop
  endfacet
  facet normal 0 0 1
    outer loop
      vertex -9.57287 -17.5853 2
      vertex 6.62509 -27.3488 2
      vertex -10 -17.3205 2
    endloop
  endfacet
  facet normal 0 0 1
    outer loop
      vertex 6.00702 23.9137 2
      vertex -29.0027 7.93692 2
      vertex -28.5023 7.98421 2
    endloop
  endfacet
  facet normal 0 0 1
    outer loop
      vertex 14.6694 -32.2207 2
      vertex 14.1675 -32.247 2
      vertex 19.2701 -35.0523 2
    endloop
  endfacet
  facet normal 0 0 1
    outer loop
      vertex 6.17482 -25.912 2
      vertex 6.08582 -25.4174 2
      vertex -24.146 -7.01045 2
    endloop
  endfacet
  facet normal 0 0 1
    outer loop
      vertex 6.00702 23.9137 2
      vertex -28.5023 7.98421 2
      vertex -28 8 2
    endloop
  endfacet
  facet normal 0 0 1
    outer loop
      vertex 6.11203 -22.9146 2
      vertex 6.21137 -22.4219 2
      vertex -22.9006 -6.16411 2
    endloop
  endfacet
  facet normal 0 0 1
    outer loop
      vertex 6.21137 22.4219 2
      vertex -28 8 2
      vertex -27.4977 7.98421 2
    endloop
  endfacet
  facet normal 0 0 1
    outer loop
      vertex 6.00176 24.4163 2
      vertex -8.77263 18.1928 2
      vertex -9.16321 17.8765 2
    endloop
  endfacet
  facet normal 0 0 1
    outer loop
      vertex 6.17482 25.912 2
      vertex -7.43081 19.683 2
      vertex -7.73045 19.2795 2
    endloop
  endfacet
  facet normal 0 0 1
    outer loop
      vertex -10.4429 17.083 2
      vertex -29.0027 7.93692 2
      vertex 6.00176 24.4163 2
    endloop
  endfacet
  facet normal 0 0 1
    outer loop
      vertex 20.0631 -1.00267 2
      vertex 20.0158 -0.502324 2
      vertex 14.8 0 2
    endloop
  endfacet
  facet normal 0 0 1
    outer loop
      vertex 6.08582 25.4174 2
      vertex -8.77263 18.1928 2
      vertex 6.02806 24.9181 2
    endloop
  endfacet
  facet normal 0 0 1
    outer loop
      vertex 6.83431 27.8058 2
      vertex 7.0718 28.2487 2
      vertex -7.15709 20.1045 2
    endloop
  endfacet
  facet normal 0 0 1
    outer loop
      vertex -7.15709 20.1045 2
      vertex -7.43081 19.683 2
      vertex 6.2947 26.4001 2
    endloop
  endfacet
  facet normal 0 0 1
    outer loop
      vertex 6.62509 27.3488 2
      vertex -7.15709 20.1045 2
      vertex 6.44499 26.8796 2
    endloop
  endfacet
  facet normal 0 0 1
    outer loop
      vertex 6.83431 27.8058 2
      vertex -7.15709 20.1045 2
      vertex 6.62509 27.3488 2
    endloop
  endfacet
  facet normal 0 0 1
    outer loop
      vertex 14.6694 32.2207 2
      vertex 15.1687 32.1629 2
      vertex 19.2701 35.0523 2
    endloop
  endfacet
  facet normal 0 0 1
    outer loop
      vertex 17.1001 31.6236 2
      vertex 17.5571 31.4144 2
      vertex 21.4331 33.7731 2
    endloop
  endfacet
  facet normal 0 0 1
    outer loop
      vertex -13.3306 16.2768 2
      vertex -13.8325 16.2505 2
      vertex -29.9895 7.74867 2
    endloop
  endfacet
  facet normal 0 0 1
    outer loop
      vertex 21.8252 22.5854 2
      vertex 21.7053 22.0974 2
      vertex 30.8205 25.497 2
    endloop
  endfacet
  facet normal 0 0 1
    outer loop
      vertex -6.50174 21.4601 2
      vertex -6.69164 20.9948 2
      vertex 7.33663 28.6758 2
    endloop
  endfacet
  facet normal 0 0 1
    outer loop
      vertex 13.665 32.2417 2
      vertex 14.1675 32.247 2
      vertex 19.2701 35.0523 2
    endloop
  endfacet
  facet normal 0 0 1
    outer loop
      vertex -6.34144 21.9365 2
      vertex -6.50174 21.4601 2
      vertex 7.62776 29.0855 2
    endloop
  endfacet
  facet normal 0 0 1
    outer loop
      vertex 8.28422 29.846 2
      vertex -6.34144 21.9365 2
      vertex 7.94404 29.4761 2
    endloop
  endfacet
  facet normal 0 0 1
    outer loop
      vertex 8.64696 30.1939 2
      vertex -6.34144 21.9365 2
      vertex 8.28422 29.846 2
    endloop
  endfacet
  facet normal 0 0 1
    outer loop
      vertex 9.03082 30.5183 2
      vertex -6.34144 21.9365 2
      vertex 8.64696 30.1939 2
    endloop
  endfacet
  facet normal 0 0 1
    outer loop
      vertex 9.43429 30.8179 2
      vertex -6.34144 21.9365 2
      vertex 9.03082 30.5183 2
    endloop
  endfacet
  facet normal 0 0 1
    outer loop
      vertex 9.85578 31.0916 2
      vertex 10.2936 31.3383 2
      vertex 17.0312 36.1931 2
    endloop
  endfacet
  facet normal 0 0 1
    outer loop
      vertex 17.0312 36.1931 2
      vertex -6.34144 21.9365 2
      vertex 9.43429 30.8179 2
    endloop
  endfacet
  facet normal 0 0 1
    outer loop
      vertex 10.2936 31.3383 2
      vertex 10.7461 31.5571 2
      vertex 17.0312 36.1931 2
    endloop
  endfacet
  facet normal 0 0 1
    outer loop
      vertex 10.7461 31.5571 2
      vertex 11.2114 31.747 2
      vertex 17.0312 36.1931 2
    endloop
  endfacet
  facet normal 0 0 1
    outer loop
      vertex 13.1638 32.2049 2
      vertex 13.665 32.2417 2
      vertex 19.2701 35.0523 2
    endloop
  endfacet
  facet normal 0 0 1
    outer loop
      vertex 17.0312 36.1931 2
      vertex 11.2114 31.747 2
      vertex 19.2701 35.0523 2
    endloop
  endfacet
  facet normal 0 0 1
    outer loop
      vertex 11.2114 31.747 2
      vertex 11.6877 31.9073 2
      vertex 19.2701 35.0523 2
    endloop
  endfacet
  facet normal 0 0 1
    outer loop
      vertex 11.6877 31.9073 2
      vertex 12.1732 32.0373 2
      vertex 19.2701 35.0523 2
    endloop
  endfacet
  facet normal 0 0 1
    outer loop
      vertex 12.1732 32.0373 2
      vertex 12.6658 32.1367 2
      vertex 19.2701 35.0523 2
    endloop
  endfacet
  facet normal 0 0 1
    outer loop
      vertex 12.6658 32.1367 2
      vertex 13.1638 32.2049 2
      vertex 19.2701 35.0523 2
    endloop
  endfacet
  facet normal 0 0 1
    outer loop
      vertex 19.2701 35.0523 2
      vertex 15.1687 32.1629 2
      vertex 21.4331 33.7731 2
    endloop
  endfacet
  facet normal 0 0 1
    outer loop
      vertex 15.1687 32.1629 2
      vertex 15.6633 32.0739 2
      vertex 21.4331 33.7731 2
    endloop
  endfacet
  facet normal 0 0 1
    outer loop
      vertex 15.6633 32.0739 2
      vertex 16.1514 31.954 2
      vertex 21.4331 33.7731 2
    endloop
  endfacet
  facet normal 0 0 1
    outer loop
      vertex 16.1514 31.954 2
      vertex 16.6309 31.8037 2
      vertex 21.4331 33.7731 2
    endloop
  endfacet
  facet normal 0 0 1
    outer loop
      vertex 6.2947 26.4001 2
      vertex 6.44499 26.8796 2
      vertex -7.15709 20.1045 2
    endloop
  endfacet
  facet normal 0 0 1
    outer loop
      vertex 21.4331 33.7731 2
      vertex 17.5571 31.4144 2
      vertex 23.5114 32.3607 2
    endloop
  endfacet
  facet normal 0 0 1
    outer loop
      vertex 17.5571 31.4144 2
      vertex 18 31.1769 2
      vertex 23.5114 32.3607 2
    endloop
  endfacet
  facet normal 0 0 1
    outer loop
      vertex 18 31.1769 2
      vertex 18.4271 30.9121 2
      vertex 23.5114 32.3607 2
    endloop
  endfacet
  facet normal 0 0 1
    outer loop
      vertex 18.4271 30.9121 2
      vertex 18.8368 30.621 2
      vertex 23.5114 32.3607 2
    endloop
  endfacet
  facet normal 0 0 1
    outer loop
      vertex 20.2695 29.2179 2
      vertex 20.5692 28.8144 2
      vertex 25.497 30.8205 2
    endloop
  endfacet
  facet normal 0 0 1
    outer loop
      vertex 6.00176 24.4163 2
      vertex -9.16321 17.8765 2
      vertex -9.57287 17.5853 2
    endloop
  endfacet
  facet normal 0 0 1
    outer loop
      vertex 23.5114 32.3607 2
      vertex 19.5973 29.9645 2
      vertex 25.497 30.8205 2
    endloop
  endfacet
  facet normal 0 0 1
    outer loop
      vertex 19.5973 29.9645 2
      vertex 19.9452 29.6018 2
      vertex 25.497 30.8205 2
    endloop
  endfacet
  facet normal 0 0 1
    outer loop
      vertex 19.9452 29.6018 2
      vertex 20.2695 29.2179 2
      vertex 25.497 30.8205 2
    endloop
  endfacet
  facet normal 0 0 1
    outer loop
      vertex 25.497 30.8205 2
      vertex 20.8429 28.3929 2
      vertex 27.3819 29.1587 2
    endloop
  endfacet
  facet normal 0 0 1
    outer loop
      vertex 6.69164 20.9948 2
      vertex 6.50174 21.4601 2
      vertex -26.9973 7.93692 2
    endloop
  endfacet
  facet normal 0 0 1
    outer loop
      vertex 20.8429 28.3929 2
      vertex 21.0896 27.9551 2
      vertex 27.3819 29.1587 2
    endloop
  endfacet
  facet normal 0 0 1
    outer loop
      vertex 21.0896 27.9551 2
      vertex 21.3084 27.5026 2
      vertex 27.3819 29.1587 2
    endloop
  endfacet
  facet normal 0 0 1
    outer loop
      vertex 6.34144 21.9365 2
      vertex 6.21137 22.4219 2
      vertex -26.9973 7.93692 2
    endloop
  endfacet
  facet normal 0 0 1
    outer loop
      vertex 21.3084 27.5026 2
      vertex 21.4983 27.0373 2
      vertex 27.3819 29.1587 2
    endloop
  endfacet
  facet normal 0 0 1
    outer loop
      vertex 27.3819 29.1587 2
      vertex 21.6586 26.561 2
      vertex 29.1587 27.3819 2
    endloop
  endfacet
  facet normal 0 0 1
    outer loop
      vertex 21.6586 26.561 2
      vertex 21.7886 26.0755 2
      vertex 29.1587 27.3819 2
    endloop
  endfacet
  facet normal 0 0 1
    outer loop
      vertex 21.7886 26.0755 2
      vertex 21.888 25.5829 2
      vertex 29.1587 27.3819 2
    endloop
  endfacet
  facet normal 0 0 1
    outer loop
      vertex 21.888 25.5829 2
      vertex 21.9562 25.0849 2
      vertex 29.1587 27.3819 2
    endloop
  endfacet
  facet normal 0 0 1
    outer loop
      vertex 7.15709 20.1045 2
      vertex 6.91037 20.5423 2
      vertex -26.0105 7.74867 2
    endloop
  endfacet
  facet normal 0 0 1
    outer loop
      vertex 29.1587 27.3819 2
      vertex 21.993 24.5837 2
      vertex 30.8205 25.497 2
    endloop
  endfacet
  facet normal 0 0 1
    outer loop
      vertex 8.05484 18.8957 2
      vertex 7.73045 19.2795 2
      vertex -25.5279 7.60845 2
    endloop
  endfacet
  facet normal 0 0 1
    outer loop
      vertex 21.993 24.5837 2
      vertex 21.9982 24.0812 2
      vertex 30.8205 25.497 2
    endloop
  endfacet
  facet normal 0 0 1
    outer loop
      vertex 21.9982 24.0812 2
      vertex 21.9719 23.5793 2
      vertex 30.8205 25.497 2
    endloop
  endfacet
  facet normal 0 0 1
    outer loop
      vertex 7.73045 19.2795 2
      vertex -26.0105 7.74867 2
      vertex -25.5279 7.60845 2
    endloop
  endfacet
  facet normal 0 0 1
    outer loop
      vertex 21.9719 23.5793 2
      vertex 21.9142 23.08 2
      vertex 30.8205 25.497 2
    endloop
  endfacet
  facet normal 0 0 1
    outer loop
      vertex 8.77263 18.1928 2
      vertex -3.68061 14.335 2
      vertex -2.77324 14.5379 2
    endloop
  endfacet
  facet normal 0 0 1
    outer loop
      vertex 30.8205 25.497 2
      vertex 21.7053 22.0974 2
      vertex 32.3607 23.5114 2
    endloop
  endfacet
  facet normal 0 0 1
    outer loop
      vertex 21.7053 22.0974 2
      vertex 21.555 21.6178 2
      vertex 32.3607 23.5114 2
    endloop
  endfacet
  facet normal 0 0 1
    outer loop
      vertex 21.555 21.6178 2
      vertex 21.3749 21.1486 2
      vertex 32.3607 23.5114 2
    endloop
  endfacet
  facet normal 0 0 1
    outer loop
      vertex 9.16321 17.8765 2
      vertex -0.9293 14.7708 2
      vertex 0 14.8 2
    endloop
  endfacet
  facet normal 0 0 1
    outer loop
      vertex 21.3749 21.1486 2
      vertex 21.1657 20.6916 2
      vertex 32.3607 23.5114 2
    endloop
  endfacet
  facet normal 0 0 1
    outer loop
      vertex 32.3607 23.5114 2
      vertex 20.6634 19.8216 2
      vertex 33.7731 21.4331 2
    endloop
  endfacet
  facet normal 0 0 1
    outer loop
      vertex 11.3691 16.6937 2
      vertex 10.8999 16.8738 2
      vertex 2.77324 14.5379 2
    endloop
  endfacet
  facet normal 0 0 1
    outer loop
      vertex 20.6634 19.8216 2
      vertex 20.3722 19.4119 2
      vertex 33.7731 21.4331 2
    endloop
  endfacet
  facet normal 0 0 1
    outer loop
      vertex 20.3722 19.4119 2
      vertex 20.056 19.0213 2
      vertex 33.7731 21.4331 2
    endloop
  endfacet
  facet normal 0 0 1
    outer loop
      vertex 10.8999 16.8738 2
      vertex 10.4429 17.083 2
      vertex 2.77324 14.5379 2
    endloop
  endfacet
  facet normal 0 0 1
    outer loop
      vertex 20.056 19.0213 2
      vertex 19.7158 18.6514 2
      vertex 33.7731 21.4331 2
    endloop
  endfacet
  facet normal 0 0 1
    outer loop
      vertex 19.7158 18.6514 2
      vertex 19.353 18.3036 2
      vertex 33.7731 21.4331 2
    endloop
  endfacet
  facet normal 0 0 1
    outer loop
      vertex 11.8486 16.5434 2
      vertex 11.3691 16.6937 2
      vertex 2.77324 14.5379 2
    endloop
  endfacet
  facet normal 0 0 1
    outer loop
      vertex 3.68061 14.335 2
      vertex 4.57345 14.0756 2
      vertex 12.8313 16.3345 2
    endloop
  endfacet
  facet normal 0 0 1
    outer loop
      vertex -10.7887 10.1313 2
      vertex -10.1313 10.7887 2
      vertex -24.146 7.01045 2
    endloop
  endfacet
  facet normal 0 0 1
    outer loop
      vertex -1.85493 14.6833 2
      vertex -0.9293 14.7708 2
      vertex 8.77263 18.1928 2
    endloop
  endfacet
  facet normal 0 0 1
    outer loop
      vertex 15.3342 16.3607 2
      vertex 14.8362 16.2925 2
      vertex 5.44824 13.7607 2
    endloop
  endfacet
  facet normal 0 0 1
    outer loop
      vertex 6.30153 13.3914 2
      vertex 7.12995 12.9693 2
      vertex 35.0523 19.2701 2
    endloop
  endfacet
  facet normal 0 0 1
    outer loop
      vertex 33.7731 21.4331 2
      vertex 17.2539 16.9403 2
      vertex 35.0523 19.2701 2
    endloop
  endfacet
  facet normal 0 0 1
    outer loop
      vertex 17.2539 16.9403 2
      vertex 16.7886 16.7505 2
      vertex 35.0523 19.2701 2
    endloop
  endfacet
  facet normal 0 0 1
    outer loop
      vertex 14.8362 16.2925 2
      vertex 14.335 16.2557 2
      vertex 5.44824 13.7607 2
    endloop
  endfacet
  facet normal 0 0 1
    outer loop
      vertex 16.7886 16.7505 2
      vertex 16.3123 16.5902 2
      vertex 35.0523 19.2701 2
    endloop
  endfacet
  facet normal 0 0 1
    outer loop
      vertex 16.3123 16.5902 2
      vertex 15.8268 16.4601 2
      vertex 35.0523 19.2701 2
    endloop
  endfacet
  facet normal 0 0 1
    outer loop
      vertex 12.8313 16.3345 2
      vertex 12.3367 16.4235 2
      vertex 3.68061 14.335 2
    endloop
  endfacet
  facet normal 0 0 1
    outer loop
      vertex 15.8268 16.4601 2
      vertex 15.3342 16.3607 2
      vertex 5.44824 13.7607 2
    endloop
  endfacet
  facet normal 0 0 1
    outer loop
      vertex 34.1641 5.09939 2
      vertex 34.4721 4.70228 2
      vertex 39.6846 5.01333 2
    endloop
  endfacet
  facet normal 0 0 1
    outer loop
      vertex 18.1442 17.4058 2
      vertex 17.7064 17.1591 2
      vertex 33.7731 21.4331 2
    endloop
  endfacet
  facet normal 0 0 1
    outer loop
      vertex 2.77324 14.5379 2
      vertex 3.68061 14.335 2
      vertex 12.3367 16.4235 2
    endloop
  endfacet
  facet normal 0 0 1
    outer loop
      vertex 12.3367 16.4235 2
      vertex 11.8486 16.5434 2
      vertex 2.77324 14.5379 2
    endloop
  endfacet
  facet normal 0 0 1
    outer loop
      vertex 10.4429 17.083 2
      vertex 10 17.3205 2
      vertex 0.9293 14.7708 2
    endloop
  endfacet
  facet normal 0 0 1
    outer loop
      vertex 10.4429 17.083 2
      vertex 0.9293 14.7708 2
      vertex 1.85493 14.6833 2
    endloop
  endfacet
  facet normal 0 0 1
    outer loop
      vertex 0 14.8 2
      vertex 0.9293 14.7708 2
      vertex 10 17.3205 2
    endloop
  endfacet
  facet normal 0 0 1
    outer loop
      vertex 9.16321 17.8765 2
      vertex 8.77263 18.1928 2
      vertex -0.9293 14.7708 2
    endloop
  endfacet
  facet normal 0 0 1
    outer loop
      vertex 8.77263 18.1928 2
      vertex -4.57345 14.0756 2
      vertex -3.68061 14.335 2
    endloop
  endfacet
  facet normal 0 0 1
    outer loop
      vertex 9.57287 17.5853 2
      vertex 9.16321 17.8765 2
      vertex 0 14.8 2
    endloop
  endfacet
  facet normal 0 0 1
    outer loop
      vertex 21.1657 20.6916 2
      vertex 20.9282 20.2487 2
      vertex 32.3607 23.5114 2
    endloop
  endfacet
  facet normal 0 0 1
    outer loop
      vertex 7.73045 19.2795 2
      vertex 7.43081 19.683 2
      vertex -26.0105 7.74867 2
    endloop
  endfacet
  facet normal 0 0 1
    outer loop
      vertex 7.43081 19.683 2
      vertex 7.15709 20.1045 2
      vertex -26.0105 7.74867 2
    endloop
  endfacet
  facet normal 0 0 1
    outer loop
      vertex 6.91037 20.5423 2
      vertex 6.69164 20.9948 2
      vertex -26.5009 7.8583 2
    endloop
  endfacet
  facet normal 0 0 1
    outer loop
      vertex 6.91037 20.5423 2
      vertex -26.5009 7.8583 2
      vertex -26.0105 7.74867 2
    endloop
  endfacet
  facet normal 0 0 1
    outer loop
      vertex 6.50174 21.4601 2
      vertex 6.34144 21.9365 2
      vertex -26.9973 7.93692 2
    endloop
  endfacet
  facet normal 0 0 1
    outer loop
      vertex 21.9562 25.0849 2
      vertex 21.993 24.5837 2
      vertex 29.1587 27.3819 2
    endloop
  endfacet
  facet normal 0 0 1
    outer loop
      vertex -26.9973 7.93692 2
      vertex -26.5009 7.8583 2
      vertex 6.69164 20.9948 2
    endloop
  endfacet
  facet normal 0 0 1
    outer loop
      vertex 20.2513 1.98952 2
      vertex 20.3915 2.47214 2
      vertex 14.6833 1.85493 2
    endloop
  endfacet
  facet normal 0 0 1
    outer loop
      vertex 6.21137 22.4219 2
      vertex 6.11203 22.9146 2
      vertex -28 8 2
    endloop
  endfacet
  facet normal 0 0 1
    outer loop
      vertex -34.1641 5.09939 2
      vertex -33.8317 5.47638 2
      vertex -39.9211 2.51162 2
    endloop
  endfacet
  facet normal 0 0 1
    outer loop
      vertex 6.04382 23.4125 2
      vertex -28 8 2
      vertex 6.11203 22.9146 2
    endloop
  endfacet
  facet normal 0 0 1
    outer loop
      vertex 6.00702 23.9137 2
      vertex -28 8 2
      vertex 6.04382 23.4125 2
    endloop
  endfacet
  facet normal 0 0 1
    outer loop
      vertex 20 -4.89859e-15 2
      vertex 14.8 0 2
      vertex 20.0158 -0.502324 2
    endloop
  endfacet
  facet normal 0 0 1
    outer loop
      vertex 20.0158 0.502324 2
      vertex 20.0631 1.00267 2
      vertex 14.7708 0.9293 2
    endloop
  endfacet
  facet normal 0 0 1
    outer loop
      vertex 14.7708 0.9293 2
      vertex 14.8 0 2
      vertex 20.0158 0.502324 2
    endloop
  endfacet
  facet normal 0 0 1
    outer loop
      vertex 20.2513 1.98952 2
      vertex 14.6833 1.85493 2
      vertex 20.1417 1.49905 2
    endloop
  endfacet
  facet normal 0 0 1
    outer loop
      vertex 20.9895 3.85403 2
      vertex 21.2454 4.28661 2
      vertex 14.335 3.68061 2
    endloop
  endfacet
  facet normal 0 0 1
    outer loop
      vertex 14.335 3.68061 2
      vertex 14.5379 2.77324 2
      vertex 20.5618 2.945 2
    endloop
  endfacet
  facet normal 0 0 1
    outer loop
      vertex 20.9895 3.85403 2
      vertex 14.335 3.68061 2
      vertex 20.7614 3.40623 2
    endloop
  endfacet
  facet normal 0 0 1
    outer loop
      vertex 21.8359 5.09939 2
      vertex 22.1683 5.47638 2
      vertex 13.7607 5.44824 2
    endloop
  endfacet
  facet normal 0 0 1
    outer loop
      vertex 6.17482 25.912 2
      vertex 6.2947 26.4001 2
      vertex -7.43081 19.683 2
    endloop
  endfacet
  facet normal 0 0 1
    outer loop
      vertex 34.4721 4.70228 2
      vertex 34.7546 4.28661 2
      vertex 39.6846 5.01333 2
    endloop
  endfacet
  facet normal 0 0 1
    outer loop
      vertex 13.7607 5.44824 2
      vertex 14.0756 4.57345 2
      vertex 21.5279 4.70228 2
    endloop
  endfacet
  facet normal 0 0 1
    outer loop
      vertex 35.4382 2.945 2
      vertex 35.6085 2.47214 2
      vertex 39.9211 2.51162 2
    endloop
  endfacet
  facet normal 0 0 1
    outer loop
      vertex 13.7607 5.44824 2
      vertex 21.5279 4.70228 2
      vertex 21.8359 5.09939 2
    endloop
  endfacet
  facet normal 0 0 1
    outer loop
      vertex 22.5236 5.83175 2
      vertex 13.7607 5.44824 2
      vertex 22.1683 5.47638 2
    endloop
  endfacet
  facet normal 0 0 1
    outer loop
      vertex 22.9006 6.16411 2
      vertex 13.7607 5.44824 2
      vertex 22.5236 5.83175 2
    endloop
  endfacet
  facet normal 0 0 1
    outer loop
      vertex 32.2866 6.75462 2
      vertex 32.7023 6.47214 2
      vertex 39.2915 7.49525 2
    endloop
  endfacet
  facet normal 0 0 1
    outer loop
      vertex 23.7134 6.75462 2
      vertex 24.146 7.01045 2
      vertex 13.3914 6.30153 2
    endloop
  endfacet
  facet normal 0 0 1
    outer loop
      vertex 13.8325 16.2505 2
      vertex 13.3306 16.2768 2
      vertex 4.57345 14.0756 2
    endloop
  endfacet
  facet normal 0 0 1
    outer loop
      vertex -13.7607 5.44824 2
      vertex -13.3914 6.30153 2
      vertex -21.8359 5.09939 2
    endloop
  endfacet
  facet normal 0 0 1
    outer loop
      vertex 24.5938 7.23862 2
      vertex 25.055 7.43821 2
      vertex 12.9693 7.12995 2
    endloop
  endfacet
  facet normal 0 0 1
    outer loop
      vertex 12.9693 7.12995 2
      vertex 13.3914 6.30153 2
      vertex 24.146 7.01045 2
    endloop
  endfacet
  facet normal 0 0 1
    outer loop
      vertex 30.945 7.43821 2
      vertex 31.4062 7.23862 2
      vertex 39.2915 7.49525 2
    endloop
  endfacet
  facet normal 0 0 1
    outer loop
      vertex 12.9693 7.12995 2
      vertex 24.146 7.01045 2
      vertex 24.5938 7.23862 2
    endloop
  endfacet
  facet normal 0 0 1
    outer loop
      vertex 25.5279 7.60845 2
      vertex 12.9693 7.12995 2
      vertex 25.055 7.43821 2
    endloop
  endfacet
  facet normal 0 0 1
    outer loop
      vertex 26.0105 7.74866 2
      vertex 12.9693 7.12995 2
      vertex 25.5279 7.60845 2
    endloop
  endfacet
  facet normal 0 0 1
    outer loop
      vertex 26.5009 7.8583 2
      vertex 12.9693 7.12995 2
      vertex 26.0105 7.74866 2
    endloop
  endfacet
  facet normal 0 0 1
    outer loop
      vertex 38.7433 9.94759 2
      vertex 12.9693 7.12995 2
      vertex 26.5009 7.8583 2
    endloop
  endfacet
  facet normal 0 0 1
    outer loop
      vertex 27.4977 7.98421 2
      vertex 28 8 2
      vertex 38.7433 9.94759 2
    endloop
  endfacet
  facet normal 0 0 1
    outer loop
      vertex 38.7433 9.94759 2
      vertex 26.5009 7.8583 2
      vertex 26.9973 7.93692 2
    endloop
  endfacet
  facet normal 0 0 1
    outer loop
      vertex 28 8 2
      vertex 28.5023 7.98421 2
      vertex 38.7433 9.94759 2
    endloop
  endfacet
  facet normal 0 0 1
    outer loop
      vertex 30.4721 7.60845 2
      vertex 30.945 7.43821 2
      vertex 39.2915 7.49525 2
    endloop
  endfacet
  facet normal 0 0 1
    outer loop
      vertex 38.7433 9.94759 2
      vertex 28.5023 7.98421 2
      vertex 39.2915 7.49525 2
    endloop
  endfacet
  facet normal 0 0 1
    outer loop
      vertex 28.5023 7.98421 2
      vertex 29.0027 7.93692 2
      vertex 39.2915 7.49525 2
    endloop
  endfacet
  facet normal 0 0 1
    outer loop
      vertex 29.0027 7.93692 2
      vertex 29.4991 7.8583 2
      vertex 39.2915 7.49525 2
    endloop
  endfacet
  facet normal 0 0 1
    outer loop
      vertex 29.4991 7.8583 2
      vertex 29.9895 7.74866 2
      vertex 39.2915 7.49525 2
    endloop
  endfacet
  facet normal 0 0 1
    outer loop
      vertex 29.9895 7.74866 2
      vertex 30.4721 7.60845 2
      vertex 39.2915 7.49525 2
    endloop
  endfacet
  facet normal 0 0 1
    outer loop
      vertex 31.4062 7.23862 2
      vertex 31.854 7.01045 2
      vertex 39.2915 7.49525 2
    endloop
  endfacet
  facet normal 0 0 1
    outer loop
      vertex 4.57345 14.0756 2
      vertex 5.44824 13.7607 2
      vertex 14.335 16.2557 2
    endloop
  endfacet
  facet normal 0 0 1
    outer loop
      vertex 33.8317 5.47638 2
      vertex 34.1641 5.09939 2
      vertex 39.6846 5.01333 2
    endloop
  endfacet
  facet normal 0 0 1
    outer loop
      vertex 39.2915 7.49525 2
      vertex 32.7023 6.47214 2
      vertex 39.6846 5.01333 2
    endloop
  endfacet
  facet normal 0 0 1
    outer loop
      vertex 32.7023 6.47214 2
      vertex 33.0994 6.16411 2
      vertex 39.6846 5.01333 2
    endloop
  endfacet
  facet normal 0 0 1
    outer loop
      vertex 33.0994 6.16411 2
      vertex 33.4764 5.83175 2
      vertex 39.6846 5.01333 2
    endloop
  endfacet
  facet normal 0 0 1
    outer loop
      vertex 33.4764 5.83175 2
      vertex 33.8317 5.47638 2
      vertex 39.6846 5.01333 2
    endloop
  endfacet
  facet normal 0 0 1
    outer loop
      vertex 22.9006 6.16411 2
      vertex 23.2977 6.47214 2
      vertex 13.7607 5.44824 2
    endloop
  endfacet
  facet normal 0 0 1
    outer loop
      vertex 21.2454 4.28661 2
      vertex 21.5279 4.70228 2
      vertex 14.0756 4.57345 2
    endloop
  endfacet
  facet normal 0 0 1
    outer loop
      vertex 39.6846 5.01333 2
      vertex 34.7546 4.28661 2
      vertex 39.9211 2.51162 2
    endloop
  endfacet
  facet normal 0 0 1
    outer loop
      vertex 34.7546 4.28661 2
      vertex 35.0105 3.85403 2
      vertex 39.9211 2.51162 2
    endloop
  endfacet
  facet normal 0 0 1
    outer loop
      vertex 35.0105 3.85403 2
      vertex 35.2386 3.40623 2
      vertex 39.9211 2.51162 2
    endloop
  endfacet
  facet normal 0 0 1
    outer loop
      vertex 35.2386 3.40623 2
      vertex 35.4382 2.945 2
      vertex 39.9211 2.51162 2
    endloop
  endfacet
  facet normal 0 0 1
    outer loop
      vertex 20.3915 2.47214 2
      vertex 20.5618 2.945 2
      vertex 14.5379 2.77324 2
    endloop
  endfacet
  facet normal 0 0 1
    outer loop
      vertex 39.9211 2.51162 2
      vertex 35.7487 1.98952 2
      vertex 40 0 2
    endloop
  endfacet
  facet normal 0 0 1
    outer loop
      vertex 35.7487 1.98952 2
      vertex 35.8583 1.49905 2
      vertex 40 0 2
    endloop
  endfacet
  facet normal 0 0 1
    outer loop
      vertex 35.8583 1.49905 2
      vertex 35.9369 1.00267 2
      vertex 40 0 2
    endloop
  endfacet
  facet normal 0 0 1
    outer loop
      vertex 35.9369 1.00267 2
      vertex 35.9842 0.502324 2
      vertex 40 0 2
    endloop
  endfacet
  facet normal 0 0 1
    outer loop
      vertex 40 0 2
      vertex 35.9842 -0.502324 2
      vertex 39.9211 -2.51162 2
    endloop
  endfacet
  facet normal 0 0 1
    outer loop
      vertex 35.9842 -0.502324 2
      vertex 35.9369 -1.00267 2
      vertex 39.9211 -2.51162 2
    endloop
  endfacet
  facet normal 0 0 1
    outer loop
      vertex 35.9369 -1.00267 2
      vertex 35.8583 -1.49905 2
      vertex 39.9211 -2.51162 2
    endloop
  endfacet
  facet normal 0 0 1
    outer loop
      vertex 35.8583 -1.49905 2
      vertex 35.7487 -1.98952 2
      vertex 39.9211 -2.51162 2
    endloop
  endfacet
  facet normal 0 0 1
    outer loop
      vertex 39.9211 -2.51162 2
      vertex 35.6085 -2.47214 2
      vertex 39.6846 -5.01333 2
    endloop
  endfacet
  facet normal 0 0 1
    outer loop
      vertex 35.6085 -2.47214 2
      vertex 35.4382 -2.945 2
      vertex 39.6846 -5.01333 2
    endloop
  endfacet
  facet normal 0 0 1
    outer loop
      vertex 20.1417 -1.49905 2
      vertex 20.0631 -1.00267 2
      vertex 14.7708 -0.9293 2
    endloop
  endfacet
  facet normal 0 0 1
    outer loop
      vertex 35.4382 -2.945 2
      vertex 35.2386 -3.40623 2
      vertex 39.6846 -5.01333 2
    endloop
  endfacet
  facet normal 0 0 1
    outer loop
      vertex 35.2386 -3.40623 2
      vertex 35.0105 -3.85403 2
      vertex 39.6846 -5.01333 2
    endloop
  endfacet
  facet normal 0 0 1
    outer loop
      vertex 35.0105 -3.85403 2
      vertex 34.7546 -4.28661 2
      vertex 39.6846 -5.01333 2
    endloop
  endfacet
  facet normal 0 0 1
    outer loop
      vertex 39.6846 -5.01333 2
      vertex 34.4721 -4.70228 2
      vertex 39.2915 -7.49525 2
    endloop
  endfacet
  facet normal 0 0 1
    outer loop
      vertex 34.4721 -4.70228 2
      vertex 34.1641 -5.09939 2
      vertex 39.2915 -7.49525 2
    endloop
  endfacet
  facet normal 0 0 1
    outer loop
      vertex 34.1641 -5.09939 2
      vertex 33.8317 -5.47638 2
      vertex 39.2915 -7.49525 2
    endloop
  endfacet
  facet normal 0 0 1
    outer loop
      vertex 20.7614 -3.40623 2
      vertex 20.5618 -2.945 2
      vertex 14.5379 -2.77324 2
    endloop
  endfacet
  facet normal 0 0 1
    outer loop
      vertex 33.8317 -5.47638 2
      vertex 33.4764 -5.83175 2
      vertex 39.2915 -7.49525 2
    endloop
  endfacet
  facet normal 0 0 1
    outer loop
      vertex 20.5618 -2.945 2
      vertex 20.3915 -2.47214 2
      vertex 14.6833 -1.85493 2
    endloop
  endfacet
  facet normal 0 0 1
    outer loop
      vertex 33.4764 -5.83175 2
      vertex 33.0994 -6.16411 2
      vertex 39.2915 -7.49525 2
    endloop
  endfacet
  facet normal 0 0 1
    outer loop
      vertex 39.2915 -7.49525 2
      vertex 32.2866 -6.75462 2
      vertex 38.7433 -9.94759 2
    endloop
  endfacet
  facet normal 0 0 1
    outer loop
      vertex 32.2866 -6.75462 2
      vertex 31.854 -7.01045 2
      vertex 38.7433 -9.94759 2
    endloop
  endfacet
  facet normal 0 0 1
    outer loop
      vertex 31.854 -7.01045 2
      vertex 31.4062 -7.23862 2
      vertex 38.7433 -9.94759 2
    endloop
  endfacet
  facet normal 0 0 1
    outer loop
      vertex 31.4062 -7.23862 2
      vertex 30.945 -7.43821 2
      vertex 38.7433 -9.94759 2
    endloop
  endfacet
  facet normal 0 0 1
    outer loop
      vertex 30.945 -7.43821 2
      vertex 30.4721 -7.60845 2
      vertex 38.7433 -9.94759 2
    endloop
  endfacet
  facet normal 0 0 1
    outer loop
      vertex 30.4721 -7.60845 2
      vertex 29.9895 -7.74867 2
      vertex 38.7433 -9.94759 2
    endloop
  endfacet
  facet normal 0 0 1
    outer loop
      vertex 29.9895 -7.74867 2
      vertex 29.4991 -7.8583 2
      vertex 38.7433 -9.94759 2
    endloop
  endfacet
  facet normal 0 0 1
    outer loop
      vertex 25.055 -7.43821 2
      vertex 24.5938 -7.23862 2
      vertex 13.7607 -5.44824 2
    endloop
  endfacet
  facet normal 0 0 1
    outer loop
      vertex 29.0027 -7.93692 2
      vertex 28.5023 -7.98421 2
      vertex 38.7433 -9.94759 2
    endloop
  endfacet
  facet normal 0 0 1
    outer loop
      vertex 28.5023 -7.98421 2
      vertex 28 -8 2
      vertex 38.7433 -9.94759 2
    endloop
  endfacet
  facet normal 0 0 1
    outer loop
      vertex 27.4977 -7.98421 2
      vertex 26.9973 -7.93692 2
      vertex 38.7433 -9.94759 2
    endloop
  endfacet
  facet normal 0 0 1
    outer loop
      vertex -14.8 0 2
      vertex -20.0631 1.00267 2
      vertex -20.0158 0.502324 2
    endloop
  endfacet
  facet normal 0 0 1
    outer loop
      vertex 20.9895 -3.85403 2
      vertex 20.7614 -3.40623 2
      vertex 14.5379 -2.77324 2
    endloop
  endfacet
  facet normal 0 0 1
    outer loop
      vertex 25.5279 -7.60845 2
      vertex 25.055 -7.43821 2
      vertex 13.7607 -5.44824 2
    endloop
  endfacet
  facet normal 0 0 1
    outer loop
      vertex 28 -8 2
      vertex 27.4977 -7.98421 2
      vertex 38.7433 -9.94759 2
    endloop
  endfacet
  facet normal 0 0 1
    outer loop
      vertex 26.0105 -7.74867 2
      vertex 25.5279 -7.60845 2
      vertex 13.7607 -5.44824 2
    endloop
  endfacet
  facet normal 0 0 1
    outer loop
      vertex 24.5938 -7.23862 2
      vertex 24.146 -7.01045 2
      vertex 13.7607 -5.44824 2
    endloop
  endfacet
  facet normal 0 0 1
    outer loop
      vertex 14.0756 -4.57345 2
      vertex 13.7607 -5.44824 2
      vertex 24.146 -7.01045 2
    endloop
  endfacet
  facet normal 0 0 1
    outer loop
      vertex 23.2977 -6.47214 2
      vertex 22.9006 -6.16411 2
      vertex 14.0756 -4.57345 2
    endloop
  endfacet
  facet normal 0 0 1
    outer loop
      vertex 14.0756 -4.57345 2
      vertex 24.146 -7.01045 2
      vertex 23.7134 -6.75462 2
    endloop
  endfacet
  facet normal 0 0 1
    outer loop
      vertex 22.9006 -6.16411 2
      vertex 22.5236 -5.83175 2
      vertex 14.0756 -4.57345 2
    endloop
  endfacet
  facet normal 0 0 1
    outer loop
      vertex 22.5236 -5.83175 2
      vertex 22.1683 -5.47638 2
      vertex 14.0756 -4.57345 2
    endloop
  endfacet
  facet normal 0 0 1
    outer loop
      vertex 21.8359 -5.09939 2
      vertex 21.5279 -4.70228 2
      vertex 14.335 -3.68061 2
    endloop
  endfacet
  facet normal 0 0 1
    outer loop
      vertex 29.4991 -7.8583 2
      vertex 29.0027 -7.93692 2
      vertex 38.7433 -9.94759 2
    endloop
  endfacet
  facet normal 0 0 1
    outer loop
      vertex 13.7607 -5.44824 2
      vertex 13.3914 -6.30153 2
      vertex 26.5009 -7.8583 2
    endloop
  endfacet
  facet normal 0 0 1
    outer loop
      vertex 34.7546 -4.28661 2
      vertex 34.4721 -4.70228 2
      vertex 39.6846 -5.01333 2
    endloop
  endfacet
  facet normal 0 0 1
    outer loop
      vertex 14.5379 -2.77324 2
      vertex 14.335 -3.68061 2
      vertex 21.5279 -4.70228 2
    endloop
  endfacet
  facet normal 0 0 1
    outer loop
      vertex 14.5379 -2.77324 2
      vertex 21.5279 -4.70228 2
      vertex 21.2454 -4.28661 2
    endloop
  endfacet
  facet normal 0 0 1
    outer loop
      vertex 21.2454 -4.28661 2
      vertex 20.9895 -3.85403 2
      vertex 14.5379 -2.77324 2
    endloop
  endfacet
  facet normal 0 0 1
    outer loop
      vertex 14.7708 -0.9293 2
      vertex 14.6833 -1.85493 2
      vertex 20.2513 -1.98952 2
    endloop
  endfacet
  facet normal 0 0 1
    outer loop
      vertex 14.6833 -1.85493 2
      vertex 14.5379 -2.77324 2
      vertex 20.5618 -2.945 2
    endloop
  endfacet
  facet normal 0 0 1
    outer loop
      vertex 20 -4.89859e-15 2
      vertex 20.0158 0.502324 2
      vertex 14.8 0 2
    endloop
  endfacet
  facet normal 0 0 1
    outer loop
      vertex -26.9973 -7.93692 2
      vertex -27.4977 -7.98421 2
      vertex -16.7886 -16.7505 2
    endloop
  endfacet
  facet normal 0 0 1
    outer loop
      vertex -15.8268 -16.4601 2
      vertex -15.3342 -16.3607 2
      vertex -26.5009 -7.8583 2
    endloop
  endfacet
  facet normal 0 0 1
    outer loop
      vertex -18.5657 -17.6795 2
      vertex -28.5023 -7.98421 2
      vertex -29.0027 -7.93692 2
    endloop
  endfacet
  facet normal 0 0 1
    outer loop
      vertex -6.44499 -26.8796 2
      vertex -6.62509 -27.3488 2
      vertex 7.49525 -39.2915 2
    endloop
  endfacet
  facet normal 0 0 1
    outer loop
      vertex -16.7886 -16.7505 2
      vertex -16.3123 -16.5902 2
      vertex -26.9973 -7.93692 2
    endloop
  endfacet
  facet normal 0 0 1
    outer loop
      vertex -17.7064 -17.1591 2
      vertex -17.2539 -16.9403 2
      vertex -27.4977 -7.98421 2
    endloop
  endfacet
  facet normal 0 0 1
    outer loop
      vertex -14.335 -16.2557 2
      vertex -13.8325 -16.2505 2
      vertex -25.5279 -7.60845 2
    endloop
  endfacet
  facet normal 0 0 1
    outer loop
      vertex -35.9369 -1.00267 2
      vertex -35.9842 -0.502324 2
      vertex -39.9211 2.51162 2
    endloop
  endfacet
  facet normal 0 0 1
    outer loop
      vertex 7.15709 -20.1045 2
      vertex -6.30153 -13.3914 2
      vertex -22.5236 -5.83175 2
    endloop
  endfacet
  facet normal 0 0 1
    outer loop
      vertex -23.2977 -6.47214 2
      vertex -23.7134 -6.75462 2
      vertex 6.11203 -22.9146 2
    endloop
  endfacet
  facet normal 0 0 1
    outer loop
      vertex 6.50174 -21.4601 2
      vertex -22.5236 -5.83175 2
      vertex -22.9006 -6.16411 2
    endloop
  endfacet
  facet normal 0 0 1
    outer loop
      vertex -35.9842 0.502324 2
      vertex -35.9369 1.00267 2
      vertex -39.9211 2.51162 2
    endloop
  endfacet
  facet normal 0 0 1
    outer loop
      vertex -14.7708 0.9293 22
      vertex -14.8 0 22
      vertex -14.7708 -0.9293 22
    endloop
  endfacet
  facet normal 0 0 1
    outer loop
      vertex -14.5379 -2.77324 22
      vertex -14.7708 0.9293 22
      vertex -14.6833 -1.85493 22
    endloop
  endfacet
  facet normal 0 0 1
    outer loop
      vertex -14.6833 -1.85493 22
      vertex -14.7708 0.9293 22
      vertex -14.7708 -0.9293 22
    endloop
  endfacet
  facet normal 0 0 1
    outer loop
      vertex -14.335 -3.68061 22
      vertex -14.7708 0.9293 22
      vertex -14.5379 -2.77324 22
    endloop
  endfacet
  facet normal 0 0 1
    outer loop
      vertex -14.0756 -4.57345 22
      vertex -14.7708 0.9293 22
      vertex -14.335 -3.68061 22
    endloop
  endfacet
  facet normal 0 0 1
    outer loop
      vertex -13.7607 -5.44824 22
      vertex -14.7708 0.9293 22
      vertex -14.0756 -4.57345 22
    endloop
  endfacet
  facet normal 0 0 1
    outer loop
      vertex -13.3914 -6.30153 22
      vertex -14.7708 0.9293 22
      vertex -13.7607 -5.44824 22
    endloop
  endfacet
  facet normal 0 0 1
    outer loop
      vertex -12.9693 -7.12995 22
      vertex -14.7708 0.9293 22
      vertex -13.3914 -6.30153 22
    endloop
  endfacet
  facet normal 0 0 1
    outer loop
      vertex -12.4961 -7.93024 22
      vertex -14.7708 0.9293 22
      vertex -12.9693 -7.12995 22
    endloop
  endfacet
  facet normal 0 0 1
    outer loop
      vertex -11.9735 -8.69922 22
      vertex -14.7708 0.9293 22
      vertex -12.4961 -7.93024 22
    endloop
  endfacet
  facet normal 0 0 1
    outer loop
      vertex -11.4036 -9.43388 22
      vertex -14.7708 0.9293 22
      vertex -11.9735 -8.69922 22
    endloop
  endfacet
  facet normal 0 0 1
    outer loop
      vertex -10.7887 -10.1313 22
      vertex -14.7708 0.9293 22
      vertex -11.4036 -9.43388 22
    endloop
  endfacet
  facet normal 0 0 1
    outer loop
      vertex -10.1313 -10.7887 22
      vertex -14.7708 0.9293 22
      vertex -10.7887 -10.1313 22
    endloop
  endfacet
  facet normal 0 0 1
    outer loop
      vertex -9.43388 -11.4036 22
      vertex -14.7708 0.9293 22
      vertex -10.1313 -10.7887 22
    endloop
  endfacet
  facet normal 0 0 1
    outer loop
      vertex -11.7628 -5.53513 22
      vertex -14.7708 0.9293 22
      vertex -9.43388 -11.4036 22
    endloop
  endfacet
  facet normal 0 0 1
    outer loop
      vertex -10.9763 -6.96575 22
      vertex -11.392 -6.2628 22
      vertex -8.69922 -11.9735 22
    endloop
  endfacet
  facet normal 0 0 1
    outer loop
      vertex -10.0167 -8.28651 22
      vertex -10.5172 -7.64121 22
      vertex -7.93024 -12.4961 22
    endloop
  endfacet
  facet normal 0 0 1
    outer loop
      vertex -8.89911 -9.47659 22
      vertex -9.47659 -8.89911 22
      vertex -7.12995 -12.9693 22
    endloop
  endfacet
  facet normal 0 0 1
    outer loop
      vertex -8.28651 -10.0167 22
      vertex -8.89911 -9.47659 22
      vertex -6.30153 -13.3914 22
    endloop
  endfacet
  facet normal 0 0 1
    outer loop
      vertex -6.96575 -10.9763 22
      vertex -7.64121 -10.5172 22
      vertex -5.44824 -13.7607 22
    endloop
  endfacet
  facet normal 0 0 1
    outer loop
      vertex -6.2628 -11.392 22
      vertex -6.96575 -10.9763 22
      vertex -4.57345 -14.0756 22
    endloop
  endfacet
  facet normal 0 0 1
    outer loop
      vertex 10.5172 -7.64121 22
      vertex 10.0167 -8.28651 22
      vertex 11.9735 -8.69922 22
    endloop
  endfacet
  facet normal 0 0 1
    outer loop
      vertex 10.9763 -6.96575 22
      vertex 10.5172 -7.64121 22
      vertex 12.4961 -7.93024 22
    endloop
  endfacet
  facet normal 0 0 1
    outer loop
      vertex 11.392 -6.2628 22
      vertex 10.9763 -6.96575 22
      vertex 12.9693 -7.12995 22
    endloop
  endfacet
  facet normal 0 0 1
    outer loop
      vertex 11.7628 -5.53513 22
      vertex 11.392 -6.2628 22
      vertex 13.3914 -6.30153 22
    endloop
  endfacet
  facet normal 0 0 1
    outer loop
      vertex 12.0871 -4.78562 22
      vertex 11.7628 -5.53513 22
      vertex 13.7607 -5.44824 22
    endloop
  endfacet
  facet normal 0 0 1
    outer loop
      vertex 12.3637 -4.01722 22
      vertex 12.0871 -4.78562 22
      vertex 14.0756 -4.57345 22
    endloop
  endfacet
  facet normal 0 0 1
    outer loop
      vertex 12.5916 -3.23297 22
      vertex 12.3637 -4.01722 22
      vertex 14.335 -3.68061 22
    endloop
  endfacet
  facet normal 0 0 1
    outer loop
      vertex 12.7697 -2.43596 22
      vertex 12.5916 -3.23297 22
      vertex 14.5379 -2.77324 22
    endloop
  endfacet
  facet normal 0 0 1
    outer loop
      vertex -12.9743 0.816277 22
      vertex -12.8975 1.62933 22
      vertex -14.7708 0.9293 22
    endloop
  endfacet
  facet normal 0 0 1
    outer loop
      vertex 8.28651 -10.0167 22
      vertex 7.64121 -10.5172 22
      vertex 9.43388 -11.4036 22
    endloop
  endfacet
  facet normal 0 0 1
    outer loop
      vertex 12.8975 1.62933 22
      vertex 12.9743 0.816277 22
      vertex 14.7708 0.9293 22
    endloop
  endfacet
  facet normal 0 0 1
    outer loop
      vertex 12.7697 2.43596 22
      vertex 12.8975 1.62933 22
      vertex 14.6833 1.85493 22
    endloop
  endfacet
  facet normal 0 0 1
    outer loop
      vertex 12.5916 3.23297 22
      vertex 12.7697 2.43596 22
      vertex 14.5379 2.77324 22
    endloop
  endfacet
  facet normal 0 0 1
    outer loop
      vertex 12.3637 4.01722 22
      vertex 12.5916 3.23297 22
      vertex 14.335 3.68061 22
    endloop
  endfacet
  facet normal 0 0 1
    outer loop
      vertex 12.0871 4.78562 22
      vertex 12.3637 4.01722 22
      vertex 14.0756 4.57345 22
    endloop
  endfacet
  facet normal 0 0 1
    outer loop
      vertex 11.7628 5.53513 22
      vertex 12.0871 4.78562 22
      vertex 13.7607 5.44824 22
    endloop
  endfacet
  facet normal 0 0 1
    outer loop
      vertex 11.392 6.2628 22
      vertex 11.7628 5.53513 22
      vertex 13.3914 6.30153 22
    endloop
  endfacet
  facet normal 0 0 1
    outer loop
      vertex 10.9763 6.96575 22
      vertex 11.392 6.2628 22
      vertex 12.9693 7.12995 22
    endloop
  endfacet
  facet normal 0 0 1
    outer loop
      vertex 10.5172 7.64121 22
      vertex 10.9763 6.96575 22
      vertex 12.4961 7.93024 22
    endloop
  endfacet
  facet normal 0 0 1
    outer loop
      vertex 8.89911 9.47659 22
      vertex 9.47659 8.89911 22
      vertex 10.7887 10.1313 22
    endloop
  endfacet
  facet normal 0 0 1
    outer loop
      vertex 1.62933 12.8975 22
      vertex 2.43596 12.7697 22
      vertex 3.68061 14.335 22
    endloop
  endfacet
  facet normal 0 0 1
    outer loop
      vertex -3.23297 12.5916 22
      vertex -2.43596 12.7697 22
      vertex -0.9293 14.7708 22
    endloop
  endfacet
  facet normal 0 0 1
    outer loop
      vertex -12.7697 -2.43596 22
      vertex -12.8975 -1.62933 22
      vertex -14.7708 0.9293 22
    endloop
  endfacet
  facet normal 0 0 1
    outer loop
      vertex -6.2628 11.392 22
      vertex -5.53513 11.7628 22
      vertex -3.68061 14.335 22
    endloop
  endfacet
  facet normal 0 0 1
    outer loop
      vertex -10.5172 7.64121 22
      vertex -10.0167 8.28651 22
      vertex -7.12995 12.9693 22
    endloop
  endfacet
  facet normal 0 0 1
    outer loop
      vertex -8.28651 10.0167 22
      vertex -7.64121 10.5172 22
      vertex -5.44824 13.7607 22
    endloop
  endfacet
  facet normal 0 0 1
    outer loop
      vertex -8.69922 11.9735 22
      vertex -14.7708 0.9293 22
      vertex -7.93024 12.4961 22
    endloop
  endfacet
  facet normal 0 0 1
    outer loop
      vertex -9.43388 11.4036 22
      vertex -14.7708 0.9293 22
      vertex -8.69922 11.9735 22
    endloop
  endfacet
  facet normal 0 0 1
    outer loop
      vertex -10.1313 10.7887 22
      vertex -14.7708 0.9293 22
      vertex -9.43388 11.4036 22
    endloop
  endfacet
  facet normal 0 0 1
    outer loop
      vertex -10.7887 10.1313 22
      vertex -14.7708 0.9293 22
      vertex -10.1313 10.7887 22
    endloop
  endfacet
  facet normal 0 0 1
    outer loop
      vertex -11.4036 9.43388 22
      vertex -14.7708 0.9293 22
      vertex -10.7887 10.1313 22
    endloop
  endfacet
  facet normal 0 0 1
    outer loop
      vertex -11.9735 8.69922 22
      vertex -14.7708 0.9293 22
      vertex -11.4036 9.43388 22
    endloop
  endfacet
  facet normal 0 0 1
    outer loop
      vertex -12.4961 7.93024 22
      vertex -14.7708 0.9293 22
      vertex -11.9735 8.69922 22
    endloop
  endfacet
  facet normal 0 0 1
    outer loop
      vertex -12.9693 7.12995 22
      vertex -14.7708 0.9293 22
      vertex -12.4961 7.93024 22
    endloop
  endfacet
  facet normal 0 0 1
    outer loop
      vertex -13.3914 6.30153 22
      vertex -14.7708 0.9293 22
      vertex -12.9693 7.12995 22
    endloop
  endfacet
  facet normal 0 0 1
    outer loop
      vertex -13.7607 5.44824 22
      vertex -14.7708 0.9293 22
      vertex -13.3914 6.30153 22
    endloop
  endfacet
  facet normal 0 0 1
    outer loop
      vertex -14.0756 4.57345 22
      vertex -14.7708 0.9293 22
      vertex -13.7607 5.44824 22
    endloop
  endfacet
  facet normal 0 0 1
    outer loop
      vertex -14.335 3.68061 22
      vertex -14.7708 0.9293 22
      vertex -14.0756 4.57345 22
    endloop
  endfacet
  facet normal 0 0 1
    outer loop
      vertex -14.5379 2.77324 22
      vertex -14.7708 0.9293 22
      vertex -14.335 3.68061 22
    endloop
  endfacet
  facet normal 0 0 1
    outer loop
      vertex -14.6833 1.85493 22
      vertex -14.7708 0.9293 22
      vertex -14.5379 2.77324 22
    endloop
  endfacet
  facet normal 0 0 1
    outer loop
      vertex -1.62933 -12.8975 22
      vertex -2.43596 -12.7697 22
      vertex 0 -14.8 22
    endloop
  endfacet
  facet normal 0 0 1
    outer loop
      vertex 6.2628 -11.392 22
      vertex 5.53513 -11.7628 22
      vertex 7.93024 -12.4961 22
    endloop
  endfacet
  facet normal 0 0 1
    outer loop
      vertex 12.8975 -1.62933 22
      vertex 12.7697 -2.43596 22
      vertex 14.6833 -1.85493 22
    endloop
  endfacet
  facet normal 0 0 1
    outer loop
      vertex 9.47659 8.89911 22
      vertex 10.0167 8.28651 22
      vertex 11.4036 9.43388 22
    endloop
  endfacet
  facet normal 0 0 1
    outer loop
      vertex 2.43596 12.7697 22
      vertex 3.23297 12.5916 22
      vertex 4.57345 14.0756 22
    endloop
  endfacet
  facet normal 0 0 1
    outer loop
      vertex -2.43596 12.7697 22
      vertex -1.62933 12.8975 22
      vertex 0 14.8 22
    endloop
  endfacet
  facet normal 0 0 1
    outer loop
      vertex -5.53513 11.7628 22
      vertex -4.78562 12.0871 22
      vertex -2.77324 14.5379 22
    endloop
  endfacet
  facet normal 0 0 1
    outer loop
      vertex -12.5916 -3.23297 22
      vertex -12.7697 -2.43596 22
      vertex -14.7708 0.9293 22
    endloop
  endfacet
  facet normal 0 0 1
    outer loop
      vertex -11.7628 5.53513 22
      vertex -11.392 6.2628 22
      vertex -14.7708 0.9293 22
    endloop
  endfacet
  facet normal 0 0 1
    outer loop
      vertex -7.64121 10.5172 22
      vertex -6.96575 10.9763 22
      vertex -4.57345 14.0756 22
    endloop
  endfacet
  facet normal 0 0 1
    outer loop
      vertex -9.47659 8.89911 22
      vertex -8.89911 9.47659 22
      vertex -6.30153 13.3914 22
    endloop
  endfacet
  facet normal 0 0 1
    outer loop
      vertex -7.93024 12.4961 22
      vertex -14.7708 0.9293 22
      vertex -11.392 6.2628 22
    endloop
  endfacet
  facet normal 0 0 1
    outer loop
      vertex -7.93024 12.4961 22
      vertex -10.9763 6.96575 22
      vertex -7.12995 12.9693 22
    endloop
  endfacet
  facet normal 0 0 1
    outer loop
      vertex -7.93024 12.4961 22
      vertex -11.392 6.2628 22
      vertex -10.9763 6.96575 22
    endloop
  endfacet
  facet normal 0 0 1
    outer loop
      vertex -10.9763 6.96575 22
      vertex -10.5172 7.64121 22
      vertex -7.12995 12.9693 22
    endloop
  endfacet
  facet normal 0 0 1
    outer loop
      vertex -7.12995 12.9693 22
      vertex -10.0167 8.28651 22
      vertex -6.30153 13.3914 22
    endloop
  endfacet
  facet normal 0 0 1
    outer loop
      vertex -10.0167 8.28651 22
      vertex -9.47659 8.89911 22
      vertex -6.30153 13.3914 22
    endloop
  endfacet
  facet normal 0 0 1
    outer loop
      vertex -6.30153 13.3914 22
      vertex -8.89911 9.47659 22
      vertex -5.44824 13.7607 22
    endloop
  endfacet
  facet normal 0 0 1
    outer loop
      vertex -8.89911 9.47659 22
      vertex -8.28651 10.0167 22
      vertex -5.44824 13.7607 22
    endloop
  endfacet
  facet normal 0 0 1
    outer loop
      vertex -5.44824 13.7607 22
      vertex -7.64121 10.5172 22
      vertex -4.57345 14.0756 22
    endloop
  endfacet
  facet normal 0 0 1
    outer loop
      vertex -12.0871 4.78562 22
      vertex -11.7628 5.53513 22
      vertex -14.7708 0.9293 22
    endloop
  endfacet
  facet normal 0 0 1
    outer loop
      vertex -4.57345 14.0756 22
      vertex -6.96575 10.9763 22
      vertex -3.68061 14.335 22
    endloop
  endfacet
  facet normal 0 0 1
    outer loop
      vertex -6.96575 10.9763 22
      vertex -6.2628 11.392 22
      vertex -3.68061 14.335 22
    endloop
  endfacet
  facet normal 0 0 1
    outer loop
      vertex -3.68061 14.335 22
      vertex -5.53513 11.7628 22
      vertex -2.77324 14.5379 22
    endloop
  endfacet
  facet normal 0 0 1
    outer loop
      vertex -4.78562 12.0871 22
      vertex -4.01722 12.3637 22
      vertex -1.85493 14.6833 22
    endloop
  endfacet
  facet normal 0 0 1
    outer loop
      vertex -2.77324 14.5379 22
      vertex -4.78562 12.0871 22
      vertex -1.85493 14.6833 22
    endloop
  endfacet
  facet normal 0 0 1
    outer loop
      vertex -12.3637 4.01722 22
      vertex -12.0871 4.78562 22
      vertex -14.7708 0.9293 22
    endloop
  endfacet
  facet normal 0 0 1
    outer loop
      vertex -1.85493 14.6833 22
      vertex -4.01722 12.3637 22
      vertex -0.9293 14.7708 22
    endloop
  endfacet
  facet normal 0 0 1
    outer loop
      vertex -4.01722 12.3637 22
      vertex -3.23297 12.5916 22
      vertex -0.9293 14.7708 22
    endloop
  endfacet
  facet normal 0 0 1
    outer loop
      vertex -0.9293 14.7708 22
      vertex -2.43596 12.7697 22
      vertex 0 14.8 22
    endloop
  endfacet
  facet normal 0 0 1
    outer loop
      vertex 0 14.8 22
      vertex -1.62933 12.8975 22
      vertex 0.9293 14.7708 22
    endloop
  endfacet
  facet normal 0 0 1
    outer loop
      vertex 0 13 22
      vertex 0.816277 12.9743 22
      vertex 2.77324 14.5379 22
    endloop
  endfacet
  facet normal 0 0 1
    outer loop
      vertex 0.9293 14.7708 22
      vertex -0.816277 12.9743 22
      vertex 1.85493 14.6833 22
    endloop
  endfacet
  facet normal 0 0 1
    outer loop
      vertex -12.5916 3.23297 22
      vertex -12.3637 4.01722 22
      vertex -14.7708 0.9293 22
    endloop
  endfacet
  facet normal 0 0 1
    outer loop
      vertex 1.85493 14.6833 22
      vertex 0 13 22
      vertex 2.77324 14.5379 22
    endloop
  endfacet
  facet normal 0 0 1
    outer loop
      vertex 2.77324 14.5379 22
      vertex 0.816277 12.9743 22
      vertex 3.68061 14.335 22
    endloop
  endfacet
  facet normal 0 0 1
    outer loop
      vertex 0.816277 12.9743 22
      vertex 1.62933 12.8975 22
      vertex 3.68061 14.335 22
    endloop
  endfacet
  facet normal 0 0 1
    outer loop
      vertex 3.68061 14.335 22
      vertex 2.43596 12.7697 22
      vertex 4.57345 14.0756 22
    endloop
  endfacet
  facet normal 0 0 1
    outer loop
      vertex -1.62933 12.8975 22
      vertex -0.816277 12.9743 22
      vertex 0.9293 14.7708 22
    endloop
  endfacet
  facet normal 0 0 1
    outer loop
      vertex 4.57345 14.0756 22
      vertex 3.23297 12.5916 22
      vertex 5.44824 13.7607 22
    endloop
  endfacet
  facet normal 0 0 1
    outer loop
      vertex -0.816277 12.9743 22
      vertex 0 13 22
      vertex 1.85493 14.6833 22
    endloop
  endfacet
  facet normal 0 0 1
    outer loop
      vertex 5.44824 13.7607 22
      vertex 4.01722 12.3637 22
      vertex 6.30153 13.3914 22
    endloop
  endfacet
  facet normal 0 0 1
    outer loop
      vertex 6.30153 13.3914 22
      vertex 4.78562 12.0871 22
      vertex 7.12995 12.9693 22
    endloop
  endfacet
  facet normal 0 0 1
    outer loop
      vertex 7.64121 10.5172 22
      vertex 8.28651 10.0167 22
      vertex 10.1313 10.7887 22
    endloop
  endfacet
  facet normal 0 0 1
    outer loop
      vertex 7.12995 12.9693 22
      vertex 5.53513 11.7628 22
      vertex 7.93024 12.4961 22
    endloop
  endfacet
  facet normal 0 0 1
    outer loop
      vertex -12.7697 2.43596 22
      vertex -12.5916 3.23297 22
      vertex -14.7708 0.9293 22
    endloop
  endfacet
  facet normal 0 0 1
    outer loop
      vertex 7.93024 12.4961 22
      vertex 6.2628 11.392 22
      vertex 8.69922 11.9735 22
    endloop
  endfacet
  facet normal 0 0 1
    outer loop
      vertex 8.69922 11.9735 22
      vertex 6.96575 10.9763 22
      vertex 9.43388 11.4036 22
    endloop
  endfacet
  facet normal 0 0 1
    outer loop
      vertex 9.43388 11.4036 22
      vertex 7.64121 10.5172 22
      vertex 10.1313 10.7887 22
    endloop
  endfacet
  facet normal 0 0 1
    outer loop
      vertex 10.1313 10.7887 22
      vertex 8.28651 10.0167 22
      vertex 10.7887 10.1313 22
    endloop
  endfacet
  facet normal 0 0 1
    outer loop
      vertex 8.28651 10.0167 22
      vertex 8.89911 9.47659 22
      vertex 10.7887 10.1313 22
    endloop
  endfacet
  facet normal 0 0 1
    outer loop
      vertex 10.7887 10.1313 22
      vertex 9.47659 8.89911 22
      vertex 11.4036 9.43388 22
    endloop
  endfacet
  facet normal 0 0 1
    outer loop
      vertex 3.23297 12.5916 22
      vertex 4.01722 12.3637 22
      vertex 5.44824 13.7607 22
    endloop
  endfacet
  facet normal 0 0 1
    outer loop
      vertex 11.4036 9.43388 22
      vertex 10.0167 8.28651 22
      vertex 11.9735 8.69922 22
    endloop
  endfacet
  facet normal 0 0 1
    outer loop
      vertex 4.01722 12.3637 22
      vertex 4.78562 12.0871 22
      vertex 6.30153 13.3914 22
    endloop
  endfacet
  facet normal 0 0 1
    outer loop
      vertex 11.9735 8.69922 22
      vertex 10.5172 7.64121 22
      vertex 12.4961 7.93024 22
    endloop
  endfacet
  facet normal 0 0 1
    outer loop
      vertex 4.78562 12.0871 22
      vertex 5.53513 11.7628 22
      vertex 7.12995 12.9693 22
    endloop
  endfacet
  facet normal 0 0 1
    outer loop
      vertex 12.4961 7.93024 22
      vertex 10.9763 6.96575 22
      vertex 12.9693 7.12995 22
    endloop
  endfacet
  facet normal 0 0 1
    outer loop
      vertex 5.53513 11.7628 22
      vertex 6.2628 11.392 22
      vertex 7.93024 12.4961 22
    endloop
  endfacet
  facet normal 0 0 1
    outer loop
      vertex 12.9693 7.12995 22
      vertex 11.392 6.2628 22
      vertex 13.3914 6.30153 22
    endloop
  endfacet
  facet normal 0 0 1
    outer loop
      vertex 6.2628 11.392 22
      vertex 6.96575 10.9763 22
      vertex 8.69922 11.9735 22
    endloop
  endfacet
  facet normal 0 0 1
    outer loop
      vertex 13.3914 6.30153 22
      vertex 11.7628 5.53513 22
      vertex 13.7607 5.44824 22
    endloop
  endfacet
  facet normal 0 0 1
    outer loop
      vertex 6.96575 10.9763 22
      vertex 7.64121 10.5172 22
      vertex 9.43388 11.4036 22
    endloop
  endfacet
  facet normal 0 0 1
    outer loop
      vertex 13.7607 5.44824 22
      vertex 12.0871 4.78562 22
      vertex 14.0756 4.57345 22
    endloop
  endfacet
  facet normal 0 0 1
    outer loop
      vertex 14.0756 4.57345 22
      vertex 12.3637 4.01722 22
      vertex 14.335 3.68061 22
    endloop
  endfacet
  facet normal 0 0 1
    outer loop
      vertex 12.9743 0.816277 22
      vertex 13 0 22
      vertex 14.8 0 22
    endloop
  endfacet
  facet normal 0 0 1
    outer loop
      vertex 14.335 3.68061 22
      vertex 12.5916 3.23297 22
      vertex 14.5379 2.77324 22
    endloop
  endfacet
  facet normal 0 0 1
    outer loop
      vertex -12.8975 1.62933 22
      vertex -12.7697 2.43596 22
      vertex -14.7708 0.9293 22
    endloop
  endfacet
  facet normal 0 0 1
    outer loop
      vertex 14.5379 2.77324 22
      vertex 12.7697 2.43596 22
      vertex 14.6833 1.85493 22
    endloop
  endfacet
  facet normal 0 0 1
    outer loop
      vertex 14.6833 1.85493 22
      vertex 12.8975 1.62933 22
      vertex 14.7708 0.9293 22
    endloop
  endfacet
  facet normal 0 0 1
    outer loop
      vertex 14.7708 0.9293 22
      vertex 12.9743 0.816277 22
      vertex 14.8 0 22
    endloop
  endfacet
  facet normal 0 0 1
    outer loop
      vertex 14.8 0 22
      vertex 13 0 22
      vertex 14.7708 -0.9293 22
    endloop
  endfacet
  facet normal 0 0 1
    outer loop
      vertex 14.7708 -0.9293 22
      vertex 12.9743 -0.816277 22
      vertex 14.6833 -1.85493 22
    endloop
  endfacet
  facet normal 0 0 1
    outer loop
      vertex 10.0167 8.28651 22
      vertex 10.5172 7.64121 22
      vertex 11.9735 8.69922 22
    endloop
  endfacet
  facet normal 0 0 1
    outer loop
      vertex 12.9743 -0.816277 22
      vertex 12.8975 -1.62933 22
      vertex 14.6833 -1.85493 22
    endloop
  endfacet
  facet normal 0 0 1
    outer loop
      vertex 14.6833 -1.85493 22
      vertex 12.7697 -2.43596 22
      vertex 14.5379 -2.77324 22
    endloop
  endfacet
  facet normal 0 0 1
    outer loop
      vertex 14.5379 -2.77324 22
      vertex 12.5916 -3.23297 22
      vertex 14.335 -3.68061 22
    endloop
  endfacet
  facet normal 0 0 1
    outer loop
      vertex 14.335 -3.68061 22
      vertex 12.3637 -4.01722 22
      vertex 14.0756 -4.57345 22
    endloop
  endfacet
  facet normal 0 0 1
    outer loop
      vertex 14.0756 -4.57345 22
      vertex 12.0871 -4.78562 22
      vertex 13.7607 -5.44824 22
    endloop
  endfacet
  facet normal 0 0 1
    outer loop
      vertex 13.7607 -5.44824 22
      vertex 11.7628 -5.53513 22
      vertex 13.3914 -6.30153 22
    endloop
  endfacet
  facet normal 0 0 1
    outer loop
      vertex 13.3914 -6.30153 22
      vertex 11.392 -6.2628 22
      vertex 12.9693 -7.12995 22
    endloop
  endfacet
  facet normal 0 0 1
    outer loop
      vertex 12.9693 -7.12995 22
      vertex 10.9763 -6.96575 22
      vertex 12.4961 -7.93024 22
    endloop
  endfacet
  facet normal 0 0 1
    outer loop
      vertex 12.4961 -7.93024 22
      vertex 10.5172 -7.64121 22
      vertex 11.9735 -8.69922 22
    endloop
  endfacet
  facet normal 0 0 1
    outer loop
      vertex 11.9735 -8.69922 22
      vertex 10.0167 -8.28651 22
      vertex 11.4036 -9.43388 22
    endloop
  endfacet
  facet normal 0 0 1
    outer loop
      vertex 11.4036 -9.43388 22
      vertex 9.47659 -8.89911 22
      vertex 10.7887 -10.1313 22
    endloop
  endfacet
  facet normal 0 0 1
    outer loop
      vertex 10.7887 -10.1313 22
      vertex 8.89911 -9.47659 22
      vertex 10.1313 -10.7887 22
    endloop
  endfacet
  facet normal 0 0 1
    outer loop
      vertex 13 0 22
      vertex 12.9743 -0.816277 22
      vertex 14.7708 -0.9293 22
    endloop
  endfacet
  facet normal 0 0 1
    outer loop
      vertex 10.1313 -10.7887 22
      vertex 8.28651 -10.0167 22
      vertex 9.43388 -11.4036 22
    endloop
  endfacet
  facet normal 0 0 1
    outer loop
      vertex 9.43388 -11.4036 22
      vertex 7.64121 -10.5172 22
      vertex 8.69922 -11.9735 22
    endloop
  endfacet
  facet normal 0 0 1
    outer loop
      vertex 7.64121 -10.5172 22
      vertex 6.96575 -10.9763 22
      vertex 8.69922 -11.9735 22
    endloop
  endfacet
  facet normal 0 0 1
    outer loop
      vertex 8.69922 -11.9735 22
      vertex 6.2628 -11.392 22
      vertex 7.93024 -12.4961 22
    endloop
  endfacet
  facet normal 0 0 1
    outer loop
      vertex 7.93024 -12.4961 22
      vertex 5.53513 -11.7628 22
      vertex 7.12995 -12.9693 22
    endloop
  endfacet
  facet normal 0 0 1
    outer loop
      vertex 7.12995 -12.9693 22
      vertex 4.78562 -12.0871 22
      vertex 6.30153 -13.3914 22
    endloop
  endfacet
  facet normal 0 0 1
    outer loop
      vertex 6.30153 -13.3914 22
      vertex 4.01722 -12.3637 22
      vertex 5.44824 -13.7607 22
    endloop
  endfacet
  facet normal 0 0 1
    outer loop
      vertex 5.44824 -13.7607 22
      vertex 3.23297 -12.5916 22
      vertex 4.57345 -14.0756 22
    endloop
  endfacet
  facet normal 0 0 1
    outer loop
      vertex 4.57345 -14.0756 22
      vertex 2.43596 -12.7697 22
      vertex 3.68061 -14.335 22
    endloop
  endfacet
  facet normal 0 0 1
    outer loop
      vertex 3.68061 -14.335 22
      vertex 1.62933 -12.8975 22
      vertex 2.77324 -14.5379 22
    endloop
  endfacet
  facet normal 0 0 1
    outer loop
      vertex 2.77324 -14.5379 22
      vertex 0.816277 -12.9743 22
      vertex 1.85493 -14.6833 22
    endloop
  endfacet
  facet normal 0 0 1
    outer loop
      vertex 1.85493 -14.6833 22
      vertex 0 -13 22
      vertex 0.9293 -14.7708 22
    endloop
  endfacet
  facet normal 0 0 1
    outer loop
      vertex 0 -13 22
      vertex -0.816277 -12.9743 22
      vertex 0.9293 -14.7708 22
    endloop
  endfacet
  facet normal 0 0 1
    outer loop
      vertex 0.9293 -14.7708 22
      vertex -1.62933 -12.8975 22
      vertex 0 -14.8 22
    endloop
  endfacet
  facet normal 0 0 1
    outer loop
      vertex 5.53513 -11.7628 22
      vertex 4.78562 -12.0871 22
      vertex 7.12995 -12.9693 22
    endloop
  endfacet
  facet normal 0 0 1
    outer loop
      vertex 0 -14.8 22
      vertex -2.43596 -12.7697 22
      vertex -0.9293 -14.7708 22
    endloop
  endfacet
  facet normal 0 0 1
    outer loop
      vertex 4.78562 -12.0871 22
      vertex 4.01722 -12.3637 22
      vertex 6.30153 -13.3914 22
    endloop
  endfacet
  facet normal 0 0 1
    outer loop
      vertex -0.9293 -14.7708 22
      vertex -3.23297 -12.5916 22
      vertex -1.85493 -14.6833 22
    endloop
  endfacet
  facet normal 0 0 1
    outer loop
      vertex 4.01722 -12.3637 22
      vertex 3.23297 -12.5916 22
      vertex 5.44824 -13.7607 22
    endloop
  endfacet
  facet normal 0 0 1
    outer loop
      vertex -1.85493 -14.6833 22
      vertex -4.01722 -12.3637 22
      vertex -2.77324 -14.5379 22
    endloop
  endfacet
  facet normal 0 0 1
    outer loop
      vertex 3.23297 -12.5916 22
      vertex 2.43596 -12.7697 22
      vertex 4.57345 -14.0756 22
    endloop
  endfacet
  facet normal 0 0 1
    outer loop
      vertex -2.77324 -14.5379 22
      vertex -4.78562 -12.0871 22
      vertex -3.68061 -14.335 22
    endloop
  endfacet
  facet normal 0 0 1
    outer loop
      vertex 2.43596 -12.7697 22
      vertex 1.62933 -12.8975 22
      vertex 3.68061 -14.335 22
    endloop
  endfacet
  facet normal 0 0 1
    outer loop
      vertex -4.78562 -12.0871 22
      vertex -5.53513 -11.7628 22
      vertex -3.68061 -14.335 22
    endloop
  endfacet
  facet normal 0 0 1
    outer loop
      vertex -3.68061 -14.335 22
      vertex -6.2628 -11.392 22
      vertex -4.57345 -14.0756 22
    endloop
  endfacet
  facet normal 0 0 1
    outer loop
      vertex -4.57345 -14.0756 22
      vertex -6.96575 -10.9763 22
      vertex -5.44824 -13.7607 22
    endloop
  endfacet
  facet normal 0 0 1
    outer loop
      vertex -5.44824 -13.7607 22
      vertex -7.64121 -10.5172 22
      vertex -6.30153 -13.3914 22
    endloop
  endfacet
  facet normal 0 0 1
    outer loop
      vertex -7.64121 -10.5172 22
      vertex -8.28651 -10.0167 22
      vertex -6.30153 -13.3914 22
    endloop
  endfacet
  facet normal 0 0 1
    outer loop
      vertex -6.30153 -13.3914 22
      vertex -8.89911 -9.47659 22
      vertex -7.12995 -12.9693 22
    endloop
  endfacet
  facet normal 0 0 1
    outer loop
      vertex -7.12995 -12.9693 22
      vertex -9.47659 -8.89911 22
      vertex -7.93024 -12.4961 22
    endloop
  endfacet
  facet normal 0 0 1
    outer loop
      vertex -9.47659 -8.89911 22
      vertex -10.0167 -8.28651 22
      vertex -7.93024 -12.4961 22
    endloop
  endfacet
  facet normal 0 0 1
    outer loop
      vertex -7.93024 -12.4961 22
      vertex -10.5172 -7.64121 22
      vertex -8.69922 -11.9735 22
    endloop
  endfacet
  facet normal 0 0 1
    outer loop
      vertex -10.5172 -7.64121 22
      vertex -10.9763 -6.96575 22
      vertex -8.69922 -11.9735 22
    endloop
  endfacet
  facet normal 0 0 1
    outer loop
      vertex -8.69922 -11.9735 22
      vertex -11.392 -6.2628 22
      vertex -9.43388 -11.4036 22
    endloop
  endfacet
  facet normal 0 0 1
    outer loop
      vertex -11.392 -6.2628 22
      vertex -11.7628 -5.53513 22
      vertex -9.43388 -11.4036 22
    endloop
  endfacet
  facet normal 0 0 1
    outer loop
      vertex -12.0871 -4.78562 22
      vertex -14.7708 0.9293 22
      vertex -11.7628 -5.53513 22
    endloop
  endfacet
  facet normal 0 0 1
    outer loop
      vertex -12.3637 -4.01722 22
      vertex -12.5916 -3.23297 22
      vertex -14.7708 0.9293 22
    endloop
  endfacet
  facet normal 0 0 1
    outer loop
      vertex -2.43596 -12.7697 22
      vertex -3.23297 -12.5916 22
      vertex -0.9293 -14.7708 22
    endloop
  endfacet
  facet normal 0 0 1
    outer loop
      vertex -3.23297 -12.5916 22
      vertex -4.01722 -12.3637 22
      vertex -1.85493 -14.6833 22
    endloop
  endfacet
  facet normal 0 0 1
    outer loop
      vertex -4.01722 -12.3637 22
      vertex -4.78562 -12.0871 22
      vertex -2.77324 -14.5379 22
    endloop
  endfacet
  facet normal 0 0 1
    outer loop
      vertex -5.53513 -11.7628 22
      vertex -6.2628 -11.392 22
      vertex -3.68061 -14.335 22
    endloop
  endfacet
  facet normal 0 0 1
    outer loop
      vertex -12.8975 -1.62933 22
      vertex -12.9743 -0.816277 22
      vertex -14.7708 0.9293 22
    endloop
  endfacet
  facet normal 0 0 1
    outer loop
      vertex 1.62933 -12.8975 22
      vertex 0.816277 -12.9743 22
      vertex 2.77324 -14.5379 22
    endloop
  endfacet
  facet normal 0 0 1
    outer loop
      vertex -12.0871 -4.78562 22
      vertex -12.3637 -4.01722 22
      vertex -14.7708 0.9293 22
    endloop
  endfacet
  facet normal 0 0 1
    outer loop
      vertex -0.816277 -12.9743 22
      vertex -1.62933 -12.8975 22
      vertex 0.9293 -14.7708 22
    endloop
  endfacet
  facet normal 0 0 1
    outer loop
      vertex -12.9743 -0.816277 22
      vertex -13 0 22
      vertex -14.7708 0.9293 22
    endloop
  endfacet
  facet normal 0 0 1
    outer loop
      vertex 10.0167 -8.28651 22
      vertex 9.47659 -8.89911 22
      vertex 11.4036 -9.43388 22
    endloop
  endfacet
  facet normal 0 0 1
    outer loop
      vertex 9.47659 -8.89911 22
      vertex 8.89911 -9.47659 22
      vertex 10.7887 -10.1313 22
    endloop
  endfacet
  facet normal 0 0 1
    outer loop
      vertex 8.89911 -9.47659 22
      vertex 8.28651 -10.0167 22
      vertex 10.1313 -10.7887 22
    endloop
  endfacet
  facet normal 0 0 1
    outer loop
      vertex 0.816277 -12.9743 22
      vertex 0 -13 22
      vertex 1.85493 -14.6833 22
    endloop
  endfacet
  facet normal 0 0 1
    outer loop
      vertex 6.96575 -10.9763 22
      vertex 6.2628 -11.392 22
      vertex 8.69922 -11.9735 22
    endloop
  endfacet
  facet normal 0 0 1
    outer loop
      vertex -13 0 22
      vertex -12.9743 0.816277 22
      vertex -14.7708 0.9293 22
    endloop
  endfacet
  facet normal -0.995562 -0.0941083 0
    outer loop
      vertex -14.7708 -0.9293 2
      vertex -14.6833 -1.85493 2
      vertex -14.7708 -0.9293 22
    endloop
  endfacet
  facet normal -0.995562 -0.0941083 0
    outer loop
      vertex -14.7708 -0.9293 22
      vertex -14.6833 -1.85493 2
      vertex -14.6833 -1.85493 22
    endloop
  endfacet
  facet normal -0.999507 -0.0314103 0
    outer loop
      vertex -14.8 0 2
      vertex -14.7708 -0.9293 2
      vertex -14.8 0 4
    endloop
  endfacet
  facet normal -0.999507 -0.0314103 0
    outer loop
      vertex -14.8 0 4
      vertex -14.7708 -0.9293 2
      vertex -14.7708 -0.9293 22
    endloop
  endfacet
  facet normal -0.999507 -0.0314103 0
    outer loop
      vertex -14.8 0 20
      vertex -14.7708 -0.9293 22
      vertex -14.8 0 22
    endloop
  endfacet
  facet normal -0.999507 -0.0314103 0
    outer loop
      vertex -14.8 0 4
      vertex -14.7708 -0.9293 22
      vertex -14.8 0 20
    endloop
  endfacet
  facet normal -0.987688 -0.156435 0
    outer loop
      vertex -14.6833 -1.85493 2
      vertex -14.5379 -2.77324 2
      vertex -14.6833 -1.85493 22
    endloop
  endfacet
  facet normal -0.987688 -0.156435 0
    outer loop
      vertex -14.6833 -1.85493 22
      vertex -14.5379 -2.77324 2
      vertex -14.5379 -2.77324 22
    endloop
  endfacet
  facet normal -0.975917 -0.218143 0
    outer loop
      vertex -14.5379 -2.77324 2
      vertex -14.335 -3.68061 2
      vertex -14.5379 -2.77324 22
    endloop
  endfacet
  facet normal -0.975917 -0.218143 0
    outer loop
      vertex -14.5379 -2.77324 22
      vertex -14.335 -3.68061 2
      vertex -14.335 -3.68061 22
    endloop
  endfacet
  facet normal -0.960294 -0.278992 0
    outer loop
      vertex -14.335 -3.68061 2
      vertex -14.0756 -4.57345 2
      vertex -14.335 -3.68061 22
    endloop
  endfacet
  facet normal -0.960294 -0.278992 0
    outer loop
      vertex -14.335 -3.68061 22
      vertex -14.0756 -4.57345 2
      vertex -14.0756 -4.57345 22
    endloop
  endfacet
  facet normal -0.940881 -0.338738 0
    outer loop
      vertex -14.0756 -4.57345 2
      vertex -13.7607 -5.44824 2
      vertex -14.0756 -4.57345 22
    endloop
  endfacet
  facet normal -0.940881 -0.338738 0
    outer loop
      vertex -14.0756 -4.57345 22
      vertex -13.7607 -5.44824 2
      vertex -13.7607 -5.44824 22
    endloop
  endfacet
  facet normal -0.917755 -0.397148 0
    outer loop
      vertex -13.7607 -5.44824 2
      vertex -13.3914 -6.30153 2
      vertex -13.7607 -5.44824 22
    endloop
  endfacet
  facet normal -0.917755 -0.397148 0
    outer loop
      vertex -13.7607 -5.44824 22
      vertex -13.3914 -6.30153 2
      vertex -13.3914 -6.30153 22
    endloop
  endfacet
  facet normal -0.891007 -0.45399 0
    outer loop
      vertex -13.3914 -6.30153 2
      vertex -12.9693 -7.12995 2
      vertex -13.3914 -6.30153 22
    endloop
  endfacet
  facet normal -0.891007 -0.45399 0
    outer loop
      vertex -13.3914 -6.30153 22
      vertex -12.9693 -7.12995 2
      vertex -12.9693 -7.12995 22
    endloop
  endfacet
  facet normal -0.860742 -0.509041 0
    outer loop
      vertex -12.9693 -7.12995 2
      vertex -12.4961 -7.93024 2
      vertex -12.9693 -7.12995 22
    endloop
  endfacet
  facet normal -0.860742 -0.509041 0
    outer loop
      vertex -12.9693 -7.12995 22
      vertex -12.4961 -7.93024 2
      vertex -12.4961 -7.93024 22
    endloop
  endfacet
  facet normal -0.827081 -0.562083 0
    outer loop
      vertex -12.4961 -7.93024 2
      vertex -11.9735 -8.69922 2
      vertex -12.4961 -7.93024 22
    endloop
  endfacet
  facet normal -0.827081 -0.562083 0
    outer loop
      vertex -12.4961 -7.93024 22
      vertex -11.9735 -8.69922 2
      vertex -11.9735 -8.69922 22
    endloop
  endfacet
  facet normal -0.790155 -0.612908 0
    outer loop
      vertex -11.9735 -8.69922 2
      vertex -11.4036 -9.43388 2
      vertex -11.9735 -8.69922 22
    endloop
  endfacet
  facet normal -0.790155 -0.612908 0
    outer loop
      vertex -11.9735 -8.69922 22
      vertex -11.4036 -9.43388 2
      vertex -11.4036 -9.43388 22
    endloop
  endfacet
  facet normal -0.750111 -0.661312 0
    outer loop
      vertex -11.4036 -9.43388 2
      vertex -10.7887 -10.1313 2
      vertex -11.4036 -9.43388 22
    endloop
  endfacet
  facet normal -0.750111 -0.661312 0
    outer loop
      vertex -11.4036 -9.43388 22
      vertex -10.7887 -10.1313 2
      vertex -10.7887 -10.1313 22
    endloop
  endfacet
  facet normal -0.707107 -0.707107 0
    outer loop
      vertex -10.7887 -10.1313 22
      vertex -10.7887 -10.1313 2
      vertex -10.1313 -10.7887 2
    endloop
  endfacet
  facet normal -0.707107 -0.707107 0
    outer loop
      vertex -10.1313 -10.7887 22
      vertex -10.7887 -10.1313 22
      vertex -10.1313 -10.7887 2
    endloop
  endfacet
  facet normal -0.661312 -0.750111 0
    outer loop
      vertex -10.1313 -10.7887 22
      vertex -10.1313 -10.7887 2
      vertex -9.43388 -11.4036 2
    endloop
  endfacet
  facet normal -0.661312 -0.750111 0
    outer loop
      vertex -9.43388 -11.4036 22
      vertex -10.1313 -10.7887 22
      vertex -9.43388 -11.4036 2
    endloop
  endfacet
  facet normal -0.612908 -0.790155 0
    outer loop
      vertex -9.43388 -11.4036 22
      vertex -9.43388 -11.4036 2
      vertex -8.69922 -11.9735 2
    endloop
  endfacet
  facet normal -0.612908 -0.790155 0
    outer loop
      vertex -8.69922 -11.9735 22
      vertex -9.43388 -11.4036 22
      vertex -8.69922 -11.9735 2
    endloop
  endfacet
  facet normal -0.562083 -0.827081 0
    outer loop
      vertex -8.69922 -11.9735 22
      vertex -8.69922 -11.9735 2
      vertex -7.93024 -12.4961 2
    endloop
  endfacet
  facet normal -0.562083 -0.827081 0
    outer loop
      vertex -7.93024 -12.4961 22
      vertex -8.69922 -11.9735 22
      vertex -7.93024 -12.4961 2
    endloop
  endfacet
  facet normal -0.509041 -0.860742 0
    outer loop
      vertex -7.93024 -12.4961 22
      vertex -7.93024 -12.4961 2
      vertex -7.12995 -12.9693 2
    endloop
  endfacet
  facet normal -0.509041 -0.860742 0
    outer loop
      vertex -7.12995 -12.9693 22
      vertex -7.93024 -12.4961 22
      vertex -7.12995 -12.9693 2
    endloop
  endfacet
  facet normal -0.45399 -0.891007 0
    outer loop
      vertex -7.12995 -12.9693 22
      vertex -7.12995 -12.9693 2
      vertex -6.30153 -13.3914 2
    endloop
  endfacet
  facet normal -0.45399 -0.891007 0
    outer loop
      vertex -6.30153 -13.3914 22
      vertex -7.12995 -12.9693 22
      vertex -6.30153 -13.3914 2
    endloop
  endfacet
  facet normal -0.397148 -0.917755 0
    outer loop
      vertex -6.30153 -13.3914 22
      vertex -6.30153 -13.3914 2
      vertex -5.44824 -13.7607 2
    endloop
  endfacet
  facet normal -0.397148 -0.917755 0
    outer loop
      vertex -5.44824 -13.7607 22
      vertex -6.30153 -13.3914 22
      vertex -5.44824 -13.7607 2
    endloop
  endfacet
  facet normal -0.338738 -0.940881 0
    outer loop
      vertex -5.44824 -13.7607 22
      vertex -5.44824 -13.7607 2
      vertex -4.57345 -14.0756 2
    endloop
  endfacet
  facet normal -0.338738 -0.940881 0
    outer loop
      vertex -4.57345 -14.0756 22
      vertex -5.44824 -13.7607 22
      vertex -4.57345 -14.0756 2
    endloop
  endfacet
  facet normal -0.278992 -0.960294 0
    outer loop
      vertex -4.57345 -14.0756 22
      vertex -4.57345 -14.0756 2
      vertex -3.68061 -14.335 2
    endloop
  endfacet
  facet normal -0.278992 -0.960294 0
    outer loop
      vertex -3.68061 -14.335 22
      vertex -4.57345 -14.0756 22
      vertex -3.68061 -14.335 2
    endloop
  endfacet
  facet normal -0.218143 -0.975917 0
    outer loop
      vertex -3.68061 -14.335 22
      vertex -3.68061 -14.335 2
      vertex -2.77324 -14.5379 2
    endloop
  endfacet
  facet normal -0.218143 -0.975917 0
    outer loop
      vertex -2.77324 -14.5379 22
      vertex -3.68061 -14.335 22
      vertex -2.77324 -14.5379 2
    endloop
  endfacet
  facet normal -0.156435 -0.987688 0
    outer loop
      vertex -2.77324 -14.5379 22
      vertex -2.77324 -14.5379 2
      vertex -1.85493 -14.6833 2
    endloop
  endfacet
  facet normal -0.156435 -0.987688 0
    outer loop
      vertex -1.85493 -14.6833 22
      vertex -2.77324 -14.5379 22
      vertex -1.85493 -14.6833 2
    endloop
  endfacet
  facet normal -0.0941083 -0.995562 0
    outer loop
      vertex -1.85493 -14.6833 22
      vertex -1.85493 -14.6833 2
      vertex -0.9293 -14.7708 2
    endloop
  endfacet
  facet normal -0.0941083 -0.995562 0
    outer loop
      vertex -0.9293 -14.7708 22
      vertex -1.85493 -14.6833 22
      vertex -0.9293 -14.7708 2
    endloop
  endfacet
  facet normal -0.0314103 -0.999507 0
    outer loop
      vertex -0.9293 -14.7708 22
      vertex -0.9293 -14.7708 2
      vertex 0 -14.8 2
    endloop
  endfacet
  facet normal -0.0314103 -0.999507 0
    outer loop
      vertex 0 -14.8 22
      vertex -0.9293 -14.7708 22
      vertex 0 -14.8 2
    endloop
  endfacet
  facet normal 0.0314103 -0.999507 0
    outer loop
      vertex 0 -14.8 22
      vertex 0 -14.8 2
      vertex 0.9293 -14.7708 2
    endloop
  endfacet
  facet normal 0.0314103 -0.999507 0
    outer loop
      vertex 0.9293 -14.7708 22
      vertex 0 -14.8 22
      vertex 0.9293 -14.7708 2
    endloop
  endfacet
  facet normal 0.0941083 -0.995562 0
    outer loop
      vertex 0.9293 -14.7708 22
      vertex 0.9293 -14.7708 2
      vertex 1.85493 -14.6833 2
    endloop
  endfacet
  facet normal 0.0941083 -0.995562 0
    outer loop
      vertex 1.85493 -14.6833 22
      vertex 0.9293 -14.7708 22
      vertex 1.85493 -14.6833 2
    endloop
  endfacet
  facet normal 0.156435 -0.987688 0
    outer loop
      vertex 1.85493 -14.6833 22
      vertex 1.85493 -14.6833 2
      vertex 2.77324 -14.5379 2
    endloop
  endfacet
  facet normal 0.156435 -0.987688 0
    outer loop
      vertex 2.77324 -14.5379 22
      vertex 1.85493 -14.6833 22
      vertex 2.77324 -14.5379 2
    endloop
  endfacet
  facet normal 0.218143 -0.975917 0
    outer loop
      vertex 2.77324 -14.5379 22
      vertex 2.77324 -14.5379 2
      vertex 3.68061 -14.335 2
    endloop
  endfacet
  facet normal 0.218143 -0.975917 0
    outer loop
      vertex 3.68061 -14.335 22
      vertex 2.77324 -14.5379 22
      vertex 3.68061 -14.335 2
    endloop
  endfacet
  facet normal 0.278992 -0.960294 0
    outer loop
      vertex 3.68061 -14.335 22
      vertex 3.68061 -14.335 2
      vertex 4.57345 -14.0756 2
    endloop
  endfacet
  facet normal 0.278992 -0.960294 0
    outer loop
      vertex 4.57345 -14.0756 22
      vertex 3.68061 -14.335 22
      vertex 4.57345 -14.0756 2
    endloop
  endfacet
  facet normal 0.338738 -0.940881 0
    outer loop
      vertex 4.57345 -14.0756 22
      vertex 4.57345 -14.0756 2
      vertex 5.44824 -13.7607 2
    endloop
  endfacet
  facet normal 0.338738 -0.940881 0
    outer loop
      vertex 5.44824 -13.7607 22
      vertex 4.57345 -14.0756 22
      vertex 5.44824 -13.7607 2
    endloop
  endfacet
  facet normal 0.397148 -0.917755 0
    outer loop
      vertex 5.44824 -13.7607 22
      vertex 5.44824 -13.7607 2
      vertex 6.30153 -13.3914 2
    endloop
  endfacet
  facet normal 0.397148 -0.917755 0
    outer loop
      vertex 6.30153 -13.3914 22
      vertex 5.44824 -13.7607 22
      vertex 6.30153 -13.3914 2
    endloop
  endfacet
  facet normal 0.45399 -0.891007 0
    outer loop
      vertex 6.30153 -13.3914 22
      vertex 6.30153 -13.3914 2
      vertex 7.12995 -12.9693 2
    endloop
  endfacet
  facet normal 0.45399 -0.891007 0
    outer loop
      vertex 7.12995 -12.9693 22
      vertex 6.30153 -13.3914 22
      vertex 7.12995 -12.9693 2
    endloop
  endfacet
  facet normal 0.509041 -0.860742 0
    outer loop
      vertex 7.12995 -12.9693 22
      vertex 7.12995 -12.9693 2
      vertex 7.93024 -12.4961 2
    endloop
  endfacet
  facet normal 0.509041 -0.860742 0
    outer loop
      vertex 7.93024 -12.4961 22
      vertex 7.12995 -12.9693 22
      vertex 7.93024 -12.4961 2
    endloop
  endfacet
  facet normal 0.562083 -0.827081 0
    outer loop
      vertex 7.93024 -12.4961 22
      vertex 7.93024 -12.4961 2
      vertex 8.69922 -11.9735 2
    endloop
  endfacet
  facet normal 0.562083 -0.827081 0
    outer loop
      vertex 8.69922 -11.9735 22
      vertex 7.93024 -12.4961 22
      vertex 8.69922 -11.9735 2
    endloop
  endfacet
  facet normal 0.612908 -0.790155 0
    outer loop
      vertex 8.69922 -11.9735 22
      vertex 8.69922 -11.9735 2
      vertex 9.43388 -11.4036 2
    endloop
  endfacet
  facet normal 0.612908 -0.790155 0
    outer loop
      vertex 9.43388 -11.4036 22
      vertex 8.69922 -11.9735 22
      vertex 9.43388 -11.4036 2
    endloop
  endfacet
  facet normal 0.661312 -0.750111 0
    outer loop
      vertex 9.43388 -11.4036 22
      vertex 9.43388 -11.4036 2
      vertex 10.1313 -10.7887 2
    endloop
  endfacet
  facet normal 0.661312 -0.750111 0
    outer loop
      vertex 10.1313 -10.7887 22
      vertex 9.43388 -11.4036 22
      vertex 10.1313 -10.7887 2
    endloop
  endfacet
  facet normal 0.707107 -0.707107 0
    outer loop
      vertex 10.1313 -10.7887 22
      vertex 10.1313 -10.7887 2
      vertex 10.7887 -10.1313 2
    endloop
  endfacet
  facet normal 0.707107 -0.707107 0
    outer loop
      vertex 10.7887 -10.1313 22
      vertex 10.1313 -10.7887 22
      vertex 10.7887 -10.1313 2
    endloop
  endfacet
  facet normal 0.750111 -0.661312 0
    outer loop
      vertex 10.7887 -10.1313 22
      vertex 10.7887 -10.1313 2
      vertex 11.4036 -9.43388 2
    endloop
  endfacet
  facet normal 0.750111 -0.661312 0
    outer loop
      vertex 11.4036 -9.43388 22
      vertex 10.7887 -10.1313 22
      vertex 11.4036 -9.43388 2
    endloop
  endfacet
  facet normal 0.790155 -0.612908 0
    outer loop
      vertex 11.4036 -9.43388 22
      vertex 11.4036 -9.43388 2
      vertex 11.9735 -8.69922 2
    endloop
  endfacet
  facet normal 0.790155 -0.612908 0
    outer loop
      vertex 11.9735 -8.69922 22
      vertex 11.4036 -9.43388 22
      vertex 11.9735 -8.69922 2
    endloop
  endfacet
  facet normal 0.827081 -0.562083 0
    outer loop
      vertex 11.9735 -8.69922 22
      vertex 11.9735 -8.69922 2
      vertex 12.4961 -7.93024 2
    endloop
  endfacet
  facet normal 0.827081 -0.562083 0
    outer loop
      vertex 12.4961 -7.93024 22
      vertex 11.9735 -8.69922 22
      vertex 12.4961 -7.93024 2
    endloop
  endfacet
  facet normal 0.860742 -0.509041 0
    outer loop
      vertex 12.4961 -7.93024 22
      vertex 12.4961 -7.93024 2
      vertex 12.9693 -7.12995 2
    endloop
  endfacet
  facet normal 0.860742 -0.509041 0
    outer loop
      vertex 12.9693 -7.12995 22
      vertex 12.4961 -7.93024 22
      vertex 12.9693 -7.12995 2
    endloop
  endfacet
  facet normal 0.891007 -0.45399 0
    outer loop
      vertex 12.9693 -7.12995 22
      vertex 12.9693 -7.12995 2
      vertex 13.3914 -6.30153 2
    endloop
  endfacet
  facet normal 0.891007 -0.45399 0
    outer loop
      vertex 13.3914 -6.30153 22
      vertex 12.9693 -7.12995 22
      vertex 13.3914 -6.30153 2
    endloop
  endfacet
  facet normal 0.917755 -0.397148 0
    outer loop
      vertex 13.3914 -6.30153 22
      vertex 13.3914 -6.30153 2
      vertex 13.7607 -5.44824 2
    endloop
  endfacet
  facet normal 0.917755 -0.397148 0
    outer loop
      vertex 13.7607 -5.44824 22
      vertex 13.3914 -6.30153 22
      vertex 13.7607 -5.44824 2
    endloop
  endfacet
  facet normal 0.940881 -0.338738 0
    outer loop
      vertex 13.7607 -5.44824 22
      vertex 13.7607 -5.44824 2
      vertex 14.0756 -4.57345 2
    endloop
  endfacet
  facet normal 0.940881 -0.338738 0
    outer loop
      vertex 14.0756 -4.57345 22
      vertex 13.7607 -5.44824 22
      vertex 14.0756 -4.57345 2
    endloop
  endfacet
  facet normal 0.960294 -0.278992 0
    outer loop
      vertex 14.0756 -4.57345 22
      vertex 14.0756 -4.57345 2
      vertex 14.335 -3.68061 2
    endloop
  endfacet
  facet normal 0.960294 -0.278992 0
    outer loop
      vertex 14.335 -3.68061 22
      vertex 14.0756 -4.57345 22
      vertex 14.335 -3.68061 2
    endloop
  endfacet
  facet normal 0.975917 -0.218143 0
    outer loop
      vertex 14.335 -3.68061 22
      vertex 14.335 -3.68061 2
      vertex 14.5379 -2.77324 2
    endloop
  endfacet
  facet normal 0.975917 -0.218143 0
    outer loop
      vertex 14.5379 -2.77324 22
      vertex 14.335 -3.68061 22
      vertex 14.5379 -2.77324 2
    endloop
  endfacet
  facet normal 0.987688 -0.156435 0
    outer loop
      vertex 14.5379 -2.77324 22
      vertex 14.5379 -2.77324 2
      vertex 14.6833 -1.85493 2
    endloop
  endfacet
  facet normal 0.987688 -0.156435 0
    outer loop
      vertex 14.6833 -1.85493 22
      vertex 14.5379 -2.77324 22
      vertex 14.6833 -1.85493 2
    endloop
  endfacet
  facet normal 0.995562 -0.0941083 0
    outer loop
      vertex 14.6833 -1.85493 22
      vertex 14.6833 -1.85493 2
      vertex 14.7708 -0.9293 2
    endloop
  endfacet
  facet normal 0.995562 -0.0941083 0
    outer loop
      vertex 14.7708 -0.9293 22
      vertex 14.6833 -1.85493 22
      vertex 14.7708 -0.9293 2
    endloop
  endfacet
  facet normal 0.999507 -0.0314103 0
    outer loop
      vertex 14.7708 -0.9293 22
      vertex 14.7708 -0.9293 2
      vertex 14.8 0 2
    endloop
  endfacet
  facet normal 0.999507 -0.0314103 0
    outer loop
      vertex 14.8 0 20
      vertex 14.7708 -0.9293 22
      vertex 14.8 0 4
    endloop
  endfacet
  facet normal 0.999507 -0.0314103 0
    outer loop
      vertex 14.8 0 4
      vertex 14.7708 -0.9293 22
      vertex 14.8 0 2
    endloop
  endfacet
  facet normal 0.999507 -0.0314103 0
    outer loop
      vertex 14.8 0 22
      vertex 14.7708 -0.9293 22
      vertex 14.8 0 20
    endloop
  endfacet
  facet normal 0.999507 0.0314103 0
    outer loop
      vertex 14.8 0 2
      vertex 14.7708 0.9293 2
      vertex 14.7708 0.9293 4
    endloop
  endfacet
  facet normal 0.999507 0.0314103 0
    outer loop
      vertex 14.8 0 4
      vertex 14.8 0 2
      vertex 14.7708 0.9293 4
    endloop
  endfacet
  facet normal 0.995562 0.0941083 0
    outer loop
      vertex 14.7708 0.9293 2
      vertex 14.6833 1.85493 2
      vertex 14.6833 1.85493 4
    endloop
  endfacet
  facet normal 0.995562 0.0941083 0
    outer loop
      vertex 14.7708 0.9293 4
      vertex 14.7708 0.9293 2
      vertex 14.6833 1.85493 4
    endloop
  endfacet
  facet normal 0.987688 0.156435 0
    outer loop
      vertex 14.6833 1.85493 2
      vertex 14.5379 2.77324 2
      vertex 14.5379 2.77324 4
    endloop
  endfacet
  facet normal 0.987688 0.156435 0
    outer loop
      vertex 14.6833 1.85493 4
      vertex 14.6833 1.85493 2
      vertex 14.5379 2.77324 4
    endloop
  endfacet
  facet normal 0.975917 0.218143 0
    outer loop
      vertex 14.4872 3 4
      vertex 14.335 3.68061 2
      vertex 14.335 3.68061 22
    endloop
  endfacet
  facet normal 0.975917 0.218143 0
    outer loop
      vertex 14.4872 3 4
      vertex 14.5379 2.77324 4
      vertex 14.5379 2.77324 2
    endloop
  endfacet
  facet normal 0.975917 0.218143 0
    outer loop
      vertex 14.5379 2.77324 22
      vertex 14.5379 2.77324 20
      vertex 14.335 3.68061 22
    endloop
  endfacet
  facet normal 0.975917 0.218143 0
    outer loop
      vertex 14.5379 2.77324 20
      vertex 14.4872 3 20
      vertex 14.335 3.68061 22
    endloop
  endfacet
  facet normal 0.975917 0.218143 0
    outer loop
      vertex 14.5379 2.77324 2
      vertex 14.335 3.68061 2
      vertex 14.4872 3 4
    endloop
  endfacet
  facet normal 0.975917 0.218143 0
    outer loop
      vertex 14.4872 3 20
      vertex 14.4872 3 4
      vertex 14.335 3.68061 22
    endloop
  endfacet
  facet normal 0.960294 0.278992 0
    outer loop
      vertex 14.335 3.68061 2
      vertex 14.0756 4.57345 2
      vertex 14.0756 4.57345 22
    endloop
  endfacet
  facet normal 0.960294 0.278992 0
    outer loop
      vertex 14.335 3.68061 22
      vertex 14.335 3.68061 2
      vertex 14.0756 4.57345 22
    endloop
  endfacet
  facet normal 0.940881 0.338738 0
    outer loop
      vertex 14.0756 4.57345 2
      vertex 13.7607 5.44824 2
      vertex 13.7607 5.44824 22
    endloop
  endfacet
  facet normal 0.940881 0.338738 0
    outer loop
      vertex 14.0756 4.57345 22
      vertex 14.0756 4.57345 2
      vertex 13.7607 5.44824 22
    endloop
  endfacet
  facet normal 0.917755 0.397148 0
    outer loop
      vertex 13.7607 5.44824 2
      vertex 13.3914 6.30153 2
      vertex 13.3914 6.30153 22
    endloop
  endfacet
  facet normal 0.917755 0.397148 0
    outer loop
      vertex 13.7607 5.44824 22
      vertex 13.7607 5.44824 2
      vertex 13.3914 6.30153 22
    endloop
  endfacet
  facet normal 0.891007 0.45399 0
    outer loop
      vertex 13.3914 6.30153 2
      vertex 12.9693 7.12995 2
      vertex 12.9693 7.12995 22
    endloop
  endfacet
  facet normal 0.891007 0.45399 0
    outer loop
      vertex 13.3914 6.30153 22
      vertex 13.3914 6.30153 2
      vertex 12.9693 7.12995 22
    endloop
  endfacet
  facet normal 0.860742 0.509041 0
    outer loop
      vertex 12.9693 7.12995 2
      vertex 12.4961 7.93024 2
      vertex 12.4961 7.93024 22
    endloop
  endfacet
  facet normal 0.860742 0.509041 0
    outer loop
      vertex 12.9693 7.12995 22
      vertex 12.9693 7.12995 2
      vertex 12.4961 7.93024 22
    endloop
  endfacet
  facet normal 0.827081 0.562083 0
    outer loop
      vertex 12.4961 7.93024 2
      vertex 11.9735 8.69922 2
      vertex 11.9735 8.69922 22
    endloop
  endfacet
  facet normal 0.827081 0.562083 0
    outer loop
      vertex 12.4961 7.93024 22
      vertex 12.4961 7.93024 2
      vertex 11.9735 8.69922 22
    endloop
  endfacet
  facet normal 0.790155 0.612908 0
    outer loop
      vertex 11.9735 8.69922 2
      vertex 11.4036 9.43388 2
      vertex 11.4036 9.43388 22
    endloop
  endfacet
  facet normal 0.790155 0.612908 0
    outer loop
      vertex 11.9735 8.69922 22
      vertex 11.9735 8.69922 2
      vertex 11.4036 9.43388 22
    endloop
  endfacet
  facet normal 0.750111 0.661312 0
    outer loop
      vertex 11.4036 9.43388 2
      vertex 10.7887 10.1313 2
      vertex 10.7887 10.1313 22
    endloop
  endfacet
  facet normal 0.750111 0.661312 0
    outer loop
      vertex 11.4036 9.43388 22
      vertex 11.4036 9.43388 2
      vertex 10.7887 10.1313 22
    endloop
  endfacet
  facet normal 0.707107 0.707107 0
    outer loop
      vertex 10.1313 10.7887 2
      vertex 10.1313 10.7887 22
      vertex 10.7887 10.1313 2
    endloop
  endfacet
  facet normal 0.707107 0.707107 0
    outer loop
      vertex 10.7887 10.1313 2
      vertex 10.1313 10.7887 22
      vertex 10.7887 10.1313 22
    endloop
  endfacet
  facet normal 0.661312 0.750111 0
    outer loop
      vertex 9.43388 11.4036 2
      vertex 9.43388 11.4036 22
      vertex 10.1313 10.7887 2
    endloop
  endfacet
  facet normal 0.661312 0.750111 0
    outer loop
      vertex 10.1313 10.7887 2
      vertex 9.43388 11.4036 22
      vertex 10.1313 10.7887 22
    endloop
  endfacet
  facet normal 0.612908 0.790155 0
    outer loop
      vertex 8.69922 11.9735 2
      vertex 8.69922 11.9735 22
      vertex 9.43388 11.4036 2
    endloop
  endfacet
  facet normal 0.612908 0.790155 0
    outer loop
      vertex 9.43388 11.4036 2
      vertex 8.69922 11.9735 22
      vertex 9.43388 11.4036 22
    endloop
  endfacet
  facet normal 0.562083 0.827081 0
    outer loop
      vertex 7.93024 12.4961 2
      vertex 7.93024 12.4961 22
      vertex 8.69922 11.9735 2
    endloop
  endfacet
  facet normal 0.562083 0.827081 0
    outer loop
      vertex 8.69922 11.9735 2
      vertex 7.93024 12.4961 22
      vertex 8.69922 11.9735 22
    endloop
  endfacet
  facet normal 0.509041 0.860742 0
    outer loop
      vertex 7.12995 12.9693 2
      vertex 7.12995 12.9693 22
      vertex 7.93024 12.4961 2
    endloop
  endfacet
  facet normal 0.509041 0.860742 0
    outer loop
      vertex 7.93024 12.4961 2
      vertex 7.12995 12.9693 22
      vertex 7.93024 12.4961 22
    endloop
  endfacet
  facet normal 0.45399 0.891007 0
    outer loop
      vertex 6.30153 13.3914 2
      vertex 6.30153 13.3914 22
      vertex 7.12995 12.9693 2
    endloop
  endfacet
  facet normal 0.45399 0.891007 0
    outer loop
      vertex 7.12995 12.9693 2
      vertex 6.30153 13.3914 22
      vertex 7.12995 12.9693 22
    endloop
  endfacet
  facet normal 0.397148 0.917755 0
    outer loop
      vertex 5.44824 13.7607 2
      vertex 5.44824 13.7607 22
      vertex 6.30153 13.3914 2
    endloop
  endfacet
  facet normal 0.397148 0.917755 0
    outer loop
      vertex 6.30153 13.3914 2
      vertex 5.44824 13.7607 22
      vertex 6.30153 13.3914 22
    endloop
  endfacet
  facet normal 0.338738 0.940881 0
    outer loop
      vertex 4.57345 14.0756 2
      vertex 4.57345 14.0756 22
      vertex 5.44824 13.7607 2
    endloop
  endfacet
  facet normal 0.338738 0.940881 0
    outer loop
      vertex 5.44824 13.7607 2
      vertex 4.57345 14.0756 22
      vertex 5.44824 13.7607 22
    endloop
  endfacet
  facet normal 0.278992 0.960294 0
    outer loop
      vertex 3.68061 14.335 2
      vertex 3.68061 14.335 22
      vertex 4.57345 14.0756 2
    endloop
  endfacet
  facet normal 0.278992 0.960294 0
    outer loop
      vertex 4.57345 14.0756 2
      vertex 3.68061 14.335 22
      vertex 4.57345 14.0756 22
    endloop
  endfacet
  facet normal 0.218143 0.975917 0
    outer loop
      vertex 2.77324 14.5379 2
      vertex 2.77324 14.5379 22
      vertex 3.68061 14.335 2
    endloop
  endfacet
  facet normal 0.218143 0.975917 0
    outer loop
      vertex 3.68061 14.335 2
      vertex 2.77324 14.5379 22
      vertex 3.68061 14.335 22
    endloop
  endfacet
  facet normal 0.156435 0.987688 0
    outer loop
      vertex 1.85493 14.6833 2
      vertex 1.85493 14.6833 22
      vertex 2.77324 14.5379 2
    endloop
  endfacet
  facet normal 0.156435 0.987688 0
    outer loop
      vertex 2.77324 14.5379 2
      vertex 1.85493 14.6833 22
      vertex 2.77324 14.5379 22
    endloop
  endfacet
  facet normal 0.0941083 0.995562 0
    outer loop
      vertex 0.9293 14.7708 2
      vertex 0.9293 14.7708 22
      vertex 1.85493 14.6833 2
    endloop
  endfacet
  facet normal 0.0941083 0.995562 0
    outer loop
      vertex 1.85493 14.6833 2
      vertex 0.9293 14.7708 22
      vertex 1.85493 14.6833 22
    endloop
  endfacet
  facet normal 0.0314103 0.999507 0
    outer loop
      vertex 0 14.8 2
      vertex 0 14.8 22
      vertex 0.9293 14.7708 2
    endloop
  endfacet
  facet normal 0.0314103 0.999507 0
    outer loop
      vertex 0.9293 14.7708 2
      vertex 0 14.8 22
      vertex 0.9293 14.7708 22
    endloop
  endfacet
  facet normal -0.0314103 0.999507 0
    outer loop
      vertex -0.9293 14.7708 2
      vertex -0.9293 14.7708 22
      vertex 0 14.8 2
    endloop
  endfacet
  facet normal -0.0314103 0.999507 0
    outer loop
      vertex 0 14.8 2
      vertex -0.9293 14.7708 22
      vertex 0 14.8 22
    endloop
  endfacet
  facet normal -0.0941083 0.995562 0
    outer loop
      vertex -1.85493 14.6833 2
      vertex -1.85493 14.6833 22
      vertex -0.9293 14.7708 2
    endloop
  endfacet
  facet normal -0.0941083 0.995562 0
    outer loop
      vertex -0.9293 14.7708 2
      vertex -1.85493 14.6833 22
      vertex -0.9293 14.7708 22
    endloop
  endfacet
  facet normal -0.156435 0.987688 0
    outer loop
      vertex -2.77324 14.5379 2
      vertex -2.77324 14.5379 22
      vertex -1.85493 14.6833 2
    endloop
  endfacet
  facet normal -0.156435 0.987688 0
    outer loop
      vertex -1.85493 14.6833 2
      vertex -2.77324 14.5379 22
      vertex -1.85493 14.6833 22
    endloop
  endfacet
  facet normal -0.218143 0.975917 0
    outer loop
      vertex -3.68061 14.335 2
      vertex -3.68061 14.335 22
      vertex -2.77324 14.5379 2
    endloop
  endfacet
  facet normal -0.218143 0.975917 0
    outer loop
      vertex -2.77324 14.5379 2
      vertex -3.68061 14.335 22
      vertex -2.77324 14.5379 22
    endloop
  endfacet
  facet normal -0.278992 0.960294 0
    outer loop
      vertex -4.57345 14.0756 2
      vertex -4.57345 14.0756 22
      vertex -3.68061 14.335 2
    endloop
  endfacet
  facet normal -0.278992 0.960294 0
    outer loop
      vertex -3.68061 14.335 2
      vertex -4.57345 14.0756 22
      vertex -3.68061 14.335 22
    endloop
  endfacet
  facet normal -0.338738 0.940881 0
    outer loop
      vertex -5.44824 13.7607 2
      vertex -5.44824 13.7607 22
      vertex -4.57345 14.0756 2
    endloop
  endfacet
  facet normal -0.338738 0.940881 0
    outer loop
      vertex -4.57345 14.0756 2
      vertex -5.44824 13.7607 22
      vertex -4.57345 14.0756 22
    endloop
  endfacet
  facet normal -0.397148 0.917755 0
    outer loop
      vertex -6.30153 13.3914 2
      vertex -6.30153 13.3914 22
      vertex -5.44824 13.7607 2
    endloop
  endfacet
  facet normal -0.397148 0.917755 0
    outer loop
      vertex -5.44824 13.7607 2
      vertex -6.30153 13.3914 22
      vertex -5.44824 13.7607 22
    endloop
  endfacet
  facet normal -0.45399 0.891007 0
    outer loop
      vertex -7.12995 12.9693 2
      vertex -7.12995 12.9693 22
      vertex -6.30153 13.3914 2
    endloop
  endfacet
  facet normal -0.45399 0.891007 0
    outer loop
      vertex -6.30153 13.3914 2
      vertex -7.12995 12.9693 22
      vertex -6.30153 13.3914 22
    endloop
  endfacet
  facet normal -0.509041 0.860742 0
    outer loop
      vertex -7.93024 12.4961 2
      vertex -7.93024 12.4961 22
      vertex -7.12995 12.9693 2
    endloop
  endfacet
  facet normal -0.509041 0.860742 0
    outer loop
      vertex -7.12995 12.9693 2
      vertex -7.93024 12.4961 22
      vertex -7.12995 12.9693 22
    endloop
  endfacet
  facet normal -0.562083 0.827081 0
    outer loop
      vertex -8.69922 11.9735 2
      vertex -8.69922 11.9735 22
      vertex -7.93024 12.4961 2
    endloop
  endfacet
  facet normal -0.562083 0.827081 0
    outer loop
      vertex -7.93024 12.4961 2
      vertex -8.69922 11.9735 22
      vertex -7.93024 12.4961 22
    endloop
  endfacet
  facet normal -0.612908 0.790155 0
    outer loop
      vertex -9.43388 11.4036 2
      vertex -9.43388 11.4036 22
      vertex -8.69922 11.9735 2
    endloop
  endfacet
  facet normal -0.612908 0.790155 0
    outer loop
      vertex -8.69922 11.9735 2
      vertex -9.43388 11.4036 22
      vertex -8.69922 11.9735 22
    endloop
  endfacet
  facet normal -0.661312 0.750111 0
    outer loop
      vertex -10.1313 10.7887 2
      vertex -10.1313 10.7887 22
      vertex -9.43388 11.4036 2
    endloop
  endfacet
  facet normal -0.661312 0.750111 0
    outer loop
      vertex -9.43388 11.4036 2
      vertex -10.1313 10.7887 22
      vertex -9.43388 11.4036 22
    endloop
  endfacet
  facet normal -0.707107 0.707107 0
    outer loop
      vertex -10.7887 10.1313 2
      vertex -10.7887 10.1313 22
      vertex -10.1313 10.7887 2
    endloop
  endfacet
  facet normal -0.707107 0.707107 0
    outer loop
      vertex -10.1313 10.7887 2
      vertex -10.7887 10.1313 22
      vertex -10.1313 10.7887 22
    endloop
  endfacet
  facet normal -0.750111 0.661312 0
    outer loop
      vertex -11.4036 9.43388 2
      vertex -11.4036 9.43388 22
      vertex -10.7887 10.1313 2
    endloop
  endfacet
  facet normal -0.750111 0.661312 0
    outer loop
      vertex -10.7887 10.1313 2
      vertex -11.4036 9.43388 22
      vertex -10.7887 10.1313 22
    endloop
  endfacet
  facet normal -0.790155 0.612908 0
    outer loop
      vertex -11.9735 8.69922 2
      vertex -11.9735 8.69922 22
      vertex -11.4036 9.43388 2
    endloop
  endfacet
  facet normal -0.790155 0.612908 0
    outer loop
      vertex -11.4036 9.43388 2
      vertex -11.9735 8.69922 22
      vertex -11.4036 9.43388 22
    endloop
  endfacet
  facet normal -0.827081 0.562083 0
    outer loop
      vertex -12.4961 7.93024 2
      vertex -12.4961 7.93024 22
      vertex -11.9735 8.69922 2
    endloop
  endfacet
  facet normal -0.827081 0.562083 0
    outer loop
      vertex -11.9735 8.69922 2
      vertex -12.4961 7.93024 22
      vertex -11.9735 8.69922 22
    endloop
  endfacet
  facet normal -0.860742 0.509041 0
    outer loop
      vertex -12.9693 7.12995 2
      vertex -12.9693 7.12995 22
      vertex -12.4961 7.93024 2
    endloop
  endfacet
  facet normal -0.860742 0.509041 0
    outer loop
      vertex -12.4961 7.93024 2
      vertex -12.9693 7.12995 22
      vertex -12.4961 7.93024 22
    endloop
  endfacet
  facet normal -0.891007 0.45399 0
    outer loop
      vertex -13.3914 6.30153 2
      vertex -13.3914 6.30153 22
      vertex -12.9693 7.12995 2
    endloop
  endfacet
  facet normal -0.891007 0.45399 0
    outer loop
      vertex -12.9693 7.12995 2
      vertex -13.3914 6.30153 22
      vertex -12.9693 7.12995 22
    endloop
  endfacet
  facet normal -0.917755 0.397148 0
    outer loop
      vertex -13.7607 5.44824 2
      vertex -13.7607 5.44824 22
      vertex -13.3914 6.30153 2
    endloop
  endfacet
  facet normal -0.917755 0.397148 0
    outer loop
      vertex -13.3914 6.30153 2
      vertex -13.7607 5.44824 22
      vertex -13.3914 6.30153 22
    endloop
  endfacet
  facet normal -0.940881 0.338738 0
    outer loop
      vertex -14.0756 4.57345 2
      vertex -14.0756 4.57345 22
      vertex -13.7607 5.44824 2
    endloop
  endfacet
  facet normal -0.940881 0.338738 0
    outer loop
      vertex -13.7607 5.44824 2
      vertex -14.0756 4.57345 22
      vertex -13.7607 5.44824 22
    endloop
  endfacet
  facet normal -0.960294 0.278992 0
    outer loop
      vertex -14.335 3.68061 2
      vertex -14.335 3.68061 22
      vertex -14.0756 4.57345 2
    endloop
  endfacet
  facet normal -0.960294 0.278992 0
    outer loop
      vertex -14.0756 4.57345 2
      vertex -14.335 3.68061 22
      vertex -14.0756 4.57345 22
    endloop
  endfacet
  facet normal -0.975917 0.218143 0
    outer loop
      vertex -14.5379 2.77324 2
      vertex -14.5379 2.77324 4
      vertex -14.335 3.68061 2
    endloop
  endfacet
  facet normal -0.975917 0.218143 0
    outer loop
      vertex -14.335 3.68061 2
      vertex -14.5379 2.77324 4
      vertex -14.4872 3 4
    endloop
  endfacet
  facet normal -0.975917 0.218143 0
    outer loop
      vertex -14.335 3.68061 2
      vertex -14.4872 3 4
      vertex -14.4872 3 20
    endloop
  endfacet
  facet normal -0.975917 0.218143 0
    outer loop
      vertex -14.4872 3 20
      vertex -14.5379 2.77324 20
      vertex -14.5379 2.77324 22
    endloop
  endfacet
  facet normal -0.975917 0.218143 0
    outer loop
      vertex -14.4872 3 20
      vertex -14.5379 2.77324 22
      vertex -14.335 3.68061 22
    endloop
  endfacet
  facet normal -0.975917 0.218143 0
    outer loop
      vertex -14.4872 3 20
      vertex -14.335 3.68061 22
      vertex -14.335 3.68061 2
    endloop
  endfacet
  facet normal -0.987688 0.156435 0
    outer loop
      vertex -14.6833 1.85493 2
      vertex -14.6833 1.85493 4
      vertex -14.5379 2.77324 2
    endloop
  endfacet
  facet normal -0.987688 0.156435 0
    outer loop
      vertex -14.5379 2.77324 2
      vertex -14.6833 1.85493 4
      vertex -14.5379 2.77324 4
    endloop
  endfacet
  facet normal -0.995562 0.0941083 0
    outer loop
      vertex -14.7708 0.9293 2
      vertex -14.7708 0.9293 4
      vertex -14.6833 1.85493 2
    endloop
  endfacet
  facet normal -0.995562 0.0941083 0
    outer loop
      vertex -14.6833 1.85493 2
      vertex -14.7708 0.9293 4
      vertex -14.6833 1.85493 4
    endloop
  endfacet
  facet normal -0.999507 0.0314103 0
    outer loop
      vertex -14.8 0 2
      vertex -14.8 0 4
      vertex -14.7708 0.9293 2
    endloop
  endfacet
  facet normal -0.999507 0.0314103 0
    outer loop
      vertex -14.7708 0.9293 2
      vertex -14.8 0 4
      vertex -14.7708 0.9293 4
    endloop
  endfacet
  facet normal -0.999507 0.0314103 0
    outer loop
      vertex -14.8 0 20
      vertex -14.8 0 22
      vertex -14.7708 0.9293 20
    endloop
  endfacet
  facet normal -0.999507 0.0314103 0
    outer loop
      vertex -14.7708 0.9293 20
      vertex -14.8 0 22
      vertex -14.7708 0.9293 22
    endloop
  endfacet
  facet normal -0.995562 0.0941083 0
    outer loop
      vertex -14.7708 0.9293 20
      vertex -14.7708 0.9293 22
      vertex -14.6833 1.85493 20
    endloop
  endfacet
  facet normal -0.995562 0.0941083 0
    outer loop
      vertex -14.6833 1.85493 20
      vertex -14.7708 0.9293 22
      vertex -14.6833 1.85493 22
    endloop
  endfacet
  facet normal -0.987688 0.156435 0
    outer loop
      vertex -14.6833 1.85493 20
      vertex -14.6833 1.85493 22
      vertex -14.5379 2.77324 20
    endloop
  endfacet
  facet normal -0.987688 0.156435 0
    outer loop
      vertex -14.5379 2.77324 20
      vertex -14.6833 1.85493 22
      vertex -14.5379 2.77324 22
    endloop
  endfacet
  facet normal 0.987688 0.156435 0
    outer loop
      vertex 14.6833 1.85493 20
      vertex 14.5379 2.77324 20
      vertex 14.5379 2.77324 22
    endloop
  endfacet
  facet normal 0.987688 0.156435 0
    outer loop
      vertex 14.6833 1.85493 22
      vertex 14.6833 1.85493 20
      vertex 14.5379 2.77324 22
    endloop
  endfacet
  facet normal 0.995562 0.0941083 0
    outer loop
      vertex 14.7708 0.9293 20
      vertex 14.6833 1.85493 20
      vertex 14.6833 1.85493 22
    endloop
  endfacet
  facet normal 0.995562 0.0941083 0
    outer loop
      vertex 14.7708 0.9293 22
      vertex 14.7708 0.9293 20
      vertex 14.6833 1.85493 22
    endloop
  endfacet
  facet normal 0.999507 0.0314103 0
    outer loop
      vertex 14.8 0 20
      vertex 14.7708 0.9293 20
      vertex 14.7708 0.9293 22
    endloop
  endfacet
  facet normal 0.999507 0.0314103 0
    outer loop
      vertex 14.8 0 22
      vertex 14.8 0 20
      vertex 14.7708 0.9293 22
    endloop
  endfacet
  facet normal 0 -1 0
    outer loop
      vertex -17 0 20
      vertex -17 0 4
      vertex -14.8 0 4
    endloop
  endfacet
  facet normal 0 -1 0
    outer loop
      vertex -14.8 0 20
      vertex -17 0 20
      vertex -14.8 0 4
    endloop
  endfacet
  facet normal 0 0 -1
    outer loop
      vertex -17 0 4
      vertex -17 3 4
      vertex -14.8 0 4
    endloop
  endfacet
  facet normal 0 0 -1
    outer loop
      vertex -14.5379 2.77324 4
      vertex -17 3 4
      vertex -14.4872 3 4
    endloop
  endfacet
  facet normal 0 0 -1
    outer loop
      vertex -14.6833 1.85493 4
      vertex -17 3 4
      vertex -14.5379 2.77324 4
    endloop
  endfacet
  facet normal 0 0 -1
    outer loop
      vertex -14.7708 0.9293 4
      vertex -17 3 4
      vertex -14.6833 1.85493 4
    endloop
  endfacet
  facet normal 0 0 -1
    outer loop
      vertex -14.8 0 4
      vertex -17 3 4
      vertex -14.7708 0.9293 4
    endloop
  endfacet
  facet normal 0 0 1
    outer loop
      vertex -17 3 20
      vertex -17 0 20
      vertex -14.8 0 20
    endloop
  endfacet
  facet normal 0 0 1
    outer loop
      vertex -14.6833 1.85493 20
      vertex -17 3 20
      vertex -14.7708 0.9293 20
    endloop
  endfacet
  facet normal 0 0 1
    outer loop
      vertex -14.7708 0.9293 20
      vertex -17 3 20
      vertex -14.8 0 20
    endloop
  endfacet
  facet normal 0 0 1
    outer loop
      vertex -14.5379 2.77324 20
      vertex -17 3 20
      vertex -14.6833 1.85493 20
    endloop
  endfacet
  facet normal 0 0 1
    outer loop
      vertex -14.4872 3 20
      vertex -17 3 20
      vertex -14.5379 2.77324 20
    endloop
  endfacet
  facet normal 0 0 1
    outer loop
      vertex 14.7708 0.9293 20
      vertex 14.8 0 20
      vertex 17 3 20
    endloop
  endfacet
  facet normal 0 0 1
    outer loop
      vertex 17 3 20
      vertex 14.4872 3 20
      vertex 14.5379 2.77324 20
    endloop
  endfacet
  facet normal 0 0 1
    outer loop
      vertex 14.6833 1.85493 20
      vertex 17 3 20
      vertex 14.5379 2.77324 20
    endloop
  endfacet
  facet normal 0 0 1
    outer loop
      vertex 14.6833 1.85493 20
      vertex 14.7708 0.9293 20
      vertex 17 3 20
    endloop
  endfacet
  facet normal 0 0 1
    outer loop
      vertex 14.8 0 20
      vertex 17 0 20
      vertex 17 3 20
    endloop
  endfacet
  facet normal 0 -1 0
    outer loop
      vertex 14.8 0 20
      vertex 14.8 0 4
      vertex 17 0 4
    endloop
  endfacet
  facet normal 0 -1 0
    outer loop
      vertex 17 0 20
      vertex 14.8 0 20
      vertex 17 0 4
    endloop
  endfacet
  facet normal 0 0 -1
    outer loop
      vertex 14.4872 3 4
      vertex 17 3 4
      vertex 14.5379 2.77324 4
    endloop
  endfacet
  facet normal 0 0 -1
    outer loop
      vertex 14.5379 2.77324 4
      vertex 17 3 4
      vertex 17 0 4
    endloop
  endfacet
  facet normal 0 0 -1
    outer loop
      vertex 14.7708 0.9293 4
      vertex 17 0 4
      vertex 14.8 0 4
    endloop
  endfacet
  facet normal 0 0 -1
    outer loop
      vertex 14.6833 1.85493 4
      vertex 17 0 4
      vertex 14.7708 0.9293 4
    endloop
  endfacet
  facet normal 0 0 -1
    outer loop
      vertex 14.5379 2.77324 4
      vertex 17 0 4
      vertex 14.6833 1.85493 4
    endloop
  endfacet
  facet normal 0 1 0
    outer loop
      vertex 14.4872 3 4
      vertex 14.4872 3 20
      vertex 17 3 4
    endloop
  endfacet
  facet normal 0 1 0
    outer loop
      vertex 17 3 4
      vertex 14.4872 3 20
      vertex 17 3 20
    endloop
  endfacet
  facet normal 0 1 0
    outer loop
      vertex -17 3 4
      vertex -17 3 20
      vertex -14.4872 3 4
    endloop
  endfacet
  facet normal 0 1 0
    outer loop
      vertex -14.4872 3 4
      vertex -17 3 20
      vertex -14.4872 3 20
    endloop
  endfacet
  facet normal -1 0 0
    outer loop
      vertex -17 0 4
      vertex -17 0 20
      vertex -17 3 4
    endloop
  endfacet
  facet normal -1 0 0
    outer loop
      vertex -17 3 4
      vertex -17 0 20
      vertex -17 3 20
    endloop
  endfacet
  facet normal 1 0 0
    outer loop
      vertex 17 0 20
      vertex 17 0 4
      vertex 17 3 4
    endloop
  endfacet
  facet normal 1 0 0
    outer loop
      vertex 17 3 20
      vertex 17 0 20
      vertex 17 3 4
    endloop
  endfacet
endsolid OpenSCAD_Model
